business,industry,order,stage,capital,revenue,inputs,maintenance,profit_after_tax,payback_hours,npc_profit,utility_stress_profit,upgrade_payback_hours,input_output_scale_ratio
coal_open_pit,miner,1,1,12000.0,3624.375,1060.7333,8.4,2223.0602,5.398,1300.0,2048.575,,1.0
coal_open_pit,miner,1,2,12600.0,3986.8125,1092.5553,8.4,2510.6957,5.0185,1542.217,2363.9905,2.086,0.936364
coal_open_pit,miner,1,3,13272.0,4385.4937,1125.332,8.4,2829.0327,4.6914,1811.997,2714.2391,2.111,0.876777
coal_open_pit,miner,1,4,14024.64,4824.0431,1159.092,8.4,3181.1995,4.4086,2112.1966,3102.9028,2.1372,0.820982
coal_open_pit,miner,1,5,14867.6,5306.4474,1193.8649,8.4,3570.6388,4.1638,2445.9606,3533.9246,2.1645,0.768738
coal_open_pit,miner,1,6,15811.71,5837.0922,1229.6806,8.4,4001.1401,3.9518,2816.7529,4011.6461,2.193,0.719818
coal_open_pit,miner,1,7,16869.12,6420.8014,1266.5708,8.4,4476.8727,3.7681,3228.385,4540.8443,2.2227,0.674011
coal_open_pit,miner,1,8,18053.41,7062.8812,1304.5683,8.4,5002.4242,3.6089,3685.0524,5126.7767,2.2534,0.63112
coal_open_pit,miner,1,9,19379.82,7769.1704,1343.7052,8.4,5582.8467,3.4713,4191.3786,5775.2351,2.2852,0.590958
coal_open_pit,miner,1,10,22373.38,9657.0783,1370.1758,8.4,7202.2972,3.1064,5661.999,7624.0286,1.8485,0.484794
coal_open_pit,miner,1,11,24037.23,10622.7858,1411.2813,8.4,8006.7009,3.0021,6372.9067,8528.9961,2.0684,0.453944
coal_open_pit,miner,1,12,25900.74,11685.0647,1453.6205,8.4,8894.0485,2.9121,7159.2211,9528.7123,2.1001,0.425057
coal_open_pit,miner,1,13,27987.87,12853.5705,1497.2283,8.4,9872.7097,2.8349,8028.614,10632.7807,2.1326,0.398007
coal_open_pit,miner,1,14,30325.46,14138.9261,1542.145,8.4,10951.8915,2.769,8989.5233,11851.7647,2.1661,0.37268
coal_open_pit,miner,1,15,32943.56,15552.8201,1588.41,8.4,12141.7288,2.7133,10051.2411,13197.2951,2.2004,0.348964
coal_open_pit,miner,1,16,35875.83,17108.1011,1636.0624,8.4,13453.3657,2.6667,11223.9873,14682.1621,2.2356,0.326757
coal_open_pit,miner,1,17,39159.97,18818.9112,1685.1436,8.4,14899.0698,2.6283,12519.0136,16320.4471,2.2717,0.305963
coal_open_pit,miner,1,18,42838.21,20700.8027,1735.6981,8.4,16492.333,2.5975,13948.695,18127.6363,2.3086,0.286493
coal_open_pit,miner,1,19,46957.83,22770.8862,1787.7695,8.4,18248.0035,2.5733,15526.6547,20120.7761,2.3465,0.268262
coal_open_pit,miner,1,20,59459.8,29932.3286,1800.8918,8.4,24467.042,2.4302,21236.1251,27262.8282,2.0103,0.205577
coal_open_pit,miner,1,21,64627.46,32925.5622,1854.9182,8.4,27024.1523,2.3915,23549.6725,30176.2294,2.0209,0.192495
coal_open_pit,miner,1,22,70415.24,36218.1184,1910.5653,8.4,29840.2632,2.3597,26100.2468,33386.5583,2.0552,0.180245
coal_open_pit,miner,1,23,76897.55,39839.9274,1967.8831,8.4,32941.3705,2.3344,28911.7173,36923.6712,2.0903,0.168775
coal_open_pit,miner,1,24,84157.74,43823.9201,2026.9193,8.4,36356.0827,2.3148,32010.3572,40820.4287,2.1261,0.158035
coal_open_pit,miner,1,25,92289.15,48206.315,2087.7269,8.4,40115.8637,2.3006,35425.0617,45112.9709,2.1627,0.147978
coal_open_pit,miner,1,26,101396.33,53026.944,2150.3589,8.4,44255.321,2.2912,39187.6168,49841.0511,2.2001,0.138561
coal_open_pit,miner,1,27,111596.37,58329.6402,2214.8695,8.4,48812.5425,2.2862,43333.0078,55048.4228,2.2382,0.129744
coal_open_pit,miner,1,28,123020.41,64162.6042,2281.3149,8.4,53829.4137,2.2854,47899.711,60783.2033,2.2771,0.121487
coal_open_pit,miner,1,29,135815.34,70578.8643,2349.7545,8.4,59352.0175,2.2883,52930.0596,67098.3331,2.3168,0.113756
coal_open_pit,miner,1,30,182523.37,97822.3053,2335.5386,8.4,83066.1791,2.1973,74746.1364,94362.7805,1.9696,0.081579
coal_open_pit,miner,1,31,198573.33,107604.5333,2405.6053,8.4,91515.7594,2.1698,82466.8187,104041.4739,1.8995,0.076387
coal_open_pit,miner,1,32,216549.28,118364.9873,2477.7734,8.4,100814.5682,2.148,90966.9298,114695.2883,1.9331,0.071526
coal_open_pit,miner,1,33,236682.35,130201.4857,2552.1064,8.4,111047.652,2.1314,100324.629,126421.948,1.9674,0.066975
coal_open_pit,miner,1,34,259231.39,143221.6361,2628.669,8.4,122308.5733,2.1195,110625.9053,139328.965,2.0024,0.062713
coal_open_pit,miner,1,35,284486.31,157543.7997,2707.5293,8.4,134700.2473,2.112,121965.3459,153534.6002,2.0381,0.058722
coal_open_pit,miner,1,36,312771.82,173298.1786,2788.756,8.4,148335.8897,2.1085,134447.0089,169168.9539,2.0744,0.054985
coal_open_pit,miner,1,37,344451.59,190627.9972,2872.4181,8.4,163340.0458,2.1088,148185.3705,186375.1485,2.1114,0.051486
coal_open_pit,miner,1,38,379932.93,209690.7962,2958.591,8.4,179849.7105,2.1125,163306.3504,205310.6135,2.1491,0.048209
coal_open_pit,miner,1,39,419672.04,230659.8787,3047.349,8.4,198015.5929,2.1194,179948.4795,226148.5423,2.1876,0.045142
coal_open_pit,miner,1,40,540259.93,336186.7716,2991.2468,8.4,289872.7986,1.8638,264454.1471,331758.335,1.3128,0.030402
coal_open_pit,miner,1,41,590108.66,369805.4484,3080.9838,8.4,319042.9763,1.8496,291214.4831,365244.4113,1.7089,0.028467
coal_open_pit,miner,1,42,645939.24,406785.994,3173.4139,8.4,351135.6367,1.8396,320660.2743,402088.3768,1.7397,0.026656
coal_open_pit,miner,1,43,708469.49,447464.5909,3268.6158,8.4,386443.1903,1.8333,353060.349,442626.2979,1.771,0.024959
coal_open_pit,miner,1,44,778503.37,492211.0521,3366.6743,8.4,425287.3008,1.8305,388710.4303,487227.8625,1.8029,0.023371
coal_open_pit,miner,1,45,856941.32,541432.1559,3467.6752,8.4,468021.7902,1.831,427935.812,536299.7215,1.8355,0.021884
coal_open_pit,miner,1,46,944791.82,595575.3711,3571.7055,8.4,515035.8811,1.8344,471094.3386,590289.2156,1.8686,0.020491
coal_open_pit,miner,1,47,1043184.38,655132.9097,3678.8566,8.4,566757.7182,1.8406,518579.6429,649688.4217,1.9023,0.019187
coal_open_pit,miner,1,48,1153384.05,720646.1989,3789.2216,8.4,623658.2622,1.8494,570824.7267,715038.6291,1.9367,0.017966
coal_open_pit,miner,1,49,1276807.68,792710.8213,3902.8983,8.4,686255.585,1.8605,628305.9096,786935.2764,1.9717,0.016823
coal_open_pit,miner,1,50,1699109.11,1212054.8434,3778.7861,8.4,1051192.8618,1.6164,963967.2955,1206462.6937,1.1572,0.010653
iron_quarry,miner,2,1,29493.55,5870.0285,1577.6,19.6,3717.3608,7.934,2310.0228,3512.8285,,1.0
iron_quarry,miner,2,2,30893.55,6457.0314,1624.928,19.6,4186.8779,7.3787,2708.6331,4029.7033,2.9818,0.936364
iron_quarry,miner,2,3,32461.55,7102.7345,1673.6758,19.6,4706.229,6.8976,3152.0738,4603.1746,3.0192,0.876777
iron_quarry,miner,2,4,34217.71,7813.0079,1723.8861,19.6,5280.484,6.48,3644.9772,5239.0493,3.0582,0.820982
iron_quarry,miner,2,5,36184.61,8594.3087,1775.603,19.6,5915.222,6.1172,4192.4425,5943.7189,3.0988,0.768738
iron_quarry,miner,2,6,38387.54,9453.7396,1828.8707,19.6,6616.584,5.8017,4800.0857,6724.2207,3.1409,0.719818
iron_quarry,miner,2,7,40854.82,10399.1136,1883.7364,19.6,7391.3261,5.5274,5474.0862,7588.2976,3.1846,0.674011
iron_quarry,miner,2,8,43618.17,11439.0243,1940.2492,19.6,8246.8823,5.289,6221.2456,8544.4709,3.2299,0.63112
iron_quarry,miner,2,9,46713.12,12582.9285,1998.4564,19.6,9191.4388,5.0822,7049.0583,9602.127,3.2766,0.590958
iron_quarry,miner,2,10,53394.76,15640.5794,2037.8254,19.6,11817.344,4.5183,9436.1255,12601.443,2.5445,0.484794
iron_quarry,miner,2,11,57277.07,17204.6368,2098.9605,19.6,13124.8863,4.364,10595.6686,14074.9137,2.9692,0.453944
iron_quarry,miner,2,12,61625.26,18925.101,2161.9304,19.6,14566.9064,4.2305,11877.5852,15702.0727,3.0153,0.425057
iron_quarry,miner,2,13,66495.23,20817.61,2226.7871,19.6,16156.9639,4.1156,13294.3073,17498.4805,3.0628,0.398007
iron_quarry,miner,2,14,71949.6,22899.3686,2293.5906,19.6,17909.9749,4.0173,14859.509,19481.2535,3.1114,0.37268
iron_quarry,miner,2,15,78058.49,25189.3078,2362.3992,19.6,19842.3585,3.9339,16588.2474,21669.236,3.1613,0.348964
iron_quarry,miner,2,16,84900.45,27708.2368,2433.2713,19.6,21972.168,3.864,18497.0825,24083.1506,3.2125,0.326757
iron_quarry,miner,2,17,92563.44,30479.0605,2506.2684,19.6,24319.2771,3.8062,20604.2458,26745.8112,3.2649,0.305963
iron_quarry,miner,2,18,101145.99,33526.9671,2581.4569,19.6,26905.542,3.7593,22929.7884,29682.3079,3.3185,0.286493
iron_quarry,miner,2,19,110758.45,36879.6691,2658.9012,19.6,29755.0161,3.7223,25495.7835,32920.2571,3.3734,0.268262
iron_quarry,miner,2,20,131136.11,48478.323,2678.4177,19.6,39828.8656,3.2925,34745.4318,44489.9925,2.0228,0.205577
iron_quarry,miner,2,21,143193.98,53326.1565,2758.7696,19.6,43976.5746,3.2561,38503.1708,49218.765,2.9071,0.192495
iron_quarry,miner,2,22,156698.79,58658.7722,2841.5321,19.6,48543.9468,3.228,42645.1196,54428.7478,2.9568,0.180245
iron_quarry,miner,2,23,171824.18,64524.6447,2926.7793,19.6,53573.0909,3.2073,47209.9468,60168.3058,3.0075,0.168775
iron_quarry,miner,2,24,188764.61,70977.1091,3014.5822,19.6,59110.3464,3.1934,52240.214,66490.6688,3.0594,0.158035
iron_quarry,miner,2,25,207737.9,78074.8248,3105.0197,19.6,65206.6784,3.1858,57782.7303,73454.3791,3.1122,0.147978
iron_quarry,miner,2,26,228987.98,85882.3031,3198.1707,19.6,71918.1432,3.184,63888.9865,81123.8316,3.1662,0.138561
iron_quarry,miner,2,27,252788.07,94470.5364,3294.1156,19.6,79306.4341,3.1875,70615.6557,89569.899,3.2213,0.129744
iron_quarry,miner,2,28,279444.17,103917.59,3392.938,19.6,87439.3952,3.1959,78025.065,98870.523,3.2775,0.121487
iron_quarry,miner,2,29,309299.0,114309.3484,3494.7263,19.6,96391.6692,3.2088,86185.7892,109111.4572,3.3349,0.113756
iron_quarry,miner,2,30,398893.72,158432.756,3473.5833,19.6,134797.4282,2.9592,121516.2298,153266.1933,2.3328,0.081579
iron_quarry,miner,2,31,436343.62,174276.0275,3577.7917,19.6,148490.4131,2.9385,134034.5344,168955.0546,2.735,0.076387
iron_quarry,miner,2,32,478287.51,191703.6314,3685.1253,19.6,163559.0483,2.9242,147815.6172,186223.6176,2.7835,0.071526
iron_quarry,miner,2,33,525264.67,210873.994,3795.6788,19.6,180141.0822,2.9159,162986.077,205230.1681,2.833,0.066975
iron_quarry,miner,2,34,577879.09,231961.3963,3909.5484,19.6,198388.0557,2.9129,179685.1945,226148.8448,2.8835,0.062713
iron_quarry,miner,2,35,636807.24,255157.5359,4026.835,19.6,218466.6578,2.9149,198066.1762,249171.1956,2.9349,0.058722
iron_quarry,miner,2,36,702806.76,280673.2878,4147.6413,19.6,240560.2604,2.9215,218297.5682,274507.9434,2.9873,0.054985
iron_quarry,miner,2,37,776726.23,308740.6177,4272.0698,19.6,264870.5847,2.9325,240564.7895,302390.9021,3.0407,0.051486
iron_quarry,miner,2,38,859516.03,339614.6783,4400.2325,19.6,291619.5159,2.9474,265071.794,333075.0584,3.0951,0.048209
iron_quarry,miner,2,39,952240.61,373576.1509,4532.2397,19.6,321051.1507,2.966,292042.9611,366840.9299,3.1505,0.045142
iron_quarry,miner,2,40,1236797.93,544487.2373,4448.8004,19.6,469816.3881,2.6325,428896.9892,537875.6521,1.9128,0.030402
iron_quarry,miner,2,41,1353111.64,598935.9605,4582.2638,19.6,517070.6641,2.6169,472255.7727,592126.6166,2.4614,0.028467
iron_quarry,miner,2,42,1483383.0,658829.5577,4719.7327,19.6,569058.4957,2.6067,519964.4471,651816.5201,2.5058,0.026656
iron_quarry,miner,2,43,1629286.92,724712.5094,4861.3239,19.6,626253.4794,2.6016,572458.4216,717489.6698,2.551,0.024959
iron_quarry,miner,2,44,1792699.31,797183.7638,5007.1636,19.6,689176.5902,2.6012,630216.6657,789744.8272,2.597,0.023371
iron_quarry,miner,2,45,1975721.19,876902.1379,5157.3795,19.6,758400.8878,2.6051,693766.0411,869240.6196,2.6439,0.021884
iron_quarry,miner,2,46,2180705.69,964592.3511,5312.101,19.6,834556.7655,2.613,763686.1293,956701.575,2.6916,0.020491
iron_quarry,miner,2,47,2410288.34,1061051.5885,5471.4639,19.6,918337.6565,2.6246,840614.475,1052924.6775,2.7403,0.019187
iron_quarry,miner,2,48,2667420.9,1167156.7445,5635.6068,19.6,1010506.3377,2.6397,925252.3853,1158786.6155,2.7898,0.017966
iron_quarry,miner,2,49,2955409.37,1283872.423,5804.6751,19.6,1111901.8887,2.658,1018371.3258,1275251.7781,2.8402,0.016823
iron_quarry,miner,2,50,3882930.95,1963040.931,5620.0864,19.6,1702939.0827,2.2801,1561983.0151,1954693.7993,1.5693,0.010653
copper_quarry,miner,3,1,67509.2,8952.6768,2318.9667,45.5,5731.7428,11.7781,3638.1914,5464.8768,,1.0
copper_quarry,miner,3,2,70759.2,9847.9445,2388.5357,45.5,6450.1007,10.9702,4250.0521,6256.8755,4.5242,0.936364
copper_quarry,miner,3,3,74399.2,10832.7389,2460.1917,45.5,7244.5311,10.2697,4930.4035,7135.3029,4.5819,0.876777
copper_quarry,miner,3,4,78476.0,11916.0128,2533.9975,45.5,8122.7683,9.6612,5686.314,8109.0187,4.642,0.820982
copper_quarry,miner,3,5,83042.02,13107.6141,2610.0179,45.5,9093.3237,9.1322,6525.5645,9187.7745,4.7045,0.768738
copper_quarry,miner,3,6,88155.96,14418.3755,2688.3178,45.5,10165.5652,8.672,7456.7238,10382.3066,4.7694,0.719818
copper_quarry,miner,3,7,93883.57,15860.2131,2768.9668,45.5,11349.7993,8.2718,8489.2203,11704.4279,4.8366,0.674011
copper_quarry,miner,3,8,100298.49,17446.2335,2852.0368,45.5,12657.3661,7.9241,9633.4316,13167.1382,4.906,0.63112
copper_quarry,miner,3,9,107483.2,19190.8595,2937.5974,45.5,14100.753,7.6225,10900.7915,14784.7571,4.9777,0.590958
copper_quarry,miner,3,10,122896.64,23854.2372,2995.4672,45.5,18107.5449,6.787,14544.689,19362.2323,3.8468,0.484794
copper_quarry,miner,3,11,131909.15,26239.6601,3085.3318,45.5,20104.6806,6.5611,16318.2303,21614.2591,4.5127,0.453944
copper_quarry,miner,3,12,142003.16,28863.627,3177.8934,45.5,22307.0032,6.3659,18278.5615,24100.8266,4.5833,0.425057
copper_quarry,miner,3,13,153308.45,31749.9879,3273.2284,45.5,24735.1957,6.198,20444.6477,26845.6711,4.6558,0.398007
copper_quarry,miner,3,14,165970.37,34924.9831,3371.4251,45.5,27412.0105,6.0547,22837.3489,29874.9021,4.7302,0.37268
copper_quarry,miner,3,15,180151.72,38417.485,3472.5691,45.5,30362.4918,5.9334,25479.6343,33217.2646,4.8065,0.348964
copper_quarry,miner,3,16,196034.83,42259.2308,3576.7464,45.5,33614.1764,5.8319,28396.7651,36904.3686,4.8846,0.326757
copper_quarry,miner,3,17,213823.92,46485.1538,3684.0473,45.5,37197.3777,5.7484,31616.5522,40971.013,4.9646,0.305963
copper_quarry,miner,3,18,233747.7,51133.6701,3794.5692,45.5,41145.4328,5.681,35169.5823,45455.4692,5.0465,0.286493
copper_quarry,miner,3,19,256062.33,56247.0452,3908.4073,45.5,45495.03,5.6284,39089.5252,50399.8618,5.1303,0.268262
copper_quarry,miner,3,20,300435.82,73936.7378,3937.0952,45.5,60860.104,4.9365,53198.2474,68046.9697,2.8879,0.205577
copper_quarry,miner,3,21,328427.3,81330.4133,4055.2072,45.5,67189.8444,4.888,58936.0199,75265.3186,4.4222,0.192495
copper_quarry,miner,3,22,359777.75,89463.4547,4176.8625,45.5,74159.7502,4.8514,65259.97,83217.7734,4.498,0.180245
copper_quarry,miner,3,23,394890.26,98409.793,4302.1701,45.5,81834.0469,4.8255,72229.0792,91978.1036,4.5753,0.168775
copper_quarry,miner,3,24,434216.27,108250.7723,4431.2346,45.5,90283.4128,4.8095,79908.266,101627.4982,4.6543,0.158035
copper_quarry,miner,3,25,478261.4,119075.8567,4564.1716,45.5,99585.581,4.8025,88368.9279,112255.2493,4.7349,0.147978
copper_quarry,miner,3,26,527591.94,130983.4361,4701.0973,45.5,109826.0497,4.8039,97689.6028,123959.5747,4.8172,0.138561
copper_quarry,miner,3,27,582842.15,144081.7841,4842.1299,45.5,121098.9142,4.8129,107956.7324,136848.5724,4.9012,0.129744
copper_quarry,miner,3,28,644722.38,158489.9626,4987.3923,45.5,133507.6511,4.8291,119265.3815,151041.1217,4.9868,0.121487
copper_quarry,miner,3,29,714028.24,174338.9579,5137.0144,45.5,147166.1059,4.8519,131720.1448,166668.0164,5.0742,0.113756
copper_quarry,miner,3,30,909278.94,241633.7943,5105.9356,45.5,205739.6521,4.4196,185602.632,234008.9865,3.3334,0.081579
copper_quarry,miner,3,31,996216.21,265797.1675,5259.1149,45.5,226628.5207,4.3958,204703.5616,257944.9786,4.1619,0.076387
copper_quarry,miner,3,32,1093585.96,292376.886,5416.8882,45.5,249615.6131,4.3811,225730.6766,284290.4968,4.2358,0.071526
copper_quarry,miner,3,33,1202640.08,321614.5737,5579.3944,45.5,274911.021,4.3747,248877.0674,313286.9584,4.3112,0.066975
copper_quarry,miner,3,34,1324780.69,353776.0355,5746.7751,45.5,302745.8716,4.3759,274355.1658,345199.9585,4.388,0.062713
copper_quarry,miner,3,35,1461578.17,389153.6391,5919.1786,45.5,333374.3956,4.3842,302398.6433,380321.6443,4.4663,0.058722
copper_quarry,miner,3,36,1614791.35,428069.0003,6096.7558,45.5,367076.2677,4.3991,333264.5665,418973.4079,4.5461,0.054985
copper_quarry,miner,3,37,1786390.11,470875.9021,6279.6574,45.5,404159.1479,4.42,367235.7356,461508.8086,4.6274,0.051486
copper_quarry,miner,3,38,1978580.73,517963.4906,6468.0479,45.5,444961.4501,4.4466,404623.2206,508316.7481,4.7103,0.048209
copper_quarry,miner,3,39,2193834.22,569759.8468,6662.0898,45.5,489855.4636,4.4785,445769.2428,559825.0664,4.7947,0.045142
copper_quarry,miner,3,40,2825655.76,830424.9728,6539.4396,45.5,716740.8289,3.9424,654485.3188,820672.2557,2.7848,0.030402
copper_quarry,miner,3,41,3095669.74,913467.4692,6735.6219,45.5,788817.1222,3.9244,720625.0426,903423.5369,3.7462,0.028467
copper_quarry,miner,3,42,3398085.39,1004814.2179,6937.692,45.5,868112.9926,3.9143,793399.3364,994470.3305,3.8138,0.026656
copper_quarry,miner,3,43,3736790.92,1105295.6335,7145.8216,45.5,955350.7514,3.9114,873472.2744,1094642.7962,3.8826,0.024959
copper_quarry,miner,3,44,4116141.12,1215825.2022,7360.1961,45.5,1051324.9703,3.9152,961574.3676,1204854.1449,3.9526,0.023371
copper_quarry,miner,3,45,4541013.34,1337407.7188,7581.0035,45.5,1156909.6573,3.9251,1058509.1698,1326108.8926,4.024,0.021884
copper_quarry,miner,3,46,5016870.23,1471148.4898,7808.4338,45.5,1273066.2637,3.9408,1165160.6411,1459512.0635,4.0967,0.020491
copper_quarry,miner,3,47,5549829.94,1618263.3424,8042.6866,45.5,1400852.3856,3.9618,1282501.144,1606279.1887,4.1707,0.019187
copper_quarry,miner,3,48,6146744.82,1780089.6721,8283.9658,45.5,1541431.3795,3.9877,1411600.2891,1767747.3609,4.2461,0.017966
copper_quarry,miner,3,49,6815289.48,1958098.6456,8532.4848,45.5,1696082.9749,4.0183,1553634.6893,1945387.43,4.3229,0.016823
copper_quarry,miner,3,50,8908693.84,2993932.8233,8261.1518,45.5,2597494.7692,3.4297,2382709.031,2981624.3774,2.3224,0.010653
bauxite_quarry,miner,4,1,127902.08,11031.6756,2554.8667,84.0,7301.7438,17.5166,4909.0405,7159.4756,,1.0
bauxite_quarry,miner,4,2,133902.08,12134.8432,2631.5127,84.0,8194.8175,16.3398,5676.6055,8148.9972,6.7184,0.936364
bauxite_quarry,miner,4,3,140622.08,13348.3275,2710.458,84.0,9181.8664,15.3152,6528.9749,9245.4261,6.8082,0.876777
bauxite_quarry,miner,4,4,148148.48,14683.1602,2791.7718,84.0,10272.4279,14.422,7474.8705,10459.6918,6.9014,0.820982
bauxite_quarry,miner,4,5,156578.05,16151.4762,2875.5254,84.0,11476.9972,13.6428,8523.8929,11803.8231,6.998,0.768738
bauxite_quarry,miner,4,6,166019.17,17766.6239,2961.7905,84.0,12807.125,12.963,9686.6133,13291.0621,7.0979,0.719818
bauxite_quarry,miner,4,7,176593.22,19543.2863,3050.6437,84.0,14275.5191,12.3704,10974.6635,14935.9785,7.2011,0.674011
bauxite_quarry,miner,4,8,188436.16,21497.6138,3142.1641,84.0,15896.1612,11.8542,12400.8449,16754.6051,7.3076,0.63112
bauxite_quarry,miner,4,9,201700.25,23647.3785,3236.4284,84.0,17684.4465,11.4055,13979.2601,18764.6004,7.4172,0.590958
bauxite_quarry,miner,4,10,225460.84,29393.69,3300.1851,84.0,22628.2693,9.9637,18480.6743,24416.3774,4.8061,0.484794
bauxite_quarry,miner,4,11,242099.31,32333.0579,3399.1913,84.0,25099.3839,9.6456,20683.6593,27208.945,6.7332,0.453944
bauxite_quarry,miner,4,12,260734.4,35566.3648,3501.1688,84.0,27823.6405,9.371,23117.3386,30291.0459,6.8404,0.425057
bauxite_quarry,miner,4,13,281605.7,39122.9991,3606.202,84.0,30826.5335,9.1352,25805.0963,33691.9434,6.9504,0.398007
bauxite_quarry,miner,4,14,304981.56,43035.2946,3714.3878,84.0,34136.1089,8.9343,28772.654,37443.8276,7.0631,0.37268
bauxite_quarry,miner,4,15,331162.52,47338.8285,3825.8209,84.0,37783.2366,8.7648,32048.3315,41582.1354,7.1785,0.348964
bauxite_quarry,miner,4,16,360485.19,52072.708,3940.5957,84.0,41801.8577,8.6237,35663.2729,46145.8338,7.2967,0.326757
bauxite_quarry,miner,4,17,393326.58,57279.9788,4058.8119,84.0,46229.3352,8.5082,39651.7652,51177.8208,7.4176,0.305963
bauxite_quarry,miner,4,18,430108.94,63007.9778,4180.5769,84.0,51106.7588,8.4159,44051.5169,56725.2742,7.5414,0.286493
bauxite_quarry,miner,4,19,471305.19,69308.7855,4305.9953,84.0,56479.3475,8.3447,48904.0355,62840.1191,7.6679,0.268262
bauxite_quarry,miner,4,20,548964.33,91106.3947,4337.6015,84.0,75415.77,7.2792,66294.7135,84590.8645,4.101,0.205577
bauxite_quarry,miner,4,21,600640.9,100217.0364,4467.7286,84.0,83228.8178,7.2167,73388.0363,93508.5618,6.6141,0.192495
bauxite_quarry,miner,4,22,658518.66,110238.74,4601.7594,84.0,91831.0931,7.171,81204.3529,103331.5326,6.7282,0.180245
bauxite_quarry,miner,4,23,723341.75,121262.6052,4739.8142,84.0,101301.7481,7.1405,89816.3628,114150.6986,6.8446,0.168775
bauxite_quarry,miner,4,24,795943.61,133388.8657,4882.0078,84.0,111727.8863,7.1239,99304.0808,126066.1231,6.9634,0.158035
bauxite_quarry,miner,4,25,877257.69,146727.7611,5028.4681,84.0,123205.3049,7.1203,109755.5067,139187.8561,7.0847,0.147978
bauxite_quarry,miner,4,26,968329.46,161400.5295,5179.3228,84.0,135839.3698,7.1285,121267.4394,153636.9465,7.2084,0.138561
bauxite_quarry,miner,4,27,1070329.85,177540.5879,5334.7021,84.0,149746.0406,7.1476,133946.4172,169546.618,7.3346,0.129744
bauxite_quarry,miner,4,28,1184570.28,195294.6467,5494.7415,84.0,165052.8375,7.1769,147909.6051,187063.3801,7.4634,0.121487
bauxite_quarry,miner,4,29,1312519.56,214824.1103,5659.5841,84.0,181900.0578,7.2156,163285.9121,206348.4252,7.5947,0.113756
bauxite_quarry,miner,4,30,1657971.15,297746.2152,5625.3437,84.0,254072.0781,6.5256,229674.9565,289321.2996,4.7865,0.081579
bauxite_quarry,miner,4,31,1818470.73,327520.8289,5794.1055,84.0,279829.1694,6.4985,253241.505,318845.6838,6.2313,0.076387
bauxite_quarry,miner,4,32,1998230.26,360272.914,5967.9284,84.0,308172.2575,6.4841,279182.4387,351340.0349,6.3423,0.071526
bauxite_quarry,miner,4,33,2199560.94,396300.2043,6146.9658,84.0,339360.2376,6.4815,307735.7148,387101.8595,6.4554,0.066975
bauxite_quarry,miner,4,34,2425051.3,435930.2303,6331.3735,84.0,373677.9254,6.4897,339163.124,426458.457,6.5707,0.062713
bauxite_quarry,miner,4,35,2677600.5,479523.2533,6521.3151,84.0,411438.6063,6.5079,373752.6301,469769.8463,6.6882,0.058722
bauxite_quarry,miner,4,36,2960455.6,527475.5753,6716.9565,84.0,452986.9184,6.5354,411821.0255,517432.0831,6.8079,0.054985
bauxite_quarry,miner,4,37,3277253.32,580223.1351,6918.464,84.0,498701.9839,6.5716,453716.8121,569880.86,6.9298,0.051486
bauxite_quarry,miner,4,38,3632066.76,638245.4464,7126.0188,84.0,549000.822,6.6158,499823.3289,627595.4217,7.0541,0.048209
bauxite_quarry,miner,4,39,4029457.82,702069.9999,7339.7998,84.0,604342.194,6.6675,550562.3002,691102.9937,7.1807,0.045142
bauxite_quarry,miner,4,40,5144534.78,1023267.02,7204.6729,84.0,883901.162,5.8203,807722.6067,1012500.3718,3.9887,0.030402
bauxite_quarry,miner,4,41,5643022.12,1125593.7209,7420.8121,84.0,972737.3507,5.8012,889259.7587,1114506.5948,5.6113,0.028467
bauxite_quarry,miner,4,42,6201327.94,1238153.0952,7643.438,84.0,1070470.3218,5.7931,978973.3191,1226735.8729,5.7126,0.026656
bauxite_quarry,miner,4,43,6826630.46,1361968.3971,7872.7399,84.0,1177990.1417,5.7952,1077681.6078,1350211.18,5.8157,0.024959
bauxite_quarry,miner,4,44,7526969.28,1498165.2434,8108.922,84.0,1296275.9196,5.8066,1186284.8117,1486057.8299,5.9207,0.023371
bauxite_quarry,miner,4,45,8311348.76,1647981.7633,8352.1913,84.0,1426404.6477,5.8268,1305773.1237,1635513.645,6.0277,0.021884
bauxite_quarry,miner,4,46,9189853.78,1812779.9385,8602.7573,84.0,1569561.0677,5.855,1437235.8149,1799940.2963,6.1367,0.020491
bauxite_quarry,miner,4,47,10173779.4,1994057.9368,8860.8397,84.0,1727048.3945,5.8908,1581871.0899,1980835.6258,6.2476,0.019187
bauxite_quarry,miner,4,48,11275776.1,2193463.725,9126.6633,84.0,1900300.1636,5.9337,1740996.985,2179847.2669,6.3607,0.017966
bauxite_quarry,miner,4,49,12510012.4,2412810.1052,9400.4633,84.0,2090893.3084,5.9831,1916063.3892,2398787.6733,6.4758,0.016823
bauxite_quarry,miner,4,50,16318934.09,3689186.6436,9101.5285,84.0,3201600.9701,5.0971,2937613.0221,3675607.4539,3.4293,0.010653
silver_mine,miner,5,1,230515.06,14128.17,3146.0,154.0,9420.5079,24.4695,6429.536,9303.17,,1.0
silver_mine,miner,5,2,241515.06,15540.987,3240.38,154.0,10567.5481,22.8544,7418.2196,10575.857,9.5899,0.936364
silver_mine,miner,5,3,253835.06,17095.0857,3337.5914,154.0,11835.04,21.4478,8515.6815,11985.6218,9.72,0.876777
silver_mine,miner,5,4,267633.46,18804.5943,3437.7191,154.0,13235.2014,20.2213,9733.0967,13546.4665,9.8549,0.820982
silver_mine,miner,5,5,283087.67,20685.0537,3540.8513,154.0,14781.4761,19.1515,11082.766,15273.8012,9.9945,0.768738
silver_mine,miner,5,6,300396.38,22753.5591,3647.076,154.0,16488.6603,18.2184,12578.2332,17184.5902,10.1387,0.719818
silver_mine,miner,5,7,319782.14,25028.915,3756.4876,154.0,18373.0318,17.405,14234.4006,19297.4981,10.2877,0.674011
silver_mine,miner,5,8,341494.19,27531.8051,3869.1836,154.0,20452.5007,16.6969,16067.6686,21633.0636,10.4412,0.63112
silver_mine,miner,5,9,365811.69,30284.9898,3985.2584,154.0,22746.7863,16.0819,18096.1042,24213.9071,10.5992,0.590958
silver_mine,miner,5,10,407910.27,37644.2405,4063.7668,154.0,29081.0321,14.0267,23865.7421,31456.5931,6.6462,0.484794
silver_mine,miner,5,11,438414.14,41408.6632,4185.6806,154.0,32250.0148,13.5942,26694.4096,35040.0051,9.6258,0.453944
silver_mine,miner,5,12,472578.47,45549.5309,4311.2532,154.0,35743.3216,13.2214,29818.7449,38994.4299,9.7799,0.425057
silver_mine,miner,5,13,510842.52,50104.4812,4440.5884,154.0,39593.6067,12.9021,33268.7023,43357.3507,9.938,0.398007
silver_mine,miner,5,14,553698.26,55114.9236,4573.8058,154.0,43836.7925,12.6309,37077.2302,48169.9996,10.0999,0.37268
silver_mine,miner,5,15,601696.68,60626.4216,4711.0217,154.0,48512.4179,12.4029,41280.6047,53477.7673,10.2657,0.348964
silver_mine,miner,5,16,655454.92,66689.0596,4852.3526,154.0,53663.955,12.2141,45918.7187,59330.5652,10.4354,0.326757
silver_mine,miner,5,17,715664.14,73357.9655,4997.9212,154.0,59339.2586,12.0606,51035.4906,65783.3393,10.609,0.305963
silver_mine,miner,5,18,783098.47,80693.7635,5147.8596,154.0,65590.9564,11.9391,56679.2214,72896.5174,10.7866,0.286493
silver_mine,miner,5,19,858624.92,88763.1526,5302.2967,154.0,72476.9646,11.8469,62903.077,80736.6071,10.9681,0.268262
silver_mine,miner,5,20,996717.25,116679.1591,5341.2159,154.0,96730.0306,10.3041,85177.5034,108594.8287,5.6938,0.205577
silver_mine,miner,5,21,1091457.63,128347.0778,5501.4511,154.0,106741.7152,10.2252,94271.4856,120024.8394,9.463,0.192495
silver_mine,miner,5,22,1197566.85,141181.7856,5666.4934,154.0,117764.3242,10.1692,104291.6884,132614.5018,9.6265,0.180245
silver_mine,miner,5,23,1316409.18,155299.9528,5836.4907,154.0,129899.2321,10.1341,115331.2263,146480.2669,9.7934,0.168775
silver_mine,miner,5,24,1449512.59,170829.9481,6011.5844,154.0,143257.9964,10.1182,127492.5818,161750.293,9.9638,0.158035
silver_mine,miner,5,25,1598588.41,187912.9542,6191.932,154.0,157963.3093,10.12,140888.4653,178565.5294,10.1375,0.147978
silver_mine,miner,5,26,1765553.33,206704.2398,6377.6907,154.0,174150.1176,10.1381,155642.8557,197081.0111,10.3149,0.138561
silver_mine,miner,5,27,1952554.04,227374.6708,6569.021,154.0,191966.9353,10.1713,171892.2051,217467.3659,10.4957,0.129744
silver_mine,miner,5,28,2161994.83,250112.1379,6766.0896,154.0,211577.082,10.2185,189786.5759,239912.2369,10.6802,0.121487
silver_mine,miner,5,29,2396568.52,275123.3503,6969.0727,154.0,233160.2415,10.2786,209491.0712,264622.0717,10.8684,0.113756
silver_mine,miner,5,30,2978458.96,381320.9613,6926.91,154.0,325588.8446,9.1479,294512.4041,370882.2834,6.2956,0.081579
silver_mine,miner,5,31,3272708.2,419453.0475,7134.719,154.0,358582.9658,9.1268,324706.3595,408705.8268,8.9182,0.076387
silver_mine,miner,5,32,3602267.34,461398.3551,7348.7603,154.0,394889.1675,9.1222,357941.5437,450333.3382,9.0772,0.071526
silver_mine,miner,5,33,3971373.58,507538.1892,7569.2225,154.0,434839.021,9.133,394522.7176,496145.8426,9.2392,0.066975
silver_mine,miner,5,34,4384772.57,558292.0152,7796.2977,154.0,478797.2943,9.1579,434785.1657,546562.5205,9.4044,0.062713
silver_mine,miner,5,35,4847779.44,614121.2167,8030.187,154.0,527165.2158,9.1959,479097.6928,602044.4565,9.5726,0.058722
silver_mine,miner,5,36,5366347.13,675533.3342,8271.0951,154.0,580384.168,9.2462,527866.0246,663098.8875,9.744,0.054985
silver_mine,miner,5,37,5947142.95,743086.6704,8519.2264,154.0,638939.6962,9.3078,581536.4967,730283.8126,9.9187,0.051486
silver_mine,miner,5,38,6597634.26,817395.3346,8774.8043,154.0,703365.8813,9.3801,640600.0612,804213.0094,10.0967,0.048209
silver_mine,miner,5,39,7326184.53,899134.8794,9038.049,154.0,774250.2624,9.4623,705596.83,885561.7036,10.278,0.045142
silver_mine,miner,5,40,9317180.73,1310489.0806,8871.6571,154.0,1132273.1785,8.2287,1034929.7789,1297162.954,5.5611,0.030402
silver_mine,miner,5,41,10231074.19,1441537.9873,9137.8055,154.0,1246054.1781,8.2108,1139369.6815,1427816.6987,8.032,0.028467
silver_mine,miner,5,42,11254634.86,1585691.7888,9411.9417,154.0,1371229.487,8.2077,1254281.5185,1571563.4787,8.177,0.026656
silver_mine,miner,5,43,12401022.82,1744260.9578,9694.2983,154.0,1508939.0137,8.2184,1380713.3187,1729713.4208,8.3247,0.024959
silver_mine,miner,5,44,13684977.33,1918687.0621,9985.1272,154.0,1660436.7034,8.2418,1519817.9589,1903707.7191,8.4751,0.023371
silver_mine,miner,5,45,15123006.38,2110555.7626,10284.683,154.0,1827101.8593,8.277,1672863.5856,2095131.6564,8.6283,0.021884
silver_mine,miner,5,46,16733598.92,2321611.3375,10593.2238,154.0,2010451.7789,8.3233,1841245.2343,2305729.1276,8.7843,0.020491
silver_mine,miner,5,47,18537462.56,2553772.4769,10911.0201,154.0,2212155.4874,8.3798,2026497.4513,2537418.4212,8.9431,0.019187
silver_mine,miner,5,48,20557789.84,2809149.7175,11238.3488,154.0,2434048.9107,8.4459,2230308.2507,2792309.663,9.1049,0.017966
silver_mine,miner,5,49,22820556.39,3090064.6991,11575.4994,154.0,2678151.6238,8.521,2454534.5102,3072724.0629,9.2697,0.016823
silver_mine,miner,5,50,29718387.12,4724708.9157,11207.3985,154.0,4100612.34,7.2473,3762802.0348,4707914.8145,4.8492,0.010653
gold_mine,miner,6,1,433277.8,18689.528,3739.5333,294.0,12750.7154,33.9807,9048.3224,12839.328,,1.0
gold_mine,miner,6,2,454277.8,20558.4808,3851.7193,294.0,14279.1025,31.8142,10375.2056,14541.5948,13.74,0.936364
gold_mine,miner,6,3,477797.8,22614.3289,3967.2709,294.0,15967.1604,29.9238,11846.5567,16425.7563,13.9332,0.876777
gold_mine,miner,6,4,504140.2,24875.7618,4086.289,294.0,17831.0613,28.2731,13477.1759,18510.352,14.1329,0.820982
gold_mine,miner,6,5,533643.69,27363.3379,4208.8784,294.0,19888.5998,26.8316,15283.3527,20815.7848,14.3392,0.768738
gold_mine,miner,6,6,566687.6,30099.6717,4335.1438,294.0,22159.3593,25.5733,17283.0217,23364.5135,14.5519,0.719818
gold_mine,miner,6,7,603696.78,33109.6389,4465.1973,294.0,24664.8842,24.476,19495.9152,26181.2472,14.771,0.674011
gold_mine,miner,6,8,645147.06,36420.6009,4599.1548,294.0,27428.8781,23.5207,21943.7485,29293.175,14.9965,0.63112
gold_mine,miner,6,9,691571.37,40062.6666,4737.1286,294.0,30477.4381,22.6913,24650.4403,32730.2392,15.2283,0.590958
gold_mine,miner,6,10,762779.93,49797.8923,4830.4487,294.0,38865.8959,19.6259,32298.6408,42326.8098,8.4889,0.484794
gold_mine,miner,6,11,821014.58,54777.6796,4975.3631,294.0,43072.2354,19.0613,36065.0991,47091.2833,13.8445,0.453944
gold_mine,miner,6,12,886237.39,60255.4494,5124.6266,294.0,47708.0359,18.5763,40223.4197,52347.2774,14.0694,0.425057
gold_mine,miner,6,13,959286.94,66280.9906,5278.3625,294.0,52816.5065,18.1626,44813.2487,58144.3977,14.2997,0.398007
gold_mine,miner,6,14,1041102.44,72909.0822,5436.7131,294.0,58445.1812,17.8133,49878.1962,64537.212,14.5355,0.37268
gold_mine,miner,6,15,1132735.8,80199.9979,5599.8165,294.0,64646.3778,17.522,55466.2735,71585.7885,14.7767,0.348964
gold_mine,miner,6,16,1235365.16,88219.9921,5767.8113,294.0,71477.6173,17.2832,61630.2767,79356.1759,15.0235,0.326757
gold_mine,miner,6,17,1350310.04,97041.9913,5940.8433,294.0,79002.2188,17.0921,68428.3281,87921.0842,15.2759,0.305963
gold_mine,miner,6,18,1479048.31,106746.1923,6119.0694,294.0,87289.8169,16.9441,75924.3497,97360.4767,15.5338,0.286493
gold_mine,miner,6,19,1623235.17,117420.8284,6302.6431,294.0,96417.0412,16.8356,84188.698,107762.3589,15.7974,0.268262
gold_mine,miner,6,20,1839942.57,154349.6724,6348.9049,294.0,128504.8877,14.3181,113662.3805,144622.4671,6.7536,0.205577
gold_mine,miner,6,21,2020810.57,169784.6433,6539.3706,294.0,141767.6073,14.2544,125724.6588,159774.4442,13.6373,0.192495
gold_mine,miner,6,22,2223382.72,186763.1077,6735.5502,294.0,156368.195,14.2189,139013.1608,176461.4247,13.8742,0.180245
gold_mine,miner,6,23,2450263.53,205439.4035,6937.6196,294.0,172440.7719,14.2093,153651.0933,194837.4857,14.116,0.168775
gold_mine,miner,6,24,2704370.04,225983.3438,7145.7471,294.0,190132.9291,14.2236,169774.0544,215072.1902,14.3627,0.158035
gold_mine,miner,6,25,2988969.33,248581.6932,7360.1196,294.0,209606.989,14.2599,187531.1751,237352.0248,14.6143,0.147978
gold_mine,miner,6,26,3307720.54,273439.8494,7580.9241,294.0,231041.485,14.3166,207086.4934,261882.1096,14.8709,0.138561
gold_mine,miner,6,27,3664721.89,300783.8437,7808.3513,294.0,254632.8984,14.3922,228620.548,288888.1925,15.1327,0.129744
gold_mine,miner,6,28,4064563.4,330862.228,8042.5994,294.0,280597.2969,14.4854,252331.8834,318618.5309,15.3996,0.121487
gold_mine,miner,6,29,4512385.9,363948.449,8283.8778,294.0,309172.3969,14.595,278438.9425,351346.2603,15.6718,0.113756
gold_mine,miner,6,30,5589450.03,504432.5474,8233.7606,294.0,431437.1645,12.9554,390901.397,491904.8229,8.8093,0.081579
gold_mine,miner,6,31,6151198.57,554875.7891,8480.7755,294.0,475107.8818,12.947,430885.4681,541981.0498,12.8633,0.076387
gold_mine,miner,6,32,6780356.93,610363.3717,8735.1984,294.0,523160.7308,12.9604,474893.8998,597090.6108,13.0931,0.071526
gold_mine,miner,6,33,7485014.3,671399.707,8997.2536,294.0,576034.3544,12.994,523329.8852,657737.5843,13.3272,0.066975
gold_mine,miner,6,34,8274230.55,738539.687,9267.1694,294.0,634211.3103,13.0465,576636.9955,724476.5233,13.5658,0.062713
gold_mine,miner,6,35,9158152.75,812393.6557,9545.185,294.0,698222.3895,13.1164,635303.1471,797917.4163,13.8089,0.058722
gold_mine,miner,6,36,10148145.62,893633.0157,9831.5435,294.0,768651.5008,13.2025,699865.0973,878731.3047,14.0566,0.054985
gold_mine,miner,6,37,11256937.63,982996.321,10126.488,294.0,846140.9747,13.3039,770913.3248,967656.3814,14.3089,0.051486
gold_mine,miner,6,38,12498784.68,1081295.9494,10430.2839,294.0,931397.3489,13.4194,849097.3336,1065504.6297,14.566,0.048209
gold_mine,miner,6,39,13889653.38,1189425.5593,10743.1931,294.0,1025197.8785,13.5483,935131.6577,1173169.319,14.8279,0.045142
gold_mine,miner,6,40,17627023.95,1733587.7446,10545.4092,294.0,1498791.0518,11.7608,1370758.0819,1717625.3717,7.8915,0.030402
gold_mine,miner,6,41,19371729.65,1906946.5172,10861.77,294.0,1649337.9501,11.7452,1508970.5588,1890514.0954,11.5891,0.028467
gold_mine,miner,6,42,21325800.03,2097641.1727,11187.6254,294.0,1814958.8061,11.75,1661037.5,2080724.5947,11.7985,0.026656
gold_mine,miner,6,43,23514358.85,2307405.2768,11523.2523,294.0,1997161.5813,11.7739,1828345.343,2289990.0243,12.0117,0.024959
gold_mine,miner,6,44,25965544.73,2538145.8157,11868.9497,294.0,2197605.0934,11.8154,2012419.228,2520216.9259,12.2288,0.023371
gold_mine,miner,6,45,28710872.92,2791960.3898,12225.0206,294.0,2418113.9912,11.8733,2214936.781,2773502.4497,12.45,0.021884
gold_mine,miner,6,46,31785640.49,3071156.4269,12591.7716,294.0,2660695.4702,11.9464,2437743.4842,3052153.5681,12.6752,0.020491
gold_mine,miner,6,47,35229380.17,3378272.0771,12969.5243,294.0,2927557.441,12.0337,2682869.3752,3358707.9532,12.9046,0.019187
gold_mine,miner,6,48,39086368.61,3716099.2755,13358.6078,294.0,3221128.6009,12.1344,2952547.5087,3695957.0511,13.1382,0.017966
gold_mine,miner,6,49,43406195.67,4087709.2161,13759.3661,294.0,3544080.5895,12.2475,3249234.3238,4066971.5449,13.3761,0.016823
gold_mine,miner,6,50,56446008.27,6250107.3792,13321.8183,294.0,5425747.6581,10.4034,4979809.176,6230019.8168,6.9299,0.010653
nickel_gok,miner,7,1,772135.1,27200.172,5698.4,525.0,18249.7916,42.3093,12687.5376,18201.772,,1.0
nickel_gok,miner,7,2,809635.1,29920.1892,5869.352,525.0,20467.4784,39.5571,14607.1234,20667.5872,16.9095,0.936364
nickel_gok,miner,7,3,851635.1,32912.2081,6045.4326,525.0,22917.3447,37.1612,16736.6177,23397.7781,17.1438,0.876777
nickel_gok,miner,7,4,898675.1,36203.4289,6226.7955,525.0,25622.9211,35.0731,19097.5498,26419.316,17.3863,0.820982
nickel_gok,miner,7,5,951359.9,39823.7718,6413.6005,525.0,28610.0991,33.2526,21713.6167,29761.8839,17.637,0.768738
nickel_gok,miner,7,6,1010366.88,43806.149,6606.007,525.0,31907.3736,31.6656,24610.9088,33458.1567,17.8957,0.719818
nickel_gok,miner,7,7,1076454.69,48186.7639,6804.1859,525.0,35546.0929,30.2833,27818.1323,37544.0837,18.1624,0.674011
nickel_gok,miner,7,8,1150473.04,53005.4376,7008.314,525.0,39560.7475,29.0812,31366.8791,42059.2232,18.437,0.63112
nickel_gok,miner,7,9,1233373.59,58305.9895,7218.5622,525.0,43989.3118,28.038,35291.9483,47047.1406,18.7195,0.590958
nickel_gok,miner,7,10,1341746.27,72474.3415,7360.7657,525.0,56192.0609,23.8779,46413.3246,61004.0389,8.881,0.484794
nickel_gok,miner,7,11,1445736.72,79721.7729,7581.5901,525.0,62305.209,23.2041,51880.0331,67923.1091,17.0109,0.453944
nickel_gok,miner,7,12,1562206.03,87693.9529,7809.0418,525.0,69043.1227,22.6265,57916.5997,75557.0734,17.2857,0.425057
nickel_gok,miner,7,13,1692651.65,96463.3428,8043.3087,525.0,76468.6797,22.1352,64580.7112,83978.1133,17.5671,0.398007
nickel_gok,miner,7,14,1838750.75,106109.6662,8284.6074,525.0,84651.0511,21.7215,71935.8218,93265.6305,17.8553,0.37268
nickel_gok,miner,7,15,2002381.74,116720.6437,8533.1489,525.0,93666.3705,21.3778,80051.7917,103507.0322,18.1503,0.348964
nickel_gok,miner,7,16,2185648.45,128392.6999,8789.1438,525.0,103598.3438,21.0973,89005.4442,114798.4294,18.4522,0.326757
nickel_gok,miner,7,17,2390907.17,141231.9699,9052.8144,525.0,114539.1152,20.8742,98881.3542,127245.6267,18.7609,0.305963
nickel_gok,miner,7,18,2620796.93,155355.1696,9324.4002,525.0,126590.0194,20.703,109772.5354,140964.9842,19.0766,0.286493
nickel_gok,miner,7,19,2878273.46,170890.711,9604.1346,525.0,139862.5715,20.5793,121781.3669,156084.5664,19.3992,0.268262
nickel_gok,miner,7,20,3269383.61,224635.8301,9674.6296,525.0,186559.4945,17.5246,164671.7197,209724.861,8.3755,0.205577
nickel_gok,miner,7,21,3592362.17,247099.4185,9964.8662,525.0,205850.3106,17.4513,182207.2356,231756.8738,16.7426,0.192495
nickel_gok,miner,7,22,3954098.16,271809.3604,10263.8099,525.0,227087.8789,17.4122,201526.7734,256022.2926,17.0328,0.180245
nickel_gok,miner,7,23,4359242.47,298990.2747,10571.7287,525.0,250467.385,17.4044,222809.6267,282745.3382,17.329,0.168775
nickel_gok,miner,7,24,4813004.1,328889.3021,10888.8788,525.0,276203.6183,17.4256,246253.1235,312172.7702,17.6312,0.158035
nickel_gok,miner,7,25,5321217.12,361778.2541,11215.5453,525.0,304532.8067,17.4734,272074.2853,344575.976,17.9396,0.147978
nickel_gok,miner,7,26,5890415.71,397956.0605,11552.013,525.0,335714.7713,17.5459,300511.8288,380253.462,18.2541,0.138561
nickel_gok,miner,7,27,6527918.13,437751.6801,11898.5726,525.0,370035.4535,17.6413,331828.4852,419533.7549,18.5749,0.129744
nickel_gok,miner,7,28,7241920.84,481526.8481,12255.5261,525.0,407809.3002,17.7581,366313.1894,462778.1406,18.902,0.121487
nickel_gok,miner,7,29,8041603.87,529679.5302,12623.1926,525.0,449382.2638,17.8948,404283.8353,510384.1105,19.2357,0.113756
nickel_gok,miner,7,30,9890521.21,734135.8247,12546.8226,525.0,627325.6818,15.7662,567963.4259,714953.9655,10.3905,0.081579
nickel_gok,miner,7,31,10893643.6,807549.3881,12923.2304,525.0,690868.0072,15.7681,626129.6649,787807.8185,15.7867,0.076387
nickel_gok,miner,7,32,12017140.68,888304.3324,13310.9268,525.0,760787.5129,15.7957,690152.0758,867986.2665,16.0684,0.071526
nickel_gok,miner,7,33,13275457.41,977134.7629,13710.2535,525.0,837722.5732,15.8471,760617.43,956222.9065,16.3556,0.066975
nickel_gok,miner,7,34,14684772.15,1074848.2528,14121.5583,525.0,922375.4742,15.9206,838171.2647,1053324.7949,16.6482,0.062713
nickel_gok,miner,7,35,16263204.65,1182333.0781,14545.2059,525.0,1015518.6988,16.0147,923523.6536,1160179.6653,16.9463,0.058722
nickel_gok,miner,7,36,18031049.06,1300566.3777,14981.5666,525.0,1118002.0357,16.1279,1017455.7523,1277764.1058,17.2501,0.054985
nickel_gok,miner,7,37,20011034.79,1430623.0209,15431.0108,525.0,1230760.2988,16.2591,1120826.9006,1407152.435,17.5596,0.051486
nickel_gok,miner,7,38,22228618.81,1573685.3176,15893.9431,525.0,1354821.7458,16.407,1234582.3394,1549526.3611,17.8749,0.048209
nickel_gok,miner,7,39,24712312.92,1731053.8711,16370.7624,525.0,1491317.5546,16.5708,1359761.9533,1706185.8944,18.1961,0.045142
nickel_gok,miner,7,40,31290549.43,2523011.0054,16069.374,525.0,2180582.4693,14.3496,1993779.7433,2498591.1869,9.5438,0.030402
nickel_gok,miner,7,41,34406095.32,2775312.1033,16551.453,525.0,2399665.0157,14.3379,2194897.5031,2750175.4436,14.2209,0.028467
nickel_gok,miner,7,42,37895506.71,3052843.319,17048.0002,525.0,2640685.1774,14.3506,2416177.655,3026968.3042,14.4777,0.026656
nickel_gok,miner,7,43,41803647.47,3358127.6319,17559.4373,525.0,2905837.5793,14.3861,2659637.9496,3331492.1209,14.7392,0.024959
nickel_gok,miner,7,44,46180765.12,3693940.4114,18086.2201,525.0,3197536.3964,14.4426,2927497.9989,3666521.5855,15.0056,0.023371
nickel_gok,miner,7,45,51083136.89,4063334.4417,18628.8104,525.0,3518437.1492,14.5187,3222199.3377,4035108.7955,15.2769,0.021884
nickel_gok,miner,7,46,56573793.27,4469667.8831,19187.6753,525.0,3871461.0308,14.613,3546427.7936,4440611.2167,15.5532,0.020491
nickel_gok,miner,7,47,62723328.42,4916634.6823,19763.3048,525.0,4259821.3484,14.7244,3903137.7886,4886722.0669,15.8346,0.019187
nickel_gok,miner,7,48,69610807.78,5408298.1369,20356.2006,525.0,4687052.7346,14.8517,4295579.2087,5377503.8982,16.1212,0.017966
nickel_gok,miner,7,49,77324784.67,5949127.9696,20966.8867,525.0,5157043.3922,14.994,4727327.0457,5917425.6536,16.413,0.016823
nickel_gok,miner,7,50,100474861.37,9096216.6478,20300.1397,525.0,7895590.6121,12.7254,7245998.1087,9065505.7704,8.4534,0.010653
diamond_mine,miner,8,1,1226260.0,30017.106,4920.9,840.0,21102.8992,58.1086,15792.3348,21856.206,,1.0
diamond_mine,miner,8,2,1286260.0,33018.8166,5068.527,840.0,23585.952,54.535,17972.2628,24638.2896,24.1638,0.936364
diamond_mine,miner,8,3,1353460.0,36320.6983,5220.5828,840.0,26326.3004,51.4109,20385.6844,27713.9554,24.5224,0.876777
diamond_mine,miner,8,4,1428724.0,39952.7681,5377.2003,840.0,29349.944,48.6789,23056.414,31113.023,24.8918,0.820982
diamond_mine,miner,8,5,1513019.68,43948.0449,5538.5172,840.0,32685.4891,46.2903,26010.6601,34868.3061,25.2719,0.768738
diamond_mine,miner,8,6,1607430.84,48342.8494,5704.6714,840.0,36364.4148,44.2034,29277.2724,39015.9204,25.6627,0.719818
diamond_mine,miner,8,7,1713171.34,53177.1343,5875.8105,840.0,40421.3517,42.3828,32887.9917,43595.599,26.0641,0.674011
diamond_mine,miner,8,8,1831600.7,58494.8448,6052.087,840.0,44894.3993,40.798,36877.7454,48651.0602,26.4762,0.63112
diamond_mine,miner,8,9,1964241.58,64344.3382,6233.6485,840.0,49825.5001,39.4224,41284.9978,54230.4417,26.8988,0.590958
diamond_mine,miner,8,10,2144517.46,79980.0086,6356.4496,840.0,63321.6964,33.867,53609.3326,69683.4191,13.3575,0.484794
diamond_mine,miner,8,11,2310902.19,87978.0065,6547.1443,840.0,70114.0501,32.9592,59721.6888,77397.7174,24.4959,0.453944
diamond_mine,miner,8,12,2497253.08,96775.8101,6743.562,840.0,77597.2559,32.1822,66465.3051,85903.3073,24.9025,0.425057
diamond_mine,miner,8,13,2705966.08,106453.3851,6945.8651,840.0,85840.7424,31.5231,73903.9104,95279.9128,25.3185,0.398007
diamond_mine,miner,8,14,2939724.64,117098.7116,7154.2406,840.0,94920.8898,30.9703,82107.6084,105615.2358,25.7439,0.37268
diamond_mine,miner,8,15,3201534.23,128808.5948,7368.8706,840.0,104921.7601,30.5135,91153.5699,117005.8106,26.1787,0.348964
diamond_mine,miner,8,16,3494760.97,141689.4453,7589.9371,840.0,115935.7721,30.1439,101126.6506,129557.777,26.6231,0.326757
diamond_mine,miner,8,17,3823174.92,155858.3898,7817.6321,840.0,128064.6592,29.8535,112120.2637,143387.9761,27.077,0.305963
diamond_mine,miner,8,18,4190998.54,171444.2318,8052.1622,840.0,141420.3006,29.6351,124237.1422,158624.904,27.5407,0.286493
diamond_mine,miner,8,19,4602960.99,188588.682,8293.7291,840.0,156125.809,29.4824,137590.3519,175409.9712,28.0142,0.268262
diamond_mine,miner,8,20,5237568.12,247899.8119,8354.6056,840.0,207673.5295,25.2202,184947.9411,234630.5343,12.3111,0.205577
diamond_mine,miner,8,21,5754333.82,272689.7991,8605.2418,840.0,229022.7649,25.1256,204403.9766,259047.6461,24.2053,0.192495
diamond_mine,miner,8,22,6333111.41,299958.779,8863.3971,840.0,252522.1822,25.0794,225831.9275,285932.5643,24.6294,0.180245
diamond_mine,miner,8,23,6981342.31,329954.6329,9129.3029,840.0,278387.2371,25.0778,249429.752,315532.826,25.062,0.168775
diamond_mine,miner,8,24,7707360.91,362950.0962,9403.1805,840.0,306855.0167,25.1173,275415.3062,348120.8373,25.5032,0.158035
diamond_mine,miner,8,25,8520501.75,399245.1298,9685.276,840.0,338186.2728,25.1947,304028.1899,383996.193,25.953,0.147978
diamond_mine,miner,8,26,9431219.49,439169.6218,9975.8355,840.0,372667.7941,25.3073,335531.9442,423488.4151,26.4118,0.138561
diamond_mine,miner,8,27,10451223.35,483086.599,10275.1098,840.0,410615.1956,25.4526,370216.6144,466960.1572,26.8794,0.129744
diamond_mine,miner,8,28,11593627.68,531395.2589,10583.3599,840.0,452375.5521,25.6283,408401.1672,514810.2286,27.3562,0.121487
diamond_mine,miner,8,29,12873120.53,584534.7818,10900.8613,840.0,498330.7108,25.8325,450436.5334,567477.3997,27.8422,0.113756
diamond_mine,miner,8,30,15784571.41,810165.2029,10834.9114,840.0,694686.5536,22.7219,631039.7952,793205.9355,14.8274,0.081579
diamond_mine,miner,8,31,17389567.24,891181.7022,11159.9615,840.0,764888.1144,22.7348,695365.4196,873738.8527,22.8627,0.076387
diamond_mine,miner,8,32,19187162.57,980299.8784,11494.7598,840.0,842129.6532,22.7841,766157.763,962358.9442,23.2724,0.071526
diamond_mine,miner,8,33,21200469.34,1078329.8633,11839.6017,840.0,927115.7275,22.8671,844064.488,1059875.9023,23.6898,0.066975
diamond_mine,miner,8,34,23455372.92,1186162.8646,12194.7874,840.0,1020621.4272,22.9815,929798.1106,1167180.4884,24.1151,0.062713
diamond_mine,miner,8,35,25980864.93,1304779.1511,12560.6317,840.0,1123499.3119,23.1249,1024142.3733,1285252.5026,24.5484,0.058722
diamond_mine,miner,8,36,28809415.98,1435257.0572,12937.4545,840.0,1236687.2543,23.2956,1127959.464,1415169.8035,24.9899,0.054985
diamond_mine,miner,8,37,31977393.15,1578782.7689,13325.5758,840.0,1361216.9581,23.4918,1242197.8515,1558118.1012,25.4395,0.051486
diamond_mine,miner,8,38,35525527.59,1736661.0398,13725.3448,840.0,1498223.2547,23.7118,1367900.8147,1715401.6295,25.8976,0.048209
diamond_mine,miner,8,39,39499438.16,1910327.1678,14137.106,840.0,1648954.5538,23.9542,1506216.0753,1888455.1738,26.3642,0.045142
diamond_mine,miner,8,40,49942442.03,2784301.8342,13876.8396,840.0,2409538.9453,20.727,2205786.208,2762817.0426,13.7302,0.030402
diamond_mine,miner,8,41,54927315.45,3062732.0146,14293.1428,840.0,2651411.0184,20.7163,2427905.8975,3040627.8822,20.6095,0.028467
diamond_mine,miner,8,42,60510373.68,3369005.222,14721.9402,840.0,2917495.6552,20.7405,2672281.2674,3346263.1611,20.9823,0.026656
diamond_mine,miner,8,43,66763398.89,3705905.7232,15163.5959,840.0,3210214.8508,20.7972,2941139.1848,3682506.6042,21.3619,0.024959
diamond_mine,miner,8,44,73766787.13,4076496.3136,15618.5036,840.0,3532232.8947,20.8839,3236929.2955,4052420.4212,21.7484,0.023371
diamond_mine,miner,8,45,81610581.96,4484145.9329,16087.0618,840.0,3886480.4179,20.9986,3562346.1536,4459372.9591,22.1421,0.021884
diamond_mine,miner,8,46,90395632.17,4932560.5232,16569.6742,840.0,4276181.2387,21.1393,3920353.9073,4907069.5594,22.5431,0.020491
diamond_mine,miner,8,47,100234888.4,5425816.5875,17066.7638,840.0,4704881.5467,21.3044,4314213.1243,5399586.0957,22.9514,0.019187
diamond_mine,miner,8,48,111254855.38,5968398.2313,17578.7638,840.0,5176482.1367,21.4924,4747510.4394,5941406.0291,23.3672,0.017966
diamond_mine,miner,8,49,123597218.4,6565238.0754,18106.1268,840.0,5695273.9953,21.7017,5224191.2702,6537461.3071,23.7906,0.016823
diamond_mine,miner,8,50,160520458.04,10038248.9977,17530.3519,840.0,8717294.4218,18.414,8003463.6703,10011328.8186,12.2181,0.010653
lithium_quarry_v2,miner,9,1,1830538.6,40155.2155,7436.2667,1260.0,27369.2855,66.883,19709.7724,27850.6155,,1.0
lithium_quarry_v2,miner,9,2,1920538.6,44170.7371,7659.3547,1260.0,30668.7027,62.6221,22587.5576,31534.7991,27.2775,0.936364
lithium_quarry_v2,miner,9,3,2021338.6,48587.8108,7889.1353,1260.0,34311.6476,58.9111,25776.5456,35610.5946,27.6699,0.876777
lithium_quarry_v2,miner,9,4,2134234.6,53446.5918,8125.8094,1260.0,38332.8807,55.6763,29308.5594,40117.8592,28.075,0.820982
lithium_quarry_v2,miner,9,5,2260678.12,58791.251,8369.5851,1260.0,42770.6494,52.8558,33218.6232,45100.4543,28.4926,0.768738
lithium_quarry_v2,miner,9,6,2402294.86,64670.3761,8620.6706,1260.0,47667.0438,50.3974,37545.295,50606.6585,28.9227,0.719818
lithium_quarry_v2,miner,9,7,2560905.61,71137.4137,8879.2891,1260.0,53068.3684,48.2567,42330.9974,56689.587,29.3652,0.674011
lithium_quarry_v2,miner,9,8,2738549.65,78251.1511,9145.671,1260.0,59025.5676,46.396,47622.4143,63407.6847,29.8201,0.63112
lithium_quarry_v2,miner,9,9,2937510.98,86076.2782,9420.0395,1260.0,65594.7277,44.7827,53470.9633,70825.3103,30.2872,0.590958
lithium_quarry_v2,miner,9,10,3206901.05,106992.8088,9605.6116,1260.0,83630.6616,38.346,69925.8297,91466.2228,14.9363,0.484794
lithium_quarry_v2,miner,9,11,3456478.14,117692.0856,9893.7818,1260.0,92688.3243,37.2914,78052.9958,101737.4993,27.5542,0.453944
lithium_quarry_v2,miner,9,12,3736004.48,129461.2982,10190.6003,1260.0,102669.3071,36.3887,87023.138,113065.8667,28.0059,0.425057
lithium_quarry_v2,miner,9,13,4049073.98,142407.42,10496.3127,1260.0,113666.4633,35.6224,96921.4669,125557.9339,28.4682,0.398007
lithium_quarry_v2,miner,9,14,4399711.82,156648.1459,10811.2014,1260.0,125781.9417,34.9789,107841.7146,139330.9763,28.9413,0.37268
lithium_quarry_v2,miner,9,15,4792426.2,172312.9766,11135.5416,1260.0,139128.1684,34.4461,119887.0688,154514.0857,29.4251,0.348964
lithium_quarry_v2,miner,9,16,5232266.31,189544.2622,11469.6085,1260.0,153828.7487,34.0136,133170.997,171249.2037,29.9199,0.326757
lithium_quarry_v2,miner,9,17,5724887.23,208498.6884,11813.692,1260.0,170019.7469,33.6719,147818.4128,189692.5852,30.4256,0.305963
lithium_quarry_v2,miner,9,18,6276622.66,229348.5612,12168.1044,1260.0,187850.7974,33.4128,163966.6923,210016.0724,30.9424,0.286493
lithium_quarry_v2,miner,9,19,6894566.34,252283.4535,12533.1508,1260.0,207486.5634,33.229,181767.0367,232408.7853,31.4703,0.268262
lithium_quarry_v2,miner,9,20,7799086.39,331626.5855,12625.1448,1260.0,276435.0534,28.2131,245103.5512,311615.2845,13.1188,0.205577
lithium_quarry_v2,miner,9,21,8574234.94,364789.2521,13003.8962,1260.0,304957.0596,28.1162,271065.5574,344215.4165,27.1772,0.192495
lithium_quarry_v2,miner,9,22,9442401.32,401268.1773,13394.0102,1260.0,336354.3254,28.0728,299663.5266,380114.931,27.651,0.180245
lithium_quarry_v2,miner,9,23,10414747.66,441394.9629,13795.8363,1260.0,370915.0402,28.0785,331162.2159,419644.9106,28.1344,0.168775
lithium_quarry_v2,miner,9,24,11503775.57,485534.4592,14209.7091,1260.0,408956.3326,28.1296,365853.0037,463169.7086,28.6275,0.158035
lithium_quarry_v2,miner,9,25,12723486.82,534087.9373,14636.0006,1260.0,450826.9849,28.2225,404056.349,511090.0439,29.1305,0.147978
lithium_quarry_v2,miner,9,26,14089563.42,587496.7029,15075.0824,1260.0,496910.6098,28.3543,446124.7388,563846.6701,29.6434,0.138561
lithium_quarry_v2,miner,9,27,15619569.22,646246.3932,15527.3338,1260.0,547629.3817,28.5222,492446.1139,621924.661,30.1665,0.129744
lithium_quarry_v2,miner,9,28,17333175.71,710871.0326,15993.149,1260.0,603447.5587,28.7236,543447.1026,685857.4555,30.6998,0.121487
lithium_quarry_v2,miner,9,29,19252414.98,781958.1318,16472.9443,1260.0,664875.9131,28.9564,599597.0889,756231.9461,31.2435,0.113756
lithium_quarry_v2,miner,9,30,23575700.95,1083793.9645,16373.2835,1260.0,927559.7925,25.4169,841215.2464,1058215.7986,16.4581,0.081579
lithium_quarry_v2,miner,9,31,25983194.69,1192173.3328,16864.4861,1260.0,1021422.4967,25.4382,927181.9371,1165865.6158,25.6491,0.076387
lithium_quarry_v2,miner,9,32,28679587.68,1311390.6742,17370.4199,1260.0,1124701.4212,25.4997,1021796.9094,1284331.5268,26.1079,0.071526
lithium_quarry_v2,miner,9,33,31699547.83,1442529.7376,17891.5312,1260.0,1238339.0396,25.5984,1125926.4933,1414696.6177,26.5754,0.066975
lithium_quarry_v2,miner,9,34,35081903.2,1586782.7314,18428.2735,1260.0,1363372.1784,25.7317,1240523.7749,1558152.4234,27.0517,0.062713
lithium_quarry_v2,miner,9,35,38870141.21,1745461.0045,18981.1227,1260.0,1500941.2972,25.8972,1366637.1195,1716009.5857,27.537,0.058722
lithium_quarry_v2,miner,9,36,43112967.78,1920007.0929,19550.5623,1260.0,1652300.9817,26.0927,1505419.8309,1889709.9228,28.0314,0.054985
lithium_quarry_v2,miner,9,37,47864933.54,2112007.8103,20137.0755,1260.0,1818831.3392,26.3163,1658140.635,2080839.5305,28.5351,0.051486
lithium_quarry_v2,miner,9,38,53187135.19,2323208.5833,20741.1904,1260.0,2002050.4318,26.5663,1826195.0811,2291143.0512,29.0483,0.048209
lithium_quarry_v2,miner,9,39,59148001.04,2555529.4737,21363.4274,1260.0,2203628.2603,26.8412,2011118.4378,2522539.7737,29.571,0.045142
lithium_quarry_v2,miner,9,40,74735174.57,3724684.1907,20970.1233,1260.0,3221135.0386,23.2015,2947032.1676,3692278.6396,15.319,0.030402
lithium_quarry_v2,miner,9,41,82212484.69,4097152.6057,21599.224,1260.0,3544635.2421,23.1935,3244063.2486,4063812.6925,23.1138,0.028467
lithium_quarry_v2,miner,9,42,90587072.03,4506867.8743,22247.2054,1260.0,3900523.782,23.2243,3570863.4914,4472565.5568,23.5315,0.026656
lithium_quarry_v2,miner,9,43,99966609.85,4957554.6337,22914.6178,1260.0,4292040.6138,23.2912,3930411.7803,4922261.0522,23.9569,0.024959
lithium_quarry_v2,miner,9,44,110471692.21,5453310.1211,23602.056,1260.0,4722749.8166,23.3914,4325985.0129,5416995.5326,24.3902,0.023371
lithium_quarry_v2,miner,9,45,122237384.45,5998641.1172,24310.1224,1260.0,5196571.7654,23.5227,4761187.7101,5961274.884,24.8315,0.021884
lithium_quarry_v2,miner,9,46,135414959.76,6598505.2249,25039.4269,1260.0,5717819.0443,23.683,5239985.0396,6560055.8036,25.2809,0.020491
lithium_quarry_v2,miner,9,47,150173844.11,7258355.7634,25790.6088,1260.0,6291235.4845,23.8703,5766738.6976,7218790.6608,25.7385,0.019187
lithium_quarry_v2,miner,9,48,166703794.58,7984191.3197,26564.3226,1260.0,6922039.2875,24.083,6346246.5719,7943477.0706,26.2046,0.017966
lithium_quarry_v2,miner,9,49,185217339.11,8782610.4798,27361.2524,1260.0,7615970.6278,24.3196,6983786.5052,8740712.603,26.6792,0.016823
lithium_quarry_v2,miner,9,50,240493387.02,13428611.3973,26491.1646,1260.0,11658748.4025,20.6277,10701892.371,13388005.805,13.6728,0.010653
cobalt_mine_v2,miner,10,1,2845980.6,48788.521,8105.0,1960.0,33689.4633,84.4769,24913.3168,34913.521,,1.0
cobalt_mine_v2,miner,10,2,2985980.6,53667.3731,8348.15,1960.0,37722.5241,79.1564,28451.6735,39434.9231,34.7131,0.936364
cobalt_mine_v2,miner,10,3,3142780.6,59034.1104,8598.5945,1960.0,42173.6988,74.5199,32369.3966,44433.4869,35.2267,0.876777
cobalt_mine_v2,miner,10,4,3318396.6,64937.5215,8856.5523,1960.0,47085.2431,70.4764,36705.1887,49957.6792,35.7558,0.820982
cobalt_mine_v2,miner,10,5,3515086.52,71431.2736,9122.2504,1960.0,52503.6501,66.9494,41501.6432,56060.8339,36.3003,0.768738
cobalt_mine_v2,miner,10,6,3735379.23,78574.401,9395.9158,1960.0,58480.0821,63.8744,46805.6471,62801.6512,36.8602,0.719818
cobalt_mine_v2,miner,10,7,3982107.07,86431.8411,9677.7915,1960.0,65070.8231,61.1965,52668.7857,70244.7115,37.4355,0.674011
cobalt_mine_v2,miner,10,8,4258442.25,95075.0203,9968.1288,1960.0,72337.7956,58.8688,59147.8231,78461.0716,38.0262,0.63112
cobalt_mine_v2,miner,10,9,4567937.65,104582.5369,10267.1709,1960.0,80349.1685,56.8511,66305.2733,87528.9724,38.632,0.590958
cobalt_mine_v2,miner,10,10,4978051.37,129996.0872,10469.4311,1960.0,102282.9908,48.6694,86332.7231,112645.1838,18.6978,0.484794
cobalt_mine_v2,miner,10,11,5366282.4,142995.6911,10783.5161,1960.0,113319.3922,47.3554,96261.2787,125183.0576,35.1773,0.453944
cobalt_mine_v2,miner,10,12,5801101.15,157295.2651,11107.0272,1960.0,125478.567,46.2318,107215.6713,139007.0444,35.7605,0.425057
cobalt_mine_v2,miner,10,13,6288098.15,173024.7818,11440.2318,1960.0,138873.3585,45.2794,119299.4777,154246.7236,36.3572,0.398007
cobalt_mine_v2,miner,10,14,6833534.79,190327.2405,11783.438,1960.0,153627.9081,44.4811,132626.6353,171044.6415,36.9674,0.37268
cobalt_mine_v2,miner,10,15,7444423.83,209359.984,12136.9457,1960.0,169878.8433,43.822,147322.5686,189557.7005,37.591,0.348964
cobalt_mine_v2,miner,10,16,8128619.55,230295.9678,12501.0547,1960.0,187776.3744,43.2888,163525.1921,209958.4148,38.2285,0.326757
cobalt_mine_v2,miner,10,17,8894918.76,253325.5646,12876.0812,1960.0,207485.8505,42.87,181386.3299,232436.6926,38.8797,0.305963
cobalt_mine_v2,miner,10,18,9753173.87,278658.1259,13262.3655,1960.0,229189.1116,42.5551,201072.9525,257201.385,39.545,0.286493
cobalt_mine_v2,miner,10,19,10714419.59,306523.9824,13660.2399,1960.0,253086.2559,42.3351,222768.826,284482.3342,40.2243,0.268262
cobalt_mine_v2,miner,10,20,12070727.05,402925.7577,13760.5069,1960.0,336868.5682,35.8322,299739.8458,380736.709,16.1885,0.205577
cobalt_mine_v2,miner,10,21,13276513.7,443218.3433,14173.3189,1960.0,371563.9712,35.7314,331354.6963,420422.4279,34.7535,0.192495
cobalt_mine_v2,miner,10,22,14626994.72,487540.1776,14598.5153,1960.0,409754.0462,35.697,366174.3692,464119.1894,35.3621,0.180245
cobalt_mine_v2,miner,10,23,16139533.48,536294.1563,15036.4771,1960.0,451788.981,35.7236,404520.6095,512229.3292,35.9829,0.168775
cobalt_mine_v2,miner,10,24,17833576.89,589923.5719,15487.5689,1960.0,498054.1226,35.8065,446747.5042,565195.6035,36.616,0.158035
cobalt_mine_v2,miner,10,25,19730905.52,648915.9682,15952.1962,1960.0,548973.2816,35.9415,493244.4803,623504.9605,37.2616,0.147978
cobalt_mine_v2,miner,10,26,21855913.57,713807.5308,16430.764,1960.0,605012.5871,36.1247,544439.8787,687692.9901,37.92,0.138561
cobalt_mine_v2,miner,10,27,24235922.59,785188.3083,16923.6858,1960.0,666685.0216,36.3529,600805.118,758349.133,38.5911,0.129744
cobalt_mine_v2,miner,10,28,26901532.69,863707.1391,17431.3911,1960.0,734554.7008,36.6229,662858.6247,836121.5963,39.2754,0.121487
cobalt_mine_v2,miner,10,29,29887016.0,950077.8482,17954.3338,1960.0,809242.2575,36.9321,731170.7779,921723.5376,39.973,0.113756
cobalt_mine_v2,miner,10,30,36553607.84,1316807.89,17845.7106,1960.0,1128391.8961,32.3944,1024717.7462,1288613.2643,20.8886,0.081579
cobalt_mine_v2,miner,10,31,40298598.12,1448488.6449,18381.0864,1960.0,1242488.3759,32.4338,1129259.2864,1419506.9738,32.823,0.076387
cobalt_mine_v2,miner,10,32,44492987.22,1593337.5191,18932.5181,1960.0,1368027.1509,32.5235,1244311.2381,1563545.1992,33.4111,0.071526
cobalt_mine_v2,miner,10,33,49190703.01,1752671.2662,19500.4922,1960.0,1506153.3734,32.6598,1370926.2746,1722043.9787,34.0103,0.066975
cobalt_mine_v2,miner,10,34,54452144.69,1927938.4172,20085.503,1960.0,1658126.8353,32.8396,1510262.4792,1896451.117,34.6208,0.062713
cobalt_mine_v2,miner,10,35,60344959.38,2120732.2589,20688.0692,1960.0,1825333.245,33.0597,1663593.7033,2088359.138,35.2428,0.058722
cobalt_mine_v2,miner,10,36,66944911.83,2332805.4702,21308.7177,1960.0,2009296.9746,33.3176,1832321.2996,2299519.9462,35.8764,0.054985
cobalt_mine_v2,miner,10,37,74336858.56,2566086.0269,21947.9753,1960.0,2211694.905,33.6108,2017986.8586,2531860.7431,36.5218,0.051486
cobalt_mine_v2,miner,10,38,82615838.91,2822694.6199,22606.4174,1960.0,2434371.5362,33.9372,2222286.0699,2787501.3734,37.1794,0.048209
cobalt_mine_v2,miner,10,39,91888296.9,3104964.1209,23284.6113,1960.0,2679355.9733,34.2949,2447084.3797,3068773.8749,37.8492,0.045142
cobalt_mine_v2,miner,10,40,116031628.09,4525485.1852,22855.9379,1960.0,3915582.2452,29.6333,3584144.2413,4489925.1235,19.5299,0.030402
cobalt_mine_v2,miner,10,41,127662999.4,4978033.6989,23541.6128,1960.0,4308702.9149,29.6291,3945154.5399,4941465.6401,29.5873,0.028467
cobalt_mine_v2,miner,10,42,140690135.26,5475837.0785,24247.8663,1960.0,4741177.4146,29.6741,4342337.8634,5438230.7705,30.1223,0.026656
cobalt_mine_v2,miner,10,43,155280527.43,6023420.7522,24975.2981,1960.0,5216942.3451,29.7647,4779313.6546,5984745.061,30.6672,0.024959
cobalt_mine_v2,miner,10,44,171621766.66,6625762.8567,25724.5568,1960.0,5740328.121,29.8976,5260063.4502,6585985.6952,31.2222,0.023371
cobalt_mine_v2,miner,10,45,189923954.59,7288339.1229,26496.2987,1960.0,6316098.0571,30.0698,5788966.8503,7247427.4389,31.7873,0.021884
cobalt_mine_v2,miner,10,46,210422405.07,8017173.0303,27291.1884,1960.0,6949492.0024,30.2788,6370841.6416,7975092.7946,32.3629,0.020491
cobalt_mine_v2,miner,10,47,233380669.61,8818890.3528,28109.9231,1960.0,7646273.7739,30.5221,7010987.3976,8775606.5115,32.949,0.019187
cobalt_mine_v2,miner,10,48,259093925.9,9700779.3637,28953.2159,1960.0,8412783.5486,30.7976,7715233.6671,9656255.8143,33.5459,0.017966
cobalt_mine_v2,miner,10,49,287892772.94,10670857.3342,29821.8126,1960.0,9255995.7039,31.1034,8489993.1485,10625056.8781,34.1537,0.016823
cobalt_mine_v2,miner,10,50,373732025.21,16315740.8322,28873.4789,1960.0,14167869.3973,26.3788,13007322.4473,16271334.5026,17.4759,0.010653
rare_earth_complex_v2,miner,11,1,4851944.3,69629.388,11134.1667,3360.0,47967.6426,101.1504,35642.2604,49926.888,,1.0
rare_earth_complex_v2,miner,11,2,5091944.3,76592.3268,11468.1917,3360.0,53734.7976,94.7606,40711.5739,56399.5518,41.615,0.936364
rare_earth_complex_v2,miner,11,3,5360744.3,84251.5595,11812.2374,3360.0,60099.0102,89.1985,46322.8915,63553.8012,42.2362,0.876777
rare_earth_complex_v2,miner,11,4,5661800.3,92676.7154,12166.6045,3360.0,67120.5965,84.3527,52531.4655,71458.8244,42.8758,0.820982
rare_earth_complex_v2,miner,11,5,5998983.02,101944.387,12531.6048,3360.0,74865.9205,80.1297,59398.1024,80190.7561,43.5337,0.768738
rare_earth_complex_v2,miner,11,6,6376627.67,112138.8257,12907.5499,3360.0,83408.0099,76.451,66989.7356,89833.3903,44.2099,0.719818
rare_earth_complex_v2,miner,11,7,6799589.67,123352.7082,13294.774,3360.0,92827.2028,73.25,75380.0056,100478.9134,44.9043,0.674011
rare_earth_complex_v2,miner,11,8,7273307.11,135687.9721,13693.6221,3360.0,103211.8845,70.4697,84649.9445,112228.7563,45.6169,0.63112
rare_earth_complex_v2,miner,11,9,7803870.65,149256.7902,14104.4283,3360.0,114659.3548,68.0614,94888.7897,125194.6015,46.3477,0.590958
rare_earth_complex_v2,miner,11,10,8485262.43,185526.1814,14382.2814,3360.0,145971.9929,58.1294,123487.5229,161056.1656,21.7609,0.484794
rare_earth_complex_v2,miner,11,11,9150801.33,204078.7925,14813.7527,3360.0,161737.3847,56.5781,137682.405,178975.4722,42.2152,0.453944
rare_earth_complex_v2,miner,11,12,9896204.9,224486.6788,15258.1729,3360.0,179105.6001,55.2535,153342.0836,198731.0475,42.9177,0.425057
rare_earth_complex_v2,miner,11,13,10731056.9,246935.3327,15715.9097,3360.0,198237.6981,54.1323,170614.4017,220507.8449,43.6362,0.398007
rare_earth_complex_v2,miner,11,14,11666091.14,271628.8381,16187.3859,3360.0,219310.8634,53.1943,189661.9916,244509.3272,44.3708,0.37268
rare_earth_complex_v2,miner,11,15,12713329.49,298791.7498,16673.0138,3360.0,242520.1004,52.4218,210663.8792,270959.4444,45.1216,0.348964
rare_earth_complex_v2,miner,11,16,13886236.44,328670.9039,17173.2051,3360.0,268079.798,51.7989,233816.9155,300104.428,45.8889,0.326757
rare_earth_complex_v2,miner,11,17,15199892.22,361537.9943,17688.3941,3360.0,296225.9522,51.3118,259337.8043,332215.3346,46.6727,0.305963
rare_earth_complex_v2,miner,11,18,16671186.7,397691.8007,18219.0485,3360.0,327218.0944,50.9482,287464.8678,367590.2574,47.4731,0.286493
rare_earth_complex_v2,miner,11,19,18319036.51,437461.0434,18765.6247,3360.0,361341.8143,50.6973,318460.3977,406557.2468,48.2905,0.268262
rare_earth_complex_v2,miner,11,20,20680984.7,575042.5171,18903.3655,3360.0,480917.8619,43.0032,428318.9654,543936.5474,19.7527,0.205577
rare_earth_complex_v2,miner,11,21,22748047.51,632546.7827,19470.462,3360.0,530453.199,42.8842,473471.7332,600608.4405,41.7291,0.192495
rare_earth_complex_v2,miner,11,22,25063157.85,695801.461,20054.5715,3360.0,584976.5938,42.8447,523199.3115,663005.7749,42.4609,0.180245
rare_earth_complex_v2,miner,11,23,27656081.43,765381.5514,20656.2173,3360.0,644987.8406,42.8785,577960.9151,731702.7819,43.2073,0.168775
rare_earth_complex_v2,miner,11,24,30560155.84,841919.7065,21275.9005,3360.0,711036.9112,42.9797,638261.9144,807331.3789,43.9684,0.158035
rare_earth_complex_v2,miner,11,25,33812719.18,926111.7329,21914.1778,3360.0,783728.6729,43.1434,704658.1196,890586.5551,44.7446,0.147978
rare_earth_complex_v2,miner,11,26,37455590.12,1018722.8574,22571.6058,3360.0,863728.3889,43.365,777760.8773,982232.7204,45.536,0.138561
rare_earth_complex_v2,miner,11,27,41535605.58,1120595.1779,23248.7524,3360.0,951768.1902,43.6405,858243.0138,1083111.1391,46.3429,0.129744
rare_earth_complex_v2,miner,11,28,46105222.89,1232654.6957,23946.2077,3360.0,1048653.1846,43.9661,946844.445,1194146.9464,47.1654,0.121487
rare_earth_complex_v2,miner,11,29,51223194.28,1355920.1584,24664.5953,3360.0,1155269.1399,44.3388,1044379.2338,1316357.9745,48.0038,0.113756
rare_earth_complex_v2,miner,11,30,62582376.5,1879305.3288,24515.3752,3360.0,1610744.0596,38.8531,1463311.2002,1839962.1671,24.9392,0.081579
rare_earth_complex_v2,miner,11,31,69002359.81,2067235.8129,25250.8426,3360.0,1773603.7242,38.9052,1612552.3865,2026813.1474,39.4203,0.076387
rare_earth_complex_v2,miner,11,32,76192741.12,2273959.4081,26008.3667,3360.0,1952794.206,39.0173,1776794.9764,2232424.8643,40.127,0.071526
rare_earth_complex_v2,miner,11,33,84245968.19,2501355.342,26788.6157,3360.0,2149949.8518,39.1851,1957541.35,2458675.5648,40.8471,0.066975
rare_earth_complex_v2,miner,11,34,93265582.5,2751490.911,27592.2687,3360.0,2366868.6187,39.4046,2156444.3257,2707631.5485,41.5806,0.062713
rare_earth_complex_v2,miner,11,35,103367550.53,3026640.0021,28420.0384,3360.0,2605528.1684,39.6724,2375321.9441,2981565.6564,42.3279,0.058722
rare_earth_complex_v2,miner,11,36,114681754.73,3329303.9814,29272.6483,3360.0,2868104.0598,39.9852,2616174.2127,3282978.1925,43.0893,0.054985
rare_earth_complex_v2,miner,11,37,127353663.43,3662234.3934,30150.8223,3360.0,3156989.5069,40.3402,2881201.2813,3614619.6389,43.8648,0.051486
rare_earth_complex_v2,miner,11,38,141546201.17,4028457.8189,31055.3509,3360.0,3474816.9472,40.7349,3172823.2288,3979515.4159,44.6549,0.048209
rare_earth_complex_v2,miner,11,39,157441843.44,4431303.6565,31987.0134,3360.0,3824482.2795,41.1668,3493702.4051,4380993.7785,45.4596,0.045142
rare_earth_complex_v2,miner,11,40,198640372.23,6458625.0493,31398.1273,3360.0,5588764.2222,35.5428,5116442.8485,6409179.5262,23.3514,0.030402
rare_earth_complex_v2,miner,11,41,218579865.9,7104487.5473,32340.0667,3360.0,6149845.1081,35.5423,5631719.9378,7053659.465,35.5376,0.028467
rare_earth_complex_v2,miner,11,42,240912098.81,7814936.316,33310.2757,3360.0,6767091.455,35.6005,6198623.6392,7762684.1809,36.1804,0.026656
rare_earth_complex_v2,miner,11,43,265924199.66,8596429.8988,34309.5783,3360.0,7446121.4789,35.7131,6822319.5516,8542711.008,36.835,0.024959
rare_earth_complex_v2,miner,11,44,293937752.62,9456072.9305,35338.8652,3360.0,8193115.4368,35.8762,7508490.0466,9400843.2736,37.5017,0.023371
rare_earth_complex_v2,miner,11,45,325312931.93,10401680.1957,36399.0383,3360.0,9014871.4069,36.0863,8263385.5991,10344894.4387,38.1807,0.021884
rare_earth_complex_v2,miner,11,46,360453132.76,11441848.2083,37491.0105,3360.0,9918867.562,36.3401,9093882.0508,11383459.6769,38.8721,0.020491
rare_earth_complex_v2,miner,11,47,399810157.69,12586033.057,38615.7395,3360.0,10913329.8662,36.635,10007542.8363,12525993.6716,39.5762,0.019187
rare_earth_complex_v2,miner,11,48,443890025.61,13844636.3279,39774.205,3360.0,12007306.8469,36.9683,11012687.7547,13782896.5707,40.2932,0.017966
rare_earth_complex_v2,miner,11,49,493259477.68,15229100.0094,40967.4314,3360.0,13210752.1428,37.3377,12118468.8604,15165608.8592,41.0234,0.016823
rare_earth_complex_v2,miner,11,50,640188712.18,23285293.8689,39664.6671,3360.0,20220774.2055,31.66,18565378.0945,23223714.8893,20.9599,0.010653
uranium_complex_v2,miner,12,1,7558062.4,90884.7,13380.0,5250.0,62861.589,120.2334,47387.76,66004.7,,1.0
uranium_complex_v2,miner,12,2,7933062.4,99973.17,13781.4,5250.0,70419.3399,112.6546,54056.436,74504.27,49.6179,0.936364
uranium_complex_v2,miner,12,3,8353062.4,109970.487,14194.842,5250.0,78757.3112,106.0608,61434.1266,83895.02,50.372,0.876777
uranium_complex_v2,miner,12,4,8823462.4,120967.5357,14620.6873,5250.0,87954.2581,100.3188,69592.9977,94267.3047,51.1474,0.820982
uranium_complex_v2,miner,12,5,9350310.4,133064.2893,15059.3104,5250.0,98096.8316,95.3171,78612.4658,105720.5476,51.9442,0.768738
uranium_complex_v2,miner,12,6,9940380.16,146370.7182,15511.0861,5250.0,109280.3799,90.9622,88579.9454,118364.1696,52.7623,0.719818
uranium_complex_v2,miner,12,7,10601258.29,161007.79,15976.4158,5250.0,121609.7956,87.1744,99591.6084,132318.5493,53.6017,0.674011
uranium_complex_v2,miner,12,8,11341441.8,177108.5599,16455.7141,5250.0,135200.4759,83.8861,111753.2768,147716.1333,54.4626,0.63112
uranium_complex_v2,miner,12,9,12170447.33,194819.4432,16949.3826,5250.0,150179.4527,81.0394,125181.4807,164702.7481,55.3446,0.590958
uranium_complex_v2,miner,12,10,13258561.59,242160.5563,17283.2805,5250.0,191075.73,69.389,162553.5243,211553.9946,26.6067,0.484794
uranium_complex_v2,miner,12,11,14298466.12,266376.6029,17801.7823,5250.0,211692.5939,67.5435,181148.6089,235009.3394,50.4395,0.453944
uranium_complex_v2,miner,12,12,15463159.2,293014.2723,18335.845,5250.0,234402.7318,65.9683,201657.6504,260863.4773,51.2852,0.425057
uranium_complex_v2,miner,12,13,16767615.45,322315.6813,18885.9101,5250.0,259416.4009,64.6359,224273.6798,289357.8774,52.1497,0.398007
uranium_complex_v2,miner,12,14,18228606.45,354547.2131,19452.4862,5250.0,286964.9124,63.5221,249209.0411,320758.1769,53.0334,0.37268
uranium_complex_v2,miner,12,15,19864916.37,390001.9708,20036.0683,5250.0,317302.8351,62.6055,276697.4741,355356.7524,53.9361,0.348964
uranium_complex_v2,miner,12,16,21697583.48,429002.1406,20637.1514,5250.0,350710.0405,61.8676,306995.9853,393475.0641,54.8584,0.326757
uranium_complex_v2,miner,12,17,23750170.64,471902.3546,21256.2574,5250.0,387494.6046,61.2916,340387.4976,435466.9784,55.8002,0.305963
uranium_complex_v2,miner,12,18,26049068.26,519092.5992,21893.9482,5250.0,427995.3263,60.863,377183.157,481721.6572,56.7619,0.286493
uranium_complex_v2,miner,12,19,28623833.59,571001.9409,22550.7724,5250.0,472585.0166,60.5686,417725.3941,532667.3622,57.7435,0.268262
uranium_complex_v2,miner,12,20,32298394.56,750582.0193,22716.2964,5250.0,628675.679,51.3753,561141.1709,712004.5979,23.5412,0.205577
uranium_complex_v2,miner,12,21,35528180.19,825640.2395,23397.7799,5250.0,693383.4398,51.2389,620165.5217,786063.0033,49.9134,0.192495
uranium_complex_v2,miner,12,22,39145540.1,908204.2634,24099.7081,5250.0,764603.4631,51.1972,685163.8485,867597.2178,50.7913,0.180245
uranium_complex_v2,miner,12,23,43196983.2,999024.617,24822.7098,5250.0,842988.1593,51.2427,756735.6289,957356.8447,51.6867,0.168775
uranium_complex_v2,miner,12,24,47734599.47,1098927.0787,25567.3871,5250.0,929255.4317,51.3687,835540.5824,1056166.7792,52.5995,0.158035
uranium_complex_v2,miner,12,25,52816729.69,1208819.8593,26334.409,5250.0,1024194.8418,51.569,922304.274,1164934.2504,53.5302,0.147978
uranium_complex_v2,miner,12,26,58508715.54,1329701.7816,27124.4444,5250.0,1128674.7834,51.8384,1017824.7586,1284657.0997,54.4792,0.138561
uranium_complex_v2,miner,12,27,64883739.69,1462672.0052,27938.1759,5250.0,1243650.9315,52.172,1122980.3403,1416433.4856,55.4465,0.129744
uranium_complex_v2,miner,12,28,72023766.74,1608939.2058,28776.3125,5250.0,1370174.2172,52.5654,1238736.8959,1561471.0433,56.4325,0.121487
uranium_complex_v2,miner,12,29,80020597.04,1769833.1172,29639.6035,5250.0,1509400.857,53.0148,1366157.0886,1721098.4075,57.4375,0.113756
uranium_complex_v2,miner,12,30,97580217.6,2452988.6865,29460.2847,5250.0,2103902.2096,46.3806,1912950.5222,2404517.0581,29.5367,0.081579
uranium_complex_v2,miner,12,31,107611441.52,2698287.4915,30344.1006,5250.0,2316543.2501,46.4535,2107863.8423,2648519.2034,47.1744,0.076387
uranium_complex_v2,miner,12,32,118846412.32,2968116.2589,31254.4223,5250.0,2550502.2978,46.5973,2322361.3737,2917012.4241,48.0211,0.071526
uranium_complex_v2,miner,12,33,131429579.61,3264927.8757,32192.0525,5250.0,2807912.6661,46.8069,2558404.2217,3212448.4294,48.8837,0.066975
uranium_complex_v2,miner,12,34,145522726.98,3591420.7087,33157.8076,5250.0,3091121.224,47.0777,2818149.8556,3537524.3886,49.7624,0.062713
uranium_complex_v2,miner,12,35,161307052.03,3950562.7795,34152.5437,5250.0,3402709.4052,47.4055,3103971.4081,3895207.0671,50.6577,0.058722
uranium_complex_v2,miner,12,36,178985496.09,4345619.0302,35177.1305,5250.0,3745516.9527,47.7866,3418479.5284,4288760.1309,51.5696,0.054985
uranium_complex_v2,miner,12,37,198785353.43,4780180.9514,36232.4379,5250.0,4122667.7068,48.2177,3764546.1043,4721773.7948,52.4985,0.051486
uranium_complex_v2,miner,12,38,220961193.65,5258199.0284,37319.4157,5250.0,4537597.763,48.6956,4145330.0991,5198197.1502,53.4448,0.048209
uranium_complex_v2,miner,12,39,245798134.7,5784019.004,38439.0006,5250.0,4994087.1029,49.2178,4564306.7023,5722374.5659,54.4086,0.045142
uranium_complex_v2,miner,12,40,310052294.94,8430207.6592,37731.3324,5250.0,7296886.9043,42.491,6682319.1287,8369601.4518,27.9026,0.030402
uranium_complex_v2,miner,12,41,341207753.79,9273228.416,38863.267,5250.0,8029330.1796,42.4952,7355037.8323,9210961.5302,42.5363,0.028467
uranium_complex_v2,miner,12,42,376101867.71,10200551.2758,40029.1735,5250.0,8835086.729,42.5691,8095147.2604,10136573.8711,43.306,0.026656
uranium_complex_v2,miner,12,43,415183275.3,11220606.3398,41230.0418,5250.0,9721489.8792,42.7078,8909390.009,11154867.1229,44.0899,0.024959
uranium_complex_v2,miner,12,44,458954451.8,12342667.0283,42466.9426,5250.0,10696606.5746,42.9065,9805183.2088,12275113.1357,44.8881,0.023371
uranium_complex_v2,miner,12,45,507978169.48,13576933.6947,43740.9594,5250.0,11769310.1797,43.1613,10790685.5167,13507510.6728,45.7011,0.021884
uranium_complex_v2,miner,12,46,562884733.28,14934627.0551,45053.1895,5250.0,12949361.7631,43.4681,11874871.8598,14863278.8406,46.529,0.020491
uranium_complex_v2,miner,12,47,624380084.73,16428089.797,46404.7836,5250.0,14247498.4616,43.8238,13067614.6622,16354758.6384,47.372,0.019187
uranium_complex_v2,miner,12,48,693254878.36,18070898.7312,47796.9191,5250.0,15675531.0766,44.2253,14379773.6064,17995525.1497,48.2305,0.017966
uranium_complex_v2,miner,12,49,770394647.22,19877988.668,49230.8269,5250.0,17246451.8217,44.6697,15823294.694,19800511.3786,49.1048,0.016823
uranium_complex_v2,miner,12,50,999782609.9,30393444.614,47665.2866,5250.0,26396260.5148,37.8759,24238007.7612,30318264.1524,25.0702,0.010653
grain_farm_v2,agrarian,1,1,10000.0,2425.876,488.4667,8.0,1678.5861,5.9574,1200.0008,1686.076,,1.0
grain_farm_v2,agrarian,1,2,10500.0,2668.4636,503.1207,8.0,1876.8884,5.5944,1372.0899,1906.7096,2.5214,0.936364
grain_farm_v2,agrarian,1,3,11060.0,2935.31,518.2143,8.0,2095.9132,5.2769,1562.9265,2150.9433,2.5568,0.876777
grain_farm_v2,agrarian,1,4,11687.2,3228.841,533.7607,8.0,2337.7598,4.9993,1774.4317,2421.1833,2.5934,0.820982
grain_farm_v2,agrarian,1,5,12389.66,3551.7251,549.7736,8.0,2604.7377,4.7566,2008.7196,2720.0776,2.6312,0.768738
grain_farm_v2,agrarian,1,6,13176.42,3906.8976,566.2667,8.0,2899.3888,4.5446,2268.118,3050.5408,2.6701,0.719818
grain_farm_v2,agrarian,1,7,14057.59,4297.5873,583.2546,8.0,3224.5095,4.3596,2555.1879,3415.7801,2.7103,0.674011
grain_farm_v2,agrarian,1,8,15044.5,4727.3458,600.7525,8.0,3583.1762,4.1986,2872.748,3819.324,2.7516,0.63112
grain_farm_v2,agrarian,1,9,16149.84,5200.0811,618.7749,8.0,3978.7764,4.059,3223.9025,4265.0588,2.7941,0.590958
grain_farm_v2,agrarian,1,10,20186.14,6463.7005,630.9646,8.0,5067.5202,3.9834,4216.5135,5510.4162,3.7073,0.484794
grain_farm_v2,agrarian,1,11,21572.68,7110.0703,649.8937,8.0,5613.3937,3.8431,4705.2158,6128.4273,2.54,0.453944
grain_farm_v2,agrarian,1,12,23125.6,7821.0776,669.3908,8.0,6215.0075,3.7209,5244.7759,6810.2247,2.5813,0.425057
grain_farm_v2,agrarian,1,13,24864.87,8603.1849,689.4722,8.0,6877.9701,3.6151,5840.3396,7562.247,2.6235,0.398007
grain_farm_v2,agrarian,1,14,26812.86,9463.5024,710.1563,8.0,7608.4511,3.5241,6497.5675,8391.5764,2.6667,0.37268
grain_farm_v2,agrarian,1,15,28994.61,10409.8536,731.4612,8.0,8413.2413,3.4463,7222.691,9306.0094,2.711,0.348964
grain_farm_v2,agrarian,1,16,31438.17,11450.8382,753.4051,8.0,9299.8068,3.3805,8022.5629,10314.1187,2.7562,0.326757
grain_farm_v2,agrarian,1,17,34174.95,12595.922,776.007,8.0,10276.3661,3.3256,8904.7272,11425.3414,2.8025,0.305963
grain_farm_v2,agrarian,1,18,37240.15,13855.5145,799.2873,8.0,11351.9577,3.2805,9877.4807,12650.0562,2.8498,0.286493
grain_farm_v2,agrarian,1,19,40673.17,15241.0681,823.2661,8.0,12536.5277,3.2444,10949.9553,13999.6858,2.8981,0.268262
grain_farm_v2,agrarian,1,20,53165.4,20034.3832,829.3089,8.0,16701.4546,3.1833,14775.5432,18783.9478,2.9994,0.205577
grain_farm_v2,agrarian,1,21,57471.78,22037.822,854.188,8.0,18422.8016,3.1196,16340.9756,20750.1138,2.5018,0.192495
grain_farm_v2,agrarian,1,22,62294.93,24241.6042,879.8135,8.0,20317.7979,3.066,18065.5632,22915.5051,2.5452,0.180245
grain_farm_v2,agrarian,1,23,67696.85,26665.7627,906.2082,8.0,22403.8524,3.0217,19965.2978,25300.12,2.5895,0.168775
grain_farm_v2,agrarian,1,24,73747.01,29332.339,933.3943,8.0,24700.1218,2.9857,22057.7796,27925.9672,2.6348,0.158035
grain_farm_v2,agrarian,1,25,80523.18,32265.5748,961.3962,8.0,27227.6754,2.9574,24362.3656,30817.2519,2.6809,0.147978
grain_farm_v2,agrarian,1,26,88112.49,35492.1306,990.2382,8.0,30009.6864,2.9361,26900.3472,34000.5978,2.728,0.138561
grain_farm_v2,agrarian,1,27,96612.52,39041.3448,1019.9453,8.0,33071.6576,2.9213,29695.158,37505.3062,2.776,0.129744
grain_farm_v2,agrarian,1,28,106132.56,42945.4793,1050.5433,8.0,36441.6343,2.9124,32772.5685,41363.6,2.825,0.121487
grain_farm_v2,agrarian,1,29,116795.0,47240.027,1082.0597,8.0,40150.4716,2.9089,36160.9321,45610.9312,2.8749,0.113756
grain_farm_v2,agrarian,1,30,161408.61,65474.6771,1075.5132,8.0,56020.3125,2.8813,50758.4718,63855.3889,2.8112,0.081579
grain_farm_v2,agrarian,1,31,174783.58,72022.1431,1107.7789,8.0,61688.5368,2.8333,55948.0461,70354.5158,2.3596,0.076387
grain_farm_v2,agrarian,1,32,189763.54,79224.3579,1141.0122,8.0,67925.5507,2.7937,61659.968,77506.9419,2.4018,0.071526
grain_farm_v2,agrarian,1,33,206541.1,87146.7934,1175.2425,8.0,74788.2893,2.7617,67946.571,85378.0951,2.4447,0.066975
grain_farm_v2,agrarian,1,34,225331.96,95861.474,1210.4995,8.0,82339.3878,2.7366,74865.4299,94039.955,2.4885,0.062713
grain_farm_v2,agrarian,1,35,246377.73,105447.6214,1246.8146,8.0,90647.7419,2.718,82479.8752,103571.6967,2.5331,0.058722
grain_farm_v2,agrarian,1,36,269948.99,115992.3828,1284.2194,8.0,99789.1421,2.7052,90859.5771,114060.4198,2.5785,0.054985
grain_farm_v2,agrarian,1,37,296348.8,127591.6215,1322.7458,8.0,109846.9619,2.6978,100081.1786,125601.9401,2.6248,0.051486
grain_farm_v2,agrarian,1,38,325916.59,140350.7832,1362.4283,8.0,120912.9088,2.6955,110228.9841,138301.651,2.672,0.048209
grain_farm_v2,agrarian,1,39,359032.51,154385.8635,1403.3012,8.0,133087.8691,2.6977,121395.7389,152275.4972,2.72,0.045142
grain_farm_v2,agrarian,1,40,466246.15,225017.395,1377.4662,8.0,194559.778,2.3964,177939.7166,222945.7336,1.7441,0.030402
grain_farm_v2,agrarian,1,41,507786.76,247519.1342,1418.79,8.0,214100.3394,2.3717,195879.1223,245385.5633,2.1259,0.028467
grain_farm_v2,agrarian,1,42,554312.25,272271.0481,1461.354,8.0,235597.4739,2.3528,215616.8074,270073.7096,2.1643,0.026656
grain_farm_v2,agrarian,1,43,606420.79,299498.1512,1505.1944,8.0,259246.9124,2.3392,237332.7294,297235.1329,2.2034,0.024959
grain_farm_v2,agrarian,1,44,664782.36,329447.9678,1550.3502,8.0,285263.9673,2.3304,261224.8489,327117.299,2.2432,0.023371
grain_farm_v2,agrarian,1,45,730147.32,362392.7636,1596.861,8.0,313885.4752,2.3262,287510.9193,359992.4143,2.2838,0.021884
grain_farm_v2,agrarian,1,46,803356.07,398632.0397,1644.7669,8.0,345371.9674,2.3261,316430.4814,396159.9199,2.3251,0.020491
grain_farm_v2,agrarian,1,47,885349.87,438495.2447,1694.1099,8.0,380010.0273,2.3298,348247.031,435949.2013,2.3672,0.019187
grain_farm_v2,agrarian,1,48,977182.93,482344.7679,1744.9329,8.0,418114.8965,2.3371,383250.4151,479722.5837,2.41,0.017966
grain_farm_v2,agrarian,1,49,1080035.96,530579.2464,1797.2809,8.0,460033.35,2.3477,421759.4759,527878.6366,2.4536,0.016823
grain_farm_v2,agrarian,1,50,1441347.15,811255.6662,1740.1273,8.0,704271.5588,2.0466,646386.342,808640.6814,1.4793,0.010653
dairy_farm_v2,agrarian,2,1,26493.55,4460.2975,903.3333,17.5,3079.3338,8.6037,2195.738,3207.7975,,1.0
dairy_farm_v2,agrarian,2,2,27743.55,4906.3273,930.4333,17.5,3443.8027,8.0561,2511.9118,3616.7773,3.4296,0.936364
dairy_farm_v2,agrarian,2,3,29143.55,5396.96,958.3463,17.5,3846.3689,7.5769,2862.5485,4069.2485,3.4777,0.876777
dairy_farm_v2,agrarian,2,4,30711.55,5936.656,987.0967,17.5,4290.8915,7.1574,3251.1797,4569.6381,3.5274,0.820982
dairy_farm_v2,agrarian,2,5,32467.71,6530.3216,1016.7098,17.5,4781.6172,6.7901,3681.6926,5122.818,3.5787,0.768738
dairy_farm_v2,agrarian,2,6,34434.61,7183.3537,1047.2108,17.5,5323.2193,6.4688,4158.3667,5734.1503,3.6316,0.719818
dairy_farm_v2,agrarian,2,7,36637.54,7901.6891,1078.627,17.5,5920.839,6.1879,4685.9108,6409.5349,3.6862,0.674011
dairy_farm_v2,agrarian,2,8,39104.82,8691.8576,1110.9862,17.5,6580.1331,5.9429,5269.5068,7155.4632,3.7423,0.63112
dairy_farm_v2,agrarian,2,9,41868.17,9561.0447,1144.3156,17.5,7307.3293,5.7296,5914.8624,7979.0837,3.8,0.590958
dairy_farm_v2,agrarian,2,10,46598.92,11884.3779,1166.8582,17.5,9309.0171,5.0058,7739.715,10271.5976,2.3634,0.484794
dairy_farm_v2,agrarian,2,11,50065.27,13072.8153,1201.8642,17.5,10312.5024,4.8548,8637.9559,11412.1762,3.4543,0.453944
dairy_farm_v2,agrarian,2,12,53947.58,14380.0973,1237.9208,17.5,11418.4685,4.7246,9629.6967,12670.1631,3.5103,0.425057
dairy_farm_v2,agrarian,2,13,58295.77,15818.1061,1275.0577,17.5,12637.2271,4.613,10724.3983,14057.3999,3.5677,0.398007
dairy_farm_v2,agrarian,2,14,63165.74,17399.9149,1313.3094,17.5,13980.1218,4.5183,11932.4679,15586.9126,3.6265,0.37268
dairy_farm_v2,agrarian,2,15,68620.11,19139.9082,1352.7091,17.5,15459.6382,4.4387,13265.3628,17273.0402,3.6866,0.348964
dairy_farm_v2,agrarian,2,16,74729.0,21053.8977,1393.2905,17.5,17089.5033,4.3728,14735.6824,19131.5485,3.7481,0.326757
dairy_farm_v2,agrarian,2,17,81570.96,23159.2875,1435.0886,17.5,18884.828,4.3194,16357.297,21179.7936,3.811,0.305963
dairy_farm_v2,agrarian,2,18,89233.95,25475.2166,1478.1415,17.5,20862.2304,4.2773,18145.4611,23436.8627,3.8753,0.286493
dairy_farm_v2,agrarian,2,19,97816.5,28022.7423,1522.4861,17.5,23039.9979,4.2455,20116.9647,25923.7622,3.941,0.268262
dairy_farm_v2,agrarian,2,20,113353.23,36835.8932,1533.6613,17.5,30697.7168,3.6926,27150.7227,34721.6349,2.0289,0.205577
dairy_farm_v2,agrarian,2,21,124119.18,40519.4834,1579.6707,17.5,33862.412,3.6654,30028.5806,38342.3229,3.4019,0.192495
dairy_farm_v2,agrarian,2,22,136177.05,44571.4318,1627.0605,17.5,37346.378,3.6463,33199.0547,42329.4819,3.461,0.180245
dairy_farm_v2,agrarian,2,23,149681.86,49028.5714,1675.873,17.5,41181.6226,3.6347,36691.5476,46719.887,3.5212,0.168775
dairy_farm_v2,agrarian,2,24,164807.25,53931.4285,1726.149,17.5,45403.3682,3.6298,40538.4194,51554.009,3.5827,0.158035
dairy_farm_v2,agrarian,2,25,181747.68,59324.5749,1777.9334,17.5,50050.3531,3.6313,44775.2598,56876.3578,3.6455,0.147978
dairy_farm_v2,agrarian,2,26,200720.97,65257.0293,1831.2717,17.5,55165.1842,3.6385,49441.216,62735.8904,3.7095,0.138561
dairy_farm_v2,agrarian,2,27,221971.05,71782.7345,1886.2097,17.5,60794.7516,3.6512,54579.3731,69186.4866,3.7747,0.129744
dairy_farm_v2,agrarian,2,28,245771.14,78961.0079,1942.7954,17.5,66990.6199,3.6687,60237.1133,76287.3984,3.8413,0.121487
dairy_farm_v2,agrarian,2,29,272427.24,86857.1083,2001.0794,17.5,73809.5202,3.6909,66466.5676,84103.8153,3.9091,0.113756
dairy_farm_v2,agrarian,2,30,363649.61,120383.9514,1988.9729,17.5,102988.4063,3.531,93306.2018,117647.2099,3.1263,0.081579
dairy_farm_v2,agrarian,2,31,397087.02,132422.3434,2048.6426,17.5,113409.8947,3.5013,102847.4109,129604.0239,3.2085,0.076387
dairy_farm_v2,agrarian,2,32,434536.92,145664.5786,2110.1018,17.5,124877.1699,3.4797,113349.0103,142762.2347,3.2658,0.071526
dairy_farm_v2,agrarian,2,33,476480.81,160231.036,2173.4046,17.5,137494.9143,3.4654,124907.2219,157242.147,3.3242,0.066975
dairy_farm_v2,agrarian,2,34,523457.97,176254.1419,2238.6063,17.5,151378.2909,3.4579,137627.904,173176.1118,3.3837,0.062713
dairy_farm_v2,agrarian,2,35,576072.39,193879.5561,2305.7647,17.5,166653.9735,3.4567,151627.4979,190709.7099,3.4443,0.058722
dairy_farm_v2,agrarian,2,36,635000.54,213267.5103,2374.9383,17.5,183461.3127,3.4612,167034.1008,210003.0928,3.5061,0.054985
dairy_farm_v2,agrarian,2,37,701000.06,234594.2623,2446.186,17.5,201953.6013,3.4711,183988.6308,231232.4378,3.569,0.051486
dairy_farm_v2,agrarian,2,38,774919.53,258053.6876,2519.5719,17.5,222299.4556,3.4859,202646.0922,254591.533,3.6331,0.048209
dairy_farm_v2,agrarian,2,39,857709.33,283859.0599,2595.1592,17.5,244684.3686,3.5054,223177.0091,280293.5655,3.6985,0.045142
dairy_farm_v2,agrarian,2,40,1093826.2,413724.5779,2547.3819,17.5,357708.9355,3.0579,327141.0894,410224.4026,2.0891,0.030402
dairy_farm_v2,agrarian,2,41,1197677.73,455097.0353,2623.803,17.5,393636.487,3.0426,360124.4237,451492.3802,2.8906,0.028467
dairy_farm_v2,agrarian,2,42,1313991.44,500606.7397,2702.5177,17.5,433161.4481,3.0335,396414.1152,496894.4692,2.9428,0.026656
dairy_farm_v2,agrarian,2,43,1444262.8,550667.4105,2783.5928,17.5,476643.6965,3.0301,436341.0393,546844.2975,2.996,0.024959
dairy_farm_v2,agrarian,2,44,1590166.72,605734.1543,2867.1005,17.5,524479.1118,3.0319,480269.1726,601796.8729,3.0501,0.023371
dairy_farm_v2,agrarian,2,45,1753579.11,666307.5679,2953.1141,17.5,577103.1498,3.0386,528598.8832,662252.6923,3.1053,0.021884
dairy_farm_v2,agrarian,2,46,1936600.99,732938.3242,3041.7076,17.5,634994.8315,3.0498,581770.598,728762.3273,3.1615,0.020491
dairy_farm_v2,agrarian,2,47,2141585.49,806232.1585,3132.9587,17.5,698681.0788,3.0652,640268.7887,801931.4068,3.2187,0.019187
dairy_farm_v2,agrarian,2,48,2371168.14,886855.3721,3226.947,17.5,768741.5048,3.0845,704626.3772,882426.1236,3.2769,0.017966
dairy_farm_v2,agrarian,2,49,2628300.7,975540.9124,3323.7554,17.5,845813.7016,3.1074,775429.5968,970979.3114,3.3363,0.016823
dairy_farm_v2,agrarian,2,50,3464241.95,1491602.0521,3218.06,17.5,1294878.8482,2.6753,1188437.0518,1487184.9536,1.8615,0.010653
poultry_farm_v2,agrarian,3,1,50509.2,5433.4845,1050.0,33.6,3784.3995,13.3467,2738.1876,3974.8845,,1.0
poultry_farm_v2,agrarian,3,2,52909.2,5976.8329,1081.5,33.6,4229.7077,12.5089,3125.6164,4475.4829,5.3895,0.936364
poultry_farm_v2,agrarian,3,3,55597.2,6574.5162,1113.945,33.6,4721.465,11.7754,3555.0955,5029.1337,5.4661,0.876777
poultry_farm_v2,agrarian,3,4,58607.76,7231.9679,1147.3634,33.6,5264.3739,11.1329,4030.9293,5641.2319,5.5452,0.820982
poultry_farm_v2,agrarian,3,5,61979.59,7955.1647,1181.7845,33.6,5863.6088,10.5702,4557.8551,6317.7143,5.6269,0.768738
poultry_farm_v2,agrarian,3,6,65756.04,8750.6811,1217.2377,33.6,6524.8638,10.0778,5141.0883,7065.1157,5.711,0.719818
poultry_farm_v2,agrarian,3,7,69985.66,9625.7492,1253.7546,33.6,7254.4033,9.6473,5786.3675,7890.6251,5.7977,0.674011
poultry_farm_v2,agrarian,3,8,74722.83,10588.3236,1291.3677,33.6,8059.1196,9.2718,6500.0073,8802.1532,5.8868,0.63112
poultry_farm_v2,agrarian,3,9,80028.47,11647.1576,1330.1085,33.6,8946.6007,8.9451,7288.9633,9808.4104,5.9783,0.590958
poultry_farm_v2,agrarian,3,10,92769.35,14477.4162,1356.3113,33.6,11386.1293,8.1476,9513.8661,12603.1081,5.2227,0.484794
poultry_farm_v2,agrarian,3,11,99424.74,15925.1573,1397.0008,33.6,12610.2641,7.8844,10611.0246,13995.6276,5.4368,0.453944
poultry_farm_v2,agrarian,3,12,106878.78,17517.6736,1438.9116,33.6,13959.2909,7.6565,11822.1715,15531.265,5.5255,0.425057
poultry_farm_v2,agrarian,3,13,115227.3,19269.4398,1482.0781,33.6,15445.7727,7.4601,13158.8346,17224.4481,5.6163,0.398007
poultry_farm_v2,agrarian,3,14,124577.64,21196.3816,1526.5404,33.6,17083.5299,7.2923,14633.6947,19091.0482,5.7092,0.37268
poultry_farm_v2,agrarian,3,15,135050.02,23316.022,1572.3372,33.6,18887.7738,7.1501,16260.7118,21148.5358,5.8043,0.348964
poultry_farm_v2,agrarian,3,16,146779.09,25647.6226,1619.5074,33.6,20875.2282,7.0313,18055.2369,23416.1197,5.9016,0.326757
poultry_farm_v2,agrarian,3,17,159915.65,28212.3848,1668.0919,33.6,23064.3028,6.9335,20034.1699,25914.9457,6.001,0.305963
poultry_farm_v2,agrarian,3,18,174628.59,31033.6238,1718.135,33.6,25475.2433,6.8548,22216.0966,28668.2693,6.1026,0.286493
poultry_farm_v2,agrarian,3,19,191107.09,34136.9911,1769.6795,33.6,28130.3291,6.7936,24621.4737,31701.6833,6.2064,0.268262
poultry_farm_v2,agrarian,3,20,233590.99,44873.0729,1782.669,33.6,37459.4194,6.2358,33190.8548,42420.1364,4.5539,0.205577
poultry_farm_v2,agrarian,3,21,254261.62,49360.3813,1836.1487,33.6,41316.8504,6.1539,36700.482,46834.8652,5.3587,0.192495
poultry_farm_v2,agrarian,3,22,277412.72,54296.4194,1891.2327,33.6,45563.2804,6.0885,40566.6865,51696.1464,5.4519,0.180245
poultry_farm_v2,agrarian,3,23,303341.96,59726.057,1947.9705,33.6,50237.7032,6.0381,44825.2898,57048.7827,5.547,0.168775
poultry_farm_v2,agrarian,3,24,332382.7,65698.6627,2006.4093,33.6,55383.0284,6.0015,49515.7162,62942.0786,5.6441,0.158035
poultry_farm_v2,agrarian,3,25,364908.33,72268.5333,2066.6016,33.6,61046.4486,5.9776,54681.3242,69430.2597,5.7431,0.147978
poultry_farm_v2,agrarian,3,26,401337.04,79495.3828,2128.5999,33.6,67279.8692,5.9652,60369.8064,76572.9687,5.8441,0.138561
poultry_farm_v2,agrarian,3,27,442137.19,87444.9238,2192.4578,33.6,74140.4135,5.9635,66633.6524,84435.8455,5.9471,0.129744
poultry_farm_v2,agrarian,3,28,487833.36,96189.4162,2258.2308,33.6,81690.8993,5.9717,73530.5868,93091.0744,6.0521,0.121487
poultry_farm_v2,agrarian,3,29,539013.07,105808.3573,2325.9778,33.6,90000.4381,5.989,81124.1191,102618.0731,6.1592,0.113756
poultry_farm_v2,agrarian,3,30,694676.27,146650.3824,2311.9057,33.6,125545.2427,5.5333,113818.8473,143479.196,4.3794,0.081579
poultry_farm_v2,agrarian,3,31,758876.1,161315.4168,2381.2635,33.6,138243.4814,5.4894,125446.8382,158050.1021,5.0558,0.076387
poultry_farm_v2,agrarian,3,32,830779.91,177446.9596,2452.7013,33.6,152215.7727,5.4579,138244.9157,174084.6935,5.1462,0.071526
poultry_farm_v2,agrarian,3,33,911312.18,195191.655,2526.2822,33.6,167589.6424,5.4378,152330.3008,191729.5292,5.2383,0.066975
poultry_farm_v2,agrarian,3,34,1001508.32,214710.8232,2602.0701,33.6,184505.3832,5.4281,167831.9534,211145.8424,5.3321,0.062713
poultry_farm_v2,agrarian,3,35,1102528.0,236181.9055,2680.1323,33.6,203117.3107,5.428,184891.7259,232510.983,5.4277,0.058722
poultry_farm_v2,agrarian,3,36,1215670.04,259800.0944,2760.5372,33.6,223595.1828,5.4369,203665.6698,256020.0512,5.5251,0.054985
poultry_farm_v2,agrarian,3,37,1342389.13,285780.105,2843.3528,33.6,246125.7424,5.4541,224325.4549,281887.6691,5.6243,0.051486
poultry_farm_v2,agrarian,3,38,1484314.51,314358.1144,2928.6537,33.6,270914.3988,5.4789,247059.911,310349.9129,5.7254,0.048209
poultry_farm_v2,agrarian,3,39,1643270.93,345793.9302,3016.5135,33.6,298187.1205,5.5109,272076.7739,341666.4904,5.8284,0.045142
poultry_farm_v2,agrarian,3,40,2130071.22,503994.6509,2960.979,33.6,435870.0625,4.8869,398720.6522,499942.5794,3.5357,0.030402
poultry_farm_v2,agrarian,3,41,2329466.16,554394.1154,3049.808,33.6,479640.3155,4.8567,438906.9804,550221.4904,4.5555,0.028467
poultry_farm_v2,agrarian,3,42,2552788.49,609833.5281,3141.3029,33.6,527793.0039,4.8367,483121.2682,605536.7313,4.6378,0.026656
poultry_farm_v2,agrarian,3,43,2802909.5,670816.8771,3235.5414,33.6,580766.53,4.8262,531766.5896,666392.1852,4.7216,0.024959
poultry_farm_v2,agrarian,3,44,3083045.03,737898.568,3332.6076,33.6,639043.1536,4.8245,585286.343,733342.1434,4.807,0.023371
poultry_farm_v2,agrarian,3,45,3396796.82,811688.4227,3432.5865,33.6,703153.3455,4.8308,644168.2584,806996.3124,4.8939,0.021884
poultry_farm_v2,agrarian,3,46,3748198.83,892857.2644,3535.5642,33.6,773680.6472,4.8446,708948.8652,888025.3987,4.9825,0.020491
poultry_farm_v2,agrarian,3,47,4141769.08,982142.993,3641.631,33.6,851266.9529,4.8654,780218.3479,977167.1795,5.0727,0.019187
poultry_farm_v2,agrarian,3,48,4582567.76,1080357.2896,3750.8793,33.6,936618.345,4.8927,858625.9127,1075233.2105,5.1645,0.017966
poultry_farm_v2,agrarian,3,49,5076262.28,1188393.0224,3863.4057,33.6,1030511.5345,4.926,944885.7093,1183116.2289,5.258,0.016823
poultry_farm_v2,agrarian,3,50,6589986.53,1817052.9276,3740.5494,33.6,1577552.5371,4.1773,1447997.918,1811942.8677,2.7671,0.010653
vegetable_farm_v2,agrarian,4,1,92902.08,6277.671,702.4,59.5,4798.7208,19.3598,3909.0368,5215.771,,1.0
vegetable_farm_v2,agrarian,4,2,97152.08,6905.4381,723.472,59.5,5326.5455,18.2392,4379.6425,5813.4661,8.0519,0.936364
vegetable_farm_v2,agrarian,4,3,101912.08,7595.9819,745.1762,59.5,5908.436,17.2486,4899.5213,6473.0358,8.1802,0.876777
vegetable_farm_v2,agrarian,4,4,107243.28,8355.5801,767.5314,59.5,6549.8373,16.3734,5473.6669,7200.7306,8.3118,0.820982
vegetable_farm_v2,agrarian,4,5,113214.22,9191.1381,790.5575,59.5,7256.7401,15.6013,6107.5742,8003.4279,8.4466,0.768738
vegetable_farm_v2,agrarian,4,6,119901.68,10110.2519,814.2741,59.5,8035.7357,14.9211,6807.2905,8888.6957,8.5847,0.719818
vegetable_farm_v2,agrarian,4,7,127391.63,11121.2771,838.7021,59.5,8894.0752,14.3232,7579.4685,9864.8594,8.7261,0.674011
vegetable_farm_v2,agrarian,4,8,135780.38,12233.4042,863.8635,59.5,9839.7354,13.7992,8431.4281,10941.0785,8.8708,0.63112
vegetable_farm_v2,agrarian,4,9,145175.78,13456.7465,889.7792,59.5,10881.4965,13.3415,9371.2283,12127.4363,9.0188,0.590958
vegetable_farm_v2,agrarian,4,10,163996.82,16726.7351,907.3076,59.5,13711.1369,11.9608,11960.9266,15372.41,6.6514,0.484794
vegetable_farm_v2,agrarian,4,11,175782.4,18399.408,934.527,59.5,15142.6814,11.6084,13258.2358,17006.2378,8.2328,0.453944
vegetable_farm_v2,agrarian,4,12,188982.25,20239.3494,962.5633,59.5,16719.0389,11.3034,14688.1345,18806.1685,8.3736,0.425057
vegetable_farm_v2,agrarian,4,13,203766.09,22263.2831,991.4397,59.5,18454.7388,11.0414,16263.9669,20788.8925,8.5175,0.398007
vegetable_farm_v2,agrarian,4,14,220323.99,24489.6089,1021.1828,59.5,20365.7657,10.8184,18000.4129,22972.7717,8.6644,0.37268
vegetable_farm_v2,agrarian,4,15,238868.84,26938.5723,1051.8187,59.5,22469.7106,10.6307,19913.6298,25378.0144,8.8143,0.348964
vegetable_farm_v2,agrarian,4,16,259639.07,29632.4276,1083.3733,59.5,24785.9123,10.4753,22021.3821,28026.8379,8.9674,0.326757
vegetable_farm_v2,agrarian,4,17,282901.72,32595.6704,1115.8741,59.5,27335.6578,10.3492,24343.2252,30943.6986,9.1235,0.305963
vegetable_farm_v2,agrarian,4,18,308955.89,35855.2381,1149.3505,59.5,30142.3572,10.2499,26900.6648,34155.4919,9.2829,0.286493
vegetable_farm_v2,agrarian,4,19,338136.56,39440.7675,1183.8313,59.5,33231.7695,10.1751,29717.3671,37691.8136,9.4454,0.268262
vegetable_farm_v2,agrarian,4,20,402285.46,51844.8867,1192.5207,59.5,44015.7935,9.1396,39627.6284,50083.532,5.9485,0.205577
vegetable_farm_v2,agrarian,4,21,438889.7,57029.3766,1228.296,59.5,48495.1752,9.0502,43721.5573,55216.9667,8.1717,0.192495
vegetable_farm_v2,agrarian,4,22,479886.45,62732.3143,1265.1446,59.5,53424.6726,8.9825,48228.6345,60867.3175,8.3166,0.180245
vegetable_farm_v2,agrarian,4,23,525802.81,69005.5407,1303.0995,59.5,58849.3589,8.9347,53190.2833,67086.3782,8.4643,0.168775
vegetable_farm_v2,agrarian,4,24,577229.13,75906.0948,1342.1923,59.5,64818.8302,8.9053,58652.0874,73931.1427,8.6149,0.158035
vegetable_farm_v2,agrarian,4,25,634826.61,83496.7093,1382.4581,59.5,71387.6336,8.8927,64664.1803,81464.2936,8.7683,0.147978
vegetable_farm_v2,agrarian,4,26,699335.78,91846.3758,1423.932,59.5,78615.7612,8.8956,71281.7027,89754.7725,8.9247,0.138561
vegetable_farm_v2,agrarian,4,27,771586.05,101031.0165,1466.6498,59.5,86569.234,8.9129,78565.3385,98878.4502,9.0841,0.129744
vegetable_farm_v2,agrarian,4,28,852506.36,111134.1182,1510.6489,59.5,95320.6533,8.9436,86581.8213,108918.7605,9.2465,0.121487
vegetable_farm_v2,agrarian,4,29,943137.1,122247.5294,1555.9684,59.5,104949.893,8.9865,95404.5709,119967.4959,9.412,0.113756
vegetable_farm_v2,agrarian,4,30,1199590.24,169435.0748,1546.5549,59.5,146011.2473,8.2157,133168.7275,167168.4754,6.2456,0.081579
vegetable_farm_v2,agrarian,4,31,1313277.44,186378.5779,1592.9519,59.5,160711.7296,8.1716,146653.9345,184045.765,7.7336,0.076387
vegetable_farm_v2,agrarian,4,32,1440607.11,205016.4369,1640.7404,59.5,176885.091,8.1443,161492.539,202615.4247,7.8728,0.071526
vegetable_farm_v2,agrarian,4,33,1583216.34,225518.08,1689.9625,59.5,194678.6972,8.1325,177820.0203,223046.8226,8.0146,0.066975
vegetable_farm_v2,agrarian,4,34,1742938.68,248069.8911,1740.661,59.5,214254.6652,8.1349,195785.4214,245526.2815,8.1591,0.062713
vegetable_farm_v2,agrarian,4,35,1921827.7,272876.8802,1792.8809,59.5,235791.3144,8.1505,215552.6828,270258.7472,8.3063,0.058722
vegetable_farm_v2,agrarian,4,36,2122183.4,300164.5663,1846.6679,59.5,259484.8067,8.1784,237302.1512,297469.6735,8.4561,0.054985
vegetable_farm_v2,agrarian,4,37,2346581.78,330181.0242,1902.0676,59.5,285550.9273,8.2177,261232.218,327407.0701,8.6088,0.051486
vegetable_farm_v2,agrarian,4,38,2597907.97,363199.1254,1959.1299,59.5,314227.0311,8.2676,287561.1055,360343.7373,8.7643,0.048209
vegetable_farm_v2,agrarian,4,39,2879393.3,399519.043,2017.9039,59.5,345774.226,8.3274,316528.8785,396579.7781,8.9227,0.045142
vegetable_farm_v2,agrarian,4,40,3707602.36,582299.0024,1980.754,59.5,504825.1112,7.3443,462808.571,579412.7545,5.2072,0.030402
vegetable_farm_v2,agrarian,4,41,4060697.56,640528.902,2040.1763,59.5,555433.4264,7.3109,509303.3572,637557.8521,6.977,0.028467
vegetable_farm_v2,agrarian,4,42,4456164.18,704581.7935,2101.382,59.5,611106.193,7.292,560453.8618,701523.3964,7.1034,0.026656
vegetable_farm_v2,agrarian,4,43,4899086.8,775039.9685,2164.4231,59.5,672349.9594,7.2865,616725.8401,771891.6049,7.2321,0.024959
vegetable_farm_v2,agrarian,4,44,5395160.13,852543.9691,2229.3558,59.5,739721.9486,7.2935,678631.6416,849302.9397,7.3632,0.023371
vegetable_farm_v2,agrarian,4,45,5950762.26,937798.3635,2296.2369,59.5,813835.0851,7.312,746734.8354,934461.8876,7.4967,0.021884
vegetable_farm_v2,agrarian,4,46,6573036.65,1031578.1992,2365.1241,59.5,895363.6103,7.3412,821655.3732,1028143.4139,7.6326,0.020491
vegetable_farm_v2,agrarian,4,47,7269983.97,1134736.0216,2436.0777,59.5,985049.1862,7.3803,904075.2007,1131199.9779,7.771,0.019187
vegetable_farm_v2,agrarian,4,48,8050564.96,1248209.6206,2509.1596,59.5,1083707.6361,7.4287,994744.4571,1244569.2812,7.912,0.017966
vegetable_farm_v2,agrarian,4,49,8924815.67,1373030.5871,2584.4344,59.5,1192236.3878,7.4858,1094488.318,1369282.8225,8.0555,0.016823
vegetable_farm_v2,agrarian,4,50,11665300.14,2099363.7636,2502.2494,59.5,1824217.7523,6.3947,1675678.1367,2095733.2857,4.3363,0.010653
livestock_v2,agrarian,5,1,160515.06,9221.7905,1673.3333,105.0,6475.8077,24.7869,4762.4324,6846.7905,,1.0
livestock_v2,agrarian,5,2,168015.06,10143.9696,1723.5333,105.0,7234.4295,23.2244,5424.8756,7700.8696,9.8863,0.936364
livestock_v2,agrarian,5,3,176415.06,11158.3665,1775.2393,105.0,8071.9706,21.8553,6158.8342,8645.1235,10.0294,0.876777
livestock_v2,agrarian,5,4,185823.06,12274.2032,1828.4965,105.0,8996.4148,20.6552,6971.6178,9688.7129,10.1769,0.820982
livestock_v2,agrarian,5,5,196360.02,13501.6235,1883.3517,105.0,10016.5464,19.6036,7871.2712,10841.718,10.329,0.768738
livestock_v2,agrarian,5,6,208161.42,14851.7858,1939.8518,105.0,11142.0326,18.6825,8866.6509,12115.2338,10.4856,0.719818
livestock_v2,agrarian,5,7,221378.98,16336.9644,1998.047,105.0,12383.5081,17.8769,9967.501,13521.4664,10.6467,0.674011
livestock_v2,agrarian,5,8,236182.65,17970.6599,2057.9892,105.0,13752.6736,17.1736,11184.5442,15073.8459,10.8122,0.63112
livestock_v2,agrarian,5,9,252762.76,19767.7287,2119.7285,105.0,15262.4102,16.5611,12529.5902,16787.1608,10.9821,0.590958
livestock_v2,agrarian,5,10,276938.5,24571.2856,2161.4865,105.0,19405.1752,14.2714,16309.7987,21534.0698,5.8357,0.484794
livestock_v2,agrarian,5,11,297736.59,27028.4132,2226.3315,105.0,21486.4611,13.8569,18178.2333,23903.2304,9.9929,0.453944
livestock_v2,agrarian,5,12,321030.45,29731.2555,2293.1226,105.0,23779.8256,13.5001,20240.3204,26515.4656,10.1571,0.425057
livestock_v2,agrarian,5,13,347119.57,32704.3792,2361.915,105.0,26306.5938,13.1952,22515.6308,29395.2673,10.3251,0.398007
livestock_v2,agrarian,5,14,376339.39,35974.8134,2432.7723,105.0,29090.2257,12.937,25025.6922,32569.5784,10.497,0.37268
livestock_v2,agrarian,5,15,409065.59,39572.2984,2505.7564,105.0,32156.5415,12.7211,27794.2041,36068.0551,10.6728,0.348964
livestock_v2,agrarian,5,16,445718.93,43529.5255,2580.9293,105.0,35533.9287,12.5435,30847.2265,39923.3047,10.8526,0.326757
livestock_v2,agrarian,5,17,486770.67,47882.478,2658.3561,105.0,39253.6361,12.4007,34213.4483,44171.2221,11.0363,0.305963
livestock_v2,agrarian,5,18,532748.62,52670.7268,2738.1071,105.0,43350.0291,12.2895,37924.4207,48851.2826,11.224,0.286493
livestock_v2,agrarian,5,19,584243.93,57937.8077,2820.2511,105.0,47860.9243,12.2071,42014.8696,54006.9293,11.4158,0.268262
livestock_v2,agrarian,5,20,665140.27,76159.245,2840.9519,105.0,63695.565,10.4425,56560.9682,72200.2844,5.1088,0.205577
livestock_v2,agrarian,5,21,729735.98,83775.1714,2926.1798,105.0,70247.2727,10.3881,62525.8675,79700.5929,9.8594,0.192495
livestock_v2,agrarian,5,22,802083.18,92152.6885,3013.9645,105.0,77459.3399,10.3549,69096.2041,87959.0235,10.0314,0.180245
livestock_v2,agrarian,5,23,883112.04,101367.95,3104.3847,105.0,85397.9518,10.3411,76332.7829,97051.6233,10.2069,0.168775
livestock_v2,agrarian,5,24,973864.37,111504.745,3197.5158,105.0,94135.9394,10.3453,84302.5223,107062.0791,10.386,0.158035
livestock_v2,agrarian,5,25,1075506.97,122655.2268,3293.4413,105.0,103753.4034,10.366,93079.0196,118082.431,10.5685,0.147978
livestock_v2,agrarian,5,26,1189346.69,134920.7431,3392.2449,105.0,114338.4434,10.402,102743.2271,130213.9128,10.7548,0.138561
livestock_v2,agrarian,5,27,1316847.17,148412.822,3494.012,105.0,125988.0147,10.4522,113384.2395,143567.9371,10.9446,0.129744
livestock_v2,agrarian,5,28,1459647.71,163254.1042,3598.8313,105.0,138808.7374,10.5155,125100.0364,158267.0243,11.1383,0.121487
livestock_v2,agrarian,5,29,1619584.32,179579.5137,3706.7964,105.0,152917.914,10.5912,137998.4163,174445.9711,11.3356,0.113756
livestock_v2,agrarian,5,30,2038198.61,248897.2045,3684.3704,105.0,213243.8157,9.5581,193486.208,243794.0845,6.9392,0.081579
livestock_v2,agrarian,5,31,2238823.09,273786.9185,3794.9025,105.0,234801.704,9.535,213232.1811,268533.8536,9.3063,0.076387
livestock_v2,agrarian,5,32,2463522.51,301165.6122,3908.7494,105.0,258522.1207,9.5293,234964.3657,295758.1056,9.4728,0.071526
livestock_v2,agrarian,5,33,2715185.86,331282.1725,4026.0116,105.0,284621.5101,9.5396,258881.7207,325715.5911,9.6425,0.066975
livestock_v2,agrarian,5,34,2997048.81,364410.3944,4146.7911,105.0,313337.9849,9.5649,285203.1289,358679.9667,9.8154,0.062713
livestock_v2,agrarian,5,35,3312735.31,400851.4339,4271.195,105.0,344933.4578,9.604,314169.3545,394952.243,9.9915,0.058722
livestock_v2,agrarian,5,36,3666304.19,440936.5745,4399.3322,105.0,379696.0508,9.6559,346045.2612,434863.5561,10.171,0.054985
livestock_v2,agrarian,5,37,4062301.34,485030.2338,4531.3114,105.0,417942.7125,9.7198,381122.22,478778.1759,10.3538,0.051486
livestock_v2,agrarian,5,38,4505818.14,533533.2553,4667.2513,105.0,460022.0735,9.7948,419720.7273,527096.7849,10.54,0.048209
livestock_v2,agrarian,5,39,5002556.96,586886.5882,4807.2691,105.0,506317.6576,9.8803,462193.3669,580260.1733,10.7297,0.045142
livestock_v2,agrarian,5,40,6410894.46,855387.1983,4718.7665,105.0,739990.1857,8.6635,677126.6089,848880.8437,6.027,0.030402
livestock_v2,agrarian,5,41,7034003.64,940925.9172,4860.3289,105.0,814285.7119,8.6383,745345.2405,934227.5229,8.3869,0.028467
livestock_v2,agrarian,5,42,7731885.92,1035018.5108,5006.1398,105.0,896019.4128,8.6292,820400.599,1028122.3132,8.5385,0.026656
livestock_v2,agrarian,5,43,8513514.07,1138520.3554,5156.3231,105.0,985935.3581,8.635,902976.7997,1131420.4231,8.6929,0.024959
livestock_v2,agrarian,5,44,9388937.6,1252372.3965,5311.0127,105.0,1084852.0539,8.6546,993826.3981,1245062.6163,8.8501,0.023371
livestock_v2,agrarian,5,45,10369411.95,1377609.6325,5470.3442,105.0,1193669.8308,8.687,1093777.1897,1370083.7074,9.0102,0.021884
livestock_v2,agrarian,5,46,11467543.23,1515370.5948,5634.4547,105.0,1313379.0919,8.7313,1203739.7938,1507622.0417,9.1733,0.020491
livestock_v2,agrarian,5,47,12697450.26,1666907.658,5803.4881,105.0,1445069.2778,8.7867,1324715.8942,1658929.7986,9.3394,0.019187
livestock_v2,agrarian,5,48,14074946.13,1833598.4192,5977.5918,105.0,1589938.7698,8.8525,1457807.3477,1825384.3753,9.5085,0.017966
livestock_v2,agrarian,5,49,15617741.51,2016958.2675,6156.9196,105.0,1749305.8227,8.928,1604226.2347,2008500.9524,9.6808,0.016823
livestock_v2,agrarian,5,50,20378897.59,3083929.185,5961.1295,105.0,2677740.8583,7.6105,2458096.6538,3075737.4735,5.1282,0.010653
oilseed_farm,agrarian,6,1,273277.8,9013.4172,686.9333,182.0,7085.701,38.5675,5998.3338,7877.8172,,1.0
oilseed_farm,agrarian,6,2,286277.8,9914.7589,707.5413,182.0,7851.9393,36.4595,6688.4951,8750.5509,16.966,0.936364
oilseed_farm,agrarian,6,3,300837.8,10906.2348,728.7676,182.0,8696.0565,34.5947,7449.8365,9712.5606,17.2488,0.876777
oilseed_farm,agrarian,6,4,317145.0,11996.8583,750.6306,182.0,9625.8781,32.9471,8289.5407,10772.8338,17.538,0.820982
oilseed_farm,agrarian,6,5,335409.06,13196.5441,773.1496,182.0,10650.0132,31.4938,9215.5108,11941.2587,17.8336,0.768738
oilseed_farm,agrarian,6,6,355864.81,14516.1985,796.344,182.0,11777.9335,30.2145,10236.4429,13228.7148,18.1358,0.719818
oilseed_farm,agrarian,6,7,378775.25,15967.8184,820.2341,182.0,13020.0583,29.0917,11361.9035,14647.1704,18.4446,0.674011
oilseed_farm,agrarian,6,8,404434.94,17564.5993,844.8414,182.0,14387.8494,28.1095,12602.4173,16209.7915,18.7599,0.63112
oilseed_farm,agrarian,6,9,433173.8,19321.062,870.1865,182.0,15893.9216,27.2541,13969.5698,17931.0701,19.082,0.590958
oilseed_farm,agrarian,6,10,480105.07,24016.0789,887.329,182.0,19963.6724,24.0489,17699.8697,22602.2899,11.5317,0.484794
oilseed_farm,agrarian,6,11,516155.09,26417.6859,913.949,182.0,22029.9111,23.4297,19581.2252,24966.943,17.4472,0.453944
oilseed_farm,agrarian,6,12,556531.12,29059.4553,941.3679,182.0,24304.396,22.8984,21653.5124,27570.6495,17.7517,0.425057
oilseed_farm,agrarian,6,13,601752.27,31965.3991,969.6085,182.0,26807.9978,22.4467,23935.9066,30437.3898,18.0624,0.398007
oilseed_farm,agrarian,6,14,652399.96,35161.9354,998.6967,182.0,29563.6777,22.0676,26449.5033,33593.5459,18.3794,0.37268
oilseed_farm,agrarian,6,15,709125.37,38678.1325,1028.6579,182.0,32596.7029,21.7545,29217.5191,37068.1509,18.7026,0.348964
oilseed_farm,agrarian,6,16,772657.83,42545.9431,1059.5177,182.0,35934.8501,21.5016,32265.4779,40893.1219,19.0323,0.326757
oilseed_farm,agrarian,6,17,843814.18,46800.5374,1091.3028,182.0,39608.6941,21.3038,35621.4757,45103.5922,19.3684,0.305963
oilseed_farm,agrarian,6,18,923509.3,51480.592,1124.0421,182.0,43651.8585,21.1562,39316.4105,49738.1982,19.7111,0.286493
oilseed_farm,agrarian,6,19,1012767.83,56628.6593,1157.7636,182.0,48101.3393,21.0549,43384.282,54839.4533,20.0604,0.268262
oilseed_farm,agrarian,6,20,1158491.33,74438.3695,1166.2617,182.0,63588.3938,18.2186,57619.3031,72637.3665,9.4094,0.205577
oilseed_farm,agrarian,6,21,1270457.23,81882.2083,1201.2493,182.0,70034.0944,18.1406,63521.8928,80032.6356,17.3706,0.192495
oilseed_farm,agrarian,6,22,1395859.04,90070.4291,1237.2865,182.0,77126.4941,18.0983,70018.4136,88170.8296,17.6812,0.180245
oilseed_farm,agrarian,6,23,1536309.07,99077.4648,1274.4056,182.0,84930.3215,18.0891,77168.3635,97126.3366,17.9976,0.168775
oilseed_farm,agrarian,6,24,1693613.1,108985.2113,1312.6376,182.0,93516.7992,18.1103,85037.2127,106981.0095,18.32,0.158035
oilseed_farm,agrarian,6,25,1869793.61,119883.7396,1352.0167,182.0,102964.259,18.1596,93696.9667,117824.8717,18.6485,0.147978
oilseed_farm,agrarian,6,26,2067115.79,131872.1073,1392.5774,182.0,113358.851,18.2352,103226.8198,129756.9331,18.9832,0.138561
oilseed_farm,agrarian,6,27,2288116.63,145059.3225,1434.3546,182.0,124795.3821,18.3349,113713.9261,142886.1533,19.3241,0.129744
oilseed_farm,agrarian,6,28,2535637.57,159565.2548,1477.3848,182.0,137378.1069,18.4574,125254.1267,157332.3511,19.6715,0.121487
oilseed_farm,agrarian,6,29,2812861.02,175521.7794,1521.7064,182.0,151221.7235,18.6009,137952.8639,173227.3484,20.0254,0.113756
oilseed_farm,agrarian,6,30,3517336.84,243273.1848,1512.5001,182.0,210173.4557,16.7354,192167.7977,240991.534,11.95,0.081579
oilseed_farm,agrarian,6,31,3865085.94,267600.497,1557.8755,182.0,231298.7407,16.7104,211561.5843,265255.8561,16.4613,0.076387
oilseed_farm,agrarian,6,32,4254564.93,294360.5485,1604.6117,182.0,254539.325,16.7148,232899.5212,291951.0285,16.7586,0.071526
oilseed_farm,agrarian,6,33,4690781.4,323796.6024,1652.7499,182.0,280106.8117,16.7464,256376.157,321320.257,17.0614,0.066975
oilseed_farm,agrarian,6,34,5179343.84,356176.2672,1702.3321,182.0,308233.9835,16.8033,282205.5156,353631.0919,17.3698,0.062713
oilseed_farm,agrarian,6,35,5726533.78,391793.8939,1753.4021,182.0,339176.8878,16.8836,310623.0119,389177.8232,17.6839,0.058722
oilseed_farm,agrarian,6,36,6339386.51,430973.2806,1806.0047,182.0,373217.19,16.9858,341887.6173,428284.187,18.0037,0.054985
oilseed_farm,agrarian,6,37,7025781.56,474070.6104,1860.1846,182.0,410664.7305,17.1083,376284.2115,471306.3045,18.3295,0.051486
oilseed_farm,agrarian,6,38,7794544.02,521477.6697,1915.9903,182.0,451860.321,17.2499,414126.1502,518635.8943,18.6613,0.048209
oilseed_farm,agrarian,6,39,8655557.98,573625.4438,1973.4702,182.0,497178.8771,17.4093,455758.1498,570703.875,18.9991,0.045142
oilseed_farm,agrarian,6,40,11028188.48,836059.0805,1937.1383,182.0,725527.7498,15.2002,665759.557,833187.9476,10.3904,0.030402
oilseed_farm,agrarian,6,41,12108244.39,919664.9877,1995.2521,182.0,798214.3299,15.1692,732557.1119,916713.1811,14.8591,0.028467
oilseed_farm,agrarian,6,42,13317907.01,1011631.4882,2055.1101,182.0,878173.1089,15.1655,806040.5254,1008596.5869,15.1286,0.026656
oilseed_farm,agrarian,6,43,14672729.14,1112794.6307,2116.7631,182.0,966131.4049,15.1871,886878.56,1109674.1429,15.403,0.024959
oilseed_farm,agrarian,6,44,16190129.93,1224074.0992,2180.2659,182.0,1062889.295,15.2322,975806.8805,1220865.4567,15.6825,0.023371
oilseed_farm,agrarian,6,45,17889618.81,1346481.5055,2245.6744,182.0,1169326.8331,15.2991,1073634.6929,1343182.0632,15.967,0.021884
oilseed_farm,agrarian,6,46,19793046.35,1481129.6552,2313.0447,182.0,1286412.1112,15.3862,1181252.1572,1477736.6895,16.2568,0.020491
oilseed_farm,agrarian,6,47,21924885.2,1629242.6243,2382.4359,182.0,1415210.0239,15.4923,1299638.4456,1625753.3297,16.5518,0.019187
oilseed_farm,agrarian,6,48,24312544.71,1792166.8823,2453.9086,182.0,1556891.9471,15.6161,1429870.6429,1788578.3694,16.8523,0.017966
oilseed_farm,agrarian,6,49,26986723.36,1971383.5768,2527.5259,182.0,1712746.4243,15.7564,1573133.5726,1967692.8685,17.1582,0.016823
oilseed_farm,agrarian,6,50,35142251.5,3014245.483,2447.1505,182.0,2620106.2093,13.4125,2407543.6606,3010666.3517,8.9882,0.010653
sugar_farm,agrarian,7,1,442135.1,11665.6128,938.1333,294.0,9077.1271,48.7087,7631.2902,10066.8128,,1.0
sugar_farm,agrarian,7,2,463135.1,12832.1741,966.2773,294.0,10067.5502,46.0028,8522.3233,11194.2301,21.2031,0.936364
sugar_farm,agrarian,7,3,486655.1,14115.3915,995.2657,294.0,11158.7295,43.6121,9505.4147,12437.1292,21.5547,0.876777
sugar_farm,agrarian,7,4,512997.5,15526.9306,1025.1236,294.0,12360.7921,41.502,10589.8591,13807.1404,21.9143,0.820982
sugar_farm,agrarian,7,5,542500.99,17079.6237,1055.8775,294.0,13684.8792,39.6424,11785.8827,15317.0596,22.2821,0.768738
sugar_farm,agrarian,7,6,575544.9,18787.5861,1087.5536,294.0,15143.2483,38.0067,13104.7385,16980.9654,22.6581,0.719818
sugar_farm,agrarian,7,7,612554.08,20666.3447,1120.18,294.0,16749.3833,36.5717,14558.8058,18814.3456,23.0424,0.674011
sugar_farm,agrarian,7,8,654004.36,22732.978,1153.7858,294.0,18518.1172,35.317,16161.7037,20834.2384,23.435,0.63112
sugar_farm,agrarian,7,9,700428.67,25006.2793,1188.3992,294.0,20465.7757,34.2244,17928.4247,23059.3978,23.836,0.590958
sugar_farm,agrarian,7,10,771646.98,31082.8037,1211.8103,294.0,25731.9842,29.9879,22754.5275,29103.3609,13.5236,0.484794
sugar_farm,agrarian,7,11,829881.63,34191.0829,1248.1648,294.0,28404.5587,29.2165,25186.6191,32161.0765,21.7897,0.453944
sugar_farm,agrarian,7,12,895104.44,37610.1923,1285.6104,294.0,31346.6062,28.5551,27865.7382,35528.1048,22.1692,0.425057
sugar_farm,agrarian,7,13,968153.99,41371.2092,1324.178,294.0,34585.1371,27.9934,30816.7003,39235.4801,22.5564,0.398007
sugar_farm,agrarian,7,14,1049969.49,45508.3255,1363.9033,294.0,38149.8673,27.5222,34066.8055,43317.3446,22.9514,0.37268
sugar_farm,agrarian,7,15,1141602.85,50059.1627,1404.8209,294.0,42073.4974,27.1335,37646.0988,47811.2716,23.3542,0.348964
sugar_farm,agrarian,7,16,1244232.21,55065.0754,1446.9656,294.0,46391.9756,26.82,41587.612,52758.5676,23.7652,0.326757
sugar_farm,agrarian,7,17,1359177.09,60571.583,1490.374,294.0,51144.8719,26.575,45927.7054,58204.7007,24.1842,0.305963
sugar_farm,agrarian,7,18,1487915.36,66628.7425,1535.0854,294.0,56375.7016,26.3928,50706.3659,64199.6734,24.6114,0.286493
sugar_farm,agrarian,7,19,1632102.22,73291.6272,1581.1384,294.0,62132.3453,26.2682,55967.5942,70798.5055,25.047,0.268262
sugar_farm,agrarian,7,20,1868936.97,96341.8399,1592.744,294.0,82175.9334,22.7431,74390.3559,93832.5765,11.816,0.205577
sugar_farm,agrarian,7,21,2049804.97,105976.0262,1640.526,294.0,90516.1052,22.6457,82026.032,103400.3054,21.6864,0.192495
sugar_farm,agrarian,7,22,2252377.12,116573.6288,1689.7414,294.0,99693.2021,22.5931,90430.291,113929.457,22.0737,0.180245
sugar_farm,agrarian,7,23,2479257.93,128230.9823,1740.4343,294.0,109790.9968,22.5816,99680.1344,125516.3043,22.4684,0.168775
sugar_farm,agrarian,7,24,2733364.44,141054.0806,1792.6471,294.0,120901.6671,22.6082,109860.2938,138266.7826,22.8705,0.158035
sugar_farm,agrarian,7,25,3017963.73,155159.498,1846.4265,294.0,133126.5921,22.6699,121063.9586,152297.401,23.2802,0.147978
sugar_farm,agrarian,7,26,3336714.94,170675.4396,1901.8195,294.0,146577.2694,22.7642,133393.6224,167736.2994,23.6978,0.138561
sugar_farm,agrarian,7,27,3693716.29,187742.9894,1958.874,294.0,161376.4004,22.8888,146962.0805,184724.4952,24.1231,0.129744
sugar_farm,agrarian,7,28,4093557.8,206517.2883,2017.6396,294.0,177658.9144,23.0417,161893.3712,203417.0602,24.5565,0.121487
sugar_farm,agrarian,7,29,4541380.3,227169.016,2078.1689,294.0,195573.257,23.2209,178323.9594,223984.6008,24.998,0.113756
sugar_farm,agrarian,7,30,5616462.35,314856.2543,2065.596,294.0,271872.0927,20.6585,248492.6094,311689.3261,14.0904,0.081579
sugar_farm,agrarian,7,31,6178210.89,346341.8716,2127.5644,294.0,299210.6672,20.6484,273588.1506,343088.7548,20.5478,0.076387
sugar_farm,agrarian,7,32,6807369.25,380976.0611,2191.3913,294.0,329286.8828,20.6731,301199.762,377634.171,20.9188,0.071526
sugar_farm,agrarian,7,33,7512026.62,419073.6661,2257.1329,294.0,362374.6039,20.73,331579.2336,415640.3394,21.2966,0.066975
sugar_farm,agrarian,7,34,8301242.87,460981.0385,2324.8464,294.0,398775.1071,20.8169,365003.5612,457453.5327,21.6815,0.062713
sugar_farm,agrarian,7,35,9185165.07,507079.1423,2394.5919,294.0,438819.7789,20.9315,401777.426,503454.6312,22.0734,0.058722
sugar_farm,agrarian,7,36,10175157.94,557787.0531,2466.4304,294.0,482873.1617,21.0721,442235.9969,554062.6256,22.4726,0.054985
sugar_farm,agrarian,7,37,11283949.95,613565.7607,2540.4229,294.0,531336.2639,21.2369,486747.9743,609738.421,22.8791,0.051486
sugar_farm,agrarian,7,38,12525797.0,674922.3345,2616.6359,294.0,584650.1778,21.4244,535718.9138,670988.9941,23.2931,0.048209
sugar_farm,agrarian,7,39,13916665.7,742414.5772,2695.1351,294.0,643300.1347,21.6332,589594.9591,738372.0565,23.7147,0.045142
sugar_farm,agrarian,7,40,17659492.97,1082069.2413,2645.5172,294.0,938842.8599,18.8098,861393.1172,1078095.7314,12.6643,0.030402
sugar_farm,agrarian,7,41,19404198.67,1190276.1643,2724.8824,294.0,1032913.8352,18.7859,947839.6079,1186192.2696,18.5467,0.028467
sugar_farm,agrarian,7,42,21358269.05,1309303.783,2806.6294,294.0,1136396.7436,18.7947,1042939.0823,1305106.1907,18.883,0.026656
sugar_farm,agrarian,7,43,23546827.87,1440234.1532,2890.8278,294.0,1250232.913,18.834,1147557.0808,1435919.4537,19.2255,0.024959
sugar_farm,agrarian,7,44,25998013.75,1584257.5755,2977.5526,294.0,1375457.8399,18.9014,1262645.7314,1579822.2551,19.5743,0.023371
sugar_farm,agrarian,7,45,28743341.94,1742683.3284,3066.8798,294.0,1513210.5302,18.9949,1389252.343,1738123.7675,19.9294,0.021884
sugar_farm,agrarian,7,46,31818109.51,1916951.66,3158.8863,294.0,1664743.9331,19.1129,1528528.9986,1912264.1323,20.291,0.020491
sugar_farm,agrarian,7,47,35261849.19,2108646.8307,3253.6528,294.0,1831436.2848,19.2537,1681742.9854,2103827.4973,20.6593,0.019187
sugar_farm,agrarian,7,48,39118837.63,2319511.508,3351.2618,294.0,2014803.6341,19.4157,1850288.3136,2314556.4153,21.0342,0.017966
sugar_farm,agrarian,7,49,43438664.69,2551462.6669,3451.7997,294.0,2216513.6745,19.5977,2035698.434,2546367.7414,21.416,0.016823
sugar_farm,agrarian,7,50,56514904.69,3901186.4101,3342.0325,294.0,3390868.8285,16.6668,3115642.0794,3896244.154,11.1348,0.010653
greenhouse_v2,agrarian,8,1,806260.0,23797.971,5033.3333,546.0,15850.2148,50.8674,10942.3768,15826.971,,1.0
greenhouse_v2,agrarian,8,2,845260.0,26177.7681,5184.3333,546.0,17789.2682,47.5152,12619.7145,17984.0181,20.1129,0.936364
greenhouse_v2,agrarian,8,3,888940.0,28795.5449,5339.8633,546.0,19931.423,44.5999,14480.6409,20372.3624,20.3907,0.876777
greenhouse_v2,agrarian,8,4,937861.6,31675.0994,5500.0592,546.0,22297.2649,42.0617,16543.9907,23015.6014,20.6783,0.820982
greenhouse_v2,agrarian,8,5,992653.79,34842.6093,5665.062,546.0,24909.4462,39.8505,18830.4945,25939.705,20.9756,0.768738
greenhouse_v2,agrarian,8,6,1054021.05,38326.8703,5835.0125,546.0,27792.8963,37.9241,21362.9775,29173.2608,21.2826,0.719818
greenhouse_v2,agrarian,8,7,1122752.38,42159.5573,6010.0617,546.0,30975.0411,36.247,24166.5532,32747.7212,21.5991,0.674011
greenhouse_v2,agrarian,8,8,1199731.46,46375.5107,6190.3658,546.0,34486.056,34.7889,27268.8598,36697.6962,21.925,0.63112
greenhouse_v2,agrarian,8,9,1285948.03,51013.0689,6376.0757,546.0,38359.1641,33.5239,30700.3416,41061.3016,22.2603,0.590958
greenhouse_v2,agrarian,8,10,1412253.35,63409.2416,6501.6825,546.0,49034.5564,28.8012,40428.8695,53272.1834,11.8314,0.484794
greenhouse_v2,agrarian,8,11,1520403.42,69750.1633,6696.7342,546.0,54381.4633,27.9581,45209.0293,59325.3716,20.2267,0.453944
greenhouse_v2,agrarian,8,12,1641531.5,76725.1821,6897.6397,546.0,60274.9418,27.2341,50487.686,66004.0215,20.5529,0.425057
greenhouse_v2,agrarian,8,13,1777194.95,84397.6955,7104.5651,546.0,66770.0035,26.6167,56315.3088,73371.2857,20.8872,0.398007
greenhouse_v2,agrarian,8,14,1929138.01,92837.4555,7317.7016,546.0,73927.1659,26.0951,62747.412,81496.6341,21.2295,0.37268
greenhouse_v2,agrarian,8,15,2099314.24,102121.2106,7537.2355,546.0,81813.0384,25.6599,69845.1153,90456.5404,21.5799,0.348964
greenhouse_v2,agrarian,8,16,2289911.62,112333.3245,7763.3529,546.0,90500.8553,25.3027,77675.6302,100335.0936,21.9385,0.326757
greenhouse_v2,agrarian,8,17,2503380.68,123566.657,7996.2503,546.0,100071.2338,25.016,86312.9501,111224.8639,22.3052,0.305963
greenhouse_v2,agrarian,8,18,2742466.03,135923.3251,8236.139,546.0,110612.8319,24.7934,95838.4516,123227.6565,22.6802,0.286493
greenhouse_v2,agrarian,8,19,3010241.62,149515.679,8483.2253,546.0,122223.2147,24.629,106341.7052,136455.5172,23.0635,0.268262
greenhouse_v2,agrarian,8,20,3425097.15,196538.3517,8545.4927,546.0,163078.7673,21.0027,143866.4423,183386.3352,10.1542,0.205577
greenhouse_v2,agrarian,8,21,3760994.86,216192.1916,8801.8554,546.0,179954.5725,20.8997,159204.9701,202661.9976,19.9041,0.192495
greenhouse_v2,agrarian,8,22,4137200.29,237811.4107,9065.9091,546.0,198533.5664,20.8388,176104.2649,223891.6938,20.249,0.180245
greenhouse_v2,agrarian,8,23,4558550.37,261592.5328,9337.8903,546.0,218986.5189,20.8166,194721.1907,247271.5985,20.6009,0.168775
greenhouse_v2,agrarian,8,24,5030462.46,287751.7861,9618.0255,546.0,241501.3517,20.83,215228.3906,273017.606,20.9601,0.158035
greenhouse_v2,agrarian,8,25,5559004.0,316526.9837,9906.5664,546.0,266284.7431,20.8762,237815.7374,301367.1581,21.3264,0.147978
greenhouse_v2,agrarian,8,26,6150970.53,348179.6654,10203.7646,546.0,293564.0137,20.9527,262692.0854,332581.4233,21.7002,0.138561
greenhouse_v2,agrarian,8,27,6813973.04,382997.6439,10509.8768,546.0,323589.3373,21.0575,290087.2998,366947.8355,22.0814,0.129744
greenhouse_v2,agrarian,8,28,7556535.85,421297.4082,10825.1699,546.0,356635.8274,21.1884,320254.1718,404782.4904,22.4702,0.121487
greenhouse_v2,agrarian,8,29,8388206.2,463427.1467,11149.9256,546.0,393006.1624,21.3437,353470.829,446433.1605,22.8667,0.113756
greenhouse_v2,agrarian,8,30,10336598.6,642310.0217,11082.4688,546.0,548692.951,18.8386,496678.3141,625415.5453,12.5148,0.081579
greenhouse_v2,agrarian,8,31,11379845.89,706541.0072,11414.9457,546.0,604284.6535,18.8319,547564.3872,689156.0724,18.7662,0.076387
greenhouse_v2,agrarian,8,32,12548282.85,777195.1126,11757.3935,546.0,665455.7956,18.8567,603573.9998,759305.0106,19.1011,0.071526
greenhouse_v2,agrarian,8,33,13856932.25,854914.6215,12110.1144,546.0,732764.9012,18.9105,665220.5256,836504.1977,19.4424,0.066975
greenhouse_v2,agrarian,8,34,15322619.58,940406.0956,12473.4154,546.0,806826.4117,18.9912,733068.7534,921459.7427,19.7901,0.062713
greenhouse_v2,agrarian,8,35,16964189.39,1034446.7051,12847.6186,546.0,888316.1853,19.097,807739.9363,1014948.3407,20.1445,0.058722
greenhouse_v2,agrarian,8,36,18802747.57,1137891.3685,13233.0511,546.0,977977.7161,19.2262,889917.5181,1117824.4272,20.5055,0.054985
greenhouse_v2,agrarian,8,37,20861932.73,1251680.5101,13630.0402,546.0,1076628.8888,19.3771,980353.3478,1231027.9442,20.8734,0.051486
greenhouse_v2,agrarian,8,38,23168220.11,1376848.5564,14038.9431,546.0,1185169.3435,19.5484,1079874.4304,1355592.7909,21.2482,0.048209
greenhouse_v2,agrarian,8,39,25751261.98,1514533.431,14460.1123,546.0,1304588.7673,19.739,1189390.5763,1492656.3713,21.63,0.045142
greenhouse_v2,agrarian,8,40,32611162.54,2207432.4655,14193.8993,546.0,1907642.5326,17.095,1744109.1234,2185948.114,11.3753,0.030402
greenhouse_v2,agrarian,8,41,35851330.26,2428175.7097,14619.7143,546.0,2099318.696,17.0776,1920064.9963,2406063.2106,16.9044,0.028467
greenhouse_v2,agrarian,8,42,39480318.11,2670993.2854,15058.3089,546.0,2310188.4096,17.0897,2113661.165,2648233.7867,17.2096,0.026656
greenhouse_v2,agrarian,8,43,43544784.5,2938092.5973,15510.0556,546.0,2542171.7913,17.129,2326662.9944,2914666.6974,17.5205,0.024959
greenhouse_v2,agrarian,8,44,48096986.86,3231901.8713,15975.3571,546.0,2797381.0474,17.1936,2561012.4614,3207789.5747,17.8371,0.023371
greenhouse_v2,agrarian,8,45,53195453.5,3555092.0489,16454.621,546.0,3078139.5423,17.2817,2818845.7076,3530272.7586,18.1596,0.021884
greenhouse_v2,agrarian,8,46,58905736.13,3910601.2514,16948.2601,546.0,3387003.0824,17.3917,3102512.6109,3885053.7617,18.488,0.020491
greenhouse_v2,agrarian,8,47,65301252.68,4301661.3861,17456.7073,546.0,3726783.0505,17.5222,3414598.0479,4275363.8526,18.8225,0.019187
greenhouse_v2,agrarian,8,48,72464231.22,4731827.5128,17980.4055,546.0,4100571.9633,17.6717,3757945.4019,4704757.4377,19.1632,0.017966
greenhouse_v2,agrarian,8,49,80486767.18,5205010.2807,18519.8178,546.0,4511771.6827,17.8393,4135682.4979,5177144.4833,19.5101,0.016823
greenhouse_v2,agrarian,8,50,104426823.37,7958460.7037,17930.8876,546.0,6907785.92,15.1173,6339326.2315,7931463.6758,9.9916,0.010653
food_processing_v2,agrarian,9,1,1280538.6,24596.91,3720.0,875.0,17401.6617,73.5871,13222.528,18681.91,,1.0
food_processing_v2,agrarian,9,2,1343038.6,27056.601,3831.6,875.0,19444.5009,69.0704,15022.8808,20990.401,30.5947,0.936364
food_processing_v2,agrarian,9,3,1413038.6,29762.2611,3946.548,875.0,21698.4204,65.1217,17014.9869,23540.3251,31.057,0.876777
food_processing_v2,agrarian,9,4,1491438.6,32738.4872,4064.9444,875.0,24184.7322,61.6686,19218.3731,26356.1431,31.5326,0.820982
food_processing_v2,agrarian,9,5,1579246.6,36012.3359,4186.8935,875.0,26926.8849,58.6494,21654.5285,29464.7706,32.0216,0.768738
food_processing_v2,agrarian,9,6,1677591.56,39613.5695,4312.4993,875.0,29950.6811,56.0118,24347.1067,32895.8286,32.5237,0.719818
food_processing_v2,agrarian,9,7,1787737.92,43574.9265,4441.8734,875.0,33284.5061,53.7108,27322.131,36681.9044,33.039,0.674011
food_processing_v2,agrarian,9,8,1911101.84,47932.4167,4575.1313,875.0,36959.5883,51.7079,30608.2364,40858.8517,33.5677,0.63112
food_processing_v2,agrarian,9,9,2049269.43,52725.6657,4712.3844,875.0,41010.3047,49.9696,34236.956,45466.1449,34.1094,0.590958
food_processing_v2,agrarian,9,10,2237966.81,65537.9994,4805.217,875.0,52076.2706,42.9748,44347.574,58152.7054,17.052,0.484794
food_processing_v2,agrarian,9,11,2411284.23,72091.7968,4949.3744,875.0,57652.6575,41.8243,49374.3758,64511.1927,31.0806,0.453944
food_processing_v2,agrarian,9,12,2605399.74,79300.979,5097.8582,875.0,63795.465,40.8399,54918.9958,71519.2033,31.6005,0.425057
food_processing_v2,agrarian,9,13,2822809.11,87231.0719,5250.7912,875.0,70561.5943,40.0049,61033.6708,79242.0968,32.132,0.398007
food_processing_v2,agrarian,9,14,3066307.61,95954.1693,5408.3146,875.0,78013.6436,39.3048,67775.8636,87751.7754,32.6754,0.37268
food_processing_v2,agrarian,9,15,3339025.93,105549.5961,5570.5661,875.0,86220.5061,38.7266,75208.8277,97127.3775,33.2305,0.348964
food_processing_v2,agrarian,9,16,3644470.45,116104.5483,5737.6834,875.0,95257.9225,38.259,83402.1136,107455.9128,33.7978,0.326757
food_processing_v2,agrarian,9,17,3986568.31,127715.0031,5909.8115,875.0,105209.2667,37.8918,92432.2853,118833.1618,34.3771,0.305963
food_processing_v2,agrarian,9,18,4369717.91,140486.5059,6087.1067,875.0,116166.2273,37.6161,102383.5447,131364.4581,34.9686,0.286493
food_processing_v2,agrarian,9,19,4798845.47,154535.1786,6269.7215,875.0,128229.6977,37.4238,113348.5607,145165.7173,35.5725,0.268262
food_processing_v2,agrarian,9,20,5444590.3,203136.4837,6315.7416,875.0,170472.7956,31.9382,152160.5745,193704.6725,15.2864,0.205577
food_processing_v2,agrarian,9,21,5982887.91,223450.137,6505.2124,875.0,187980.8344,31.8271,168127.291,213761.6234,30.7457,0.192495
food_processing_v2,agrarian,9,22,6585781.23,245795.1507,6700.3673,875.0,207251.2115,31.7768,185710.5696,235842.2337,31.286,0.180245
food_processing_v2,agrarian,9,23,7261021.75,270374.646,6901.3812,875.0,228460.4904,31.7824,205072.645,260149.3876,31.837,0.168775
food_processing_v2,agrarian,9,24,8017291.13,297412.1106,7108.4215,875.0,251802.9595,31.8395,226392.0562,286906.346,32.3989,0.158035
food_processing_v2,agrarian,9,25,8864312.83,327153.3414,7321.6742,875.0,277492.3004,31.9444,249865.1617,316358.6537,32.9717,0.147978
food_processing_v2,agrarian,9,26,9812977.14,359868.6583,7541.3254,875.0,305763.5297,32.0934,275707.9386,348776.3788,33.5558,0.138561
food_processing_v2,agrarian,9,27,10875481.17,395855.5364,7767.5646,875.0,336875.2855,32.2834,304158.0822,384456.7392,34.1512,0.129744
food_processing_v2,agrarian,9,28,12065485.68,435441.0901,8000.5891,875.0,371111.9858,32.5117,335476.9884,423726.5822,34.7582,0.121487
food_processing_v2,agrarian,9,29,13398290.73,478985.1966,8240.6072,875.0,408786.5428,32.7758,369952.2464,466945.5029,35.3768,0.113756
food_processing_v2,agrarian,9,30,16457664.21,663873.4787,8190.7518,875.0,569682.7224,28.8892,517937.6553,651901.3311,19.0146,0.081579
food_processing_v2,agrarian,9,31,18129534.86,730260.8094,8436.4764,875.0,627225.9197,28.9043,570678.9329,717955.7446,29.0542,0.076387
food_processing_v2,agrarian,9,32,20002029.99,803286.8953,8689.5703,875.0,690538.4227,28.9658,628720.1607,790638.929,29.5754,0.071526
food_processing_v2,agrarian,9,33,22099224.54,883615.5823,8950.2568,875.0,760197.5832,29.0704,692592.0807,870614.428,30.1065,0.066975
food_processing_v2,agrarian,9,34,24448082.43,971977.1528,9218.7626,875.0,836838.5495,29.2148,762878.5783,958612.2164,30.6476,0.062713
food_processing_v2,agrarian,9,35,27078803.27,1069174.8681,9495.326,875.0,921159.9516,29.3964,840221.9054,1055435.2329,31.1987,0.058722
food_processing_v2,agrarian,9,36,30025210.61,1176092.3476,9780.1888,875.0,1013930.3282,29.6127,925328.5949,1161966.7692,31.7602,0.054985
food_processing_v2,agrarian,9,37,33325186.83,1293701.5872,10073.5926,875.0,1115995.1053,29.8614,1018975.8809,1279178.494,32.3322,0.051486
food_processing_v2,agrarian,9,38,37021160.2,1423071.741,10375.8017,875.0,1228284.2173,30.1405,1122018.6903,1408139.2033,32.9148,0.048209
food_processing_v2,agrarian,9,39,41160650.38,1565378.9348,10687.0764,875.0,1351820.6668,30.4483,1235397.5333,1550024.67,33.5082,0.045142
food_processing_v2,agrarian,9,40,52055712.27,2281539.7869,10490.3256,875.0,1975051.7814,26.3566,1808621.3412,2266452.0877,17.4816,0.030402
food_processing_v2,agrarian,9,41,57248288.75,2509693.7632,10805.0339,875.0,2173271.9445,26.342,1990672.4597,2494179.685,26.196,0.028467
food_processing_v2,agrarian,9,42,63063974.4,2760663.1444,11129.1872,875.0,2391333.2927,26.3719,2190961.7347,2744709.8907,26.67,0.026656
food_processing_v2,agrarian,9,43,69577542.33,3036729.4416,11463.061,875.0,2631220.5012,26.4431,2411313.9619,3020323.8429,27.1526,0.024959
food_processing_v2,agrarian,9,44,76872738.41,3340402.4006,11806.9526,875.0,2895116.7897,26.5526,2653736.4915,3323530.8841,27.6442,0.023371
food_processing_v2,agrarian,9,45,85043358.02,3674442.6308,12161.1636,875.0,3185423.6264,26.6977,2920437.3592,3657091.2156,28.1448,0.021884
food_processing_v2,agrarian,9,46,94194451.99,4041886.8914,12525.9989,875.0,3504782.7265,26.876,3213845.5148,4024041.1832,28.6546,0.020491
food_processing_v2,agrarian,9,47,104443677.23,4446075.5904,12901.7784,875.0,3856099.9664,27.0853,3536632.8047,4427720.7616,29.1737,0.019187
food_processing_v2,agrarian,9,48,115922809.5,4890683.1371,13288.8295,875.0,4242571.7976,27.3237,3891738.2654,4871803.9165,29.7024,0.017966
food_processing_v2,agrarian,9,49,128779437.64,5379751.468,13687.4945,875.0,4667714.407,27.5894,4282394.9327,5360332.1207,30.2407,0.016823
food_processing_v2,agrarian,9,50,167265757.72,8225639.9786,13252.2322,875.0,7144016.0894,23.4134,6559758.6346,8206810.3414,15.5419,0.010653
agro_holding_v2,agrarian,10,1,3545980.6,52456.1475,5429.6,2450.0,38781.5963,91.4346,31370.518,42066.5475,,1.0
agro_holding_v2,agrarian,10,2,3720980.6,57701.7623,5592.488,2450.0,43203.5686,86.1267,35322.6778,47073.9743,39.5751,0.936364
agro_holding_v2,agrarian,10,3,3916980.6,63471.9385,5760.2626,2450.0,48077.658,81.472,39687.1568,52598.8168,40.2126,0.876777
agro_holding_v2,agrarian,10,4,4136500.6,69819.1323,5933.0705,2450.0,53449.3738,77.391,44505.7001,58693.317,40.8659,0.820982
agro_holding_v2,agrarian,10,5,4382363.0,76801.0456,6111.0637,2450.0,59368.7842,73.8159,49824.2409,65414.9543,41.5349,0.768738
agro_holding_v2,agrarian,10,6,4657728.89,84481.1501,6294.3941,2450.0,65890.9777,70.6884,55693.3289,72826.9783,42.2198,0.719818
agro_holding_v2,agrarian,10,7,4966138.68,92929.2651,6483.2247,2450.0,73076.5551,67.958,62168.575,80998.9699,42.9207,0.674011
agro_holding_v2,agrarian,10,8,5311557.65,102222.1864,6677.7239,2450.0,80992.1824,65.5811,69311.1633,90007.4788,43.6376,0.63112
agro_holding_v2,agrarian,10,9,5698426.9,112444.4208,6878.0544,2450.0,89711.2387,63.5197,77188.455,99936.7737,44.3705,0.590958
agro_holding_v2,agrarian,10,10,6209444.05,139768.4083,7013.5501,2450.0,113365.2267,54.7738,98844.4016,127062.6285,21.6038,0.484794
agro_holding_v2,agrarian,10,11,6694732.83,153745.2439,7223.9579,2450.0,125342.0188,53.4117,109710.2583,140731.7887,40.5191,0.453944
agro_holding_v2,agrarian,10,12,7238256.27,169119.7736,7440.6804,2450.0,138529.3111,52.2507,121684.7983,155789.4093,41.2157,0.425057
agro_holding_v2,agrarian,10,13,7847002.52,186031.7404,7663.8967,2450.0,153048.5241,51.2713,134879.5473,172374.9712,41.9269,0.398007
agro_holding_v2,agrarian,10,14,8528798.32,204634.8935,7893.8131,2450.0,169033.24,50.4563,149417.1952,190641.9219,42.653,0.37268
agro_holding_v2,agrarian,10,15,9292409.61,225098.4038,8130.6305,2450.0,186630.4628,49.7904,165432.7773,210759.1387,43.3939,0.348964
agro_holding_v2,agrarian,10,16,10147654.26,247608.2285,8374.5499,2450.0,206001.8004,49.26,183074.758,232912.2847,44.15,0.326757
agro_holding_v2,agrarian,10,17,11105528.27,272369.0513,8625.7829,2450.0,227325.1435,48.8531,202506.5667,257305.7343,44.9214,0.305963
agro_holding_v2,agrarian,10,18,12178347.16,299605.9617,8884.5576,2450.0,250796.1215,48.5588,223907.9329,284164.2434,45.7083,0.286493
agro_holding_v2,agrarian,10,19,13379904.32,329566.6051,9151.0967,2450.0,276629.9923,48.3675,247476.639,313735.1318,46.5109,0.268262
agro_holding_v2,agrarian,10,20,15120325.5,433215.284,9218.2663,2450.0,366745.9054,41.2283,330294.8277,417285.5899,19.3131,0.205577
agro_holding_v2,agrarian,10,21,16627558.8,476536.8228,9494.8121,2450.0,404195.0493,41.1375,364537.2401,460202.7411,40.2475,0.192495
agro_holding_v2,agrarian,10,22,18315660.09,524190.5051,9779.6544,2450.0,445405.9402,41.1213,402232.9226,507439.904,40.9625,0.180245
agro_holding_v2,agrarian,10,23,20206333.54,576609.5137,10073.0482,2450.0,490755.2249,41.174,443728.0386,559429.8884,41.6914,0.168775
agro_holding_v2,agrarian,10,24,22323887.8,634270.465,10375.238,2450.0,540657.3475,41.2903,489403.515,616648.9533,42.4342,0.158035
agro_holding_v2,agrarian,10,25,24695548.57,697697.5535,10686.4953,2450.0,595568.1207,41.4655,539678.2999,679620.8963,43.1912,0.147978
agro_holding_v2,agrarian,10,26,27351808.63,767467.2721,11007.0914,2450.0,655988.8572,41.6955,595013.1805,748921.8133,43.9627,0.138561
agro_holding_v2,agrarian,10,27,30326819.9,844214.0256,11337.3034,2450.0,722471.2483,41.9765,655915.2653,825185.7041,44.7489,0.129744
agro_holding_v2,agrarian,10,28,33658832.52,928635.4281,11677.419,2450.0,795621.968,42.3051,722942.214,909109.7622,45.55,0.121487
agro_holding_v2,agrarian,10,29,37390686.66,1021498.9657,12027.7422,2450.0,876108.4644,42.6781,796707.5592,1001461.0288,46.3662,0.113756
agro_holding_v2,agrarian,10,30,45632223.52,1415797.5584,11954.9747,2450.0,1219211.5478,37.4277,1112255.5846,1395866.028,24.0206,0.081579
agro_holding_v2,agrarian,10,31,50313461.34,1557377.2775,12313.627,2450.0,1342073.876,37.4893,1224981.3816,1536921.2969,38.1015,0.076387
agro_holding_v2,agrarian,10,32,55556447.71,1713115.0158,12683.0352,2450.0,1477244.3231,37.6082,1349017.4598,1692118.8565,38.788,0.071526
agro_holding_v2,agrarian,10,33,61428592.45,1884426.5121,13063.5253,2450.0,1625954.2985,37.78,1485495.9217,1862873.9695,39.4872,0.066975
agro_holding_v2,agrarian,10,34,68005394.55,2072869.1895,13455.4284,2450.0,1789558.4722,38.0012,1635662.209,2050743.5745,40.1995,0.062713
agro_holding_v2,agrarian,10,35,75371412.91,2280156.1085,13859.092,2450.0,1969546.9043,38.2684,1800886.2488,2257440.2239,40.925,0.058722
agro_holding_v2,agrarian,10,36,83621353.47,2508171.7036,14274.8691,2450.0,2167558.746,38.5786,1982675.0593,2484847.8362,41.6639,0.054985
agro_holding_v2,agrarian,10,37,92861286.91,2758988.8844,14703.1125,2450.0,2385397.1216,38.9291,2182686.4388,2735038.8049,42.4165,0.051486
agro_holding_v2,agrarian,10,38,103210012.34,3034887.7624,15144.2077,2450.0,2625045.3925,39.3174,2402743.8983,3010292.6777,43.183,0.048209
agro_holding_v2,agrarian,10,39,114800584.83,3338376.5806,15598.535,2450.0,2888685.3997,39.7415,2644853.462,3313117.1419,43.9636,0.045142
agro_holding_v2,agrarian,10,40,144915378.97,4865683.8437,15311.3634,2450.0,4217692.5578,34.3589,3867130.0298,4840844.3305,22.6596,0.030402
agro_holding_v2,agrarian,10,41,159454593.09,5352252.2228,15770.7021,2450.0,4640607.423,34.3607,4255695.725,5326741.0274,34.3786,0.028467
agro_holding_v2,agrarian,10,42,175738512.93,5887477.4555,16243.8266,2450.0,5105841.7572,34.4191,4683166.2245,5861274.4193,35.0015,0.026656
agro_holding_v2,agrarian,10,43,193976503.14,6476225.1644,16731.1387,2450.0,5617628.3024,34.53,5153433.4235,6449309.5411,35.6359,0.024959
agro_holding_v2,agrarian,10,44,214403052.17,7123847.7123,17233.0726,2450.0,6180623.2365,34.6896,5670778.5609,7096198.1206,36.2819,0.023371
agro_holding_v2,agrarian,10,45,237280787.09,7836232.4625,17750.0682,2450.0,6799948.183,34.8945,6239910.8677,7807826.878,36.9398,0.021884
agro_holding_v2,agrarian,10,46,262903850.19,8619855.7036,18282.5708,2450.0,7481237.1255,35.1418,6866010.7066,8590671.4507,37.6097,0.020491
agro_holding_v2,agrarian,10,47,291601680.87,9481841.2949,18831.0473,2450.0,8230687.4154,35.4286,7554776.4649,9451855.0154,38.2918,0.019187
agro_holding_v2,agrarian,10,48,323743251.23,10430025.3981,19395.9755,2450.0,9055116.0977,35.7525,8312476.3553,10399213.035,38.9865,0.017966
agro_holding_v2,agrarian,10,49,359741810.03,11473027.9747,19977.8548,2450.0,9962022.1043,36.1113,9146005.5975,11441364.7405,39.6938,0.016823
agro_holding_v2,agrarian,10,50,466949806.8,17542259.739,19342.5591,2450.0,15242806.4466,30.6341,14002343.9526,17511525.4857,20.3015,0.010653
diesel_power_station,power_engineer,1,1,11000.0,1490.0,39.3333,8.0,1255.12,8.7641,1125.0,1426.0,,1.0
diesel_power_station,power_engineer,1,2,11550.0,1639.0,40.5133,8.0,1383.7234,8.347,1242.43,1573.32,4.2767,0.936364
diesel_power_station,power_engineer,1,3,12166.0,1802.9,41.7287,8.0,1525.259,7.9764,1371.7269,1735.4896,4.3523,0.876777
diesel_power_station,power_engineer,1,4,12855.92,1983.19,42.9806,8.0,1681.0222,7.6477,1514.0811,1913.9973,4.4293,0.820982
diesel_power_station,power_engineer,1,5,13628.63,2181.509,44.27,8.0,1852.4379,7.3571,1670.8022,2110.4805,4.5078,0.768738
diesel_power_station,power_engineer,1,6,14494.07,2399.6599,45.5981,8.0,2041.0738,7.1012,1843.3308,2326.7406,4.5879,0.719818
diesel_power_station,power_engineer,1,7,15463.36,2639.6259,46.966,8.0,2248.6541,6.8767,2033.2516,2564.759,4.6695,0.674011
diesel_power_station,power_engineer,1,8,16548.96,2903.5883,48.375,8.0,2477.0756,6.6808,2242.3081,2826.7154,4.7526,0.63112
diesel_power_station,power_engineer,1,9,17764.83,3193.9476,49.8263,8.0,2728.4256,6.511,2472.4187,3115.0085,4.8374,0.590958
diesel_power_station,power_engineer,1,10,22377.26,3970.0767,50.8079,8.0,3402.8039,6.5761,3091.8496,3889.7401,6.8395,0.484794
diesel_power_station,power_engineer,1,11,23902.45,4367.0842,52.3321,8.0,3746.8743,6.3793,3407.1692,4284.5775,4.4328,0.453944
diesel_power_station,power_engineer,1,12,25610.67,4803.7928,53.9021,8.0,4125.4449,6.208,3754.1811,4719.0508,4.5123,0.425057
diesel_power_station,power_engineer,1,13,27523.87,5284.1718,55.5191,8.0,4541.9678,6.0599,4136.0587,5197.1276,4.5933,0.398007
diesel_power_station,power_engineer,1,14,29666.66,5812.5883,57.1847,8.0,5000.2412,5.933,4556.2936,5723.1729,4.6758,0.37268
diesel_power_station,power_engineer,1,15,32066.58,6393.8478,58.9003,8.0,5504.4443,5.8256,5018.7278,6301.9898,4.7598,0.348964
diesel_power_station,power_engineer,1,16,34754.49,7033.2321,60.6673,8.0,6059.1714,5.7358,5527.5848,6938.8584,4.8455,0.326757
diesel_power_station,power_engineer,1,17,37764.95,7736.5553,62.4873,8.0,6669.4792,5.6624,6087.5134,7639.5904,4.9327,0.305963
diesel_power_station,power_engineer,1,18,41136.67,8510.211,64.3619,8.0,7340.9287,5.6037,6703.626,8410.5771,5.0216,0.286493
diesel_power_station,power_engineer,1,19,44912.99,9361.2334,66.2928,8.0,8079.6384,5.5588,7381.5476,9258.8505,5.112,0.268262
diesel_power_station,power_engineer,1,20,59569.44,12305.3408,66.7793,8.0,10640.5885,5.5983,9736.1036,12202.2651,5.7231,0.205577
diesel_power_station,power_engineer,1,21,64306.46,13535.8752,68.7827,8.0,11709.4105,5.4919,10717.5261,13429.9473,4.432,0.192495
diesel_power_station,power_engineer,1,22,69611.92,14889.4627,70.8462,8.0,12885.2364,5.4025,11797.3009,14780.597,4.5121,0.180245
diesel_power_station,power_engineer,1,23,75554.04,16378.4078,72.9716,8.0,14178.7695,5.3287,12985.2689,16266.516,4.5937,0.168775
diesel_power_station,power_engineer,1,24,82209.21,18016.2486,75.1607,8.0,15601.7864,5.2692,14292.2578,17901.2401,4.6768,0.158035
diesel_power_station,power_engineer,1,25,89663.0,19817.8746,77.4156,8.0,17167.2394,5.2229,15730.1764,19699.6559,4.7614,0.147978
diesel_power_station,power_engineer,1,26,98011.25,21799.661,79.738,8.0,18889.373,5.1887,17312.1218,21678.1357,4.8476,0.138561
diesel_power_station,power_engineer,1,27,107361.29,23979.6279,82.1302,8.0,20783.863,5.1656,19052.5071,23854.6968,4.9354,0.129744
diesel_power_station,power_engineer,1,28,117833.33,26377.5907,84.594,8.0,22867.9471,5.1528,20967.1815,26249.1517,5.0248,0.121487
diesel_power_station,power_engineer,1,29,129562.01,29015.3496,87.1319,8.0,25160.5894,5.1494,23073.5819,28883.2975,5.1158,0.113756
diesel_power_station,power_engineer,1,30,183724.56,40215.2743,86.6047,8.0,34904.9826,5.2636,32034.3124,40083.9727,5.5583,0.081579
diesel_power_station,power_engineer,1,31,198437.02,44236.8007,89.2029,8.0,38401.4501,5.1674,35247.6362,44101.8,4.2078,0.076387
diesel_power_station,power_engineer,1,32,214914.98,48660.4811,91.879,8.0,42247.7238,5.087,38782.5664,48521.6704,4.2841,0.071526
diesel_power_station,power_engineer,1,33,233370.29,53526.529,94.6353,8.0,46478.7875,5.021,42671.2702,53383.794,4.3619,0.066975
diesel_power_station,power_engineer,1,34,254040.24,58879.1827,97.4744,8.0,51133.1262,4.9682,46949.1346,58732.4056,4.441,0.062713
diesel_power_station,power_engineer,1,35,277190.58,64767.101,100.3986,8.0,56253.0711,4.9276,51655.0829,64616.1606,4.5216,0.058722
diesel_power_station,power_engineer,1,36,303118.96,71243.8106,103.4106,8.0,61885.188,4.8981,56831.9326,71088.582,4.6037,0.054985
diesel_power_station,power_engineer,1,37,332158.75,78368.192,106.5129,8.0,68080.7008,4.8789,62526.7842,78208.5465,4.6872,0.051486
diesel_power_station,power_engineer,1,38,364683.32,86205.0109,109.7083,8.0,74895.9532,4.8692,68791.4463,86040.816,4.7723,0.048209
diesel_power_station,power_engineer,1,39,401110.83,94825.5132,112.9996,8.0,82392.9268,4.8683,75682.9112,94656.6324,4.859,0.045142
diesel_power_station,power_engineer,1,40,534562.6,138208.1848,110.9192,8.0,120137.6611,4.4496,110392.169,138042.2659,3.5356,0.030402
diesel_power_station,power_engineer,1,41,580257.27,152029.0031,114.2468,8.0,132158.878,4.3906,121443.8323,151858.3467,3.8012,0.028467
diesel_power_station,power_engineer,1,42,631435.3,167231.9037,117.6742,8.0,145382.4197,4.3433,133601.0117,167056.3676,3.8702,0.026656
diesel_power_station,power_engineer,1,43,688754.7,183955.0931,121.2044,8.0,159928.5231,4.3066,146974.2678,183774.5309,3.9405,0.024959
diesel_power_station,power_engineer,1,44,752952.43,202350.6033,124.8405,8.0,175929.4536,4.2799,161685.2218,202164.8642,4.0121,0.023371
diesel_power_station,power_engineer,1,45,824853.88,222585.663,128.5858,8.0,193530.6972,4.2621,177867.6517,222394.5917,4.085,0.021884
diesel_power_station,power_engineer,1,46,905383.51,244844.2291,132.4434,8.0,212892.2936,4.2528,195668.7183,244647.6657,4.1592,0.020491
diesel_power_station,power_engineer,1,47,995576.69,269328.6527,136.4167,8.0,234190.2853,4.2511,215250.2971,269126.4323,4.2348,0.019187
diesel_power_station,power_engineer,1,48,1096593.05,296261.5172,140.5091,8.0,257618.317,4.2567,236790.45,296053.4703,4.3118,0.017966
diesel_power_station,power_engineer,1,49,1209731.38,325887.6699,144.7244,8.0,283389.4026,4.2688,260485.0493,325673.6216,4.3901,0.016823
diesel_power_station,power_engineer,1,50,1608536.34,498282.2463,140.1222,8.0,433376.688,3.7116,398407.6138,498074.7504,2.6589,0.010653
small_gas_chp,power_engineer,2,1,33493.55,3882.047,358.3333,22.4,3046.1429,10.9954,2545.7376,3434.647,,1.0
small_gas_chp,power_engineer,2,2,35093.55,4270.2517,369.0833,22.4,3374.5285,10.3995,2840.1764,3810.1017,4.8723,0.936364
small_gas_chp,power_engineer,2,3,36885.55,4697.2769,380.1558,22.4,3736.4073,9.8719,3165.1877,4223.9944,4.9519,0.876777
small_gas_chp,power_engineer,2,4,38892.59,5167.0046,391.5605,22.4,4135.1483,9.4054,3523.8629,4680.1956,5.0334,0.820982
small_gas_chp,power_engineer,2,5,41140.47,5683.705,403.3074,22.4,4574.4579,8.9935,3919.6029,5182.9637,5.1168,0.768738
small_gas_chp,power_engineer,2,6,43658.1,6252.0755,415.4065,22.4,5058.414,8.6308,4356.1506,5736.9841,5.2022,0.719818
small_gas_chp,power_engineer,2,7,46477.85,6877.2831,427.8686,22.4,5591.5026,8.3122,4837.6235,6347.411,5.2895,0.674011
small_gas_chp,power_engineer,2,8,49635.97,7565.011,440.7048,22.4,6178.6583,8.0335,5368.5515,7019.9145,5.3787,0.63112
small_gas_chp,power_engineer,2,9,53173.06,8321.5132,453.9259,22.4,6825.313,7.7906,5953.9217,7760.736,5.4698,0.590958
small_gas_chp,power_engineer,2,10,61849.22,10343.6405,462.8681,22.4,8576.7839,7.2112,7558.2102,9772.2573,4.9536,0.484794
small_gas_chp,power_engineer,2,11,66286.15,11378.0041,476.7543,22.4,9464.5994,7.0036,8364.8719,10790.1514,4.9976,0.453944
small_gas_chp,power_engineer,2,12,71255.51,12515.8049,491.0571,22.4,10442.0426,6.8239,9253.6582,11910.9883,5.084,0.425057
small_gas_chp,power_engineer,2,13,76821.19,13767.3846,505.7886,22.4,11518.1006,6.6696,10232.8249,13145.0959,5.1723,0.398007
small_gas_chp,power_engineer,2,14,83054.75,15144.1216,520.9622,22.4,12702.6606,6.5384,11311.4539,14503.8362,5.2623,0.37268
small_gas_chp,power_engineer,2,15,90036.34,16658.5353,536.5913,22.4,14006.6033,6.4281,12499.5413,15999.7131,5.3542,0.348964
small_gas_chp,power_engineer,2,16,97855.72,18324.3876,552.689,22.4,15441.8898,6.337,13808.0766,17646.4727,5.448,0.326757
small_gas_chp,power_engineer,2,17,106613.43,20156.8264,569.2695,22.4,17021.6865,6.2634,15249.1569,19459.2463,5.5436,0.305963
small_gas_chp,power_engineer,2,18,116422.06,22172.5094,586.3476,22.4,18760.4728,6.2057,16836.0861,21454.6738,5.6411,0.286493
small_gas_chp,power_engineer,2,19,127407.73,24389.7639,603.9382,22.4,20674.1803,6.1626,18583.5038,23651.065,5.7405,0.268262
small_gas_chp,power_engineer,2,20,154969.16,32060.3432,608.3712,22.4,27343.7277,5.6674,24713.3178,31316.3867,4.1324,0.205577
small_gas_chp,power_engineer,2,21,168749.58,35266.3783,626.6222,22.4,30117.0999,5.6031,27250.7694,34500.7753,4.9688,0.192495
small_gas_chp,power_engineer,2,22,184183.65,38793.0162,645.4207,22.4,33168.9201,5.5529,30043.8819,38005.1172,5.0573,0.180245
small_gas_chp,power_engineer,2,23,201469.81,42672.3147,664.7836,22.4,36527.064,5.5156,33118.2764,41861.4504,5.1475,0.168775
small_gas_chp,power_engineer,2,24,220830.31,46939.5461,684.727,22.4,40222.2047,5.4903,36502.1464,46105.0281,5.2394,0.158035
small_gas_chp,power_engineer,2,25,242514.07,51633.5039,705.2688,22.4,44288.0765,5.4758,40226.4999,50774.6223,5.3331,0.147978
small_gas_chp,power_engineer,2,26,266799.88,56796.8515,726.427,22.4,48761.7814,5.4715,44325.4408,55912.8754,5.4286,0.138561
small_gas_chp,power_engineer,2,27,293999.98,62476.5386,748.2197,22.4,53684.1495,5.4765,48836.5013,61566.7152,5.5258,0.129744
small_gas_chp,power_engineer,2,28,324464.1,68724.1925,770.6661,22.4,59100.08,5.4901,53800.9549,67787.7467,5.6249,0.121487
small_gas_chp,power_engineer,2,29,358583.91,75596.6113,793.7861,22.4,65058.97,5.5117,59264.2099,74632.7441,5.7259,0.113756
small_gas_chp,power_engineer,2,30,470209.67,104776.9027,788.9837,22.4,90450.0015,5.1986,82615.6466,103818.7314,4.3963,0.081579
small_gas_chp,power_engineer,2,31,513009.56,115254.5903,812.6534,22.4,99544.9971,5.1535,90962.2921,114268.3455,4.7059,0.076387
small_gas_chp,power_engineer,2,32,560945.44,126780.0501,837.033,22.4,109550.9369,5.1204,100146.0906,125764.89,4.7907,0.071526
small_gas_chp,power_engineer,2,33,614633.62,139458.0547,862.1439,22.4,120558.9544,5.0982,110250.8279,138413.1119,4.8772,0.066975
small_gas_chp,power_engineer,2,34,674764.38,153403.8621,888.0081,22.4,132669.305,5.0861,121368.6776,152328.2433,4.9652,0.062713
small_gas_chp,power_engineer,2,35,742110.83,168744.2483,914.6483,22.4,145992.264,5.0832,133601.0262,167637.0329,5.0549,0.058722
small_gas_chp,power_engineer,2,36,817538.86,185618.672,942.0881,22.4,160649.14,5.089,147059.4055,184478.9117,5.1463,0.054985
small_gas_chp,power_engineer,2,37,902018.25,204180.54,970.3505,22.4,176773.3768,5.1027,161866.5062,203007.2591,5.2393,0.051486
small_gas_chp,power_engineer,2,38,996635.17,224598.5932,999.4612,22.4,194511.7569,5.1238,178157.2828,223390.7858,5.334,0.048209
small_gas_chp,power_engineer,2,39,1102606.12,247058.4556,1029.4451,22.4,214025.7512,5.1517,196080.1969,245815.0859,5.4305,0.045142
small_gas_chp,power_engineer,2,40,1427081.98,360087.6974,1010.4928,22.4,312377.68,4.5685,286532.0187,358866.8059,3.2991,0.030402
small_gas_chp,power_engineer,2,41,1560011.94,396096.4668,1040.8075,22.4,343678.9356,4.5392,315293.5622,394839.6207,4.2468,0.028467
small_gas_chp,power_engineer,2,42,1708893.49,435706.1142,1072.0319,22.4,378112.1636,4.5195,346934.4435,434412.2345,4.3238,0.026656
small_gas_chp,power_engineer,2,43,1875640.83,479276.7229,1104.1927,22.4,415990.6133,4.5089,381742.6893,477944.699,4.4022,0.024959
small_gas_chp,power_engineer,2,44,2062397.85,527204.3975,1137.3185,22.4,457658.8708,4.5064,420035.1403,525833.0849,4.482,0.023371
small_gas_chp,power_engineer,2,45,2271565.71,579924.8357,1171.4382,22.4,503495.9678,4.5116,462160.3112,578513.0555,4.5633,0.021884
small_gas_chp,power_engineer,2,46,2505833.72,637917.3189,1206.5814,22.4,553918.8536,4.5238,508501.583,636463.8572,4.6461,0.020491
small_gas_chp,power_engineer,2,47,2768213.89,701709.0524,1242.7788,22.4,609386.17,4.5426,559480.6736,700212.6589,4.7304,0.019187
small_gas_chp,power_engineer,2,48,3062079.68,771879.9557,1280.062,22.4,670402.4195,4.5675,615561.4716,770339.3426,4.8162,0.017966
small_gas_chp,power_engineer,2,49,3391209.36,849067.954,1318.4639,22.4,737522.5684,4.5981,677254.2674,847481.7945,4.9036,0.016823
small_gas_chp,power_engineer,2,50,4449977.55,1298224.8991,1276.5367,22.4,1128325.5873,3.9439,1036642.7142,1296688.4672,2.7092,0.010653
wind_park_v2,power_engineer,3,1,77509.2,4988.363,0,52.5,4294.2008,18.0497,3938.1904,4935.863,,1.0
wind_park_v2,power_engineer,3,2,81259.2,5487.1993,0,52.5,4728.1884,17.1861,4337.2594,5434.6993,8.6408,0.936364
wind_park_v2,power_engineer,3,3,85459.2,6035.9192,0,52.5,5205.5747,16.4169,4776.2354,5983.4192,8.7979,0.876777
wind_park_v2,power_engineer,3,4,90163.2,6639.5112,0,52.5,5730.6997,15.7334,5259.1089,6587.0112,8.9579,0.820982
wind_park_v2,power_engineer,3,5,95431.68,7303.4623,0,52.5,6308.3372,15.1279,5790.2698,7250.9623,9.1207,0.768738
wind_park_v2,power_engineer,3,6,101332.38,8033.8085,0,52.5,6943.7384,14.5933,6374.5468,7981.3085,9.2866,0.719818
wind_park_v2,power_engineer,3,7,107941.16,8837.1893,0,52.5,7642.6797,14.1235,7017.2515,8784.6893,9.4554,0.674011
wind_park_v2,power_engineer,3,8,115343.0,9720.9078,0,52.5,8411.5148,13.7125,7724.2262,9668.4078,9.6273,0.63112
wind_park_v2,power_engineer,3,9,123633.06,10693.0001,0,52.5,9257.235,13.3553,8501.9,10640.5001,9.8024,0.590958
wind_park_v2,power_engineer,3,10,140457.8,13291.3984,0,52.5,11517.8416,12.1948,10580.6187,13238.8984,7.4426,0.484794
wind_park_v2,power_engineer,3,11,150856.85,14620.5378,0,52.5,12674.1929,11.9027,11643.9302,14568.0378,8.993,0.453944
wind_park_v2,power_engineer,3,12,162503.78,16082.5921,0,52.5,13946.1801,11.6522,12813.5736,16030.0921,9.1565,0.425057
wind_park_v2,power_engineer,3,13,175548.34,17690.8503,0,52.5,15345.3647,11.4398,14100.1802,17638.3503,9.323,0.398007
wind_park_v2,power_engineer,3,14,190158.25,19459.9333,0,52.5,16884.467,11.2623,15515.4466,19407.4333,9.4925,0.37268
wind_park_v2,power_engineer,3,15,206521.35,21405.9286,0,52.5,18577.4829,11.1168,17072.2429,21353.4286,9.6651,0.348964
wind_park_v2,power_engineer,3,16,224848.02,23546.52,0,52.5,20439.7974,11.0005,18784.716,23494.02,9.8408,0.326757
wind_park_v2,power_engineer,3,17,245373.89,25901.172,0,52.5,22488.3446,10.9112,20668.4376,25848.672,10.0197,0.305963
wind_park_v2,power_engineer,3,18,268362.87,28491.2897,0,52.5,24741.747,10.8466,22740.5317,28438.7897,10.2019,0.286493
wind_park_v2,power_engineer,3,19,294110.52,31340.4231,0,52.5,27220.4931,10.8047,25019.8385,31287.9231,10.3874,0.268262
wind_park_v2,power_engineer,3,20,348429.23,41196.9845,0,52.5,35795.7015,9.7338,32905.0876,41144.4845,6.3344,0.205577
wind_park_v2,power_engineer,3,21,380727.09,45316.6839,0,52.5,39379.84,9.6681,36200.8471,45264.1839,9.0113,0.192495
wind_park_v2,power_engineer,3,22,416900.69,49848.3523,0,52.5,43322.3915,9.6232,39826.1818,49795.8523,9.1752,0.180245
wind_park_v2,power_engineer,3,23,457415.12,54833.1835,0,52.5,47659.1947,9.5976,43814.0468,54780.6835,9.342,0.168775
wind_park_v2,power_engineer,3,24,502791.28,60316.5019,0,52.5,52429.6816,9.5898,48200.7015,60264.0019,9.5119,0.158035
wind_park_v2,power_engineer,3,25,553612.58,66348.1561,0,52.5,57677.2208,9.5985,53026.0249,66295.6561,9.6848,0.147978
wind_park_v2,power_engineer,3,26,610532.44,72982.9682,0,52.5,63449.5073,9.6223,58333.8745,72930.4682,9.8609,0.138561
wind_park_v2,power_engineer,3,27,674282.68,80281.2675,0,52.5,69799.0277,9.6603,64172.514,80228.7675,10.0402,0.129744
wind_park_v2,power_engineer,3,28,745682.95,88309.3942,0,52.5,76783.498,9.7115,70595.0154,88256.8942,10.2227,0.121487
wind_park_v2,power_engineer,3,29,825651.25,97140.3332,0,52.5,84466.4149,9.7749,77659.7665,97087.8332,10.4086,0.113756
wind_park_v2,power_engineer,3,30,1055965.12,134636.501,0,52.5,117088.0809,9.0186,107656.7008,134584.001,7.0602,0.081579
wind_park_v2,power_engineer,3,31,1156277.36,148100.1476,0,52.5,128801.4534,8.9772,118427.6181,148047.6476,8.5639,0.076387
wind_park_v2,power_engineer,3,32,1268627.07,162910.1634,0,52.5,141686.1671,8.9538,130275.6307,162857.6634,8.7196,0.071526
wind_park_v2,power_engineer,3,33,1394458.74,179201.1792,0,52.5,155859.3509,8.9469,143308.4434,179148.6792,8.8782,0.066975
wind_park_v2,power_engineer,3,34,1535390.21,197121.2996,0,52.5,171449.8557,8.9553,157644.5397,197068.7996,9.0396,0.062713
wind_park_v2,power_engineer,3,35,1693233.46,216833.4296,0,52.5,188599.4087,8.9779,173414.2437,216780.9296,9.2039,0.058722
wind_park_v2,power_engineer,3,36,1870017.9,238516.7711,0,52.5,207463.9158,9.0137,190760.9168,238464.2711,9.3713,0.054985
wind_park_v2,power_engineer,3,37,2068016.47,262368.4492,0,52.5,228214.8758,9.0617,209842.2593,262315.9492,9.5417,0.051486
wind_park_v2,power_engineer,3,38,2289774.87,288605.2931,0,52.5,251040.93,9.1211,230831.7345,288552.7931,9.7151,0.048209
wind_park_v2,power_engineer,3,39,2538144.28,317465.8264,0,52.5,276149.5939,9.1912,253920.1611,317413.3264,9.8918,0.045142
wind_park_v2,power_engineer,3,40,3264886.98,462706.4398,0,52.5,402508.9276,8.1113,370112.6518,462653.9398,5.7514,0.030402
wind_park_v2,power_engineer,3,41,3576441.57,508977.0833,0,52.5,442764.3875,8.0775,407129.1666,508924.5833,7.7394,0.028467
wind_park_v2,power_engineer,3,42,3925382.71,559874.7926,0,52.5,487045.3946,8.0596,447847.3341,559822.2926,7.8802,0.026656
wind_park_v2,power_engineer,3,43,4316196.79,615862.2684,0,52.5,535754.4985,8.0563,492637.3147,615809.7684,8.0234,0.024959
wind_park_v2,power_engineer,3,44,4753908.55,677448.4982,0,52.5,589334.5184,8.0666,541906.2986,677395.9982,8.1693,0.023371
wind_park_v2,power_engineer,3,45,5244145.73,745193.346,0,52.5,648272.536,8.0894,596102.1768,745140.846,8.3178,0.021884
wind_park_v2,power_engineer,3,46,5793211.37,819712.6801,0,52.5,713104.3567,8.1239,655717.6441,819660.1801,8.4691,0.020491
wind_park_v2,power_engineer,3,47,6408164.88,901683.9501,0,52.5,784419.3616,8.1693,721294.6601,901631.4501,8.6231,0.019187
wind_park_v2,power_engineer,3,48,7096912.82,991852.3427,0,52.5,862865.8631,8.2248,793429.3741,991799.8427,8.7798,0.017966
wind_park_v2,power_engineer,3,49,7868310.51,1091037.5804,0,52.5,949157.02,8.2898,872777.5643,1090985.0804,8.9395,0.016823
wind_park_v2,power_engineer,3,50,10280686.75,1668196.4572,0,52.5,1451285.2428,7.0838,1334504.6658,1668143.9572,4.8043,0.010653
solar_park_v2,power_engineer,4,1,117902.08,5536.121,0,77.0,4749.4353,24.8244,4351.8968,5459.121,,1.0
solar_park_v2,power_engineer,4,2,123402.08,6089.7331,0,77.0,5231.0778,23.5902,4794.7865,6012.7331,11.4193,0.936364
solar_park_v2,power_engineer,4,3,129562.08,6698.7064,0,77.0,5760.8846,22.49,5281.9651,6621.7064,11.6269,0.876777
solar_park_v2,power_engineer,4,4,136461.28,7368.5771,0,77.0,6343.672,21.5114,5817.8616,7291.5771,11.8383,0.820982
solar_park_v2,power_engineer,4,5,144188.38,8105.4348,0,77.0,6984.7382,20.6433,6407.3478,8028.4348,12.0535,0.768738
solar_park_v2,power_engineer,4,6,152842.74,8915.9782,0,77.0,7689.9111,19.8757,7055.7826,8838.9782,12.2727,0.719818
solar_park_v2,power_engineer,4,7,162535.62,9807.5761,0,77.0,8465.6012,19.1995,7769.0608,9730.5761,12.4958,0.674011
solar_park_v2,power_engineer,4,8,173391.64,10788.3331,0,77.0,9318.8598,18.6065,8553.6665,10711.3331,12.723,0.63112
solar_park_v2,power_engineer,4,9,185550.39,11867.1681,0,77.0,10257.4462,18.0893,9416.7345,11790.1681,12.9543,0.590958
solar_park_v2,power_engineer,4,10,209394.68,14750.8892,0,77.0,12766.2836,16.4022,11723.7114,14673.8892,9.5041,0.484794
solar_park_v2,power_engineer,4,11,224646.61,16225.9776,0,77.0,14049.6105,15.9895,12903.7821,16148.9776,11.8847,0.453944
solar_park_v2,power_engineer,4,12,241728.78,17848.5759,0,77.0,15461.271,15.6345,14201.8607,17771.5759,12.1008,0.425057
solar_park_v2,power_engineer,4,13,260860.8,19633.4324,0,77.0,17014.0962,15.332,15629.7459,19556.4324,12.3208,0.398007
solar_park_v2,power_engineer,4,14,282288.67,21596.7734,0,77.0,18722.2029,15.0777,17200.4187,21519.7734,12.5448,0.37268
solar_park_v2,power_engineer,4,15,306287.88,23756.453,0,77.0,20601.1241,14.8675,18928.1624,23679.453,12.7729,0.348964
solar_park_v2,power_engineer,4,16,333167.0,26132.0966,0,77.0,22667.934,14.6977,20828.6773,26055.0966,13.0051,0.326757
solar_park_v2,power_engineer,4,17,363271.61,28745.3063,0,77.0,24941.4264,14.565,22919.245,28668.3063,13.2416,0.305963
solar_park_v2,power_engineer,4,18,396988.78,31619.8374,0,77.0,27442.2686,14.4663,25218.8699,31542.8374,13.4823,0.286493
solar_park_v2,power_engineer,4,19,434752.0,34781.8262,0,77.0,30193.1988,14.399,27748.4609,34704.8262,13.7274,0.268262
solar_park_v2,power_engineer,4,20,505130.51,45720.7085,0,77.0,39710.0264,12.7205,36499.5668,45643.7085,7.3952,0.205577
solar_park_v2,power_engineer,4,21,552500.7,50292.7805,0,77.0,43687.729,12.6466,40157.2244,50215.7805,11.9089,0.192495
solar_park_v2,power_engineer,4,22,605555.31,55322.0586,0,77.0,48063.2009,12.5991,44180.6468,55245.0586,12.1255,0.180245
solar_park_v2,power_engineer,4,23,664976.48,60854.26,0,77.0,52876.2162,12.5761,48606.408,60777.26,12.3459,0.168775
solar_park_v2,power_engineer,4,24,731528.19,66939.686,0,77.0,58170.5368,12.5756,53474.7488,66862.686,12.5704,0.158035
solar_park_v2,power_engineer,4,25,806066.1,73633.659,0,77.0,63994.2933,12.5959,58829.9272,73556.659,12.7989,0.147978
solar_park_v2,power_engineer,4,26,889548.56,80997.021,0,77.0,70400.4183,12.6356,64720.6168,80920.021,13.0317,0.138561
solar_park_v2,power_engineer,4,27,983048.91,89096.7259,0,77.0,77447.1615,12.6932,71200.3807,89019.7259,13.2686,0.129744
solar_park_v2,power_engineer,4,28,1087769.31,98006.3985,0,77.0,85198.5767,12.7675,78328.1188,97929.3985,13.5098,0.121487
solar_park_v2,power_engineer,4,29,1205056.15,107807.0378,0,77.0,93725.1329,12.8573,86168.6302,107730.0378,13.7555,0.113756
solar_park_v2,power_engineer,4,30,1535428.22,149420.5535,0,77.0,129928.8916,11.8175,119459.4428,149343.5535,9.1254,0.081579
solar_park_v2,power_engineer,4,31,1682552.84,164362.605,0,77.0,142928.4763,11.772,131413.084,164285.605,11.3176,0.076387
solar_park_v2,power_engineer,4,32,1847332.41,180798.8666,0,77.0,157228.0239,11.7494,144562.0933,180721.8666,11.5234,0.071526
solar_park_v2,power_engineer,4,33,2031885.53,198878.7527,0,77.0,172957.5249,11.7479,159026.0022,198801.7527,11.7329,0.066975
solar_park_v2,power_engineer,4,34,2238585.02,218766.6307,0,77.0,190259.9787,11.7659,174936.3046,218689.6307,11.9463,0.062713
solar_park_v2,power_engineer,4,35,2470088.45,240643.2938,0,77.0,209292.6756,11.8021,192437.6351,240566.2938,12.1635,0.058722
solar_park_v2,power_engineer,4,36,2729372.3,264707.6215,0,77.0,230228.6407,11.8551,211689.0972,264630.6215,12.3846,0.054985
solar_park_v2,power_engineer,4,37,3019770.21,291178.3848,0,77.0,253258.2048,11.9237,232865.7078,291101.3848,12.6098,0.051486
solar_park_v2,power_engineer,4,38,3345015.87,320296.2222,0,77.0,278590.7233,12.0069,256159.9777,320219.2222,12.8391,0.048209
solar_park_v2,power_engineer,4,39,3709291.01,352325.8488,0,77.0,306456.4985,12.1038,281783.6791,352248.8488,13.0725,0.045142
solar_park_v2,power_engineer,4,40,4763585.36,513514.9223,0,77.0,446690.9924,10.6642,410734.9378,513437.9223,7.5181,0.030402
solar_park_v2,power_engineer,4,41,5220532.09,564866.4139,0,77.0,491366.7901,10.6245,451816.1312,564789.4139,10.2281,0.028467
solar_park_v2,power_engineer,4,42,5732312.43,621353.0564,0,77.0,540510.1691,10.6054,497005.4452,621276.0564,10.414,0.026656
solar_park_v2,power_engineer,4,43,6305506.41,683488.3582,0,77.0,594567.8817,10.6052,546713.6866,683411.3582,10.6034,0.024959
solar_park_v2,power_engineer,4,44,6947483.67,751837.1974,0,77.0,654031.3717,10.6226,601392.7579,751760.1974,10.7962,0.023371
solar_park_v2,power_engineer,4,45,7666498.2,827020.9149,0,77.0,719441.2059,10.6562,661539.7319,826943.9149,10.9925,0.021884
solar_park_v2,power_engineer,4,46,8471794.47,909723.0058,0,77.0,791392.0251,10.7049,727701.4047,909646.0058,11.1923,0.020491
solar_park_v2,power_engineer,4,47,9373726.29,1000695.3086,0,77.0,870537.9285,10.7677,800479.2469,1000618.3086,11.3958,0.019187
solar_park_v2,power_engineer,4,48,10383889.93,1100764.8367,0,77.0,957598.4179,10.8437,880534.8694,1100687.8367,11.603,0.017966
solar_park_v2,power_engineer,4,49,11515273.21,1210841.3243,0,77.0,1053364.9621,10.9319,968596.0594,1210764.3243,11.814,0.016823
solar_park_v2,power_engineer,4,50,15037042.78,1851376.3812,0,77.0,1610630.4616,9.3361,1481024.1049,1851299.3812,6.3197,0.010653
coal_tpp_v2,power_engineer,5,1,250515.06,10573.572,873.3333,168.0,8293.0476,30.2078,6980.8576,9365.572,,1.0
coal_tpp_v2,power_engineer,5,2,262515.06,11630.9292,899.5333,168.0,9190.1544,28.5648,7787.4434,10391.7292,13.3763,0.936364
coal_tpp_v2,power_engineer,5,3,275955.06,12794.0221,926.5193,168.0,10178.5674,27.1114,8677.4387,11522.6861,13.5976,0.876777
coal_tpp_v2,power_engineer,5,4,291007.86,14073.4243,954.3149,168.0,11267.4652,25.8273,9659.2671,12768.9883,13.8239,0.820982
coal_tpp_v2,power_engineer,5,5,307867.0,15480.7668,982.9445,168.0,12466.9453,24.6947,10742.1966,14142.2374,14.0554,0.768738
coal_tpp_v2,power_engineer,5,6,326749.23,17028.8434,1012.4326,168.0,13788.1174,23.6979,11936.4258,15655.1985,14.292,0.719818
coal_tpp_v2,power_engineer,5,7,347897.33,18731.7278,1042.8054,168.0,15243.2025,22.8231,13253.1741,17321.9137,14.5339,0.674011
coal_tpp_v2,power_engineer,5,8,371583.2,20604.8995,1074.09,168.0,16845.6443,22.0581,14704.7847,19157.8305,14.7811,0.63112
coal_tpp_v2,power_engineer,5,9,398111.38,22665.3926,1106.3125,168.0,18610.2397,21.3921,16304.8454,21179.9518,15.0336,0.590958
coal_tpp_v2,power_engineer,5,10,441927.92,28173.0817,1128.1065,168.0,23382.9684,18.8996,20678.3056,26661.6877,9.1806,0.484794
coal_tpp_v2,power_engineer,5,11,475204.87,30990.3888,1161.9499,168.0,25804.5818,18.4155,22881.3862,29438.6927,13.7416,0.453944
coal_tpp_v2,power_engineer,5,12,512475.05,34089.4287,1196.809,168.0,28470.4192,18.0003,25308.3295,32496.2211,13.9807,0.425057
coal_tpp_v2,power_engineer,5,13,554217.65,37498.3695,1232.7126,168.0,31404.9615,17.6475,27981.6267,35862.4064,14.2246,0.398007
coal_tpp_v2,power_engineer,5,14,600969.36,41248.2022,1269.6939,168.0,34635.1422,17.3514,30926.0209,39568.2003,14.4734,0.37268
coal_tpp_v2,power_engineer,5,15,653331.28,45373.0267,1307.7852,168.0,38190.6001,17.1071,34168.7435,43647.6641,14.7272,0.348964
coal_tpp_v2,power_engineer,5,16,711976.63,49910.3262,1347.0189,168.0,42103.9174,16.91,37739.7327,48138.2427,14.9861,0.326757
coal_tpp_v2,power_engineer,5,17,777659.42,54901.3588,1387.4289,168.0,46410.959,16.7559,41671.9437,53081.1534,15.2501,0.305963
coal_tpp_v2,power_engineer,5,18,851224.14,60391.4957,1429.0519,168.0,51151.1661,16.6413,46001.6187,58521.724,15.5193,0.286493
coal_tpp_v2,power_engineer,5,19,933616.63,66430.6548,1471.9239,168.0,56367.9359,16.5629,50768.6381,64509.8295,15.7938,0.268262
coal_tpp_v2,power_engineer,5,20,1079419.62,87323.092,1482.7279,168.0,74534.9568,14.4821,67466.3818,85389.4008,8.0257,0.205577
coal_tpp_v2,power_engineer,5,21,1182772.76,96055.4034,1527.2094,168.0,82093.3688,14.4077,74385.5087,94068.7418,13.6739,0.192495
coal_tpp_v2,power_engineer,5,22,1298528.28,105660.9437,1573.0253,168.0,90410.329,14.3626,82001.217,103619.7227,13.918,0.180245
coal_tpp_v2,power_engineer,5,23,1428174.46,116227.0296,1620.2167,168.0,99561.7672,14.3446,90383.2986,114129.6112,14.1668,0.168775
coal_tpp_v2,power_engineer,5,24,1573378.18,127849.7326,1668.823,168.0,109631.2313,14.3516,99608.5516,125694.4319,14.4202,0.158035
coal_tpp_v2,power_engineer,5,25,1736006.35,140634.7143,1718.8877,168.0,120710.6091,14.3816,109761.4399,138419.7946,14.6785,0.147978
coal_tpp_v2,power_engineer,5,26,1918149.9,154698.1783,1770.4545,168.0,132900.9597,14.4329,120934.8609,152421.8508,14.9416,0.138561
coal_tpp_v2,power_engineer,5,27,2122150.67,170168.0014,1823.568,168.0,146313.4971,14.5041,133231.0491,167828.4242,15.2097,0.129744
coal_tpp_v2,power_engineer,5,28,2350631.54,187184.8016,1878.2745,168.0,161070.5185,14.5938,146762.4295,184780.0777,15.4829,0.121487
coal_tpp_v2,power_engineer,5,29,2606530.11,205903.2807,1934.6228,168.0,177306.5723,14.7007,161652.6903,203431.455,15.7611,0.113756
coal_tpp_v2,power_engineer,5,30,3258187.79,285381.9454,1922.9184,168.0,246463.1935,13.2198,225253.1787,282924.0578,9.4229,0.081579
coal_tpp_v2,power_engineer,5,31,3579186.96,313920.1325,1980.6065,168.0,271241.2277,13.1956,247997.1963,311393.5477,12.955,0.076387
coal_tpp_v2,power_engineer,5,32,3938706.03,345312.1479,2040.0246,168.0,298500.5873,13.195,273021.6815,342714.8057,13.1888,0.071526
coal_tpp_v2,power_engineer,5,33,4341367.38,379843.3616,2101.2252,168.0,328489.4987,13.2162,300554.8516,377173.1393,13.427,0.066975
coal_tpp_v2,power_engineer,5,34,4792348.1,417827.7031,2164.2615,168.0,361481.0342,13.2575,330847.7702,415082.4146,13.6696,0.062713
coal_tpp_v2,power_engineer,5,35,5297446.5,459610.4734,2229.1894,168.0,397775.557,13.3177,364176.5945,456787.8661,13.9167,0.058722
coal_tpp_v2,power_engineer,5,36,5863156.71,505571.5175,2296.0658,168.0,437703.483,13.3953,400845.1153,502669.2712,14.1683,0.054985
coal_tpp_v2,power_engineer,5,37,6496752.14,556128.6714,2364.9474,168.0,481628.2799,13.4891,441187.5161,553144.3982,14.4246,0.051486
coal_tpp_v2,power_engineer,5,38,7206379.03,611741.5364,2435.8961,168.0,529949.7471,13.5982,485571.385,608672.7747,14.6855,0.048209
coal_tpp_v2,power_engineer,5,39,8001161.14,672915.6985,2508.9731,168.0,583107.6911,13.7216,534401.0991,669759.9137,14.9513,0.045142
coal_tpp_v2,power_engineer,5,40,10124315.76,980774.6261,2462.7825,168.0,850985.1439,11.8972,780757.5271,977673.8469,7.9258,0.030402
coal_tpp_v2,power_engineer,5,41,11121290.44,1078852.0876,2536.6657,168.0,936248.2571,11.8786,859108.6716,1075663.3255,11.6929,0.028467
coal_tpp_v2,power_engineer,5,42,12237902.09,1186737.2985,2612.7662,168.0,1030042.1831,11.881,945302.6895,1183457.9128,11.9049,0.026656
coal_tpp_v2,power_engineer,5,43,13488507.13,1305411.021,2691.1487,168.0,1133220.1289,11.9028,1040124.0937,1302038.2942,12.1209,0.024959
coal_tpp_v2,power_engineer,5,44,14889184.78,1435952.1294,2771.8831,168.0,1246720.6542,11.9427,1144435.8788,1432483.2609,12.3407,0.023371
coal_tpp_v2,power_engineer,5,45,16457943.75,1579547.3381,2855.0402,168.0,1371576.1392,11.9993,1259187.3102,1575979.4429,12.5646,0.021884
coal_tpp_v2,power_engineer,5,46,18214953.79,1737502.0709,2940.6915,168.0,1508922.2401,12.0715,1385422.6195,1733832.1787,12.7926,0.020491
coal_tpp_v2,power_engineer,5,47,20182805.04,1911252.2822,3028.9121,168.0,1660008.1719,12.1583,1524290.4575,1907477.3334,13.0247,0.019187
coal_tpp_v2,power_engineer,5,48,22386798.44,2102377.5051,3119.779,168.0,1826208.0617,12.2586,1677054.3356,2098494.3485,13.2611,0.017966
coal_tpp_v2,power_engineer,5,49,24855271.04,2312615.263,3213.3724,168.0,2009033.4849,12.3718,1845104.1519,2308620.6517,13.5018,0.016823
coal_tpp_v2,power_engineer,5,50,32386480.93,3535988.7303,3111.1871,168.0,3073457.3025,10.5375,2823956.2035,3532115.8052,7.0754,0.010653
gas_turbine_v2,power_engineer,6,1,433277.8,13109.168,830.0,294.0,10427.0962,41.5531,8948.3344,11885.168,,1.0
gas_turbine_v2,power_engineer,6,2,454277.8,14420.0848,854.9,294.0,11545.9308,39.3453,9959.7178,13168.1848,18.7695,0.936364
gas_turbine_v2,power_engineer,6,3,477797.8,15862.0933,880.547,294.0,12778.1653,37.3917,11074.8541,14581.4563,19.0873,0.876777
gas_turbine_v2,power_engineer,6,4,504140.2,17448.3026,906.9634,294.0,14135.1851,35.6656,12304.197,16138.0665,19.4119,0.820982
gas_turbine_v2,power_engineer,6,5,533643.69,19193.1329,934.1725,294.0,15629.5155,34.1433,13659.2476,17852.4095,19.7436,0.768738
gas_turbine_v2,power_engineer,6,6,566687.6,21112.4462,962.1974,294.0,17274.9364,32.804,15152.6608,19740.3213,20.0823,0.719818
gas_turbine_v2,power_engineer,6,7,603696.78,23223.6908,991.0632,294.0,19086.606,31.6293,16798.3579,21819.2224,20.4282,0.674011
gas_turbine_v2,power_engineer,6,8,645147.06,25546.0585,1020.7954,294.0,21081.1989,30.603,18611.6537,24108.2757,20.7813,0.63112
gas_turbine_v2,power_engineer,6,9,691571.37,28100.6683,1051.4191,294.0,23277.0668,29.7104,20609.406,26628.5722,21.1417,0.590958
gas_turbine_v2,power_engineer,6,10,763325.93,34929.1291,1072.1318,294.0,29199.8077,26.1415,26041.1056,33433.8248,12.1151,0.484794
gas_turbine_v2,power_engineer,6,11,821560.58,38422.0407,1104.2959,294.0,32210.6579,25.5059,28787.1887,36890.697,19.3416,0.453944
gas_turbine_v2,power_engineer,6,12,886783.39,42264.246,1137.4254,294.0,35524.554,24.9625,31811.2588,40695.7815,19.6816,0.425057
gas_turbine_v2,power_engineer,6,13,959832.94,46490.668,1171.5475,294.0,39171.8549,24.5031,35141.2132,44883.9702,20.0284,0.398007
gas_turbine_v2,power_engineer,6,14,1041648.44,51139.7296,1206.6938,294.0,43185.9611,24.1201,38807.7429,49493.6509,20.382,0.37268
gas_turbine_v2,power_engineer,6,15,1133281.8,56253.7078,1242.8951,294.0,47603.627,23.8066,42844.6235,54567.0663,20.7425,0.348964
gas_turbine_v2,power_engineer,6,16,1235911.16,61879.0746,1280.182,294.0,52465.2565,23.5568,47288.9866,60150.6538,21.1101,0.326757
gas_turbine_v2,power_engineer,6,17,1350856.04,68066.9821,1318.587,294.0,57815.3237,23.365,52181.7052,66295.5292,21.4848,0.305963
gas_turbine_v2,power_engineer,6,18,1479594.31,74873.6816,1358.1448,294.0,63702.737,23.2265,57567.7281,73057.9049,21.8667,0.286493
gas_turbine_v2,power_engineer,6,19,1623781.17,82361.0616,1398.8895,294.0,70181.3097,23.1369,63496.515,80499.6312,22.256,0.268262
gas_turbine_v2,power_engineer,6,20,1862186.77,108263.6108,1409.1574,294.0,92707.5945,20.0867,84203.1525,106390.6754,10.5834,0.205577
gas_turbine_v2,power_engineer,6,21,2043054.77,119089.9745,1451.4318,294.0,102089.7522,20.0123,92800.8319,117169.6714,19.2779,0.192495
gas_turbine_v2,power_engineer,6,22,2245626.92,130998.972,1494.9744,294.0,112412.6979,19.9766,102262.7159,129029.8801,19.6235,0.180245
gas_turbine_v2,power_engineer,6,23,2472507.73,144098.8587,1539.8243,294.0,123770.5799,19.9765,112675.3505,142079.5134,19.9756,0.168775
gas_turbine_v2,power_engineer,6,24,2726614.24,158508.7445,1586.0188,294.0,136266.9914,20.0094,124133.9675,156437.6392,20.3344,0.158035
gas_turbine_v2,power_engineer,6,25,3011213.53,174359.6295,1633.5994,294.0,150015.8662,20.0726,136743.3045,172235.2109,20.6998,0.147978
gas_turbine_v2,power_engineer,6,26,3329964.74,191795.5833,1682.6075,294.0,165142.5089,20.1642,150618.5553,189616.2519,21.0722,0.138561
gas_turbine_v2,power_engineer,6,27,3686966.09,210975.1481,1733.0857,294.0,181784.8144,20.282,165886.49,208739.257,21.4514,0.129744
gas_turbine_v2,power_engineer,6,28,4086807.6,232072.6629,1785.0777,294.0,200094.4192,20.4244,182686.5138,229778.5157,21.8378,0.121487
gas_turbine_v2,power_engineer,6,29,4534630.1,255279.9279,1838.6301,294.0,220238.1491,20.5897,201171.9972,252925.7761,22.2314,0.113756
gas_turbine_v2,power_engineer,6,30,5624004.13,353817.9781,1827.5064,294.0,305975.9303,18.3805,280019.1228,351476.2901,12.7059,0.081579
gas_turbine_v2,power_engineer,6,31,6185752.67,389199.7667,1882.3321,294.0,336710.3881,18.3711,308242.3152,386796.6476,18.2775,0.076387
gas_turbine_v2,power_engineer,6,32,6814911.03,428119.746,1938.802,294.0,370521.6413,18.3927,339293.5938,425653.3534,18.608,0.071526
gas_turbine_v2,power_engineer,6,33,7519568.4,470931.7193,1996.9659,294.0,407717.4555,18.4431,373455.9266,468400.1551,18.9445,0.066975
gas_turbine_v2,power_engineer,6,34,8308784.65,518024.8978,2056.8745,294.0,448636.4003,18.5201,411040.6065,515426.2071,19.2873,0.062713
gas_turbine_v2,power_engineer,6,35,9192706.85,569827.3876,2118.5808,294.0,493650.8819,18.6219,452390.0388,567159.5561,19.6364,0.058722
gas_turbine_v2,power_engineer,6,36,10182699.72,626810.1224,2182.1389,294.0,543170.5657,18.7468,497880.8896,624071.0752,19.9919,0.054985
gas_turbine_v2,power_engineer,6,37,11291491.73,689491.1373,2247.6027,294.0,597646.0951,18.8933,547927.5058,686678.7391,20.3539,0.051486
gas_turbine_v2,power_engineer,6,38,12533338.78,758440.2484,2315.031,294.0,657573.1591,19.06,602985.6522,755552.2979,20.7226,0.048209
gas_turbine_v2,power_engineer,6,39,13924207.48,834284.2837,2384.4821,294.0,723497.0474,19.2457,663556.7038,831318.5146,21.0981,0.045142
gas_turbine_v2,power_engineer,6,40,17661578.05,1215969.3378,2340.5834,294.0,1055601.2364,16.7313,968970.5952,1213052.7564,11.2536,0.030402
gas_turbine_v2,power_engineer,6,41,19406283.75,1337566.2703,2410.8006,294.0,1161329.4787,16.7104,1066142.8154,1334571.0118,16.5018,0.028467
gas_turbine_v2,power_engineer,6,42,21360354.13,1471322.9,2483.1251,294.0,1277634.8241,16.7187,1173039.6323,1468246.6032,16.8012,0.026656
gas_turbine_v2,power_engineer,6,43,23548912.95,1618455.1808,2557.6184,294.0,1405575.0992,16.7539,1290633.717,1615295.4156,17.1061,0.024959
gas_turbine_v2,power_engineer,6,44,26000098.83,1780300.7067,2634.347,294.0,1546313.953,16.8142,1419995.0449,1777054.9686,17.4166,0.023371
gas_turbine_v2,power_engineer,6,45,28745427.02,1958330.7722,2713.3779,294.0,1701131.353,16.8978,1562300.5509,1954996.4813,17.7327,0.021884
gas_turbine_v2,power_engineer,6,46,31820194.59,2154163.8481,2794.7793,294.0,1871435.3098,17.0031,1718844.9095,2150738.3484,18.0546,0.020491
gas_turbine_v2,power_engineer,6,47,35263934.27,2369580.2381,2878.6226,294.0,2058774.6255,17.1286,1891052.2566,2366060.7935,18.3824,0.019187
gas_turbine_v2,power_engineer,6,48,39120922.71,2606538.2554,2964.9808,294.0,2264852.9689,17.2731,2080489.1331,2602922.048,18.7161,0.017966
gas_turbine_v2,power_engineer,6,49,43440749.77,2867192.0901,3053.9302,294.0,2491544.4191,17.4353,2288878.7767,2863476.2165,19.056,0.016823
gas_turbine_v2,power_engineer,6,50,56507734.87,4383936.6972,2956.8152,294.0,3811196.7173,14.8268,3502420.1349,4380329.6392,9.9018,0.010653
hydro_station_v2,power_engineer,7,1,872135.1,17993.802,0,595.0,15136.9577,57.6163,13800.0416,17398.802,,1.0
hydro_station_v2,power_engineer,7,2,914635.1,19793.1822,0,595.0,16702.4185,54.7606,15239.5458,19198.1822,27.1486,0.936364
hydro_station_v2,power_engineer,7,3,962235.1,21772.5004,0,595.0,18424.4254,52.2261,16823.0003,21177.5004,27.6422,0.876777
hydro_station_v2,power_engineer,7,4,1015547.1,23949.7505,0,595.0,20318.6329,49.9811,18564.8004,23354.7505,28.1448,0.820982
hydro_station_v2,power_engineer,7,5,1075256.54,26344.7255,0,595.0,22402.2612,47.9977,20480.7804,25749.7255,28.6565,0.768738
hydro_station_v2,power_engineer,7,6,1142131.11,28979.1981,0,595.0,24694.2523,46.2509,22588.3584,28384.1981,29.1775,0.719818
hydro_station_v2,power_engineer,7,7,1217030.63,31877.1179,0,595.0,27215.4425,44.7184,24906.6943,31282.1179,29.708,0.674011
hydro_station_v2,power_engineer,7,8,1300918.09,35064.8279,0,595.0,29988.7502,43.3802,27456.8623,34469.8279,30.2482,0.63112
hydro_station_v2,power_engineer,7,9,1394872.05,38571.316,0,595.0,33039.395,42.2185,30262.0528,37976.316,30.7981,0.590958
hydro_station_v2,power_engineer,7,10,1525297.47,47944.1435,0,595.0,41193.7549,37.0274,37760.3148,47349.1435,15.9946,0.484794
hydro_station_v2,power_engineer,7,11,1643153.32,52738.5561,0,595.0,45364.8938,36.2208,41595.8449,52143.5561,28.2551,0.453944
hydro_station_v2,power_engineer,7,12,1775151.87,58012.4135,0,595.0,49953.1498,35.5363,45814.9308,57417.4135,28.7688,0.425057
hydro_station_v2,power_engineer,7,13,1922990.24,63813.6513,0,595.0,55000.2266,34.9633,50455.921,63218.6513,29.2919,0.398007
hydro_station_v2,power_engineer,7,14,2088569.22,70195.0092,0,595.0,60552.008,34.4922,55561.0074,69600.0092,29.8245,0.37268
hydro_station_v2,power_engineer,7,15,2274017.68,77214.5173,0,595.0,66658.9801,34.1142,61176.6138,76619.5173,30.3667,0.348964
hydro_station_v2,power_engineer,7,16,2481719.95,84935.9636,0,595.0,73376.6384,33.8217,67353.7709,84340.9636,30.9189,0.326757
hydro_station_v2,power_engineer,7,17,2714346.49,93429.56,0,595.0,80766.0672,33.6075,74148.648,92834.56,31.481,0.305963
hydro_station_v2,power_engineer,7,18,2974888.22,102772.5178,0,595.0,88894.4405,33.4654,81623.0142,102177.5178,32.0534,0.286493
hydro_station_v2,power_engineer,7,19,3266694.96,113049.7858,0,595.0,97835.6636,33.3896,89844.8286,112454.7858,32.6361,0.268262
hydro_station_v2,power_engineer,7,20,3717857.99,148603.9371,0,595.0,128767.7753,28.8726,118288.1497,148008.9371,14.5856,0.205577
hydro_station_v2,power_engineer,7,21,4083900.36,163464.3344,0,595.0,141696.3209,28.8215,130176.4675,162869.3344,28.3127,0.192495
hydro_station_v2,power_engineer,7,22,4493867.82,179810.7678,0,595.0,155917.718,28.822,143253.6143,179215.7678,28.8275,0.180245
hydro_station_v2,power_engineer,7,23,4953031.37,197791.8302,0,595.0,171561.2423,28.8703,157638.4642,197196.8302,29.3517,0.168775
hydro_station_v2,power_engineer,7,24,5467294.55,217571.0132,0,595.0,188769.1315,28.9629,173461.8106,216976.0132,29.8853,0.158035
hydro_station_v2,power_engineer,7,25,6043269.31,239328.129,0,595.0,207697.8222,29.0965,190867.5032,238733.129,30.4287,0.147978
hydro_station_v2,power_engineer,7,26,6688361.04,263260.9293,0,595.0,228519.3585,29.2682,210013.7434,262665.9293,30.9819,0.138561
hydro_station_v2,power_engineer,7,27,7410863.78,289587.0312,0,595.0,251423.0671,29.4757,231074.6249,288992.0312,31.5452,0.129744
hydro_station_v2,power_engineer,7,28,8220066.85,318545.7343,0,595.0,276617.1388,29.7164,254241.5874,317950.7343,32.1188,0.121487
hydro_station_v2,power_engineer,7,29,9126374.28,350400.3059,0,595.0,304330.6162,29.9884,279725.2447,349805.3059,32.7028,0.113756
hydro_station_v2,power_engineer,7,30,11235634.42,485654.8213,0,595.0,422002.0445,26.6246,387928.857,485059.8213,17.925,0.081579
hydro_station_v2,power_engineer,7,31,12372506.46,534220.2908,0,595.0,464254.003,26.6503,426781.2326,533625.2908,26.907,0.076387
hydro_station_v2,power_engineer,7,32,13645803.15,587642.3235,0,595.0,510731.1714,26.7182,469518.8588,587047.3235,27.3962,0.071526
hydro_station_v2,power_engineer,7,33,15071895.44,646406.554,0,595.0,561856.052,26.8252,516530.2432,645811.554,27.8943,0.066975
hydro_station_v2,power_engineer,7,34,16669118.81,711047.2184,0,595.0,618093.43,26.9686,568242.7747,710452.2184,28.4015,0.062713
hydro_station_v2,power_engineer,7,35,18458008.98,782151.9402,0,595.0,679954.538,27.1459,625126.5522,781556.9402,28.9178,0.058722
hydro_station_v2,power_engineer,7,36,20461565.97,860367.1289,0,595.0,748001.7521,27.355,687698.7031,859772.1289,29.4436,0.054985
hydro_station_v2,power_engineer,7,37,22705549.8,946403.8454,0,595.0,822853.6955,27.5937,756528.0763,945808.8454,29.979,0.051486
hydro_station_v2,power_engineer,7,38,25218811.69,1041044.2263,0,595.0,905190.8269,27.8602,832240.381,1040449.2263,30.524,0.048209
hydro_station_v2,power_engineer,7,39,28033665.01,1145148.6633,0,595.0,995761.6871,28.153,915523.9307,1144553.6633,31.079,0.045142
hydro_station_v2,power_engineer,7,40,35464967.66,1669054.1691,0,595.0,1451559.4771,24.4323,1334648.3352,1668459.1691,16.3039,0.030402
hydro_station_v2,power_engineer,7,41,38995919.66,1835959.5842,0,595.0,1596767.1882,24.4218,1468172.6673,1835364.5842,24.3166,0.028467
hydro_station_v2,power_engineer,7,42,42950585.9,2019555.5462,0,595.0,1756495.6752,24.4524,1615049.4369,2018960.5462,24.7587,0.026656
hydro_station_v2,power_engineer,7,43,47379812.09,2221511.0882,0,595.0,1932196.9967,24.5212,1776613.8706,2220916.0882,25.2088,0.024959
hydro_station_v2,power_engineer,7,44,52340545.43,2443662.2078,0,595.0,2125468.4708,24.6254,1954334.7663,2443067.2078,25.6672,0.023371
hydro_station_v2,power_engineer,7,45,57896566.77,2688028.4214,0,595.0,2338067.0766,24.7626,2149827.7371,2687433.4214,26.1339,0.021884
hydro_station_v2,power_engineer,7,46,64119310.67,2956831.2617,0,595.0,2571925.5477,24.9305,2364870.0094,2956236.2617,26.609,0.020491
hydro_station_v2,power_engineer,7,47,71088783.83,3252514.3951,0,595.0,2829169.8737,25.1271,2601416.5161,3251919.3951,27.0928,0.019187
hydro_station_v2,power_engineer,7,48,78894593.77,3577765.8256,0,595.0,3112138.6183,25.3506,2861617.6605,3577170.8256,27.5854,0.017966
hydro_station_v2,power_engineer,7,49,87637100.91,3935542.4208,0,595.0,3423404.2561,25.5994,3147838.9366,3934947.4208,28.087,0.016823
hydro_station_v2,power_engineer,7,50,113871556.59,6017444.3496,0,595.0,5234658.9342,21.7534,4813360.4797,6016849.3496,14.4841,0.010653
storage_park,power_engineer,8,1,1426260.0,24371.719,350.0,980.0,20046.2955,71.1483,17992.3752,23041.719,,1.0
storage_park,power_engineer,8,2,1496260.0,26808.8909,360.5,980.0,22157.5001,67.5284,19926.3627,25468.3909,33.1564,0.936364
storage_park,power_engineer,8,3,1574660.0,29489.78,371.315,980.0,24480.4645,64.3231,22054.8515,28138.465,33.75,0.876777
storage_park,power_engineer,8,4,1662468.0,32438.758,382.4545,980.0,27036.3841,61.49,24397.3247,31076.3035,34.3548,0.820982
storage_park,power_engineer,8,5,1760812.96,35682.6338,393.9282,980.0,29848.5739,58.9915,26975.2148,34308.7056,34.971,0.768738
storage_park,power_engineer,8,6,1870959.32,39250.8972,405.7459,980.0,32942.6816,56.7944,29812.0989,37865.1513,35.5987,0.719818
storage_park,power_engineer,8,7,1994323.24,43175.9869,417.9182,980.0,36346.9198,54.8691,32933.9122,41778.0687,36.2383,0.674011
storage_park,power_engineer,8,8,2132490.83,47493.5831,430.4559,980.0,40092.3207,53.1895,36369.1827,46083.1272,36.8899,0.63112
storage_park,power_engineer,8,9,2287238.53,52242.9488,443.3695,980.0,44213.034,51.7322,40149.3048,50819.5793,37.5536,0.590958
storage_park,power_engineer,8,10,2501460.39,64937.9822,452.1037,980.0,55250.1143,45.2752,50292.2301,63505.8785,19.4093,0.484794
storage_park,power_engineer,8,11,2695575.9,71431.778,465.6669,980.0,60887.9166,44.2711,55466.922,69986.111,34.4311,0.453944
storage_park,power_engineer,8,12,2912985.27,78574.9582,479.6372,980.0,67090.3293,43.4189,61160.5108,77115.321,35.0524,0.425057
storage_park,power_engineer,8,13,3156483.77,86432.4492,494.026,980.0,73913.8281,42.7049,67424.9203,84958.4231,35.6853,0.398007
storage_park,power_engineer,8,14,3429202.09,95075.6844,508.8468,980.0,81420.5487,42.1172,74317.2773,93586.8376,36.3299,0.37268
storage_park,power_engineer,8,15,3734646.61,104583.2625,524.1124,980.0,89678.8606,41.6447,81900.4414,103079.1501,36.9863,0.348964
storage_park,power_engineer,8,16,4076744.47,115041.5815,539.8358,980.0,98763.9187,41.2777,90243.5115,113521.7457,37.655,0.326757
storage_park,power_engineer,8,17,4459894.07,126545.7396,556.0307,980.0,108758.4468,41.0073,99422.5457,125009.709,38.3359,0.305963
storage_park,power_engineer,8,18,4889021.63,139200.316,572.7117,980.0,119753.4158,40.8257,109521.1853,137647.6044,39.0294,0.286493
storage_park,power_engineer,8,19,5369644.49,153120.3696,589.8931,980.0,131848.9145,40.7257,120631.4559,151550.4764,39.7357,0.268262
storage_park,power_engineer,8,20,6091240.6,201276.7172,594.223,980.0,173741.17,35.0593,159150.0393,199702.4942,17.225,0.205577
storage_park,power_engineer,8,21,6694133.92,221404.3938,612.0495,980.0,191236.7395,35.0044,175225.4407,219812.3443,34.4598,0.192495
storage_park,power_engineer,8,22,7369374.44,243544.8332,630.4109,980.0,210482.9474,35.0117,192910.2502,241934.4223,35.0843,0.180245
storage_park,power_engineer,8,23,8125643.82,267899.297,649.3235,980.0,231654.877,35.0765,212365.4524,266269.9735,35.7204,0.168775
storage_park,power_engineer,8,24,8972665.52,294689.2267,668.8031,980.0,254945.1686,35.1945,233768.1767,293040.4236,36.368,0.158035
storage_park,power_engineer,8,25,9921329.83,324158.1689,688.8672,980.0,280565.6925,35.3619,257313.2343,322489.3017,37.0275,0.147978
storage_park,power_engineer,8,26,10983833.86,356573.9687,709.5333,980.0,308749.4588,35.5752,283214.875,354884.4354,37.6991,0.138561
storage_park,power_engineer,8,27,12173838.37,392231.3778,730.8193,980.0,339752.8859,35.8314,311708.8734,390520.5585,38.383,0.129744
storage_park,power_engineer,8,28,13506643.42,431454.5156,752.7436,980.0,373857.9416,36.1277,343054.4971,429721.772,39.0794,0.121487
storage_park,power_engineer,8,29,14999385.08,474599.9647,775.326,980.0,411374.8357,36.4616,377536.9828,472844.6387,39.7885,0.113756
storage_park,power_engineer,8,30,18391412.76,657795.5473,770.6352,980.0,570759.0735,32.2227,524100.485,656044.9121,21.2821,0.081579
storage_park,power_engineer,8,31,20263907.89,723575.085,793.7545,980.0,627967.1575,32.2691,576689.4362,721801.3305,32.7313,0.076387
storage_park,power_engineer,8,32,22361102.44,795932.5983,817.5671,980.0,690897.4772,32.3653,634539.728,794135.0312,33.3257,0.071526
storage_park,power_engineer,8,33,24709960.33,875525.8557,842.0941,980.0,760122.2727,32.5079,698177.5435,873703.7617,33.9309,0.066975
storage_park,power_engineer,8,34,27340681.17,963078.4535,867.3567,980.0,836271.0542,32.6936,768181.7277,961231.0968,34.5471,0.062713
storage_park,power_engineer,8,35,30287088.51,1059386.2988,893.3774,980.0,920036.2416,32.9195,845188.9729,1057512.9214,35.1746,0.058722
storage_park,power_engineer,8,36,33587064.73,1165324.9214,920.1791,980.0,1012179.5259,33.1829,929899.6686,1163424.7424,35.8135,0.054985
storage_park,power_engineer,8,37,37283038.1,1281857.4184,947.7843,980.0,1113538.7817,33.4816,1023084.2584,1279929.6342,36.4641,0.051486
storage_park,power_engineer,8,38,41422528.28,1410043.1554,976.2179,980.0,1225035.6356,33.8133,1125590.1975,1408086.9375,37.1265,0.048209
storage_park,power_engineer,8,39,46058757.28,1551047.4904,1005.5045,980.0,1347683.9278,34.1762,1238349.7356,1549061.9859,37.801,0.045142
storage_park,power_engineer,8,40,58207667.87,2260651.7068,986.993,980.0,1965055.701,29.6214,1806060.876,2258684.7138,19.6784,0.030402
storage_park,power_engineer,8,41,64023353.52,2486716.8751,1016.6027,980.0,2161706.637,29.617,1986868.5961,2484720.2724,29.5736,0.028467
storage_park,power_engineer,8,42,70536921.45,2735388.5675,1047.101,980.0,2378024.4759,29.662,2185760.2026,2733361.4665,30.1111,0.026656
storage_park,power_engineer,8,43,77832117.53,3008927.4072,1078.5138,980.0,2615975.9372,29.7526,2404544.155,3006868.8934,30.6583,0.024959
storage_park,power_engineer,8,44,86002737.14,3309820.1625,1110.8692,980.0,2877724.4852,29.8857,2645209.8262,3307729.2933,31.2155,0.023371
storage_park,power_engineer,8,45,95153831.11,3640802.169,1144.1955,980.0,3165649.837,30.0582,2909945.442,3638677.9735,31.7829,0.021884
storage_park,power_engineer,8,46,105403056.35,4004882.3835,1178.5214,980.0,3482369.76,30.2676,3201158.1247,4002723.8621,32.3605,0.020491
storage_park,power_engineer,8,47,116882188.62,4405370.6316,1213.877,980.0,3830763.7765,30.5115,3521495.6898,4403176.7546,32.9487,0.019187
storage_park,power_engineer,8,48,129738816.76,4845907.6825,1250.2931,980.0,4213999.3288,30.7876,3873870.7064,4843677.3894,33.5476,0.017966
storage_park,power_engineer,8,49,144138240.28,5330498.4679,1287.8019,980.0,4635560.6794,31.094,4261487.0714,5328230.666,34.1574,0.016823
storage_park,power_engineer,8,50,187203380.39,8150332.1414,1246.8498,980.0,7088851.6037,26.4081,6517415.4384,8148105.2916,17.554,0.010653
combined_tpp,power_engineer,9,1,2630538.6,39716.3,1703.3333,1820.0,31487.881,83.5413,27398.04,35926.3,,1.0
combined_tpp,power_engineer,9,2,2760538.6,43687.93,1754.4333,1820.0,34898.7421,79.1014,30498.694,39838.83,38.1135,0.936364
combined_tpp,power_engineer,9,3,2906138.6,48056.723,1807.0663,1820.0,38653.8013,75.1838,33914.7789,44146.75,38.7744,0.876777
combined_tpp,power_engineer,9,4,3069210.6,52862.3953,1861.2783,1820.0,42787.5718,71.7314,37677.9988,48889.7231,39.4487,0.820982
combined_tpp,power_engineer,9,5,3251851.24,58148.6348,1917.117,1820.0,47338.0205,68.6943,41823.2324,54111.3821,40.1368,0.768738
combined_tpp,power_engineer,9,6,3456408.76,63963.4983,1974.63,1820.0,52346.9154,66.0289,46388.8536,59859.7285,40.8389,0.719818
combined_tpp,power_engineer,9,7,3685513.18,70359.8481,2033.8686,1820.0,57860.2022,63.6969,51417.0757,66187.5657,41.555,0.674011
combined_tpp,power_engineer,9,8,3942110.13,77395.829,2094.8854,1820.0,63928.4209,61.6644,56954.3351,73152.9772,42.2854,0.63112
combined_tpp,power_engineer,9,9,4229498.71,85135.4238,2157.7316,1820.0,70607.1922,59.9018,63051.7417,80819.8869,43.0302,0.590958
combined_tpp,power_engineer,9,10,4615156.45,105823.3267,2200.2383,1820.0,88568.687,52.1082,79538.304,101458.6285,21.4714,0.484794
combined_tpp,power_engineer,9,11,4975656.69,116405.6554,2266.2458,1820.0,97717.8864,50.9186,87905.1556,111964.6158,39.4024,0.453944
combined_tpp,power_engineer,9,12,5379416.96,128046.225,2334.2344,1820.0,107786.0318,49.9083,97115.6284,123526.5527,40.1027,0.425057
combined_tpp,power_engineer,9,13,5831628.46,140850.8395,2404.2601,1820.0,118865.1241,49.0609,107254.2814,136250.1786,40.8167,0.398007
combined_tpp,power_engineer,9,14,6338105.34,154935.9076,2476.3878,1820.0,131056.3822,48.3617,118414.1444,150251.827,41.5443,0.37268
combined_tpp,power_engineer,9,15,6905359.44,170429.5142,2550.6803,1820.0,144471.1855,47.7975,130697.5909,165659.5101,42.2857,0.348964
combined_tpp,power_engineer,9,16,7540684.04,187472.4537,2627.2009,1820.0,159231.97,47.3566,144217.1616,182613.9494,43.0414,0.326757
combined_tpp,power_engineer,9,17,8252247.59,206219.6991,2706.0158,1820.0,175473.5044,47.0285,159096.7355,201270.0409,43.8113,0.305963
combined_tpp,power_engineer,9,18,9049198.76,226841.673,2787.1967,1820.0,193343.9944,46.8036,175472.5433,221798.1246,44.5959,0.286493
combined_tpp,power_engineer,9,19,9941784.08,249525.876,2870.8133,1820.0,213006.5045,46.6736,193494.4808,244385.6203,45.3953,0.268262
combined_tpp,power_engineer,9,20,11246219.52,328001.7501,2891.8853,1820.0,281262.1824,39.9848,256243.5722,322837.1235,19.111,0.205577
combined_tpp,power_engineer,9,21,12365878.54,360801.933,2978.6411,1820.0,309722.8639,39.9256,282353.5847,355536.9684,39.3406,0.192495
combined_tpp,power_engineer,9,22,13619896.64,396882.1263,3067.9997,1820.0,341034.8902,39.937,311083.7015,391513.8135,40.0491,0.180245
combined_tpp,power_engineer,9,23,15024396.91,436570.3072,3160.041,1820.0,375483.5316,40.0135,342696.1842,431095.5435,40.7708,0.168775
combined_tpp,power_engineer,9,24,16597437.22,480227.3379,3254.8418,1820.0,413382.6717,40.1503,377479.6077,474642.9319,41.506,0.158035
combined_tpp,power_engineer,9,25,18359242.36,528250.1035,3352.487,1820.0,455077.5263,40.3431,415751.3522,522552.7652,42.2547,0.147978
combined_tpp,power_engineer,9,26,20332464.12,581075.086,3453.0621,1820.0,500947.7608,40.588,457860.4757,575261.4272,43.0175,0.138561
combined_tpp,power_engineer,9,27,22542472.49,639182.6145,3556.6537,1820.0,551411.1859,40.8814,504191.1111,633249.1461,43.7943,0.129744
combined_tpp,power_engineer,9,28,25017681.87,703100.8759,3663.3522,1820.0,606927.2456,41.2202,555165.6725,697044.0048,44.5855,0.121487
combined_tpp,power_engineer,9,29,27789916.37,773410.9595,3773.253,1820.0,668001.4047,41.6016,611248.8882,767226.9821,45.3913,0.113756
combined_tpp,power_engineer,9,30,34011469.32,1071947.5838,3750.4249,1820.0,927748.1283,36.6602,850112.4297,1065790.0083,23.9524,0.081579
combined_tpp,power_engineer,9,31,37488960.28,1179142.3144,3862.9386,1820.0,1020909.657,36.7211,935699.4437,1172854.6105,37.3275,0.076387
combined_tpp,power_engineer,9,32,41383750.16,1297056.5538,3978.8266,1820.0,1123394.2227,36.8381,1029857.0032,1290634.8189,38.0037,0.071526
combined_tpp,power_engineer,9,33,45745914.82,1426762.2052,4098.191,1820.0,1236134.2923,37.0072,1133442.4776,1420202.4187,38.6922,0.066975
combined_tpp,power_engineer,9,34,50631539.24,1569438.4455,4221.1359,1820.0,1360155.6594,37.2248,1247399.0525,1562736.4664,39.3934,0.062713
combined_tpp,power_engineer,9,35,56103438.59,1726382.2901,4347.7703,1820.0,1496586.6323,37.4876,1372764.1767,1719533.8513,40.1075,0.058722
combined_tpp,power_engineer,9,36,62231965.86,1899020.5072,4478.2047,1820.0,1646668.4032,37.7927,1510679.0987,1892021.2137,40.8346,0.054985
combined_tpp,power_engineer,9,37,69095916.41,2088922.5659,4612.55,1820.0,1811766.3138,38.1373,1662399.2277,2081767.8945,41.575,0.051486
combined_tpp,power_engineer,9,38,76783541.02,2297814.8145,4750.9271,1820.0,1993382.182,38.5192,1829305.4609,2290500.1023,42.329,0.048209
combined_tpp,power_engineer,9,39,85393680.58,2527596.3277,4893.4552,1820.0,2193168.0991,38.9362,2012916.8793,2520116.7738,43.0968,0.045142
combined_tpp,power_engineer,9,40,107805135.3,3683971.6306,4803.3659,1820.0,3199292.9902,33.6965,2938152.2556,3676596.27,22.275,0.030402
combined_tpp,power_engineer,9,41,118605694.37,4052368.7897,4947.4662,1820.0,3519673.1514,33.6979,3232653.8324,4044826.769,33.7117,0.028467
combined_tpp,power_engineer,9,42,130702320.53,4457605.6766,5095.8913,1820.0,3872100.1132,33.7549,3556620.7043,4449891.9941,34.3238,0.026656
combined_tpp,power_engineer,9,43,144250541.83,4903366.2164,5248.7672,1820.0,4259778.7809,33.8634,3912999.8224,4895475.7245,34.947,0.024959
combined_tpp,power_engineer,9,44,159424549.68,5393702.8619,5406.2301,1820.0,4686234.6697,34.0198,4305032.9444,5385630.2553,35.5817,0.023371
combined_tpp,power_engineer,9,45,176419438.47,5933073.1322,5568.4181,1820.0,5155345.7013,34.2207,4736285.8786,5924812.9461,36.2279,0.021884
combined_tpp,power_engineer,9,46,195453713.92,6526380.4415,5735.4708,1820.0,5671377.7245,34.4632,5210681.147,6517927.0496,36.8858,0.020491
combined_tpp,power_engineer,9,47,216772102.42,7179018.5015,5907.5347,1820.0,6239023.1411,34.7446,5732533.4991,7170366.1081,37.5558,0.019187
combined_tpp,power_engineer,9,48,240648697.54,7896920.3318,6084.7598,1820.0,6863443.5477,35.0624,6306589.1258,7888062.9678,38.238,0.017966
combined_tpp,power_engineer,9,49,267390484.08,8686612.3928,6267.3026,1820.0,7550316.8285,35.4145,6938068.9604,8677543.9078,38.9326,0.016823
combined_tpp,power_engineer,9,50,347128713.73,13281830.3226,6068.0024,1820.0,11548329.8186,30.0588,10614542.2546,13272992.3395,19.9445,0.010653
nuclear_station_v2,power_engineer,10,1,6545980.6,78386.556,1160.0,4550.0,63228.6037,103.5288,56419.2448,72176.556,,1.0
nuclear_station_v2,power_engineer,10,2,6870980.6,86225.2116,1194.8,4550.0,70017.9581,98.1317,62637.9693,79965.4116,47.8691,0.936364
nuclear_station_v2,power_engineer,10,3,7234980.6,94847.7328,1230.644,4550.0,77488.3672,93.3686,69482.2202,88536.6388,48.7256,0.876777
nuclear_station_v2,power_engineer,10,4,7642660.6,104332.506,1267.5633,4550.0,85708.0002,89.1709,77014.6598,97968.5792,49.5983,0.820982
nuclear_station_v2,power_engineer,10,5,8099262.2,114765.7566,1305.5904,4550.0,94751.8446,85.4787,85304.2197,108347.4117,50.4876,0.768738
nuclear_station_v2,power_engineer,10,6,8610655.99,126242.3323,1344.7578,4550.0,104702.3898,82.2393,94426.7291,119767.9375,51.3935,0.719818
nuclear_station_v2,power_engineer,10,7,9183417.04,138866.5655,1385.1003,4550.0,115650.3747,79.4067,104465.6019,132334.4392,52.3166,0.674011
nuclear_station_v2,power_engineer,10,8,9824909.41,152753.2142,1426.6538,4550.0,127695.6076,76.9401,115512.5906,146161.6234,53.257,0.63112
nuclear_station_v2,power_engineer,10,9,10543380.87,168028.5592,1469.4532,4550.0,140947.9222,74.8034,127668.6676,161375.721,54.2148,0.590958
nuclear_station_v2,power_engineer,10,10,11475675.23,208859.4891,1498.401,4550.0,176445.6467,65.038,160289.9898,202165.2256,26.2635,0.484794
nuclear_station_v2,power_engineer,10,11,12376925.83,229745.4302,1543.3533,4550.0,194577.3069,63.6093,176931.3142,222986.8384,49.7059,0.453944
nuclear_station_v2,power_engineer,10,12,13386326.5,252719.981,1589.6547,4550.0,214524.8839,62.3999,195241.5028,245895.1303,50.6027,0.425057
nuclear_station_v2,power_engineer,10,13,14516855.25,277991.9635,1637.3435,4550.0,236470.0194,61.3898,215387.5556,271098.8685,51.5161,0.398007
nuclear_station_v2,power_engineer,10,14,15783047.45,305791.1285,1686.4637,4550.0,260612.5584,60.5613,237553.2073,298827.7408,52.4465,0.37268
nuclear_station_v2,power_engineer,10,15,17201182.71,336370.2727,1737.0582,4550.0,287172.3966,59.8985,261940.6308,329334.4824,53.394,0.348964
nuclear_station_v2,power_engineer,10,16,18789494.2,370007.2764,1789.1701,4550.0,316391.2525,59.3869,288772.066,362896.9123,54.3591,0.326757
nuclear_station_v2,power_engineer,10,17,20568403.07,407008.0041,1842.8444,4550.0,348535.1889,59.0138,318292.1366,399820.8301,55.342,0.305963
nuclear_station_v2,power_engineer,10,18,22560781.01,447708.8123,1898.13,4550.0,383896.7936,58.7678,350769.8548,440442.5228,56.343,0.286493
nuclear_station_v2,power_engineer,10,19,24792244.3,492479.7641,1955.0744,4550.0,422797.98,58.6385,386501.1996,485131.9851,57.3623,0.268262
nuclear_station_v2,power_engineer,10,20,27974534.06,647364.6223,1969.4248,4550.0,557535.3219,50.1754,510387.5607,639996.3075,23.6185,0.205577
nuclear_station_v2,power_engineer,10,21,30773681.61,712101.1003,2028.5071,4550.0,613804.6561,50.136,562088.1196,704648.2367,49.7455,0.192495
nuclear_station_v2,power_engineer,10,22,33908726.87,783311.2103,2089.3618,4550.0,675704.5081,50.1828,618964.9255,775771.2614,50.6471,0.180245
nuclear_station_v2,power_engineer,10,23,37419977.56,861642.2686,2152.0436,4550.0,743797.9957,50.3093,681535.7495,854012.62,51.5651,0.168775
nuclear_station_v2,power_engineer,10,24,41352578.33,947806.4955,2216.6046,4550.0,818704.7051,50.5098,750370.2895,940084.4579,52.5,0.158035
nuclear_station_v2,power_engineer,10,25,45757091.19,1042587.2077,2283.1027,4550.0,901106.0713,50.7788,826095.1121,1034770.009,53.4519,0.147978
nuclear_station_v2,power_engineer,10,26,50690145.59,1146845.8736,2351.5961,4550.0,991751.5214,51.1117,909399.3048,1138930.6585,54.4214,0.138561
nuclear_station_v2,power_engineer,10,27,56215166.52,1261530.5002,2422.1438,4550.0,1091465.77,51.5043,1001041.1844,1253514.3289,55.4085,0.129744
nuclear_station_v2,power_engineer,10,28,62403189.96,1387683.5502,2494.8074,4550.0,1201155.7063,51.9526,1101854.6291,1379563.3948,56.4138,0.121487
nuclear_station_v2,power_engineer,10,29,69333776.22,1526451.8974,2569.6517,4550.0,1321819.0537,52.4533,1212757.0403,1518224.6371,57.4374,0.113756
nuclear_station_v2,power_engineer,10,30,84655723.01,2115662.3177,2554.1054,4550.0,1834445.6447,46.1479,1684148.696,2107457.3048,29.8891,0.081579
nuclear_station_v2,power_engineer,10,31,93349450.41,2327228.4946,2630.7292,4550.0,2018441.5559,46.2483,1853286.7019,2318913.8304,47.2496,0.076387
nuclear_station_v2,power_engineer,10,32,103086425.1,2559951.3597,2709.651,4550.0,2220841.7866,46.4177,2039346.6113,2551523.7557,48.1075,0.071526
nuclear_station_v2,power_engineer,10,33,113991836.75,2815946.4878,2790.9403,4550.0,2443486.8264,46.6513,2244020.7798,2807402.556,48.9812,0.066975
nuclear_station_v2,power_engineer,10,34,126205897.8,3097541.1758,2874.6679,4550.0,2688401.3619,46.9446,2469170.9388,3088877.4269,49.8707,0.062713
nuclear_station_v2,power_engineer,10,35,139885646.18,3407295.2934,2960.9081,4550.0,2957812.4152,47.2936,2716844.8725,3398508.1318,50.7765,0.058722
nuclear_station_v2,power_engineer,10,36,155206964.36,3748024.7992,3049.7363,4550.0,3254169.8047,47.6948,2989295.2349,3739110.5214,51.6988,0.054985
nuclear_station_v2,power_engineer,10,37,172366840.72,4122827.2948,3141.2278,4550.0,3580168.3783,48.1449,3288999.9941,4113782.0895,52.6379,0.051486
nuclear_station_v2,power_engineer,10,38,191585902.25,4535110.0086,3235.465,4550.0,3938772.3529,48.641,3618684.8093,4525929.9466,53.5941,0.048209
nuclear_station_v2,power_engineer,10,39,213111251.16,4988621.0722,3332.5292,4550.0,4333242.5324,49.1806,3981348.0639,4979302.108,54.5677,0.045142
nuclear_station_v2,power_engineer,10,40,268818029.35,7270915.179,3271.1768,4550.0,6318891.7819,42.542,5807275.378,7261684.0122,28.0547,0.030402
nuclear_station_v2,power_engineer,10,41,295819427.02,7998006.6891,3369.3116,4550.0,6951376.0183,42.5555,6388801.3838,7988635.0879,42.691,0.028467
nuclear_station_v2,power_engineer,10,42,326060992.41,8797807.3736,3470.3917,4550.0,7647114.6743,42.6384,7028490.3113,8788291.1234,43.4668,0.026656
nuclear_station_v2,power_engineer,10,43,359931545.65,9677588.0561,3574.5029,4550.0,8412433.2913,42.7857,7732158.6906,9667922.8192,44.2568,0.024959
nuclear_station_v2,power_engineer,10,44,397866565.28,10645346.9088,3681.7379,4550.0,9254290.1986,42.9927,8506204.9201,10635528.2149,45.0611,0.023371
nuclear_station_v2,power_engineer,10,45,440353787.27,11709881.5683,3792.1908,4550.0,10180339.2584,43.2553,9357666.9684,11699904.8125,45.8801,0.021884
nuclear_station_v2,power_engineer,10,46,487939475.89,12880869.7173,3905.9566,4550.0,11198999.9718,43.5699,10294286.8389,12870730.1586,46.714,0.020491
nuclear_station_v2,power_engineer,10,47,541235447.15,14168956.7204,4023.1352,4550.0,12319533.7191,43.9331,11324580.6735,14158649.4752,47.563,0.019187
nuclear_station_v2,power_engineer,10,48,600926934.96,15585852.3532,4143.8286,4550.0,13552127.9165,44.3419,12457916.1397,15575372.3917,48.4275,0.017966
nuclear_station_v2,power_engineer,10,49,667781401.31,17144437.6434,4268.1434,4550.0,14907988.965,44.7935,13704597.8996,17133779.783,49.3078,0.016823
nuclear_station_v2,power_engineer,10,50,866615019.83,26213845.1056,4132.4165,4550.0,22798491.5395,38.0119,20960327.4597,26203381.4751,25.1991,0.010653
forest_management_v2,forester,1,1,10000.0,1677.0,222.4,8.0,1258.542,7.9457,1000.0,1336.6,,1.0
forest_management_v2,forester,1,2,10500.0,1844.7,229.072,8.0,1398.6364,7.5073,1124.152,1494.328,3.569,0.936364
forest_management_v2,forester,1,3,11060.0,2029.17,235.9442,8.0,1553.1465,7.121,1261.4198,1668.5268,3.6244,0.876777
forest_management_v2,forester,1,4,11687.2,2232.087,243.0225,8.0,1723.5261,6.781,1413.1359,1860.8645,3.6812,0.820982
forest_management_v2,forester,1,5,12389.66,2455.2957,250.3132,8.0,1911.3748,6.4821,1580.7668,2073.1765,3.7395,0.768738
forest_management_v2,forester,1,6,13176.42,2700.8253,257.8225,8.0,2118.4524,6.2198,1765.9264,2307.4826,3.7993,0.719818
forest_management_v2,forester,1,7,14057.59,2970.9078,265.5572,8.0,2346.6951,5.9904,1970.3905,2566.0049,3.8607,0.674011
forest_management_v2,forester,1,8,15044.5,3267.9984,273.524,8.0,2598.2328,5.7903,2196.1128,2851.1883,3.9235,0.63112
forest_management_v2,forester,1,9,16149.84,3594.7988,281.7296,8.0,2875.4101,5.6165,2445.2445,3165.7244,3.9878,0.590958
forest_management_v2,forester,1,10,20186.14,4468.3346,287.2796,8.0,3630.5578,5.5601,3135.7482,4030.9652,5.345,0.484794
forest_management_v2,forester,1,11,21572.68,4915.1679,295.8981,8.0,4011.8048,5.3773,3480.2872,4464.9174,3.6369,0.453944
forest_management_v2,forester,1,12,23125.6,5406.6849,304.7752,8.0,4431.7015,5.2182,3860.1851,4943.1666,3.6983,0.425057
forest_management_v2,forester,1,13,24864.87,5947.353,313.9183,8.0,4894.1283,5.0806,4279.005,5470.1695,3.7612,0.398007
forest_management_v2,forester,1,14,26812.86,6542.0877,323.3358,8.0,5403.3541,4.9623,4740.6665,6050.8286,3.8254,0.37268
forest_management_v2,forester,1,15,28994.61,7196.2971,333.036,8.0,5964.0772,4.8615,5249.4837,6690.5401,3.891,0.348964
forest_management_v2,forester,1,16,31438.17,7915.9263,343.0271,8.0,6581.4623,4.7768,5810.2004,7395.2366,3.9579,0.326757
forest_management_v2,forester,1,17,34174.95,8707.519,353.3178,8.0,7261.195,4.7065,6428.0385,8171.4487,4.0263,0.305963
forest_management_v2,forester,1,18,37240.15,9578.271,363.9173,8.0,8009.5277,4.6495,7108.7408,9026.3586,4.096,0.286493
forest_management_v2,forester,1,19,40673.17,10536.0996,374.835,8.0,8833.3403,4.6045,7858.6273,9967.8697,4.1672,0.268262
forest_management_v2,forester,1,20,50802.5,13849.7024,377.5863,8.0,11713.781,4.337,10505.3825,13277.3603,3.5166,0.205577
forest_management_v2,forester,1,21,55108.88,15234.673,388.9138,8.0,12908.8505,4.2691,11596.3677,14645.4008,3.6035,0.192495
forest_management_v2,forester,1,22,59932.03,16758.1403,400.5811,8.0,14224.1165,4.2134,12797.6406,16151.43,3.6671,0.180245
forest_management_v2,forester,1,23,65333.95,18433.9529,412.5987,8.0,15671.6182,4.1689,14120.2643,17809.2811,3.7319,0.168775
forest_management_v2,forester,1,24,71384.11,20277.3482,424.9766,8.0,17264.6033,4.1347,15576.4137,19634.1764,3.798,0.158035
forest_management_v2,forester,1,25,78160.28,22305.0844,437.7259,8.0,19017.6419,4.1099,17179.4787,21642.8574,3.8654,0.147978
forest_management_v2,forester,1,26,85749.59,24535.5917,450.8577,8.0,20946.7585,4.0937,18944.1867,23853.7378,3.9341,0.138561
forest_management_v2,forester,1,27,94249.62,26989.1517,464.3834,8.0,23069.5884,4.0854,20886.7462,26287.0822,4.0041,0.129744
forest_management_v2,forester,1,28,103769.66,29688.0668,478.3148,8.0,25405.5243,4.0845,23024.9813,28965.1755,4.0755,0.121487
forest_management_v2,forester,1,29,114432.1,32656.8734,492.6643,8.0,27975.9019,4.0904,25378.5023,31912.5352,4.1482,0.113756
forest_management_v2,forester,1,30,159045.71,45262.4262,489.6837,8.0,38945.326,4.0838,35467.4155,44522.5429,4.0671,0.081579
forest_management_v2,forester,1,31,172420.68,49788.6677,504.3743,8.0,42870.3752,4.0219,39066.3727,49026.8277,3.4076,0.076387
forest_management_v2,forester,1,32,187400.64,54767.5348,519.5055,8.0,47188.8255,3.9713,43026.7696,53983.0796,3.4688,0.071526
forest_management_v2,forester,1,33,204178.2,60244.2881,535.0906,8.0,51940.0418,3.931,47384.7945,59436.5393,3.5312,0.066975
forest_management_v2,forester,1,34,222969.06,66268.7177,551.1432,8.0,57167.3298,3.9003,52180.2593,65436.9767,3.5948,0.062713
forest_management_v2,forester,1,35,244014.83,72895.5895,567.6776,8.0,62918.3234,3.8783,57456.9552,72039.1362,3.6595,0.058722
forest_management_v2,forester,1,36,267586.09,80185.1479,584.7081,8.0,69245.4227,3.8643,63263.0563,79303.2407,3.7254,0.054985
forest_management_v2,forester,1,37,293985.9,88203.6631,602.2492,8.0,76206.2701,3.8578,69651.5567,87295.5388,3.7926,0.051486
forest_management_v2,forester,1,38,323553.69,97024.029,620.3167,8.0,83864.2697,3.8581,76680.7481,96088.9009,3.861,0.048209
forest_management_v2,forester,1,39,356669.61,106726.4333,638.9263,8.0,92289.1711,3.8647,84414.7572,105763.4913,3.9307,0.045142
forest_management_v2,forester,1,40,481630.97,155553.7758,627.1636,8.0,134779.1926,3.5735,123494.2753,154608.4144,2.941,0.030402
forest_management_v2,forester,1,41,523171.58,171109.1532,645.9784,8.0,148296.0021,3.5279,135910.355,170135.6711,3.0733,0.028467
forest_management_v2,forester,1,42,569697.07,188220.0688,665.3579,8.0,163165.6385,3.4915,149570.0183,187217.6221,3.1289,0.026656
forest_management_v2,forester,1,43,621805.61,207042.0745,685.3185,8.0,179523.4178,3.4636,164597.6819,206009.7946,3.1856,0.024959
forest_management_v2,forester,1,44,680167.18,227746.283,705.878,8.0,197518.1923,3.4436,181130.2094,226683.2746,3.2433,0.023371
forest_management_v2,forester,1,45,745532.14,250520.9106,727.0545,8.0,217313.6948,3.4307,199318.1467,249426.2518,3.302,0.021884
forest_management_v2,forester,1,46,818740.89,275573.0015,748.8662,8.0,239090.0378,3.4244,219327.102,274445.7429,3.3618,0.020491
forest_management_v2,forester,1,47,900734.69,303130.3023,771.3321,8.0,263045.3441,3.4243,241339.2437,301969.466,3.4228,0.019187
forest_management_v2,forester,1,48,992567.75,333443.3317,794.472,8.0,289397.548,3.4298,265554.9575,332247.9105,3.4848,0.017966
forest_management_v2,forester,1,49,1095420.78,366787.6661,818.3061,8.0,318386.3832,3.4405,292194.6737,365556.6222,3.548,0.016823
forest_management_v2,forester,1,50,1456731.96,560818.3404,792.284,8.0,487215.709,2.9899,447458.2463,559626.1893,2.1401,0.010653
sawmill_v2,forester,2,1,26493.55,4610.298,1150.0,17.5,2995.2343,8.8452,1945.7384,3167.798,,1.0
sawmill_v2,forester,2,2,27743.55,5071.3278,1184.5,17.5,3366.3152,8.2415,2262.8122,3586.0778,3.3685,0.936364
sawmill_v2,forester,2,3,29143.55,5578.4606,1220.035,17.5,3776.6053,7.7169,2615.216,4049.1781,3.4122,0.876777
sawmill_v2,forester,2,4,30711.55,6136.3066,1256.6361,17.5,4230.0884,7.2603,3006.5912,4561.6707,3.4577,0.820982
sawmill_v2,forester,2,5,32467.71,6749.9373,1294.3354,17.5,4731.1487,6.8625,3440.9468,5128.587,3.5049,0.768738
sawmill_v2,forester,2,6,34434.61,7424.931,1333.1651,17.5,5284.6114,6.516,3922.6972,5755.4656,3.5538,0.719818
sawmill_v2,forester,2,7,36637.54,8167.4241,1373.1598,17.5,5895.785,6.2142,4456.6996,6448.4,3.6044,0.674011
sawmill_v2,forester,2,8,39104.82,8984.1661,1414.3551,17.5,6570.5106,5.9516,5048.3002,7214.0956,3.6567,0.63112
sawmill_v2,forester,2,9,41868.17,9882.5841,1456.7855,17.5,7315.2198,5.7234,5703.389,8059.9368,3.7106,0.590958
sawmill_v2,forester,2,10,48126.42,12284.0514,1485.4837,17.5,9379.5289,5.131,7581.5155,10425.8433,3.0316,0.484794
sawmill_v2,forester,2,11,51592.77,13512.4561,1530.0485,17.5,10409.4696,4.9563,8497.3921,11599.0264,3.3656,0.453944
sawmill_v2,forester,2,12,55475.08,14863.7022,1575.9508,17.5,11545.1187,4.8051,9509.5355,12893.3936,3.4186,0.425057
sawmill_v2,forester,2,13,59823.27,16350.0715,1623.2285,17.5,12797.1284,4.6747,10627.7145,14321.1797,3.473,0.398007
sawmill_v2,forester,2,14,64693.24,17985.0768,1671.9252,17.5,14177.2169,4.5632,11862.6736,15895.8434,3.5287,0.37268
sawmill_v2,forester,2,15,70147.61,19783.5863,1722.0836,17.5,15698.2823,4.4685,13226.2436,17632.2001,3.5859,0.348964
sawmill_v2,forester,2,16,76256.5,21761.9435,1773.7462,17.5,17374.5067,4.389,14731.4355,19546.5406,3.6444,0.326757
sawmill_v2,forester,2,17,83098.46,23938.1379,1826.9579,17.5,19221.5016,4.3232,16392.5735,21656.7988,3.7044,0.305963
sawmill_v2,forester,2,18,90761.45,26331.9522,1881.7668,17.5,21256.4362,4.2698,18225.4114,23982.6976,3.7657,0.286493
sawmill_v2,forester,2,19,99344.0,28965.1515,1938.2204,17.5,23498.2051,4.2277,20247.2907,26545.9437,3.8285,0.268262
sawmill_v2,forester,2,20,121351.77,38074.69,1952.447,17.5,31411.1265,3.8633,27513.5815,35637.8535,2.7812,0.205577
sawmill_v2,forester,2,21,132117.72,41882.16,2011.0199,17.5,34672.6668,3.8104,30471.6981,39372.744,3.3009,0.192495
sawmill_v2,forester,2,22,144175.59,46070.376,2071.3501,17.5,38263.9275,3.7679,33731.7756,43486.203,3.3576,0.180245
sawmill_v2,forester,2,23,157680.4,50677.4099,2133.4915,17.5,42217.984,3.7349,37324.1907,48016.2356,3.4154,0.168775
sawmill_v2,forester,2,24,172805.79,55745.1509,2197.4959,17.5,46571.2348,3.7106,41282.3768,53004.6668,3.4745,0.158035
sawmill_v2,forester,2,25,189746.22,61319.6696,2263.4208,17.5,51363.7115,3.6942,45643.1045,58497.496,3.5348,0.147978
sawmill_v2,forester,2,26,208719.51,67451.6334,2331.3237,17.5,56639.4444,3.6851,50446.8212,64545.3192,3.5963,0.138561
sawmill_v2,forester,2,27,229969.59,74196.799,2401.2632,17.5,62446.8911,3.6826,55738.0443,71203.8207,3.6591,0.129744
sawmill_v2,forester,2,28,253769.68,81616.4789,2473.3004,17.5,68839.3403,3.6864,61565.7325,78534.2371,3.7232,0.121487
sawmill_v2,forester,2,29,280425.78,89778.1264,2547.4995,17.5,75875.4203,3.6959,67983.7518,86603.9421,3.7885,0.113756
sawmill_v2,forester,2,30,367900.5,124432.4824,2532.0872,17.5,106038.1188,3.4695,95730.3551,121277.396,2.9001,0.081579
sawmill_v2,forester,2,31,401337.91,136875.7274,2608.0505,17.5,116797.6539,3.4362,105571.0062,133626.5127,3.1077,0.076387
sawmill_v2,forester,2,32,438787.81,150563.3011,2686.2919,17.5,128637.773,3.411,116403.703,147217.1351,3.163,0.071526
sawmill_v2,forester,2,33,480731.7,165619.6308,2766.8804,17.5,141666.6678,3.3934,128327.8839,162173.605,3.2193,0.066975
sawmill_v2,forester,2,34,527708.86,182181.5961,2849.8863,17.5,156003.3626,3.3827,141452.9475,178632.7153,3.2767,0.062713
sawmill_v2,forester,2,35,580323.28,200399.7558,2935.383,17.5,171778.7792,3.3783,155899.23,196744.9333,3.3352,0.058722
sawmill_v2,forester,2,36,639251.43,220439.7299,3023.4455,17.5,189136.9425,3.3798,171799.1158,216675.7867,3.3948,0.054985
sawmill_v2,forester,2,37,705250.95,242483.7039,3114.1483,17.5,208236.2884,3.3868,189298.2407,238607.368,3.4556,0.051486
sawmill_v2,forester,2,38,779170.42,266732.0733,3207.5731,17.5,229251.0902,3.3988,208556.799,262739.9719,3.5175,0.048209
sawmill_v2,forester,2,39,861960.22,293405.2843,3303.8005,17.5,252373.0659,3.4154,229751.0267,289293.9446,3.5806,0.045142
sawmill_v2,forester,2,40,1126778.45,427638.1999,3242.977,17.5,369208.619,3.0519,337228.5945,423602.2284,2.2666,0.030402
sawmill_v2,forester,2,41,1230629.98,470402.0195,3340.2658,17.5,406328.5007,3.0287,371293.7168,466245.4944,2.7977,0.028467
sawmill_v2,forester,2,42,1346943.69,517442.2224,3440.4745,17.5,447166.2956,3.0122,408775.5661,513161.5256,2.8482,0.026656
sawmill_v2,forester,2,43,1477215.05,569186.4414,3543.6882,17.5,492093.9702,3.0019,450016.1208,564777.8495,2.8996,0.024959
sawmill_v2,forester,2,44,1623118.97,626105.0883,3649.9988,17.5,541520.7028,2.9973,495391.5724,621564.7637,2.9519,0.023371
sawmill_v2,forester,2,45,1786531.36,688715.5952,3759.4995,17.5,595896.5783,2.9981,545315.7269,684039.585,3.0052,0.021884
sawmill_v2,forester,2,46,1969553.24,757587.1543,3872.2846,17.5,655716.7116,3.0037,600243.7965,752771.3886,3.0595,0.020491
sawmill_v2,forester,2,47,2174537.74,833345.8716,3988.453,17.5,721525.7292,3.0138,660676.5178,828386.1581,3.1148,0.019187
sawmill_v2,forester,2,48,2404120.39,916680.4564,4108.1059,17.5,793922.72,3.0282,727164.7063,911572.4774,3.1712,0.017966
sawmill_v2,forester,2,49,2661252.95,1008348.5053,4231.3491,17.5,873566.7009,3.0464,800314.2806,1003087.8119,3.2285,0.016823
sawmill_v2,forester,2,50,3497194.2,1541764.8616,4096.7922,17.5,1337755.9954,2.6142,1227249.201,1536670.9017,1.8009,0.010653
pulp_plant_v2,forester,3,1,52509.2,6160.2385,1403.3333,35.0,4108.0575,12.782,2788.1908,4270.2385,,1.0
pulp_plant_v2,forester,3,2,55009.2,6776.2624,1445.4333,35.0,4607.3712,11.9394,3217.8599,4830.6124,5.0069,0.936364
pulp_plant_v2,forester,3,3,57809.2,7453.8886,1488.7963,35.0,5159.1803,11.2051,3694.9164,5450.9191,5.0742,0.876777
pulp_plant_v2,forester,3,4,60945.2,8199.2774,1533.4602,35.0,5768.811,10.5646,4224.2316,6137.2689,5.1441,0.820982
pulp_plant_v2,forester,3,5,64457.52,9019.2052,1579.4643,35.0,6442.1246,10.0056,4811.1677,6896.386,5.2165,0.768738
pulp_plant_v2,forester,3,6,68391.32,9921.1257,1626.8478,35.0,7185.5717,9.5179,5461.6288,7735.6724,5.2913,0.719818
pulp_plant_v2,forester,3,7,72797.17,10913.2383,1675.653,35.0,8006.2492,9.0925,6182.1112,8663.2718,5.3686,0.674011
pulp_plant_v2,forester,3,8,77731.73,12004.5615,1725.9232,35.0,8911.9653,8.7222,6979.7644,9688.1452,5.4482,0.63112
pulp_plant_v2,forester,3,9,83258.43,13205.0195,1777.7006,35.0,9911.3175,8.4003,7862.4647,10820.1611,5.5303,0.590958
pulp_plant_v2,forester,3,10,95433.68,16413.8384,1812.7207,35.0,12672.5224,7.5308,10376.9896,13982.6886,4.4094,0.484794
pulp_plant_v2,forester,3,11,102366.38,18055.2217,1867.1027,35.0,14053.2135,7.2842,11608.5232,15552.1868,5.0212,0.453944
pulp_plant_v2,forester,3,12,110131.0,19860.7444,1923.1168,35.0,15575.2861,7.0709,12968.9204,17283.6673,5.1013,0.425057
pulp_plant_v2,forester,3,13,118827.37,21846.8177,1980.8092,35.0,17252.9774,6.8874,14471.2403,19193.4796,5.1835,0.398007
pulp_plant_v2,forester,3,14,128567.31,24031.497,2040.2334,35.0,19101.9493,6.7306,16129.8475,21299.6089,5.2678,0.37268
pulp_plant_v2,forester,3,15,139476.04,26434.6491,2101.4411,35.0,21139.4409,6.5979,17960.5576,23621.8534,5.354,0.348964
pulp_plant_v2,forester,3,16,151693.82,29078.1122,2164.4845,35.0,23384.4061,6.487,19980.763,26181.9824,5.4423,0.326757
pulp_plant_v2,forester,3,17,165377.73,31985.9234,2229.4181,35.0,25857.7096,6.3957,22209.6115,29003.961,5.5326,0.305963
pulp_plant_v2,forester,3,18,180703.71,35184.5164,2296.301,35.0,28582.2974,6.3222,24668.1616,32114.1446,5.6251,0.286493
pulp_plant_v2,forester,3,19,197868.81,38702.9735,2365.1906,35.0,31583.4211,6.265,27379.5929,35541.5399,5.7196,0.268262
pulp_plant_v2,forester,3,20,236888.7,50875.0566,2382.5513,35.0,42158.0296,5.6191,37091.2183,47690.6747,3.69,0.205577
pulp_plant_v2,forester,3,21,258420.6,55962.5634,2454.0272,35.0,46521.9765,5.5548,41054.0099,52683.7008,4.934,0.192495
pulp_plant_v2,forester,3,22,282536.33,61558.8198,2527.6475,35.0,51326.6699,5.5047,45420.5846,58182.642,5.0192,0.180245
pulp_plant_v2,forester,3,23,309545.95,67714.6968,2603.478,35.0,56616.3104,5.4674,50231.5404,64238.2823,5.1061,0.168775
pulp_plant_v2,forester,3,24,339796.73,74486.1665,2681.582,35.0,62439.5386,5.442,55531.5603,70906.5101,5.1948,0.158035
pulp_plant_v2,forester,3,25,373677.6,81934.7881,2762.0294,35.0,68849.85,5.4274,61369.7863,78248.7919,5.2854,0.147978
pulp_plant_v2,forester,3,26,411624.17,90128.2626,2844.8907,35.0,75906.0836,5.4228,67800.2741,86332.7361,5.3777,0.138561
pulp_plant_v2,forester,3,27,454124.33,99141.0919,2930.2372,35.0,83672.9936,5.4274,74882.5178,95232.7499,5.472,0.129744
pulp_plant_v2,forester,3,28,501724.51,109055.2011,3018.1434,35.0,92221.7902,5.4404,82681.9458,105030.6601,5.5681,0.121487
pulp_plant_v2,forester,3,29,555036.71,119960.7206,3108.6879,35.0,101630.8185,5.4613,91270.5447,115816.4931,5.6661,0.113756
pulp_plant_v2,forester,3,30,700587.06,166265.5579,3089.8804,35.0,141932.3894,4.9361,128342.6257,162146.191,3.6115,0.081579
pulp_plant_v2,forester,3,31,767461.89,182892.1093,3182.5776,35.0,156316.8426,4.9097,141504.8211,178650.2105,4.6491,0.076387
pulp_plant_v2,forester,3,32,842361.7,201181.3215,3278.0548,35.0,172145.3921,4.8933,155992.9751,196813.2159,4.7319,0.071526
pulp_plant_v2,forester,3,33,926249.48,221299.453,3376.3961,35.0,189562.6095,4.8862,171939.9682,216801.3546,4.8164,0.066975
pulp_plant_v2,forester,3,34,1020203.8,243429.4014,3477.6873,35.0,208727.5413,4.8877,189491.9901,238797.4109,4.9024,0.062713
pulp_plant_v2,forester,3,35,1125432.63,267772.3416,3582.0182,35.0,229815.1314,4.8971,208809.846,263002.4411,4.9901,0.058722
pulp_plant_v2,forester,3,36,1243288.92,294549.5739,3689.4798,35.0,253017.8318,4.9138,230070.4394,289637.6249,5.0794,0.054985
pulp_plant_v2,forester,3,37,1375287.97,324004.5325,3800.1635,35.0,278547.351,4.9374,253468.3807,318946.276,5.1704,0.051486
pulp_plant_v2,forester,3,38,1523126.9,356404.9845,3914.1689,35.0,306636.5596,4.9672,279217.7342,351196.0296,5.2632,0.048209
pulp_plant_v2,forester,3,39,1688706.51,392045.4879,4031.5942,35.0,337541.6375,5.003,307553.999,386681.314,5.3577,0.045142
pulp_plant_v2,forester,3,40,2157959.14,571406.2959,3957.3719,35.0,493650.1139,4.3714,451153.9789,566140.233,3.0059,0.030402
pulp_plant_v2,forester,3,41,2365662.2,628546.9249,4076.0925,35.0,543259.1742,4.3546,496688.4011,623123.9309,4.1868,0.028467
pulp_plant_v2,forester,3,42,2598289.63,691401.6186,4198.3762,35.0,597836.3709,4.3462,546788.7306,685816.9836,4.2624,0.026656
pulp_plant_v2,forester,3,43,2858832.35,760541.7762,4324.3268,35.0,657878.731,4.3455,601911.9308,754790.6531,4.3393,0.024959
pulp_plant_v2,forester,3,44,3150640.19,836595.9575,4454.0565,35.0,723933.0039,4.3521,662560.6813,830673.3508,4.4177,0.023371
pulp_plant_v2,forester,3,45,3477464.97,920255.5508,4587.6791,35.0,796600.5984,4.3654,729287.922,914156.3147,4.4975,0.021884
pulp_plant_v2,forester,3,46,3843508.73,1012281.1053,4725.3096,35.0,876543.0922,4.3848,802701.9198,1005999.9418,4.5788,0.020491
pulp_plant_v2,forester,3,47,4253477.74,1113509.2183,4867.0687,35.0,964488.2201,4.4101,883471.7715,1107040.6702,4.6616,0.019187
pulp_plant_v2,forester,3,48,4712643.03,1224860.137,5013.08,35.0,1061236.4896,4.4407,972333.4897,1218198.5836,4.746,0.017966
pulp_plant_v2,forester,3,49,5226908.16,1347346.155,5163.4724,35.0,1167668.4839,4.4764,1070096.7154,1340485.8049,4.8319,0.016823
pulp_plant_v2,forester,3,50,6862528.0,2060092.267,4999.274,35.0,1787900.4539,3.8383,1640539.9027,2053448.9631,2.6371,0.010653
paper_mill_v2,forester,4,1,97902.08,9144.513,2326.6667,63.0,5876.7163,16.6593,3762.6104,6176.513,,1.0
paper_mill_v2,forester,4,2,102402.08,10058.9643,2396.4667,63.0,6611.5629,15.4883,4389.4714,7003.8143,6.1237,0.936364
paper_mill_v2,forester,4,3,107442.08,11064.8607,2468.3607,63.0,7424.1451,14.472,5086.3476,7919.9462,6.2025,0.876777
paper_mill_v2,forester,4,4,113086.88,12171.3468,2542.4115,63.0,8322.3637,13.5883,5860.4602,8933.9749,6.2844,0.820982
paper_mill_v2,forester,4,5,119409.06,13388.4815,2618.6843,63.0,9314.9136,12.8191,6719.7588,10055.8778,6.3696,0.768738
paper_mill_v2,forester,4,6,126489.9,14727.3296,2697.2442,63.0,10411.3643,12.1492,7672.9974,11296.6387,6.458,0.719818
paper_mill_v2,forester,4,7,134420.44,16200.0626,2778.161,63.0,11622.2444,11.5658,8729.8086,12668.3415,6.5494,0.674011
paper_mill_v2,forester,4,8,143302.64,17820.0679,2861.5068,63.0,12959.1382,11.058,9900.7941,14184.284,6.6439,0.63112
paper_mill_v2,forester,4,9,153250.71,19602.0775,2947.3515,63.0,14434.8016,10.6168,11197.6347,15859.1106,6.7414,0.590958
paper_mill_v2,forester,4,10,172777.4,24365.3811,3005.4135,63.0,18528.3618,9.325,14921.1847,20549.92,4.7701,0.484794
paper_mill_v2,forester,4,11,185256.25,26801.9183,3095.5765,63.0,20569.7074,9.0063,16735.1699,22873.8827,6.1131,0.453944
paper_mill_v2,forester,4,12,199232.57,29482.1111,3188.4454,63.0,22820.6792,8.7304,18740.0208,25438.1223,6.209,0.425057
paper_mill_v2,forester,4,13,214886.04,32430.3204,3284.097,63.0,25302.4044,8.4927,20955.1108,28266.9042,6.3075,0.398007
paper_mill_v2,forester,4,14,232417.93,35673.3488,3382.6197,63.0,28038.1243,8.2894,23401.7495,31386.9203,6.4085,0.37268
paper_mill_v2,forester,4,15,252053.65,39240.6873,3484.0996,63.0,31053.4213,8.1168,26103.4005,34827.5544,6.512,0.348964
paper_mill_v2,forester,4,16,274045.66,43164.7533,3588.6227,63.0,34376.4236,7.9719,29085.8685,38621.1161,6.6181,0.326757
paper_mill_v2,forester,4,17,298676.71,47481.2286,3696.2799,63.0,38038.0953,7.852,32377.563,42803.1742,6.7267,0.305963
paper_mill_v2,forester,4,18,326263.48,52229.3524,3807.1689,63.0,42072.4896,7.7548,36009.7286,47412.8457,6.8379,0.286493
paper_mill_v2,forester,4,19,357160.66,57452.2958,3921.3849,63.0,46517.0825,7.6781,40016.7593,52493.1827,6.9516,0.268262
paper_mill_v2,forester,4,20,420401.12,75521.0397,3950.1681,63.0,62211.8482,6.7576,54428.5795,70525.9888,4.0294,0.205577
paper_mill_v2,forester,4,21,459158.55,83073.1455,4068.6722,63.0,68679.0817,6.6856,60292.508,77930.1342,5.9929,0.192495
paper_mill_v2,forester,4,22,502566.87,91380.46,4190.7315,63.0,75800.2538,6.6301,66755.2707,86085.0495,6.0957,0.180245
paper_mill_v2,forester,4,23,551184.19,100518.4987,4316.4553,63.0,83640.9678,6.5899,73877.1161,95066.1136,6.2006,0.168775
paper_mill_v2,forester,4,24,605635.59,110570.3486,4445.9482,63.0,92273.4183,6.5635,81724.3565,104956.2828,6.3078,0.158035
paper_mill_v2,forester,4,25,666621.15,121627.3907,4579.3267,63.0,101777.0057,6.5498,90369.9225,115846.793,6.4171,0.147978
paper_mill_v2,forester,4,26,734924.98,133790.1234,4716.7071,63.0,112239.0622,6.5479,99894.0381,127837.997,6.5287,0.138561
paper_mill_v2,forester,4,27,811425.27,147169.1403,4858.208,63.0,123755.7011,6.5567,110385.0003,141040.3405,6.6426,0.129744
paper_mill_v2,forester,4,28,897105.59,161886.0543,5003.9527,63.0,136432.6184,6.5754,121939.9144,155575.2825,6.7588,0.121487
paper_mill_v2,forester,4,29,993067.55,178074.6589,5154.0716,63.0,150386.101,6.6035,134665.6198,171576.4535,6.8773,0.113756
paper_mill_v2,forester,4,30,1268658.83,246811.4758,5122.8896,63.0,210214.26,6.0351,189701.8463,240352.2032,4.6064,0.081579
paper_mill_v2,forester,4,31,1389033.52,271492.617,5276.5775,63.0,231553.1443,5.9988,209216.2273,264841.4546,5.6411,0.076387
paper_mill_v2,forester,4,32,1523853.17,298641.8805,5434.8746,63.0,255035.2851,5.9751,230698.1924,291793.0735,5.7414,0.071526
paper_mill_v2,forester,4,33,1674851.18,328506.0676,5597.9204,63.0,280875.278,5.963,254344.9734,321453.687,5.8436,0.066975
paper_mill_v2,forester,4,34,1843968.95,361356.6789,5765.8569,63.0,309309.2052,5.9616,280373.5578,354094.6183,5.9477,0.062713
paper_mill_v2,forester,4,35,2033380.85,397492.3468,5938.833,63.0,340596.7471,5.9701,309022.628,390014.314,6.0539,0.058722
paper_mill_v2,forester,4,36,2245522.18,437241.5788,6116.9998,63.0,375023.5737,5.9877,340554.7634,429541.0927,6.1621,0.054985
paper_mill_v2,forester,4,37,2483120.47,480965.7385,6300.5086,63.0,412903.94,6.0138,375258.8278,473036.1292,6.2723,0.051486
paper_mill_v2,forester,4,38,2749230.55,529062.3105,6489.5247,63.0,454583.5136,6.0478,413452.5613,520896.7019,6.3847,0.048209
paper_mill_v2,forester,4,39,3047273.84,581968.5489,6684.2109,63.0,500442.5641,6.0892,455485.5228,573559.8615,6.4991,0.045142
paper_mill_v2,forester,4,40,3918027.46,848219.1561,6561.1535,63.0,732187.6522,5.3511,668670.5946,839964.1142,3.7574,0.030402
paper_mill_v2,forester,4,41,4291892.97,933041.0707,6757.9871,63.0,805811.4727,5.3262,736232.8759,924540.2687,5.0781,0.028467
paper_mill_v2,forester,4,42,4710622.34,1026345.1796,6960.7282,63.0,886809.6627,5.3119,810572.0514,1017591.2418,5.1696,0.026656
paper_mill_v2,forester,4,43,5179599.23,1128979.6912,7169.5489,63.0,975920.0138,5.3074,892366.4296,1119965.0267,5.2629,0.024959
paper_mill_v2,forester,4,44,5704853.35,1241877.6658,7384.6353,63.0,1073954.1266,5.312,982362.1798,1232594.4515,5.3579,0.023371
paper_mill_v2,forester,4,45,6293137.96,1366065.4287,7606.1758,63.0,1181804.7401,5.325,1081380.0793,1356505.6061,5.4546,0.021884
paper_mill_v2,forester,4,46,6952016.73,1502671.9707,7834.3613,63.0,1300453.9102,5.3458,1190323.0346,1492827.2431,5.5532,0.020491
paper_mill_v2,forester,4,47,7689960.95,1652939.1714,8069.3919,63.0,1430981.8982,5.3739,1310184.2493,1642800.9923,5.6535,0.019187
paper_mill_v2,forester,4,48,8516458.47,1818233.084,8311.4722,63.0,1574576.9922,5.4087,1442056.2589,1807792.6513,5.7558,0.017966
paper_mill_v2,forester,4,49,9442135.7,2000056.3988,8560.8164,63.0,1732546.3467,5.4499,1587140.8944,1989304.643,5.8599,0.016823
paper_mill_v2,forester,4,50,12318712.51,3058086.2278,8288.5825,63.0,2653269.1414,4.6428,2433973.1085,3047674.3745,3.1243,0.010653
packaging_factory_v2,forester,5,1,170515.06,10346.994,2360.0,112.0,6851.2448,24.8882,4625.5952,7324.994,,1.0
packaging_factory_v2,forester,5,2,178515.06,11381.6934,2430.8,112.0,7689.8373,23.2144,5347.1547,8272.3934,9.5398,0.936364
packaging_factory_v2,forester,5,3,187475.06,12519.8627,2503.724,112.0,8616.6007,21.7574,6148.3042,9320.6437,9.6681,0.876777
packaging_factory_v2,forester,5,4,197510.26,13771.849,2578.8357,112.0,9640.4816,20.4876,7037.2256,10480.0134,9.8011,0.820982
packaging_factory_v2,forester,5,5,208749.68,15149.0339,2656.2012,112.0,10771.3244,19.3801,8022.9253,11761.8027,9.939,0.768738
packaging_factory_v2,forester,5,6,221337.83,16663.9373,2735.8866,112.0,12019.9641,18.4142,9115.3199,13178.45,10.0815,0.719818
packaging_factory_v2,forester,5,7,235436.56,18330.331,2817.9627,112.0,13398.3204,17.5721,10325.3208,14743.6397,10.2287,0.674011
packaging_factory_v2,forester,5,8,251227.14,20163.3631,2902.5026,112.0,14919.5086,16.8388,11664.9365,16472.4298,10.3804,0.63112
packaging_factory_v2,forester,5,9,268912.59,22179.7025,2989.5772,112.0,16597.969,16.2015,13147.3962,18381.4018,10.5367,0.590958
packaging_factory_v2,forester,5,10,300024.62,27569.3689,3048.471,112.0,21235.7412,14.1283,17370.7886,23698.4492,6.7084,0.484794
packaging_factory_v2,forester,5,11,322209.25,30326.3048,3139.9257,112.0,23554.7098,13.6792,19439.1552,26342.6167,9.5666,0.453944
packaging_factory_v2,forester,5,12,347056.04,33358.9363,3234.1251,112.0,26111.1457,13.2915,21723.9614,29259.0956,9.7193,0.425057
packaging_factory_v2,forester,5,13,374884.44,36694.8278,3331.1471,112.0,28928.9623,12.9588,24247.1417,32475.3541,9.8759,0.398007
packaging_factory_v2,forester,5,14,406052.25,40364.3065,3431.0813,112.0,32034.4659,12.6755,27032.8233,36021.6088,10.0363,0.37268
packaging_factory_v2,forester,5,15,440960.19,44400.7413,3534.015,112.0,35456.6118,12.4366,30107.5705,39931.121,10.2006,0.348964
packaging_factory_v2,forester,5,16,480057.09,48840.8123,3640.0357,112.0,39227.2357,12.2379,33500.5963,44240.4632,10.3688,0.326757
packaging_factory_v2,forester,5,17,523845.62,53724.8935,3749.2352,112.0,43381.3827,12.0754,37244.062,48989.8958,10.5409,0.305963
packaging_factory_v2,forester,5,18,572888.77,59097.3839,3861.7128,112.0,47957.5938,11.9457,41373.3379,54223.6956,10.717,0.286493
packaging_factory_v2,forester,5,19,627817.1,65007.1316,3977.5652,112.0,52998.2828,11.846,45927.3574,59990.5914,10.897,0.268262
packaging_factory_v2,forester,5,20,729697.71,85451.8709,4006.7608,112.0,70759.8058,10.3123,62239.3555,80399.3311,5.736,0.205577
packaging_factory_v2,forester,5,21,798599.8,93997.0601,4126.9627,112.0,78089.5447,10.2267,68895.204,88796.3052,9.4003,0.192495
packaging_factory_v2,forester,5,22,875770.14,103396.7661,4250.7706,112.0,86159.576,10.1645,76229.2569,98043.3497,9.5626,0.180245
packaging_factory_v2,forester,5,23,962200.93,113736.4344,4378.2956,112.0,95044.1407,10.1237,84309.7041,108225.7733,9.7282,0.168775
packaging_factory_v2,forester,5,24,1059003.41,125110.0778,4509.6438,112.0,104824.9376,10.1026,93211.5966,119437.4578,9.8972,0.158035
packaging_factory_v2,forester,5,25,1167422.19,137621.0939,4644.9331,112.0,115591.8199,10.0995,103017.4754,131781.6552,10.0697,0.147978
packaging_factory_v2,forester,5,26,1288851.22,151383.196,4784.2817,112.0,127443.6155,10.1131,113818.1343,145371.9335,10.2456,0.138561
packaging_factory_v2,forester,5,27,1424851.74,166521.5208,4927.8098,112.0,140489.0886,10.1421,125713.5019,160333.2808,10.4251,0.129744
packaging_factory_v2,forester,5,28,1577172.32,183173.6729,5075.6426,112.0,154847.8464,10.1853,138813.4745,176803.1475,10.6082,0.121487
packaging_factory_v2,forester,5,29,1747771.37,201491.0391,5227.9121,112.0,170651.4805,10.2418,153238.9631,194932.7577,10.7949,0.113756
packaging_factory_v2,forester,5,30,2202876.59,279266.5787,5196.2834,112.0,238343.7169,9.2424,215506.8378,272747.297,6.7232,0.081579
packaging_factory_v2,forester,5,31,2416876.03,307193.2293,5352.1732,112.0,262504.2788,9.207,237614.3236,300481.7276,8.8574,0.076387
packaging_factory_v2,forester,5,32,2656555.41,337912.5543,5512.7382,112.0,289090.4,9.1894,261948.9362,331003.0678,9.0152,0.071526
packaging_factory_v2,forester,5,33,2924996.31,371703.8087,5678.1199,112.0,318344.9092,9.1881,288733.8671,364590.3981,9.1761,0.066975
packaging_factory_v2,forester,5,34,3225650.12,408874.1947,5848.4623,112.0,350534.9472,9.2021,318214.6623,401550.7433,9.34,0.062713
packaging_factory_v2,forester,5,35,3562382.39,449761.6142,6023.9165,112.0,385954.357,9.2301,350661.4166,442221.8188,9.507,0.058722
packaging_factory_v2,forester,5,36,3939522.53,494737.7725,6204.6359,112.0,424926.3889,9.2711,386371.2642,486975.141,9.6772,0.054985
packaging_factory_v2,forester,5,37,4361919.49,544211.5518,6390.7738,112.0,467806.6369,9.3242,425671.0808,536219.4028,9.8506,0.051486
packaging_factory_v2,forester,5,38,4835004.08,598632.7049,6582.4978,112.0,514986.2402,9.3886,468920.4172,590404.1504,10.0273,0.048209
packaging_factory_v2,forester,5,39,5364858.82,658495.9837,6779.9732,112.0,566895.4891,9.4636,516514.8272,650023.932,10.2073,0.045142
packaging_factory_v2,forester,5,40,6844015.34,959757.8918,6655.1528,112.0,829101.9429,8.2547,757711.5842,951439.75,5.6412,0.030402
packaging_factory_v2,forester,5,41,7508665.13,1055733.6799,6854.8064,112.0,912427.1799,8.2293,834192.7343,1047169.355,7.9766,0.028467
packaging_factory_v2,forester,5,42,8253072.89,1161307.05,7060.4521,112.0,1004097.1002,8.2194,918342.9618,1152489.1535,8.1205,0.026656
packaging_factory_v2,forester,5,43,9086809.59,1277437.7478,7272.2645,112.0,1104946.5305,8.2238,1010929.8015,1268358.6759,8.2671,0.024959
packaging_factory_v2,forester,5,44,10020594.69,1405181.5287,7490.4323,112.0,1215893.8139,8.2413,1112797.5745,1395833.4448,8.4165,0.023371
packaging_factory_v2,forester,5,45,11066434.0,1545699.6775,7715.1468,112.0,1337949.1017,8.2712,1224875.0218,1536074.5092,8.5686,0.021884
packaging_factory_v2,forester,5,46,12237774.03,1700269.6442,7946.6014,112.0,1472223.6072,8.3124,1348183.8132,1690359.0806,8.7235,0.020491
packaging_factory_v2,forester,5,47,13549674.86,1870296.6128,8184.9992,112.0,1619939.6638,8.3643,1483847.7914,1860092.0926,8.8812,0.019187
packaging_factory_v2,forester,5,48,15019003.79,2057326.2689,8430.5478,112.0,1782441.8373,8.4261,1633103.1934,2046818.9748,9.0419,0.017966
packaging_factory_v2,forester,5,49,16664652.19,2263058.903,8683.4642,112.0,1961209.1917,8.4971,1797309.926,2252239.75,9.2055,0.016823
packaging_factory_v2,forester,5,50,21730876.25,3460217.0559,8407.3301,112.0,3002977.0215,7.2364,2755450.6496,3449738.3904,4.8631,0.010653
furniture_factory_v2,forester,6,1,293277.8,11211.684,1850.0,196.0,7974.1451,36.7786,5998.3472,8505.684,,1.0
furniture_factory_v2,forester,6,2,307277.8,12332.8524,1905.5,196.0,8901.2766,34.5206,6812.0319,9551.5524,15.1003,0.936364
furniture_factory_v2,forester,6,3,322957.8,13566.1376,1962.665,196.0,9924.5012,32.5415,7712.9126,10707.2786,15.3241,0.876777
furniture_factory_v2,forester,6,4,340519.4,14922.7514,2021.5449,196.0,11053.5296,30.8064,8709.8837,11984.0066,15.5546,0.820982
furniture_factory_v2,forester,6,5,360188.39,16415.0265,2082.1917,196.0,12299.0464,29.2859,9812.7338,13393.999,15.7918,0.768738
furniture_factory_v2,forester,6,6,382217.66,18056.5292,2144.6569,196.0,13672.8089,27.9546,11032.238,14950.7515,16.0357,0.719818
furniture_factory_v2,forester,6,7,406890.44,19862.1821,2208.9962,196.0,15187.7517,26.7907,12380.2514,16669.1116,16.2863,0.674011
furniture_factory_v2,forester,6,8,434523.96,21848.3992,2275.2669,196.0,16858.1051,25.7754,13869.819,18565.4155,16.5435,0.63112
furniture_factory_v2,forester,6,9,465473.5,24033.2425,2343.5245,196.0,18699.5347,24.8923,15515.3072,20657.6498,16.8073,0.590958
furniture_factory_v2,forester,6,10,515227.37,29873.319,2389.6912,196.0,23740.2361,21.7027,20118.1183,26435.0892,9.8704,0.484794
furniture_factory_v2,forester,6,11,554050.47,32860.6498,2461.3825,196.0,26276.8426,21.0851,22400.4461,29325.1525,15.3051,0.453944
furniture_factory_v2,forester,6,12,597532.34,36146.7159,2535.2252,196.0,29071.4769,20.5539,24918.5349,32511.032,15.5591,0.425057
furniture_factory_v2,forester,6,13,646232.04,39761.3852,2611.2805,196.0,32150.0711,20.1005,27696.1873,36022.5127,15.8188,0.398007
furniture_factory_v2,forester,6,14,700775.7,43737.5193,2689.6188,196.0,35541.1534,19.7173,30759.5872,39892.3608,16.0844,0.37268
furniture_factory_v2,forester,6,15,761864.6,48111.2757,2770.3084,196.0,39276.1215,19.3977,34137.5579,44156.641,16.3559,0.348964
furniture_factory_v2,forester,6,16,830284.17,52922.3999,2853.4178,196.0,43389.4944,19.1356,37861.7932,48855.006,16.6334,0.326757
furniture_factory_v2,forester,6,17,906914.09,58214.6399,2939.0192,196.0,47919.27,18.9259,41967.1832,54031.1058,16.9169,0.305963
furniture_factory_v2,forester,6,18,992739.6,64036.105,3027.1901,196.0,52907.2359,18.7638,46492.0987,59732.9443,17.2065,0.286493
furniture_factory_v2,forester,6,19,1088864.17,70439.7255,3118.0067,196.0,58399.3754,18.6451,51478.7705,66013.349,17.5022,0.268262
furniture_factory_v2,forester,6,20,1247420.47,92593.0153,3140.893,196.0,77652.8264,16.0641,69167.0727,88135.5875,8.2352,0.205577
furniture_factory_v2,forester,6,21,1367999.13,101852.3191,3235.119,196.0,85626.444,15.9764,76433.1767,97267.0494,15.1222,0.192495
furniture_factory_v2,forester,6,22,1503047.23,112037.551,3332.1719,196.0,94403.1598,15.9216,84435.7829,107320.6042,15.3871,0.180245
furniture_factory_v2,forester,6,23,1654301.11,123241.2971,3432.1385,196.0,104063.448,15.897,93248.8299,118388.72,15.6573,0.168775
furniture_factory_v2,forester,6,24,1823705.45,135565.4268,3535.1021,196.0,114695.8625,15.9004,102953.6883,130573.1531,15.9328,0.158035
furniture_factory_v2,forester,6,25,2013438.31,149121.9785,3641.1552,196.0,126397.7962,15.9294,113639.85,143985.8165,16.2138,0.147978
furniture_factory_v2,forester,6,26,2225939.12,164034.1685,3750.3903,196.0,139276.367,15.9822,125405.7493,158749.8011,16.5003,0.138561
furniture_factory_v2,forester,6,27,2463940.02,180437.5909,3862.9018,196.0,153449.4596,16.057,138359.7201,175000.5729,16.7924,0.129744
furniture_factory_v2,forester,6,28,2730501.03,198481.35,3978.7876,196.0,169046.7093,16.1523,152620.8986,192887.103,17.0903,0.121487
furniture_factory_v2,forester,6,29,3029049.36,218329.4839,4098.1515,196.0,186210.7392,16.2668,168320.3599,212573.2892,17.3938,0.113756
furniture_factory_v2,forester,6,30,3780098.72,302604.6629,4073.3577,196.0,259551.7155,14.564,235777.6937,296882.1073,10.2405,0.081579
furniture_factory_v2,forester,6,31,4154597.75,332865.1214,4195.5595,196.0,285771.9988,14.5382,259802.7578,326976.7677,14.2828,0.076387
furniture_factory_v2,forester,6,32,4574036.66,366151.6358,4321.4261,196.0,314621.7624,14.5382,286243.1695,360092.5117,14.5387,0.071526
furniture_factory_v2,forester,6,33,5043808.24,402766.7982,4451.0685,196.0,346364.1648,14.5622,315340.8357,396531.7809,14.7995,0.066975
furniture_factory_v2,forester,6,34,5569952.41,443043.4836,4584.5997,196.0,381288.709,14.6082,347361.8874,436627.297,15.0652,0.062713
furniture_factory_v2,forester,6,35,6159233.88,487347.832,4722.138,196.0,419713.8338,14.6748,382599.0587,480745.0394,15.3358,0.058722
furniture_factory_v2,forester,6,36,6819229.12,536082.6118,4863.8035,196.0,461989.8432,14.7606,421374.3841,529287.6135,15.6116,0.054985
furniture_factory_v2,forester,6,37,7558423.79,589690.8753,5009.7168,196.0,508502.0879,14.8641,464042.1251,582697.9082,15.8925,0.051486
furniture_factory_v2,forester,6,38,8386321.83,648659.9605,5160.0089,196.0,559674.4379,14.9843,510991.9551,641463.0836,16.1786,0.048209
furniture_factory_v2,forester,6,39,9313567.63,713525.9656,5314.8095,196.0,615973.1858,15.1201,562652.5582,706119.0619,16.4701,0.045142
furniture_factory_v2,forester,6,40,11856811.36,1039964.09,5216.963,196.0,900059.4805,13.1734,823949.8275,1032689.9402,8.9524,0.030402
furniture_factory_v2,forester,6,41,13019948.49,1143960.4979,5373.4712,196.0,990400.1932,13.1461,906912.1916,1136474.0046,12.875,0.028467
furniture_factory_v2,forester,6,42,14322662.08,1258356.5499,5534.6764,196.0,1089784.5099,13.1427,998187.2252,1250651.3402,13.1078,0.026656
furniture_factory_v2,forester,6,43,15781701.3,1384192.197,5700.7158,196.0,1199117.0687,13.1611,1098606.6839,1376261.7124,13.345,0.024959
furniture_factory_v2,forester,6,44,17415825.22,1522611.4235,5871.7372,196.0,1319393.007,13.1999,1209085.533,1514448.9043,13.5865,0.023371
furniture_factory_v2,forester,6,45,19246044.01,1674872.5613,6047.8905,196.0,1451706.9436,13.2575,1330630.2133,1666471.045,13.8324,0.021884
furniture_factory_v2,forester,6,46,21295889.06,1842359.8163,6229.3274,196.0,1597263.0054,13.3327,1464347.862,1833712.1343,14.0829,0.020491
furniture_factory_v2,forester,6,47,23591715.51,2026595.8025,6416.207,196.0,1757385.728,13.4243,1611456.3315,2017694.5703,14.3379,0.019187
furniture_factory_v2,forester,6,48,26163041.14,2229255.3771,6608.6921,196.0,1933532.0959,13.5312,1773295.2635,2220092.9894,14.5977,0.017966
furniture_factory_v2,forester,6,49,29042925.84,2452180.9227,6806.9529,196.0,2127304.8337,13.6525,1951338.3088,2442749.5433,14.8622,0.016823
furniture_factory_v2,forester,6,50,37808750.54,3749384.6234,6590.4918,196.0,3256060.3745,11.6118,2989425.961,3740246.9291,7.7659,0.010653
engineered_wood_plant_v2,forester,7,1,542135.1,15675.36,2355.0,364.0,11272.0332,48.0956,8643.788,12076.36,,1.0
engineered_wood_plant_v2,forester,7,2,568135.1,17242.896,2425.65,364.0,12574.324,45.1822,9791.8418,13546.846,19.9648,0.936364
engineered_wood_plant_v2,forester,7,3,597255.1,18967.1856,2498.4195,364.0,14011.1465,42.6271,11062.1192,15171.1741,20.2669,0.876777
engineered_wood_plant_v2,forester,7,4,629869.5,20863.9042,2573.3721,364.0,15596.0829,40.3864,12467.0652,16964.9323,20.5777,0.820982
engineered_wood_plant_v2,forester,7,5,666397.63,22950.2946,2650.5737,364.0,17344.0772,38.4222,14020.3751,18945.273,20.8972,0.768738
engineered_wood_plant_v2,forester,7,6,707309.13,25245.324,2730.0903,364.0,19271.5734,36.7022,15737.1238,21131.0726,21.2252,0.719818
engineered_wood_plant_v2,forester,7,7,753130.01,27769.8564,2811.9925,364.0,21396.6617,35.1985,17633.8965,23543.0982,21.5619,0.674011
engineered_wood_plant_v2,forester,7,8,804449.4,30546.8405,2896.3533,364.0,23739.2439,33.8869,19728.9425,26204.1981,21.9072,0.63112
engineered_wood_plant_v2,forester,7,9,861927.12,33601.5293,2983.2433,364.0,26321.2287,32.7465,22042.3584,29139.5283,22.2611,0.590958
engineered_wood_plant_v2,forester,7,10,947258.42,41766.6989,3042.0124,364.0,33373.7973,28.3833,28486.3405,37223.9685,12.0993,0.484794
engineered_wood_plant_v2,forester,7,11,1019358.47,45943.3672,3133.2733,364.0,36928.1017,27.6039,31690.7838,41275.2741,20.2853,0.453944
engineered_wood_plant_v2,forester,7,12,1100110.52,50537.7055,3227.2732,364.0,40843.3961,26.9348,35225.2547,45740.4874,20.6248,0.425057
engineered_wood_plant_v2,forester,7,13,1190552.82,55591.4729,3324.0896,364.0,45155.9435,26.3654,39123.044,50661.2607,20.9719,0.398007
engineered_wood_plant_v2,forester,7,14,1291848.2,61150.6139,3423.812,364.0,49905.6376,25.8858,43420.7731,56083.4157,21.3267,0.37268
engineered_wood_plant_v2,forester,7,15,1405299.02,67265.6816,3526.5277,364.0,55136.3839,25.4877,48158.7537,62057.3856,21.6892,0.348964
engineered_wood_plant_v2,forester,7,16,1532363.94,73992.2451,3632.3237,364.0,60896.4515,25.1634,53381.3104,68638.6199,22.0596,0.326757
engineered_wood_plant_v2,forester,7,17,1674676.65,81391.4696,3741.2919,364.0,67238.9745,24.9063,59137.2377,75888.1577,22.4379,0.305963
engineered_wood_plant_v2,forester,7,18,1834066.88,89530.6181,3853.5312,364.0,74222.3855,24.7104,65480.1976,83873.1261,22.8241,0.286493
engineered_wood_plant_v2,forester,7,19,2012583.94,98483.694,3969.1382,364.0,81910.9835,24.5704,72469.2479,92667.3959,23.2184,0.268262
engineered_wood_plant_v2,forester,7,20,2297480.98,129456.8103,3998.2719,364.0,108832.2484,21.1103,97204.0404,123600.492,10.5826,0.205577
engineered_wood_plant_v2,forester,7,21,2521412.78,142402.4944,4118.2191,364.0,119990.6395,21.0134,107380.6669,136381.4079,20.0685,0.192495
engineered_wood_plant_v2,forester,7,22,2772216.4,156642.7439,4241.7648,364.0,132272.1718,20.9584,118587.5479,150451.946,20.4212,0.180245
engineered_wood_plant_v2,forester,7,23,3053116.45,172307.0057,4369.0195,364.0,145789.3679,20.942,130928.0752,165941.4013,20.7809,0.168775
engineered_wood_plant_v2,forester,7,24,3367724.51,189537.7063,4500.0894,364.0,160666.0467,20.961,144516.0309,182992.0548,21.1477,0.158035
engineered_wood_plant_v2,forester,7,25,3720085.54,208491.4894,4635.0922,364.0,177038.3856,21.0129,159476.5533,201760.3883,21.5217,0.147978
engineered_wood_plant_v2,forester,7,26,4114729.89,229340.6274,4774.1455,364.0,195056.1593,21.0951,175947.2837,222418.5125,21.9031,0.138561
engineered_wood_plant_v2,forester,7,27,4556731.56,252274.698,4917.3695,364.0,214884.1958,21.2055,194079.7041,245155.8401,22.2918,0.129744
engineered_wood_plant_v2,forester,7,28,5051773.44,277502.1678,5064.8891,364.0,236703.7525,21.3422,214040.4006,270180.6662,22.688,0.121487
engineered_wood_plant_v2,forester,7,29,5606220.34,305252.383,5216.836,364.0,260714.2459,21.5033,236012.6523,297722.156,23.0919,0.113756
engineered_wood_plant_v2,forester,7,30,6932654.17,423079.8004,5185.2743,364.0,363251.5577,19.085,330321.9288,415592.9289,12.9361,0.081579
engineered_wood_plant_v2,forester,7,31,7628152.36,465387.7695,5340.8338,364.0,399924.154,19.074,363934.9648,457687.21,18.9651,0.076387
engineered_wood_plant_v2,forester,7,32,8407110.34,511926.5496,5501.0586,364.0,440273.4971,19.0952,400925.6517,504005.8937,19.3053,0.071526
engineered_wood_plant_v2,forester,7,33,9279543.27,563119.203,5666.09,364.0,484667.5283,19.1462,441632.2274,554971.848,19.652,0.066975
engineered_wood_plant_v2,forester,7,34,10256668.15,619431.1311,5836.0715,364.0,533511.0218,19.2248,486426.7976,611050.277,20.0052,0.062713
engineered_wood_plant_v2,forester,7,35,11351048.02,681374.2442,6011.154,364.0,587249.2085,19.3292,535718.6644,672752.8841,20.365,0.058722
engineered_wood_plant_v2,forester,7,36,12576753.47,749511.6639,6191.4905,364.0,646371.8709,19.4575,589958.0954,740642.5804,20.7316,0.054985
engineered_wood_plant_v2,forester,7,37,13949543.58,824462.8334,6377.234,364.0,711417.7915,19.6081,649640.4157,815338.599,21.1049,0.051486
engineered_wood_plant_v2,forester,7,38,15487068.5,906909.1137,6568.5519,364.0,782979.6088,19.7797,715310.4631,897522.0711,21.4853,0.048209
engineered_wood_plant_v2,forester,7,39,17209096.41,997600.0376,6765.6088,364.0,861709.273,19.9709,787567.6168,987942.3031,21.8727,0.045142
engineered_wood_plant_v2,forester,7,40,21825472.26,1454002.048,6641.0529,364.0,1258887.3857,17.3371,1152876.0591,1444515.4127,11.6229,0.030402
engineered_wood_plant_v2,forester,7,41,23985584.07,1599402.2512,6840.2835,364.0,1385212.2319,17.3155,1268897.3757,1589641.9382,17.0997,0.028467
engineered_wood_plant_v2,forester,7,42,26404909.3,1759342.4795,7045.4935,364.0,1524181.6978,17.324,1396541.7433,1749300.275,17.409,0.026656
engineered_wood_plant_v2,forester,7,43,29114553.56,1935276.7165,7256.8571,364.0,1677060.5976,17.3605,1536972.0875,1924944.1675,17.7241,0.024959
engineered_wood_plant_v2,forester,7,44,32149355.13,2128804.3975,7474.5628,364.0,1845240.2762,17.4229,1691467.6739,2118172.7922,18.045,0.023371
engineered_wood_plant_v2,forester,7,45,35548332.89,2341684.831,7698.8012,364.0,2030251.166,17.5093,1861435.6631,2330745.1955,18.3718,0.021884
engineered_wood_plant_v2,forester,7,46,39355187.98,2575853.3125,7929.7654,364.0,2233776.806,17.6182,2048424.0019,2564596.4076,18.7045,0.020491
engineered_wood_plant_v2,forester,7,47,43618865.68,2833438.6501,8167.6581,364.0,2457669.083,17.7481,2254135.4329,2821854.9584,19.0434,0.019187
engineered_wood_plant_v2,forester,7,48,48394184.7,3116782.5072,8412.6864,364.0,2703965.0641,17.8975,2480442.9761,3104862.2267,19.3885,0.017966
engineered_wood_plant_v2,forester,7,49,53742542.01,3428460.7689,8665.0671,364.0,2974905.5806,18.0653,2729407.0145,3416193.7999,19.74,0.016823
engineered_wood_plant_v2,forester,7,50,69871459.8,5242116.5055,8389.5179,364.0,4553025.7991,15.3462,4180744.9275,5230228.0509,10.2203,0.010653
wood_composite_plant_v2,forester,8,1,976260.0,21596.706,2830.0,665.0,15748.4842,61.9907,12367.3648,17001.706,,1.0
wood_composite_plant_v2,forester,8,2,1023760.0,23756.3766,2914.9,665.0,17553.5346,58.3222,13967.7513,19043.4766,26.3151,0.936364
wood_composite_plant_v2,forester,8,3,1076960.0,26132.0143,3002.347,665.0,19544.2605,55.1036,15737.0909,21297.6773,26.7239,0.876777
wood_composite_plant_v2,forester,8,4,1136544.0,28745.2157,3092.4174,665.0,21739.3845,52.2804,17692.5464,23785.7986,27.1438,0.820982
wood_composite_plant_v2,forester,8,5,1203278.08,31619.7373,3185.1905,665.0,24159.5057,49.8056,19853.0041,26531.4869,27.5747,0.768738
wood_composite_plant_v2,forester,8,6,1278020.25,34781.711,3280.7454,665.0,26827.29,47.6388,22239.2507,29560.7642,28.0166,0.719818
wood_composite_plant_v2,forester,8,7,1361731.48,38259.8821,3379.1672,665.0,29767.672,45.7453,24874.1549,32902.2577,28.4695,0.674011
wood_composite_plant_v2,forester,8,8,1455488.06,42085.8681,3480.5434,665.0,33008.0825,44.0949,27782.8794,36587.4633,28.9336,0.63112
wood_composite_plant_v2,forester,8,9,1560495.43,46294.4614,3584.9591,665.0,36578.717,42.6613,30993.1305,40651.0553,29.4086,0.590958
wood_composite_plant_v2,forester,8,10,1708218.84,57544.0128,3655.5818,665.0,46304.385,36.8911,39886.8376,51802.5335,15.189,0.484794
wood_composite_plant_v2,forester,8,11,1839940.08,63298.4119,3765.2499,665.0,51215.3009,35.9256,44325.8547,57404.6373,26.8221,0.453944
wood_composite_plant_v2,forester,8,12,1987467.87,69628.2553,3878.2094,665.0,56623.9899,35.0994,49220.2902,63577.6147,27.2761,0.425057
wood_composite_plant_v2,forester,8,13,2152698.99,76591.0765,3994.5535,665.0,62580.425,34.3989,54616.0309,70378.8697,27.7399,0.398007
wood_composite_plant_v2,forester,8,14,2337757.85,84250.1755,4114.3898,665.0,69139.5835,33.8121,60563.5556,77871.5528,28.2138,0.37268
wood_composite_plant_v2,forester,8,15,2545023.77,92675.2017,4237.8231,665.0,76361.9693,33.3284,67118.4267,86125.1682,28.6977,0.348964
wood_composite_plant_v2,forester,8,16,2777161.6,101942.7154,4364.958,665.0,84314.0989,32.9383,74341.7352,95216.1305,29.1919,0.326757
wood_composite_plant_v2,forester,8,17,3037155.97,112136.9869,4495.905,665.0,93069.1913,32.6333,82300.7321,105228.557,29.6964,0.305963
wood_composite_plant_v2,forester,8,18,3328349.67,123350.6878,4630.7828,665.0,102707.7673,32.406,91069.376,116254.9541,30.2113,0.286493
wood_composite_plant_v2,forester,8,19,3654486.61,135685.776,4769.7075,665.0,113318.4296,32.2497,100729.0596,128397.1186,30.7367,0.268262
wood_composite_plant_v2,forester,8,20,4151048.03,178358.9449,4804.7174,665.0,150413.6279,27.5976,134815.0798,171021.6695,13.3861,0.205577
wood_composite_plant_v2,forester,8,21,4560154.21,196194.8437,4948.8578,665.0,165805.4578,27.503,148867.5883,188657.4016,26.5794,0.192495
wood_composite_plant_v2,forester,8,22,5018353.13,215814.3281,5097.3224,665.0,182745.2449,27.4609,164340.4788,208070.7143,27.0487,0.180245
wood_composite_plant_v2,forester,8,23,5531535.92,237395.7436,5250.2443,665.0,201388.0344,27.4671,181376.2285,229439.7683,27.5271,0.168775
wood_composite_plant_v2,forester,8,24,6106300.65,261135.318,5407.7508,665.0,221904.4335,27.5177,200131.6282,252960.6146,28.0149,0.158035
wood_composite_plant_v2,forester,8,25,6750037.14,287248.8671,5569.9834,665.0,244482.0788,27.6095,220779.1186,278848.8725,28.5121,0.147978
wood_composite_plant_v2,forester,8,26,7471022.01,315973.7387,5737.0835,665.0,269327.34,27.7396,243508.3656,307341.6933,29.019,0.138561
wood_composite_plant_v2,forester,8,27,8278525.07,347571.1233,5909.1957,665.0,296667.3271,27.9051,268528.1052,338700.0672,29.5356,0.129744
wood_composite_plant_v2,forester,8,28,9182928.5,382328.2357,6086.4697,665.0,326751.7864,28.1037,296067.884,373211.0004,30.0621,0.121487
wood_composite_plant_v2,forester,8,29,10195860.34,420561.0571,6269.0641,665.0,359855.4839,28.3332,326380.2495,411190.2542,30.5988,0.113756
wood_composite_plant_v2,forester,8,30,12540127.82,582897.6218,6231.1364,665.0,501121.2922,25.0241,456306.3927,573579.4888,16.5947,0.081579
wood_composite_plant_v2,forester,8,31,13810749.52,641187.3688,6418.0721,665.0,551670.7381,25.0344,502657.7869,631609.6397,25.1362,0.076387
wood_composite_plant_v2,forester,8,32,15233845.82,705306.11,6610.614,665.0,607286.5315,25.0851,553663.967,695460.9994,25.588,0.071526
wood_composite_plant_v2,forester,8,33,16827713.68,775836.7189,6808.9319,665.0,668475.6247,25.1733,609790.9772,765716.2057,26.0482,0.066975
wood_composite_plant_v2,forester,8,34,18612845.68,853420.4015,7013.1985,665.0,735795.7167,25.2962,671551.5235,843016.2249,26.5171,0.062713
wood_composite_plant_v2,forester,8,35,20612193.52,938762.4417,7223.5948,665.0,809860.2468,25.4515,739509.5611,928066.0892,26.9947,0.058722
wood_composite_plant_v2,forester,8,36,22851463.1,1032638.6794,7440.3049,665.0,891344.0358,25.6371,814285.4862,1021641.3832,27.4812,0.054985
wood_composite_plant_v2,forester,8,37,25359445.03,1135902.5516,7663.5127,665.0,980989.4139,25.8509,896561.7723,1124595.2885,27.9767,0.051486
wood_composite_plant_v2,forester,8,38,28168384.79,1249492.8025,7893.419,665.0,1079612.9136,26.0912,987089.1135,1237866.2701,28.4814,0.048209
wood_composite_plant_v2,forester,8,39,31314397.32,1374442.1,8130.2221,665.0,1188112.7838,26.3564,1086693.3469,1362486.7209,28.9955,0.045142
wood_composite_plant_v2,forester,8,40,39624735.86,2003249.3515,7980.5434,665.0,1735305.313,22.8344,1589963.6661,1991501.8301,15.1872,0.030402
wood_composite_plant_v2,forester,8,41,43571093.98,2203574.2845,8219.9586,665.0,1909379.7135,22.8195,1749864.4897,2191494.289,22.6705,0.028467
wood_composite_plant_v2,forester,8,42,47991015.08,2423931.7172,8466.5591,665.0,2100876.1376,22.8433,1925780.5351,2411509.2694,23.081,0.026656
wood_composite_plant_v2,forester,8,43,52941326.71,2666324.8738,8720.5544,665.0,2311537.2079,22.9031,2119314.0674,2653549.7046,23.4989,0.024959
wood_composite_plant_v2,forester,8,44,58485675.73,2932957.3742,8982.171,665.0,2543279.8768,22.9962,2332227.6429,2919818.9,23.9246,0.023371
wood_composite_plant_v2,forester,8,45,64695346.64,3226253.103,9251.6379,665.0,2798212.7246,23.1202,2566460.0255,3212740.4221,24.3581,0.021884
wood_composite_plant_v2,forester,8,46,71650178.05,3548878.4111,9529.1873,665.0,3078655.2747,23.2732,2824143.9479,3534980.2994,24.7995,0.020491
wood_composite_plant_v2,forester,8,47,79439589.23,3903766.2608,9815.0626,665.0,3387158.9925,23.4532,3107625.4148,3889471.1562,25.249,0.019187
wood_composite_plant_v2,forester,8,48,88163729.76,4294142.8761,10109.5128,665.0,3726530.4761,23.6584,3419485.0317,4279438.8708,25.7068,0.017966
wood_composite_plant_v2,forester,8,49,97934767.15,4723557.1789,10412.7982,665.0,4099857.0612,23.8874,3762561.5458,4708432.0032,26.1729,0.016823
wood_composite_plant_v2,forester,8,50,127226625.92,7222318.9124,10081.6712,665.0,6274067.8498,20.2782,5762067.623,7207653.5703,13.4724,0.010653
timber_module_factory_v2,forester,9,1,1630538.6,30709.92,4436.0,1120.0,21883.9104,74.5086,16793.936,23613.92,,1.0
timber_module_factory_v2,forester,9,2,1710538.6,33780.912,4569.08,1120.0,24439.8938,69.9896,19051.1096,26505.632,31.2991,0.936364
timber_module_factory_v2,forester,9,3,1800138.6,37159.0032,4706.1524,1120.0,27259.5802,66.0369,21547.974,29699.0648,31.7766,0.876777
timber_module_factory_v2,forester,9,4,1900490.6,40874.9035,4847.337,1120.0,30369.5829,62.5788,24308.9174,33224.767,32.2675,0.820982
timber_module_factory_v2,forester,9,5,2012884.84,44962.3939,4992.7579,1120.0,33799.1833,59.5542,27360.7782,37116.3521,32.7718,0.768738
timber_module_factory_v2,forester,9,6,2138766.39,49458.6333,5142.5395,1120.0,37580.6016,56.9114,30733.0974,41410.8118,33.2895,0.719818
timber_module_factory_v2,forester,9,7,2279753.72,54404.4966,5296.8147,1120.0,41749.2833,54.6058,34458.3753,46148.8418,33.8206,0.674011
timber_module_factory_v2,forester,9,8,2437659.53,59844.9432,5455.7211,1120.0,46344.2232,52.599,38572.3729,51375.2161,34.3652,0.63112
timber_module_factory_v2,forester,9,9,2614514.04,65829.4467,5619.3917,1120.0,51408.3478,50.8578,43114.4698,57139.2292,34.923,0.590958
timber_module_factory_v2,forester,9,10,2855678.13,81825.9984,5730.0921,1120.0,65229.0384,43.7792,55745.6605,72986.6498,17.4495,0.484794
timber_module_factory_v2,forester,9,11,3077524.43,90008.5951,5901.996,1120.0,72198.3413,42.626,62033.8821,80937.6646,31.8319,0.453944
timber_module_factory_v2,forester,9,12,3325992.29,99009.4577,6079.0589,1120.0,79875.0469,41.6399,68968.9778,89699.9951,32.3665,0.425057
timber_module_factory_v2,forester,9,13,3604276.29,108910.3973,6261.4273,1120.0,88330.2039,40.8046,76616.1769,99355.2554,32.9129,0.398007
timber_module_factory_v2,forester,9,14,3915954.37,119801.4248,6449.2697,1120.0,97641.9749,40.1052,85047.2352,109993.2291,33.4714,0.37268
timber_module_factory_v2,forester,9,15,4265033.82,131781.5795,6642.7503,1120.0,107896.3814,39.529,94341.1382,121712.7347,34.0419,0.348964
timber_module_factory_v2,forester,9,16,4656002.8,144959.7283,6842.0332,1120.0,119187.9947,39.0644,104584.7329,134622.4176,34.6247,0.326757
timber_module_factory_v2,forester,9,17,5093888.06,159455.7011,7047.2913,1120.0,131620.9165,38.7012,115873.6239,148841.8749,35.2198,0.305963
timber_module_factory_v2,forester,9,18,5584319.55,175401.2743,7258.7111,1120.0,145309.63,38.4305,128312.9528,164502.6319,35.8274,0.286493
timber_module_factory_v2,forester,9,19,6133602.82,192941.4294,7476.4743,1120.0,160380.1109,38.2442,142018.432,181749.4252,36.4476,0.268262
timber_module_factory_v2,forester,9,20,6947565.65,253621.4981,7531.3521,1120.0,213124.027,32.5987,190480.1704,242355.5648,15.4324,0.205577
timber_module_factory_v2,forester,9,21,7636586.59,278983.654,7757.2909,1120.0,234992.536,32.4971,210430.9869,267413.3452,31.5074,0.192495
timber_module_factory_v2,forester,9,22,8408290.04,306882.0194,7990.0079,1120.0,259061.6501,32.4567,232400.6038,294998.2036,32.062,0.180245
timber_module_factory_v2,forester,9,23,9272597.9,337570.1968,8229.7116,1120.0,285551.8222,32.4726,256591.5901,325363.4619,32.6275,0.168775
timber_module_factory_v2,forester,9,24,10240622.7,371327.2165,8476.6016,1120.0,314705.635,32.5403,283226.8708,358787.8813,33.2041,0.158035
timber_module_factory_v2,forester,9,25,11324810.48,408459.9627,8730.8997,1120.0,346789.8848,32.6561,312551.6206,395578.0473,33.7919,0.147978
timber_module_factory_v2,forester,9,26,12539100.79,449305.9375,8992.8278,1120.0,382098.0055,32.8165,344835.5083,436071.1632,34.3912,0.138561
timber_module_factory_v2,forester,9,27,13899105.94,494236.5466,9262.612,1120.0,420952.9231,33.0182,380375.3193,480638.3299,35.0021,0.129744
timber_module_factory_v2,forester,9,28,15422311.71,543660.2013,9540.4875,1120.0,463709.751,33.2585,419497.4298,529687.642,35.6249,0.121487
timber_module_factory_v2,forester,9,29,17128302.17,598026.2183,9826.7026,1120.0,510759.1787,33.535,462560.9207,583668.0815,36.2595,0.113756
timber_module_factory_v2,forester,9,30,21002712.59,828864.3339,9767.2513,1120.0,711640.0618,29.5131,647320.5901,814586.2874,19.2871,0.081579
timber_module_factory_v2,forester,9,31,23142707.03,911750.7457,10060.2713,1120.0,783496.3128,29.5377,713190.1896,897077.9546,29.7816,0.076387
timber_module_factory_v2,forester,9,32,25539500.8,1002925.8265,10362.079,1120.0,862556.0603,29.6091,785677.5426,987846.4522,30.3162,0.071526
timber_module_factory_v2,forester,9,33,28223909.82,1103218.406,10672.9406,1120.0,949540.1549,29.7238,865445.314,1087720.2516,30.8609,0.066975
timber_module_factory_v2,forester,9,34,31230447.92,1213540.262,10993.1266,1120.0,1045241.6078,29.8787,953222.5197,1197610.7659,31.4158,0.062713
timber_module_factory_v2,forester,9,35,34597770.6,1334894.2882,11322.9211,1120.0,1150532.6894,30.0711,1049811.049,1318520.5064,31.9811,0.058722
timber_module_factory_v2,forester,9,36,38369172.0,1468383.7078,11662.6122,1120.0,1266372.9532,30.2985,1156093.048,1451552.3078,32.5569,0.054985
timber_module_factory_v2,forester,9,37,42593141.57,1615222.0847,12012.4884,1120.0,1393817.9488,30.5586,1273038.9352,1597919.3457,33.1435,0.051486
timber_module_factory_v2,forester,9,38,47323987.48,1776744.2871,12372.8646,1120.0,1534028.7376,30.8495,1401716.1328,1758956.0637,33.741,0.048209
timber_module_factory_v2,forester,9,39,52622534.9,1954418.7403,12744.0513,1120.0,1688282.5794,31.1693,1543298.9153,1936130.4692,34.3495,0.045142
timber_module_factory_v2,forester,9,40,66503328.26,2848565.3008,12509.4313,1120.0,2466394.2065,26.9638,2258968.0937,2830593.1004,17.8391,0.030402
timber_module_factory_v2,forester,9,41,73149826.15,3133421.8278,12884.7124,1120.0,2713892.8904,26.9538,2486290.3936,3114944.0637,26.8547,0.028467
timber_module_factory_v2,forester,9,42,80593903.79,3446764.0168,13271.2566,1120.0,2986164.3013,26.9891,2736384.3285,3427765.516,27.3407,0.026656
timber_module_factory_v2,forester,9,43,88931270.74,3791440.397,13669.392,1120.0,3285686.3743,27.0663,3011528.2295,3771905.5442,27.8356,0.024959
timber_module_factory_v2,forester,9,44,98269121.73,4170584.4551,14079.4736,1120.0,3615184.9339,27.1823,3314228.3536,4150497.157,28.3396,0.023371
timber_module_factory_v2,forester,9,45,108727514.83,4587642.8883,14501.8607,1120.0,3977658.294,27.3346,3647241.5196,4566986.5674,28.8529,0.021884
timber_module_factory_v2,forester,9,46,120440915.11,5046407.1741,14936.9169,1120.0,4376404.7237,27.5205,4013600.3638,5025164.763,29.3756,0.020491
timber_module_factory_v2,forester,9,47,133559923.42,5551047.9038,15385.0239,1120.0,4815052.3055,27.738,4416640.7871,5529201.821,29.9079,0.019187
timber_module_factory_v2,forester,9,48,148253212.73,6106152.6788,15846.572,1120.0,5297591.9129,27.985,4860032.2851,6083684.8172,30.4499,0.017966
timber_module_factory_v2,forester,9,49,164709696.75,6716767.9681,16321.9692,1120.0,5828413.6191,28.2598,5347811.4207,6693659.6706,31.0019,0.016823
timber_module_factory_v2,forester,9,50,213880389.08,10269938.2032,15802.9306,1120.0,8920123.2872,23.9773,8191126.1667,10247529.1335,15.904,0.010653
artesian_well,water,1,1,9000.0,1547.5,220.0,8.0,1147.965,7.84,900.0,1209.5,,1.0
artesian_well,water,1,2,9500.0,1702.25,226.6,8.0,1276.8555,7.4402,1013.9,1354.35,3.8793,0.936364
artesian_well,water,1,3,10060.0,1872.475,233.398,8.0,1419.037,7.0893,1139.883,1514.378,3.9386,0.876777
artesian_well,water,1,4,10687.2,2059.7225,240.3999,8.0,1575.8506,6.7819,1279.1781,1691.1226,3.9997,0.820982
artesian_well,water,1,5,11389.66,2265.6948,247.612,8.0,1748.772,6.5129,1433.1378,1886.2768,4.0623,0.768738
artesian_well,water,1,6,12176.42,2492.2642,255.0403,8.0,1939.4248,6.2784,1603.251,2101.7038,4.1267,0.719818
artesian_well,water,1,7,13057.59,2741.4906,262.6914,8.0,2149.5953,6.0744,1791.1554,2339.4535,4.1926,0.674011
artesian_well,water,1,8,14044.5,3015.6396,270.5723,8.0,2381.2485,5.898,1998.6532,2601.7811,4.2603,0.63112
artesian_well,water,1,9,15149.84,3317.204,278.6894,8.0,2636.5477,5.7461,2227.7291,2891.1699,4.3296,0.590958
artesian_well,water,1,10,18861.14,4123.2843,284.1795,8.0,3333.0612,5.6588,2864.3582,3689.0151,5.3284,0.484794
artesian_well,water,1,11,20247.68,4535.6126,292.7049,8.0,3684.3697,5.4956,3181.4327,4088.5552,3.9468,0.453944
artesian_well,water,1,12,21800.6,4989.174,301.4862,8.0,4071.3284,5.3547,3531.1099,4528.9447,4.0131,0.425057
artesian_well,water,1,13,23539.87,5488.0911,310.5307,8.0,4497.5176,5.234,3916.6769,5014.2951,4.081,0.398007
artesian_well,water,1,14,25487.86,6036.8996,319.8466,8.0,4966.8762,5.1316,4341.7499,5549.1298,4.1503,0.37268
artesian_well,water,1,15,27669.61,6640.5902,329.4421,8.0,5483.7389,5.0458,4810.3091,6138.4271,4.2211,0.348964
artesian_well,water,1,16,30113.17,7304.6488,339.3254,8.0,6052.8714,4.975,5326.731,6787.6607,4.2935,0.326757
artesian_well,water,1,17,32849.95,8035.1137,349.505,8.0,6679.5195,4.918,5895.8335,7502.8562,4.3673,0.305963
artesian_well,water,1,18,35915.15,8838.6252,359.9902,8.0,7369.4524,4.8735,6522.9149,8290.6399,4.4428,0.286493
artesian_well,water,1,19,39348.17,9722.4891,370.79,8.0,8129.0182,4.8405,7213.8063,9158.3041,4.5197,0.268262
artesian_well,water,1,20,53114.08,12780.2114,373.5116,8.0,10786.8688,4.924,9655.9017,12211.944,5.1793,0.205577
artesian_well,water,1,21,57420.46,14058.2328,384.7169,8.0,11888.9989,4.8297,10661.5109,13473.1575,3.9073,0.192495
artesian_well,water,1,22,62243.61,15464.0561,396.2583,8.0,13102.0241,4.7507,11768.8574,14861.6687,3.9761,0.180245
artesian_well,water,1,23,67645.53,17010.4604,408.1462,8.0,14437.0534,4.6855,12988.1491,16390.2411,4.0463,0.168775
artesian_well,water,1,24,73695.69,18711.5065,420.3905,8.0,15906.3109,4.6331,14330.6194,18072.9207,4.1178,0.158035
artesian_well,water,1,25,80471.86,20582.6584,433.0022,8.0,17523.2408,4.5923,15808.6233,19925.155,4.1908,0.147978
artesian_well,water,1,26,88061.17,22640.9231,445.9924,8.0,19302.6298,4.5621,17435.75,21963.9346,4.2651,0.138561
artesian_well,water,1,27,96561.2,24905.0162,459.3721,8.0,21260.7504,4.5418,19226.9548,24207.9581,4.3409,0.129744
artesian_well,water,1,28,106081.24,27395.5178,473.1531,8.0,23415.4973,4.5304,21198.6846,26677.7882,4.4182,0.121487
artesian_well,water,1,29,116743.68,30135.0695,487.3477,8.0,25786.5579,4.5273,23369.034,29396.0479,4.4969,0.113756
artesian_well,water,1,30,154962.15,41767.2061,484.3993,8.0,35909.0819,4.3154,32679.1659,41032.6071,3.7756,0.081579
artesian_well,water,1,31,168337.12,45943.9256,498.9314,8.0,39530.1849,4.2584,35998.7434,45187.5285,3.6936,0.076387
artesian_well,water,1,32,183317.08,50538.3184,513.8993,8.0,43514.2846,4.2128,39651.8058,49759.4695,3.7599,0.071526
artesian_well,water,1,33,200094.64,55592.1501,529.3163,8.0,47897.7055,4.1775,43671.7457,54790.1757,3.8275,0.066975
artesian_well,water,1,34,218885.5,61151.3659,545.1956,8.0,52720.4081,4.1518,48095.2993,60325.5725,3.8963,0.062713
artesian_well,water,1,35,239931.27,67266.5025,561.5515,8.0,58026.3474,4.1349,52962.8747,66416.1752,3.9665,0.058722
artesian_well,water,1,36,263502.53,73993.1523,578.3983,8.0,63863.876,4.126,58318.9245,73117.5549,4.0379,0.054985
artesian_well,water,1,37,289902.34,81392.4678,595.7501,8.0,70286.1844,4.1246,64212.3491,80490.8427,4.1106,0.051486
artesian_well,water,1,38,319470.13,89531.7143,613.6227,8.0,77351.7797,4.1301,70696.9374,88603.2803,4.1848,0.048209
artesian_well,water,1,39,352586.05,98484.887,632.0314,8.0,85125.0244,4.142,77831.8625,97528.8399,4.2602,0.045142
artesian_well,water,1,40,474075.36,143541.7221,620.3956,8.0,124334.5941,3.8129,113894.7843,142603.1287,3.0985,0.030402
artesian_well,water,1,41,515615.97,157895.8942,639.0074,8.0,136806.5315,3.7689,125350.2043,156929.3831,3.3307,0.028467
artesian_well,water,1,42,562141.46,173685.4839,658.1777,8.0,150526.7964,3.7345,137953.1205,172690.2173,3.391,0.026656
artesian_well,water,1,43,614250.0,191054.0312,677.923,8.0,165620.2542,3.7088,151818.3405,190029.1468,3.4524,0.024959
artesian_well,water,1,44,672611.57,210159.4353,698.2606,8.0,182224.2619,3.6911,167072.1573,209104.0443,3.5149,0.023371
artesian_well,water,1,45,737976.53,231175.3782,719.2086,8.0,200489.9075,3.6809,183853.4896,230088.5653,3.5786,0.021884
artesian_well,water,1,46,811185.28,254292.9158,740.7849,8.0,220583.3939,3.6775,202315.1553,253173.7385,3.6434,0.020491
artesian_well,water,1,47,893179.08,279722.208,763.0084,8.0,242687.5437,3.6804,222625.2538,278569.6954,3.7094,0.019187
artesian_well,water,1,48,985012.14,307694.4281,785.8985,8.0,267003.4607,3.6891,244968.6947,306507.5803,3.7767,0.017966
artesian_well,water,1,49,1087865.17,338463.872,809.4755,8.0,293752.3649,3.7033,269548.8843,337241.6587,3.8451,0.016823
artesian_well,water,1,50,1426091.15,517511.2592,783.7342,8.0,449545.9868,3.1723,412825.4061,516327.658,2.171,0.010653
pump_station_v2,water,2,1,25493.55,3395.1362,550.0,16.8,2460.6525,10.3605,1874.309,2553.3362,,1.0
pump_station_v2,water,2,2,26693.55,3734.6498,566.5,16.8,2741.6743,9.7362,2121.1699,2868.0998,4.2701,0.936364
pump_station_v2,water,2,3,28037.55,4108.1148,583.495,16.8,3051.8032,9.1872,2394.4493,3216.0723,4.3337,0.876777
pump_station_v2,water,2,4,29542.83,4518.9263,600.9999,16.8,3393.98,8.7045,2696.8413,3600.6265,4.3991,0.820982
pump_station_v2,water,2,5,31228.74,4970.8189,619.03,16.8,3771.4404,8.2803,3031.3102,4025.474,4.4665,0.768738
pump_station_v2,water,2,6,33116.96,5467.9008,637.6007,16.8,4187.7451,7.9081,3401.1196,4494.6998,4.5357,0.719818
pump_station_v2,water,2,7,35231.77,6014.6909,656.7286,16.8,4646.8112,7.5819,3809.8598,5012.798,4.6068,0.674011
pump_station_v2,water,2,8,37600.36,6616.1596,676.4307,16.8,5152.9482,7.2969,4261.4817,5584.7136,4.6797,0.63112
pump_station_v2,water,2,9,40253.18,7277.7766,696.7235,16.8,5710.9002,7.0485,4760.336,6215.8914,4.7546,0.590958
pump_station_v2,water,2,10,46630.3,9046.2759,710.4488,16.8,7237.5536,6.4428,6154.5476,7963.8028,4.1772,0.484794
pump_station_v2,water,2,11,49957.99,9950.9031,731.7623,16.8,8006.0365,6.24,6846.279,8836.4596,4.3302,0.453944
pump_station_v2,water,2,12,53685.01,10945.9938,753.7156,16.8,8852.666,6.0643,7609.4216,9798.6204,4.4022,0.425057
pump_station_v2,water,2,13,57859.27,12040.5925,776.3266,16.8,9785.2953,5.9129,8451.184,10859.3025,4.4758,0.398007
pump_station_v2,water,2,14,62534.44,13244.6504,799.6164,16.8,10812.5636,5.7835,9379.4957,12028.4258,4.5511,0.37268
pump_station_v2,water,2,15,67770.63,14569.1168,823.6052,16.8,11943.9791,5.674,10403.0856,13316.909,4.628,0.348964
pump_station_v2,water,2,16,73635.16,16026.0275,848.3134,16.8,13189.9952,5.5827,11531.5519,14736.7574,4.7066,0.326757
pump_station_v2,water,2,17,80203.44,17628.6302,873.7624,16.8,14562.1189,5.5077,12775.4605,16301.1865,4.7869,0.305963
pump_station_v2,water,2,18,87559.91,19391.4936,899.9755,16.8,16073.0048,5.4476,14146.4317,18024.7304,4.869,0.286493
pump_station_v2,water,2,19,95799.16,21330.646,926.975,16.8,17736.5778,5.4012,15657.2544,19923.3835,4.9527,0.268262
pump_station_v2,water,2,20,115784.61,28039.1329,933.779,16.8,23567.0419,4.913,21013.8378,26621.6644,3.4278,0.205577
pump_station_v2,water,2,21,126119.92,30843.0469,961.7921,16.8,25982.0756,4.8541,23214.9493,29383.5587,4.2796,0.192495
pump_station_v2,water,2,22,137695.47,33927.3516,990.6457,16.8,28640.3181,4.8077,25639.1127,32424.583,4.3546,0.180245
pump_station_v2,water,2,23,150660.09,37320.084,1020.3655,16.8,31566.1391,4.7728,28308.719,35772.7358,4.4311,0.168775
pump_station_v2,water,2,24,165180.46,41052.0924,1050.9763,16.8,34786.355,4.7484,31248.4095,39458.828,4.5091,0.158035
pump_station_v2,water,2,25,181443.28,45157.3044,1082.5056,16.8,38330.459,4.7337,34485.2851,43516.746,4.5887,0.147978
pump_station_v2,water,2,26,199657.63,49673.0325,1114.9809,16.8,42230.8889,4.7278,38049.1546,47983.7611,4.6698,0.138561
pump_station_v2,water,2,27,220057.71,54640.3374,1148.4303,16.8,46523.3432,4.73,41972.8246,52900.892,4.7525,0.129744
pump_station_v2,water,2,28,242905.8,60104.3712,1182.8828,16.8,51247.0789,4.7399,46292.3727,58313.247,4.8369,0.121487
pump_station_v2,water,2,29,268495.66,66114.8079,1218.3693,16.8,56445.2856,4.7567,51047.4923,64270.4539,4.9228,0.113756
pump_station_v2,water,2,30,354499.01,91635.1233,1210.9982,16.8,78654.3728,4.507,71474.8012,89801.8259,3.8724,0.081579
pump_station_v2,water,2,31,386598.93,100798.6332,1247.3285,16.8,86595.0191,4.4644,78751.1138,98910.8405,4.0425,0.076387
pump_station_v2,water,2,32,422550.84,110878.4972,1284.7483,16.8,95331.9456,4.4324,86758.8753,108934.5748,4.1149,0.071526
pump_station_v2,water,2,33,462816.98,121966.3466,1323.2906,16.8,104944.8427,4.4101,95571.3413,119964.6106,4.1888,0.066975
pump_station_v2,water,2,34,507915.05,134162.983,1362.9891,16.8,115521.3787,4.3967,105269.1027,132101.6993,4.264,0.062713
pump_station_v2,water,2,35,558424.89,147579.2813,1403.8788,16.8,127157.9841,4.3916,115940.8067,145456.663,4.3406,0.058722
pump_station_v2,water,2,36,614995.91,162337.2084,1445.9957,16.8,139960.7391,4.3941,127683.9732,160151.4149,4.4187,0.054985
pump_station_v2,water,2,37,678355.45,178570.9299,1489.3753,16.8,154046.3365,4.4036,140605.881,176320.067,4.4982,0.051486
pump_station_v2,water,2,38,749318.14,196428.0222,1534.0567,16.8,169543.134,4.4196,154824.5327,194110.1371,4.5792,0.048209
pump_station_v2,water,2,39,828796.35,216070.8271,1580.0785,16.8,186592.3353,4.4417,170469.7439,213683.9094,4.6617,0.045142
pump_station_v2,water,2,40,1080569.52,314923.2291,1550.989,16.8,272619.2329,3.9637,249595.2998,312579.9456,2.9267,0.030402
pump_station_v2,water,2,41,1180266.99,346415.5516,1597.5185,16.8,299977.0729,3.9345,274719.3636,344002.474,3.6442,0.028467
pump_station_v2,water,2,42,1291928.15,381057.1075,1645.4443,16.8,330073.5309,3.9141,302360.7195,378572.141,3.7101,0.026656
pump_station_v2,water,2,43,1416988.65,419162.8159,1694.8074,16.8,363182.5514,3.9016,332771.2416,416603.8048,3.7772,0.024959
pump_station_v2,water,2,44,1557056.41,461079.0995,1745.6516,16.8,399605.4837,3.8965,366228.0022,458443.8221,3.8456,0.023371
pump_station_v2,water,2,45,1713932.31,507187.0081,1798.0215,16.8,439673.8023,3.8982,403035.7742,504473.1758,3.9152,0.021884
pump_station_v2,water,2,46,1889633.31,557905.7085,1851.9622,16.8,483752.1433,3.9062,443529.8235,555110.9652,3.9861,0.020491
pump_station_v2,water,2,47,2086418.43,613696.2807,1907.521,16.8,532241.605,3.9201,488078.9431,610818.1992,4.0583,0.019187
pump_station_v2,water,2,48,2306817.77,675065.9071,1964.7463,16.8,585583.3939,3.9393,537088.8062,672101.9877,4.1318,0.017966
pump_station_v2,water,2,49,2553665.03,742572.5002,2023.6887,16.8,644262.85,3.9637,591005.6671,739520.1672,4.2067,0.016823
pump_station_v2,water,2,50,3329154.1,1135393.3506,1959.3354,16.8,986072.9772,3.3762,905358.8774,1132437.5475,2.2688,0.010653
water_treatment,water,3,1,60509.2,13192.2373,3616.6667,40.6,8295.4245,7.2943,5088.1899,7761.6373,,1.0
water_treatment,water,3,2,63409.2,14511.4611,3725.1667,40.6,9348.7541,6.7826,5980.8189,8919.1611,2.7532,0.936364
water_treatment,water,3,3,66657.2,15962.6072,3836.9217,40.6,10514.0244,6.3398,6974.1033,10203.7562,2.7873,0.876777
water_treatment,water,3,4,70294.96,17558.8679,3952.0293,40.6,11802.6276,5.9559,8078.4504,11628.4694,2.823,0.820982
water_treatment,water,3,5,74369.25,19314.7547,4070.5909,40.6,13227.1005,5.6225,9305.3174,13207.6612,2.8602,0.768738
water_treatment,water,3,6,78932.46,21246.2302,4192.7076,40.6,14801.2426,5.3328,10667.3227,14957.1433,2.8989,0.719818
water_treatment,water,3,7,84043.25,23370.8532,4318.4881,40.6,16540.2357,5.0811,12178.3505,16894.3129,2.9389,0.674011
water_treatment,water,3,8,89767.34,25707.9372,4448.0443,40.6,18460.7848,4.8626,13853.6833,19038.3163,2.9804,0.63112
water_treatment,water,3,9,96178.32,28278.7349,4581.4848,40.6,20581.2855,4.6731,15710.1606,21410.2446,3.0233,0.590958
water_treatment,water,3,10,108848.85,35150.4658,4671.7388,40.6,26481.1705,4.1104,21072.1645,28147.468,2.1476,0.484794
water_treatment,water,3,11,116890.78,38665.511,4811.8918,40.6,29417.3267,3.9735,23673.9711,31453.64,2.7389,0.453944
water_treatment,water,3,12,125897.74,42532.0634,4956.2511,40.6,32655.6348,3.8553,26550.6742,35105.0506,2.7814,0.425057
water_treatment,water,3,13,135985.53,46785.2672,5104.9358,40.6,36226.5662,3.7538,29730.2099,39136.666,2.825,0.398007
water_treatment,water,3,14,147283.86,51463.7886,5258.0836,40.6,40163.6413,3.6671,33243.3055,43586.9479,2.8697,0.37268
water_treatment,water,3,15,159937.99,56610.1727,5415.8281,40.6,44503.7578,3.5938,37123.796,48498.2418,2.9156,0.348964
water_treatment,water,3,16,174110.62,62271.186,5578.3033,40.6,49287.486,3.5326,41408.8939,53917.1147,2.9627,0.326757
water_treatment,water,3,17,189983.96,68498.3046,5745.6501,40.6,54559.4875,3.4821,46139.5686,59894.8326,3.0109,0.305963
water_treatment,water,3,18,207762.1,75348.1364,5918.0204,40.6,60368.879,3.4415,51360.8786,66487.777,3.0602,0.286493
water_treatment,water,3,19,227673.62,82882.9619,6095.5625,40.6,66769.7155,3.4098,57122.4257,73758.0074,3.1108,0.268262
water_treatment,water,3,20,258718.8,108949.6488,6140.3043,40.6,89408.8077,2.8937,77908.6626,99758.0146,1.3713,0.205577
water_treatment,water,3,21,283695.81,119844.6164,6324.512,40.6,98727.1688,2.8735,86348.3251,110378.4533,2.6804,0.192495
water_treatment,water,3,22,311670.06,131829.078,6514.246,40.6,108988.5819,2.8597,95651.2934,122080.1501,2.7262,0.180245
water_treatment,water,3,23,343001.22,145011.9752,6709.6762,40.6,120287.6782,2.8515,105904.4659,134971.7933,2.7729,0.168775
water_treatment,water,3,24,378092.12,159513.1728,6910.9654,40.6,132728.5984,2.8486,117203.4902,149173.005,2.8206,0.158035
water_treatment,water,3,25,417393.93,175464.5006,7118.2944,40.6,146425.8774,2.8505,129653.5589,164815.3457,2.8693,0.147978
water_treatment,water,3,26,461411.95,193010.9414,7331.8441,40.6,161505.4927,2.8569,143370.387,182043.5286,2.919,0.138561
water_treatment,water,3,27,510712.14,212312.0422,7551.7989,40.6,178106.0896,2.8675,158481.3354,201016.8257,2.9698,0.129744
water_treatment,water,3,28,565928.35,233543.2464,7778.3505,40.6,196380.1374,2.8818,175126.4713,221910.3949,3.0216,0.121487
water_treatment,water,3,29,627770.5,256897.5697,8011.7015,40.6,216495.3833,2.8997,193459.9035,244916.9501,3.0744,0.113756
water_treatment,water,3,30,791950.26,356060.0296,7963.2309,40.6,302808.8928,2.6153,272862.5773,344151.6467,1.9021,0.081579
water_treatment,water,3,31,869525.06,391666.0233,8202.1298,40.6,333578.2653,2.6067,300989.0239,379401.604,2.5212,0.076387
water_treatment,water,3,32,956408.83,430832.6283,8448.1934,40.6,367439.1364,2.6029,331953.2126,418201.4949,2.5659,0.071526
water_treatment,water,3,33,1053718.66,473915.8898,8701.6385,40.6,404701.0766,2.6037,366039.654,460907.0414,2.6115,0.066975
water_treatment,water,3,34,1162705.67,521307.4853,8962.6859,40.6,445704.6535,2.6087,403561.3594,507909.5922,2.658,0.062713
water_treatment,water,3,35,1284771.12,573438.2339,9231.567,40.6,490824.4782,2.6176,444862.6366,559639.6211,2.7054,0.058722
water_treatment,water,3,36,1421484.42,630782.0533,9508.5169,40.6,540472.6547,2.6301,490322.2674,616570.6959,2.7536,0.054985
water_treatment,water,3,37,1574603.32,693860.2613,9793.7706,40.6,595102.5249,2.6459,540356.9531,679223.7838,2.8028,0.051486
water_treatment,water,3,38,1746096.48,763246.2848,10087.585,40.6,655212.7468,2.6649,595425.0504,748171.9291,2.853,0.048209
water_treatment,water,3,39,1938168.82,839570.9238,10390.2132,40.6,721351.8962,2.6869,656030.8193,824045.5545,2.9041,0.045142
water_treatment,water,3,40,2503504.68,1223674.6157,10198.9277,40.6,1055688.5266,2.3714,963600.7011,1208434.3235,1.6909,0.030402
water_treatment,water,3,41,2744440.23,1346042.076,10504.8941,40.6,1161882.0263,2.3621,1061035.7197,1330345.7952,2.2688,0.028467
water_treatment,water,3,42,3014288.04,1480646.2862,10820.0432,40.6,1278713.5095,2.3573,1168246.3643,1464480.3316,2.3097,0.026656
water_treatment,water,3,43,3316517.59,1628710.9056,11144.6426,40.6,1407247.3268,2.3567,1286211.1606,1612061.1931,2.3514,0.024959
water_treatment,water,3,44,3655014.69,1791582.0041,11478.9817,40.6,1548654.3075,2.3601,1416006.5307,1774434.0184,2.3938,0.023371
water_treatment,water,3,45,4034131.44,1970740.1992,11823.3535,40.6,1704222.3338,2.3671,1558816.5291,1953078.9885,2.437,0.021884
water_treatment,water,3,46,4458742.2,2167814.2178,12178.0545,40.6,1875368.1401,2.3775,1715943.6926,2149624.3883,2.481,0.020491
water_treatment,water,3,47,4934306.25,2384595.6449,12543.3957,40.6,2063650.1348,2.3911,1888820.8224,2365861.3391,2.5258,0.019187
water_treatment,water,3,48,5466937.99,2623055.2028,12919.6954,40.6,2270782.5695,2.4075,2079024.0192,2603760.0891,2.5715,0.017966
water_treatment,water,3,49,6063485.54,2885360.7323,13307.2863,40.6,2498651.176,2.4267,2288287.0564,2865487.9831,2.6179,0.016823
water_treatment,water,3,50,7898308.16,4411716.5511,12884.1146,40.6,3826948.8978,2.0639,3510006.469,4392474.4642,1.3813,0.010653
industrial_waterworks,water,4,1,127902.08,8663.175,1425.0,84.0,6224.1322,20.5494,4709.04,6494.175,,1.0
industrial_waterworks,water,4,2,133902.08,9529.4925,1467.75,84.0,6940.636,19.2925,5337.969,7297.9425,8.374,0.936364
industrial_waterworks,water,4,3,140622.08,10482.4417,1511.7825,84.0,7731.3935,18.1885,6034.2796,8186.4652,8.4982,0.876777
industrial_waterworks,water,4,4,148148.48,11530.6859,1557.136,84.0,8603.9085,17.2187,6804.8448,9168.3501,8.6261,0.820982
industrial_waterworks,water,4,5,156578.05,12683.7545,1603.8503,84.0,9566.4366,16.3674,7657.2281,10253.0683,8.7577,0.768738
industrial_waterworks,water,4,6,166019.17,13952.13,1651.9654,84.0,10628.0631,15.6208,8599.7558,11451.0437,8.8931,0.719818
industrial_waterworks,water,4,7,176593.22,15347.343,1701.5241,84.0,11798.7824,14.9671,9641.5882,12773.7445,9.0321,0.674011
industrial_waterworks,water,4,8,188436.16,16882.0764,1752.5705,84.0,13089.5902,14.3959,10792.8054,14233.7891,9.1748,0.63112
industrial_waterworks,water,4,9,201700.25,18570.2866,1805.1472,84.0,14512.5913,13.8983,12064.5084,15845.0712,9.3212,0.590958
industrial_waterworks,water,4,10,226591.84,23082.8652,1840.7081,84.0,18407.5966,12.3097,15621.23,20305.6186,6.3906,0.484794
industrial_waterworks,water,4,11,243230.31,25391.1508,1895.9297,84.0,20367.7624,11.9419,17385.0261,22533.1063,8.4883,0.453944
industrial_waterworks,water,4,12,261865.4,27930.2668,1952.8086,84.0,22527.3086,11.6244,19331.0005,24988.9995,8.6292,0.425057
industrial_waterworks,water,4,13,282736.7,30723.2917,2011.3918,84.0,24906.273,11.352,21477.5457,27696.308,8.7733,0.398007
industrial_waterworks,water,4,14,306112.56,33795.6174,2071.7334,84.0,27526.6991,11.1206,23844.8939,30680.3444,8.9206,0.37268
industrial_waterworks,water,4,15,332293.52,37175.1827,2133.8862,84.0,30412.8479,10.9261,26455.3168,33968.9702,9.0712,0.348964
industrial_waterworks,water,4,16,361616.19,40892.6983,2197.9029,84.0,33591.392,10.7651,29333.3043,37592.8193,9.2252,0.326757
industrial_waterworks,water,4,17,394457.58,44981.9682,2263.8391,84.0,37091.6923,10.6347,32505.8159,41585.6141,9.3824,0.305963
industrial_waterworks,water,4,18,431239.94,49480.1658,2331.7546,84.0,40946.0378,10.5319,36002.5008,45984.4407,9.5431,0.286493
industrial_waterworks,water,4,19,472436.19,54428.1902,2401.7078,84.0,45189.9597,10.4545,39855.9904,50830.1124,9.7071,0.268262
industrial_waterworks,water,4,20,547011.93,71545.853,2419.3365,84.0,60066.9893,9.1067,53523.6776,67921.9817,5.0128,0.205577
industrial_waterworks,water,4,21,598688.5,78700.44,2491.916,84.0,66228.3359,9.0398,59138.478,74970.3734,8.3872,0.192495
industrial_waterworks,water,4,22,656566.26,86570.484,2566.673,84.0,73010.2356,8.9928,65322.3778,82731.0362,8.5342,0.180245
industrial_waterworks,water,4,23,721389.35,95227.5255,2643.6743,84.0,80474.8706,8.9642,72132.509,91275.4126,8.684,0.168775
industrial_waterworks,water,4,24,793991.21,104750.278,2722.9841,84.0,88690.6658,8.9524,79631.7464,100682.1224,8.8369,0.158035
industrial_waterworks,water,4,25,875305.29,115225.3128,2804.6736,84.0,97732.8761,8.9561,87889.2398,111037.6325,8.9927,0.147978
industrial_waterworks,water,4,26,966377.06,126747.838,2888.8142,84.0,107684.2707,8.9742,96981.0492,122437.0468,9.1517,0.138561
industrial_waterworks,water,4,27,1068377.45,139422.6261,2975.4784,84.0,118635.9385,9.0055,106990.8833,134985.0315,9.3137,0.129744
industrial_waterworks,water,4,28,1182617.88,153364.8887,3064.7418,84.0,130688.0478,9.0492,118010.7983,148796.6876,9.4789,0.121487
industrial_waterworks,water,4,29,1310567.16,168701.3768,3156.6842,84.0,143950.8025,9.1043,130142.0751,163998.6493,9.6473,0.113756
industrial_waterworks,water,4,30,1628831.0,233820.1068,3137.5864,84.0,200620.7128,8.119,182265.7059,229145.3226,5.6161,0.081579
industrial_waterworks,water,4,31,1789330.58,257202.1115,3231.7147,84.0,220881.1651,8.1009,200830.117,252389.6025,7.9218,0.076387
industrial_waterworks,water,4,32,1969090.11,282922.3243,3328.666,84.0,243173.4027,8.0975,221260.8604,277967.9603,8.0638,0.071526
industrial_waterworks,water,4,33,2170420.79,311214.5559,3428.5258,84.0,267700.7662,8.1076,243744.8561,306114.0814,8.2084,0.066975
industrial_waterworks,water,4,34,2395911.15,342336.0158,3531.3809,84.0,294686.9524,8.1304,268487.7414,337085.0481,8.3558,0.062713
industrial_waterworks,water,4,35,2648460.35,376569.6174,3637.3225,84.0,324378.0166,8.1647,295715.7102,371163.6403,8.5059,0.058722
industrial_waterworks,water,4,36,2931315.45,414226.5766,3746.4433,84.0,357044.636,8.2099,325677.5963,408660.9385,8.6588,0.054985
industrial_waterworks,water,4,37,3248113.17,455649.2359,3858.8359,84.0,392984.5681,8.2652,358647.1349,449919.1498,8.8146,0.051486
industrial_waterworks,water,4,38,3602926.61,501214.1578,3974.6015,84.0,432525.334,8.33,394925.4241,495314.6883,8.9734,0.048209
industrial_waterworks,water,4,39,4000317.67,551335.5805,4093.8398,84.0,476027.2345,8.4035,434843.7048,545261.6466,9.135,0.045142
industrial_waterworks,water,4,40,5118071.63,803571.6049,4018.4715,84.0,695538.146,7.3584,636745.5767,797607.9466,5.092,0.030402
industrial_waterworks,water,4,41,5616558.97,883928.7645,4139.0251,84.0,765343.9933,7.3386,700850.474,877788.7173,7.1411,0.028467
industrial_waterworks,water,4,42,6174864.79,972321.6427,4263.1967,84.0,842137.768,7.3324,771378.5191,965999.9127,7.2702,0.026656
industrial_waterworks,water,4,43,6800167.31,1069553.8009,4391.0919,84.0,926618.4768,7.3387,848972.4029,1063044.9401,7.4017,0.024959
industrial_waterworks,water,4,44,7500506.13,1176509.1862,4522.8246,84.0,1019555.0546,7.3566,934339.112,1169807.5797,7.5357,0.023371
industrial_waterworks,water,4,45,8284885.61,1294160.1013,4658.5103,84.0,1121793.3042,7.3854,1028256.3157,1287259.9653,7.6721,0.021884
industrial_waterworks,water,4,46,9163390.63,1423576.1106,4798.2657,84.0,1234263.6451,7.4242,1131579.4899,1416471.4903,7.811,0.020491
industrial_waterworks,water,4,47,10147316.25,1565933.7251,4942.2135,84.0,1357989.5351,7.4723,1245249.6598,1558618.4864,7.9525,0.019187
industrial_waterworks,water,4,48,11249312.95,1722527.0933,5090.479,84.0,1494096.7744,7.5292,1370301.9561,1714994.9187,8.0965,0.017966
industrial_waterworks,water,4,49,12483549.25,1894779.8087,5243.1935,84.0,1643823.7753,7.5942,1507875.0568,1887024.1888,8.2432,0.016823
industrial_waterworks,water,4,50,16232456.09,2897118.3218,5076.4599,84.0,2516003.3399,6.4517,2309995.9676,2889606.6594,4.2983,0.010653
water_reservoir,water,5,1,240515.06,8904.6246,330.0,161.0,7319.8534,32.8579,6467.6997,8248.6246,,1.0
water_reservoir,water,5,2,252015.06,9795.0871,339.9,161.0,8085.9427,31.1671,7165.2196,9124.2371,15.0113,0.936364
water_reservoir,water,5,3,264895.06,10774.5958,350.097,161.0,8929.2439,29.666,7933.5311,10088.4503,15.2733,0.876777
water_reservoir,water,5,4,279320.66,11852.0553,360.5999,161.0,9857.4962,28.3359,8779.7444,11150.1555,15.5406,0.820982
water_reservoir,water,5,5,295477.33,13037.2609,371.418,161.0,10879.2133,27.1598,9711.6817,12319.1339,15.8133,0.768738
water_reservoir,water,5,6,313572.8,14340.987,382.5604,161.0,12003.7611,26.1229,10737.9489,13606.1463,16.0913,0.719818
water_reservoir,water,5,7,333839.73,15775.0857,394.0372,161.0,13241.4422,25.2117,11868.0128,15023.0299,16.3749,0.674011
water_reservoir,water,5,8,356538.69,17352.5933,405.8584,161.0,14603.5894,24.4145,13112.287,16582.8057,16.6641,0.63112
water_reservoir,water,5,9,381961.53,19087.8553,418.0341,161.0,16102.6745,23.7204,14482.2331,18299.8042,16.9589,0.590958
water_reservoir,water,5,10,421636.41,23726.2031,426.2692,161.0,20130.8724,20.9448,18180.5586,22925.7992,9.8493,0.484794
water_reservoir,water,5,11,453526.82,26098.8225,439.0574,161.0,22183.9256,20.4439,20059.4719,25279.2364,15.5332,0.453944
water_reservoir,water,5,12,489244.07,28708.7056,452.2294,161.0,24443.0643,20.0157,22127.6204,27869.3616,15.8101,0.425057
water_reservoir,water,5,13,529247.39,31579.5744,465.796,161.0,26928.9172,19.6535,24403.9655,30719.8804,16.0924,0.398007
water_reservoir,water,5,14,574051.11,34737.5283,479.7698,161.0,29664.1798,19.3517,26909.3679,33856.8735,16.38,0.37268
water_reservoir,water,5,15,624231.28,38211.2847,494.1631,161.0,32673.8257,19.1049,29666.783,37309.04,16.6731,0.348964
water_reservoir,water,5,16,680433.07,42032.4105,508.988,161.0,35985.3075,18.9086,32701.4463,41107.9284,16.9718,0.326757
water_reservoir,water,5,17,743379.08,46235.6515,524.2575,161.0,39628.8428,18.7585,36041.135,45288.2653,17.2761,0.305963
water_reservoir,water,5,18,813878.61,50859.2175,539.9853,161.0,43637.6621,18.6508,39716.3961,49888.2396,17.5861,0.286493
water_reservoir,water,5,19,892838.08,55945.1473,556.185,161.0,48048.3272,18.5821,43760.8404,54949.8699,17.9019,0.268262
water_reservoir,water,5,20,1035736.64,73539.893,560.2674,161.0,63352.2043,16.3489,57830.5133,72538.4919,9.3374,0.205577
water_reservoir,water,5,21,1134783.4,80893.8841,577.0753,161.0,69735.5537,16.2727,63688.4943,79867.2712,15.5164,0.192495
water_reservoir,water,5,22,1245715.77,88983.2725,594.3874,161.0,76758.26,16.2291,70134.0369,87930.6914,15.7962,0.180245
water_reservoir,water,5,23,1369960.03,97881.5926,612.2193,161.0,84484.2848,16.2156,77225.9451,96802.2637,16.0813,0.168775
water_reservoir,water,5,24,1509113.6,107669.7519,630.5858,161.0,92984.0045,16.2298,85028.9228,106562.8732,16.3715,0.158035
water_reservoir,water,5,25,1664965.59,118436.7342,649.5034,161.0,102334.8208,16.2698,93614.1323,117301.4792,16.6672,0.147978
water_reservoir,water,5,26,1839519.82,130280.4014,668.9885,161.0,112621.8592,16.3336,103059.8383,129115.9186,16.9684,0.138561
water_reservoir,water,5,27,2035020.56,143308.446,689.0582,161.0,123938.7974,16.4196,113452.1696,142113.8587,17.2751,0.129744
water_reservoir,water,5,28,2253981.39,157639.2906,709.7297,161.0,136388.648,16.5262,124885.8379,156413.696,17.5874,0.121487
water_reservoir,water,5,29,2499217.52,173403.2187,731.0216,161.0,150084.7415,16.652,137465.0426,172145.6863,17.9056,0.113756
water_reservoir,water,5,30,3083341.03,240336.8598,726.5989,161.0,208320.8569,14.8009,191018.5894,239085.9614,10.0303,0.081579
water_reservoir,water,5,31,3390965.23,264370.5395,748.3971,161.0,229211.1939,14.7941,210212.836,263086.9439,14.7257,0.076387
water_reservoir,water,5,32,3735504.33,290807.5953,770.849,161.0,252191.8993,14.8122,231328.8028,289490.3218,14.9925,0.071526
water_reservoir,water,5,33,4121388.13,319888.3539,793.9744,161.0,277472.0402,14.8533,254558.7215,318536.3923,15.2643,0.066975
water_reservoir,water,5,34,4553577.98,351877.1938,817.7935,161.0,305281.6083,14.916,280114.0648,350489.5036,15.541,0.062713
water_reservoir,water,5,35,5037630.61,387064.9131,842.3273,161.0,335873.5797,14.9986,308227.4395,385640.4222,15.8229,0.058722
water_reservoir,water,5,36,5579769.56,425771.4018,867.5974,161.0,369526.2398,15.0998,339154.7253,424309.0057,16.1098,0.054985
water_reservoir,water,5,37,6186965.19,468348.5437,893.6252,161.0,406545.7092,15.2184,373177.3973,466847.106,16.4021,0.051486
water_reservoir,water,5,38,6867024.29,515183.3963,920.434,161.0,447268.7072,15.3532,410605.066,513641.7453,16.6996,0.048209
water_reservoir,water,5,39,7628690.48,566701.7431,948.0471,161.0,492065.6455,15.5034,451778.3238,565118.6724,17.0026,0.045142
water_reservoir,water,5,40,9708337.39,825967.7867,930.5934,161.0,717642.2882,13.5281,659217.3393,824410.8966,9.2192,0.030402
water_reservoir,water,5,41,10663771.46,908564.5645,958.5111,161.0,789477.1965,13.5074,725252.885,906965.7979,13.3004,0.028467
water_reservoir,water,5,42,11733857.62,999421.0227,987.2666,161.0,868497.2978,13.5105,797894.9183,997779.1228,13.5419,0.026656
water_reservoir,water,5,43,12932354.12,1099363.1188,1016.8844,161.0,955421.1539,13.5358,877804.1684,1097676.7921,13.7879,0.024959
water_reservoir,water,5,44,14274670.2,1209299.436,1047.391,161.0,1051039.2092,13.5815,965707.4623,1207567.3495,14.0383,0.023371
water_reservoir,water,5,45,15778064.21,1330229.376,1078.8129,161.0,1156220.9199,13.6462,1062404.2815,1328450.1567,14.2933,0.021884
water_reservoir,water,5,46,17461865.5,1463252.3127,1111.1773,161.0,1271922.7178,13.7287,1168774.0842,1461424.5468,14.5529,0.020491
water_reservoir,water,5,47,19347722.94,1609577.5476,1144.5126,161.0,1399196.6704,13.8277,1285784.2692,1607699.7787,14.8173,0.019187
water_reservoir,water,5,48,21459883.28,1770535.2979,1178.8478,161.0,1539200.0416,13.9422,1414498.9666,1768606.0262,15.0865,0.017966
water_reservoir,water,5,49,23825502.86,1947588.8339,1214.2132,161.0,1693205.85,14.0712,1556088.7473,1945606.5141,15.3606,0.016823
water_reservoir,water,5,50,30953778.37,2977863.3212,1175.6012,161.0,2589578.2464,11.9532,2380366.2551,2975938.9193,7.9524,0.010653
deep_water_treatment,water,6,1,443277.8,26567.9177,5970.0,301.0,17658.3184,25.1031,11998.3341,17416.9177,,1.0
deep_water_treatment,water,6,2,464777.8,29224.7094,6149.1,301.0,19813.9102,23.4571,13855.1175,19808.2094,9.9741,0.936364
deep_water_treatment,water,6,3,488857.8,32147.1804,6333.573,301.0,22195.9684,22.0246,15916.3848,22457.2154,10.1089,0.876777
deep_water_treatment,water,6,4,515827.4,35361.8984,6523.5802,301.0,24827.4668,20.7765,18203.1484,25390.2644,10.2488,0.820982
deep_water_treatment,water,6,5,546033.35,38898.0882,6719.2887,301.0,27733.6856,19.6885,20738.5375,28636.3336,10.3936,0.768738
deep_water_treatment,water,6,6,579864.02,42787.8971,6920.8658,301.0,30942.4472,18.7401,23548.019,32227.3222,10.5432,0.719818
deep_water_treatment,water,6,7,617754.37,47066.6868,7128.4904,301.0,34484.3608,17.914,26659.6137,36198.3266,10.6977,0.674011
deep_water_treatment,water,6,8,660191.56,51773.3528,7342.3478,301.0,38393.1043,17.1956,30104.1606,40587.9679,10.857,0.63112
deep_water_treatment,water,6,9,707721.21,56950.696,7562.6169,301.0,42705.7588,16.572,33915.6315,45438.7815,11.021,0.590958
deep_water_treatment,water,6,10,777377.07,70789.7118,7711.5983,301.0,54616.0888,14.2335,44763.3721,59056.9455,5.8484,0.484794
deep_water_treatment,water,6,11,836998.26,77868.6803,7942.9477,301.0,60573.5174,13.8179,50079.5227,65792.9589,10.0079,0.453944
deep_water_treatment,water,6,12,903774.0,85655.551,8181.2402,301.0,67140.7804,13.4609,55951.5804,73226.5818,10.168,0.425057
deep_water_treatment,water,6,13,978562.82,94221.1008,8426.6729,301.0,74379.2823,13.1564,62435.8713,81428.2992,10.3321,0.398007
deep_water_treatment,water,6,14,1062326.3,103643.2002,8679.4726,301.0,82356.5731,12.8991,69594.3513,90475.6454,10.5002,0.37268
deep_water_treatment,water,6,15,1156141.4,114007.5309,8939.8601,301.0,91147.0036,12.6844,77495.2346,100453.9745,10.6724,0.348964
deep_water_treatment,water,6,16,1261214.31,125408.276,9208.0564,301.0,100832.3211,12.508,86213.5363,111457.1422,10.8487,0.326757
deep_water_treatment,water,6,17,1378895.97,137949.1036,9484.2942,301.0,111502.5142,12.3665,95831.8415,123588.4715,11.029,0.305963
deep_water_treatment,water,6,18,1510699.43,151744.0166,9768.8244,301.0,123256.5472,12.2565,106440.9767,136961.5935,11.2135,0.286493
deep_water_treatment,water,6,19,1658319.31,166918.4422,10061.8917,301.0,136203.3289,12.1753,118140.9162,151701.5725,11.4021,0.268262
deep_water_treatment,water,6,20,1890339.54,219414.2829,10135.7466,301.0,181810.4566,10.3973,160026.8064,204087.9299,5.0874,0.205577
deep_water_treatment,water,6,21,2075513.92,241355.7165,10439.8166,301.0,200634.9629,10.3447,177123.8483,225578.6065,9.8369,0.192495
deep_water_treatment,water,6,22,2282909.22,265491.2882,10753.0088,301.0,221360.4331,10.3131,195962.5174,249249.8983,10.0068,0.180245
deep_water_treatment,water,6,23,2515191.96,292040.3958,11075.6037,301.0,244177.4991,10.3007,216717.9111,275320.7873,10.1802,0.168775
deep_water_treatment,water,6,24,2775348.63,321244.4353,11407.87,301.0,269295.9418,10.3059,239582.7432,304032.2712,10.3572,0.158035
deep_water_treatment,water,6,25,3066724.1,353368.9001,11750.1062,301.0,296946.4807,10.3275,264768.9607,335649.4009,10.5378,0.147978
deep_water_treatment,water,6,26,3393064.62,388705.7715,12102.6109,301.0,327382.8798,10.3642,292509.7009,370463.7152,10.722,0.138561
deep_water_treatment,water,6,27,3758566.0,427576.362,12465.6884,301.0,360884.416,10.4149,323061.557,408796.0752,10.91,0.129744
deep_water_treatment,water,6,28,4167927.55,470333.9982,12839.6551,301.0,397758.2084,10.4785,356706.7158,450999.3386,11.1017,0.121487
deep_water_treatment,water,6,29,4626412.49,517367.3953,13224.8455,301.0,438342.1484,10.5543,393755.648,497461.7249,11.2972,0.113756
deep_water_treatment,water,6,30,5718092.89,717071.2058,13144.8355,301.0,612154.0721,9.3409,553638.7113,697284.1431,6.2808,0.081579
deep_water_treatment,water,6,31,6293216.39,788778.3078,13539.1839,301.0,674196.1678,9.3344,610412.8704,768406.6583,9.2699,0.076387
deep_water_treatment,water,6,32,6937354.72,867656.1439,13945.3588,301.0,742466.513,9.3437,672905.8769,846682.3758,9.4351,0.071526
deep_water_treatment,water,6,33,7658789.64,954421.7556,14363.7185,301.0,817588.6223,9.3675,741690.8267,932827.8061,9.6035,0.066975
deep_water_treatment,water,6,34,8466796.76,1049863.9445,14794.6271,301.0,900248.4361,9.405,817398.2149,1027631.2108,9.7751,0.062713
deep_water_treatment,water,6,35,9371764.73,1154850.3389,15238.4668,301.0,991200.4588,9.455,900721.571,1131959.652,9.9499,0.058722
deep_water_treatment,water,6,36,10385328.86,1270335.3648,15695.6255,301.0,1091274.7032,9.5167,992423.8536,1246766.9803,10.1281,0.054985
deep_water_treatment,water,6,37,11520520.68,1397368.9066,16166.4914,301.0,1201384.2313,9.5894,1093344.3883,1373102.5049,10.3097,0.051486
deep_water_treatment,water,6,38,12791935.52,1537105.792,16651.4882,301.0,1322533.3743,9.6723,1204406.4013,1512120.4251,10.4946,0.048209
deep_water_treatment,water,6,39,14215920.14,1690816.3925,17151.0339,301.0,1455826.9919,9.7648,1326625.5631,1665090.493,10.6831,0.045142
deep_water_treatment,water,6,40,17969543.63,2464364.8806,16835.2806,301.0,2129088.882,8.44,1945937.9836,2439107.0576,5.5753,0.030402
deep_water_treatment,water,6,41,19755789.94,2710801.366,17340.3366,301.0,2343049.2255,8.4317,2142329.5878,2684794.8418,8.3485,0.028467
deep_water_treatment,water,6,42,21756385.8,2981881.5079,17860.5505,301.0,2578436.3629,8.4378,2358413.3806,2955103.8124,8.4992,0.026656
deep_water_treatment,water,6,43,23997053.17,3280069.6401,18396.364,301.0,2837393.8802,8.4574,2596160.1661,3252497.6483,8.6526,0.024959
deep_water_treatment,water,6,44,26506600.62,3608076.62,18948.2546,301.0,3122279.8079,8.4895,2857737.9141,3579686.4988,8.809,0.023371
deep_water_treatment,water,6,45,29317293.77,3968884.2714,19516.7061,301.0,3435687.9118,8.5332,3145531.358,3939651.4709,8.9682,0.021884
deep_water_treatment,water,6,46,32465270.09,4365772.6959,20102.2079,301.0,3780471.4546,8.5876,3462163.8449,4335671.9405,9.1303,0.020491
deep_water_treatment,water,6,47,35991003.57,4802349.9761,20705.2734,301.0,4159769.0213,8.6522,3810521.0708,4771355.2291,9.2954,0.019187
deep_water_treatment,water,6,48,39939825.07,5282584.9604,21326.428,301.0,4577033.0532,8.7261,4193777.3263,5250669.4063,9.4636,0.017966
deep_water_treatment,water,6,49,44362505.15,5810843.4751,21966.221,301.0,5036061.3411,8.809,4615424.4486,5777979.4842,9.6349,0.016823
deep_water_treatment,water,6,50,57617558.63,8884779.656,21267.6952,301.0,7710993.536,7.4721,7075621.1821,8852951.1682,4.9553,0.010653
desalination_complex,water,7,1,922135.1,28820.3642,5230.0,630.0,19975.5169,46.1633,14581.2914,20485.3642,,1.0
desalination_complex,water,7,2,967135.1,31702.4006,5386.9,630.0,22346.3855,43.2793,16651.5705,23136.2506,18.9804,0.936364
desalination_complex,water,7,3,1017535.1,34872.6407,5548.507,630.0,24963.8963,40.7603,18945.352,26068.4062,19.2549,0.876777
desalination_complex,water,7,4,1073983.1,38359.9048,5714.9622,630.0,27853.0,38.559,21485.4805,29310.4432,19.5382,0.820982
desalination_complex,water,7,5,1137204.86,42195.8952,5886.4121,630.0,31041.1503,36.6354,24297.0981,32893.8484,19.8302,0.768738
desalination_complex,water,7,6,1208013.23,46415.4847,6063.003,630.0,34558.5591,34.9555,27407.8833,36853.2786,20.1308,0.719818
desalination_complex,water,7,7,1287318.61,51057.0332,6244.892,630.0,38438.4629,33.4904,30848.2886,41226.8626,20.44,0.674011
desalination_complex,water,7,8,1376140.63,56162.7337,6432.241,630.0,42717.4286,32.215,34651.8254,46056.5545,20.7578,0.63112
desalination_complex,water,7,9,1475621.29,61779.0157,6625.2071,630.0,47435.7135,31.1078,38855.4019,51388.5528,21.0841,0.590958
desalination_complex,water,7,10,1612739.2,76791.3128,6755.7217,630.0,60382.8642,26.7086,50669.4676,66208.5717,10.5906,0.484794
desalination_complex,water,7,11,1737527.74,84470.4412,6958.3947,630.0,66887.3805,25.9769,56508.7609,73589.1159,19.1849,0.453944
desalination_complex,water,7,12,1877290.91,92917.4882,7167.1502,630.0,74054.6941,25.3501,62953.2653,81728.6179,19.5001,0.425057
desalination_complex,water,7,13,2033825.66,102209.2313,7382.1607,630.0,81951.4514,24.8174,70064.144,90703.6007,19.8227,0.398007
desalination_complex,water,7,14,2209144.58,112430.1429,7603.625,630.0,90650.9705,24.3698,77908.6768,100598.244,20.1527,0.37268
desalination_complex,water,7,15,2405501.77,123673.1687,7831.7367,630.0,100233.9458,23.9989,86560.9299,111505.2086,20.4902,0.348964
desalination_complex,water,7,16,2625421.82,136040.4769,8066.6892,630.0,110789.0953,23.6975,96102.3477,123526.3774,20.8353,0.326757
desalination_complex,water,7,17,2871732.28,149644.5246,8308.6866,630.0,122414.0791,23.4592,106622.5898,136773.907,21.188,0.305963
desalination_complex,water,7,18,3147599.99,164608.98,8557.9484,630.0,135216.2975,23.2783,118220.2614,151371.1421,21.5484,0.286493
desalination_complex,water,7,19,3456571.83,181069.9039,8814.6891,630.0,149313.9369,23.1497,131003.8895,167453.8276,21.9166,0.268262
desalination_complex,water,7,20,3919775.41,238016.3785,8879.3894,630.0,198801.0806,19.7171,176464.0187,224304.9836,9.3601,0.205577
desalination_complex,water,7,21,4307349.69,261818.0222,9145.769,630.0,219276.7603,19.6434,195105.7642,247714.1885,18.9285,0.192495
desalination_complex,water,7,22,4741432.88,287999.8244,9420.14,630.0,241816.2254,19.6076,215639.6495,273491.7787,19.2588,0.180245
desalination_complex,water,7,23,5227606.05,316799.7838,9702.7483,630.0,266626.3209,19.6065,238255.7046,301875.3907,19.5958,0.168775
desalination_complex,water,7,24,5772120.0,348479.7621,9993.8292,630.0,293934.6617,19.6374,263163.0659,333126.5396,19.9395,0.158035
desalination_complex,water,7,25,6381975.63,383327.7614,10293.6442,630.0,323991.582,19.698,290591.7429,367532.8421,20.29,0.147978
desalination_complex,water,7,26,7065013.93,421660.5174,10602.4547,630.0,357072.4145,19.7859,320794.7318,405410.6486,20.6476,0.138561
desalination_complex,water,7,27,7830016.83,463826.5835,10920.5277,630.0,393480.1686,19.8994,354050.4753,447108.1198,21.0121,0.129744
desalination_complex,water,7,28,8686820.08,510209.2419,11248.1401,630.0,433548.0586,20.0366,390665.1834,493008.1292,21.3838,0.121487
desalination_complex,water,7,29,9646439.72,561230.1632,11585.5849,630.0,477642.6831,20.1959,430975.7532,543531.9162,21.7627,0.113756
desalination_complex,water,7,30,11847655.4,777865.0017,11515.4924,630.0,666175.9731,17.7846,604388.7627,760270.0172,11.6755,0.081579
desalination_complex,water,7,31,13051402.27,855651.4817,11860.9601,630.0,733549.6538,17.7921,666099.7452,837547.5434,17.8667,0.076387
desalination_complex,water,7,32,14399598.77,941216.6357,12216.7884,630.0,807681.7671,17.8283,734018.126,922588.4799,18.1864,0.071526
desalination_complex,water,7,33,15909578.84,1035338.2964,12583.2911,630.0,889248.7546,17.891,808765.7005,1016170.1973,18.5121,0.066975
desalination_complex,water,7,34,17600756.52,1138872.1404,12960.7873,630.0,978994.7772,17.9784,891026.5314,1119147.9022,18.844,0.062713
desalination_complex,water,7,35,19494875.53,1252759.3545,13349.6116,630.0,1077738.3763,18.0887,981553.0661,1232462.288,19.1822,0.058722
desalination_complex,water,7,36,21616288.82,1378035.2813,13750.1041,630.0,1186380.0041,18.2204,1081173.0689,1357148.1967,19.5267,0.054985
desalination_complex,water,7,37,23992271.7,1515838.8151,14162.6046,630.0,1305910.2031,18.3721,1190797.1451,1494344.0219,19.8777,0.051486
desalination_complex,water,7,38,26653372.53,1667422.6909,14587.4846,630.0,1437418.5295,18.5425,1311426.9258,1645301.9511,20.2352,0.048209
desalination_complex,water,7,39,29633805.46,1834164.983,15025.1101,630.0,1582103.5895,18.7306,1444164.3213,1811399.5197,20.5995,0.045142
desalination_complex,water,7,40,37476032.78,2673295.4504,14748.4954,630.0,2312387.7508,16.2066,2115883.6172,2650937.5045,10.7386,0.030402
desalination_complex,water,7,41,41214687.84,2940624.9925,15190.9482,630.0,2544579.5186,16.1971,2329083.5718,2917615.2113,16.1016,0.028467
desalination_complex,water,7,42,45401981.51,3234687.4976,15646.6799,630.0,2800017.4114,16.2149,2563649.9782,3211006.3181,16.3926,0.026656
desalination_complex,water,7,43,50091750.42,3558156.2271,16116.0776,630.0,3081026.8301,16.2581,2821720.8652,3533783.5162,16.689,0.024959
desalination_complex,water,7,44,55344291.6,3913971.8671,16599.5598,630.0,3390165.8074,16.325,3105648.1541,3888886.8752,16.9909,0.023371
desalination_complex,water,7,45,61227137.72,4305369.0423,17097.5499,630.0,3730248.0984,16.4137,3418018.909,4279550.3957,17.2983,0.021884
desalination_complex,water,7,46,67815925.38,4735905.9437,17610.4769,630.0,4104368.9561,16.5229,3761679.0396,4709331.6369,17.6114,0.020491
desalination_complex,water,7,47,75195367.55,5209496.5496,18138.7906,630.0,4515933.1503,16.6511,4139759.0538,5182143.9145,17.9302,0.019187
desalination_complex,water,7,48,83460342.79,5730446.1901,18682.9512,630.0,4968685.9179,16.7973,4555702.5253,5702291.8806,18.2549,0.017966
desalination_complex,water,7,49,92717115.05,6303490.8293,19243.4398,630.0,5466747.1289,16.9602,5013297.5037,6274510.7903,18.5856,0.016823
desalination_complex,water,7,50,120423879.43,9638037.4592,18631.4984,630.0,8368335.0859,14.3904,7681852.7197,9609958.9515,9.5488,0.010653
ultrapure_water_plant,water,8,1,1826260.0,38781.0936,4515.0,1260.0,28715.3014,63.5988,22992.3749,31081.0936,,1.0
ultrapure_water_plant,water,8,2,1916260.0,42659.203,4650.45,1260.0,31971.4151,59.9367,25891.6874,34766.003,27.6403,0.936364
ultrapure_water_plant,water,8,3,2017060.0,46925.1233,4789.9635,1260.0,35561.389,56.7205,29095.1534,38832.9273,28.0782,0.876777
ultrapure_water_plant,water,8,4,2129956.0,51617.6356,4933.6624,1260.0,39518.8567,53.8972,32633.6149,43320.4737,28.5273,0.820982
ultrapure_water_plant,water,8,5,2256399.52,56779.3991,5081.6731,1260.0,43880.8216,51.4211,36541.0096,48271.1212,28.9877,0.768738
ultrapure_water_plant,water,8,6,2398016.26,62457.3391,5234.1221,1260.0,48687.9987,49.2527,40854.6881,53731.6145,29.4594,0.719818
ultrapure_water_plant,water,8,7,2556627.01,68703.073,5391.1448,1260.0,53985.1775,47.3579,45615.7412,59753.3781,29.9425,0.674011
ultrapure_water_plant,water,8,8,2734271.05,75573.3764,5552.8811,1260.0,59821.6309,45.7071,50869.3794,66392.9878,30.437,0.63112
ultrapure_water_plant,water,8,9,2933232.38,83130.7256,5719.4665,1260.0,66251.5954,44.2741,56665.3807,73712.7268,30.9428,0.590958
ultrapure_water_plant,water,8,10,3199226.2,103331.4871,5832.1384,1260.0,83728.2334,38.2096,72656.9821,93752.7781,15.22,0.484794
ultrapure_water_plant,water,8,11,3448803.29,113664.6319,6007.1037,1260.0,92565.8496,37.2578,80661.05,103836.36,28.2403,0.453944
ultrapure_water_plant,water,8,12,3728329.63,125031.099,6187.3199,1260.0,102297.8878,36.4458,89483.8993,114945.7745,28.7223,0.425057
ultrapure_water_plant,water,8,13,4041399.13,137534.2011,6372.936,1260.0,113014.1006,35.7601,99207.9568,127184.1218,29.2146,0.398007
ultrapure_water_plant,water,8,14,4392036.97,151287.6057,6564.1237,1260.0,124813.2293,35.1889,109923.899,140664.8246,29.7173,0.37268
ultrapure_water_plant,water,8,15,4784751.35,166416.3818,6761.05,1260.0,137803.9387,34.7214,121731.5305,155512.7136,30.2304,0.348964
ultrapure_water_plant,water,8,16,5224591.46,183058.0083,6963.8818,1260.0,152105.69,34.3484,134740.5839,171865.0296,30.7543,0.326757
ultrapure_water_plant,water,8,17,5717212.38,201363.8091,7172.7954,1260.0,167849.982,34.0614,149071.8542,189872.8452,31.2889,0.305963
ultrapure_water_plant,water,8,18,6268947.81,221500.1939,7387.9803,1260.0,185181.4259,33.853,164858.1847,209702.2996,31.8344,0.286493
ultrapure_water_plant,water,8,19,6886891.49,243650.2482,7609.6216,1260.0,204259.1451,33.7164,182245.7661,231536.2143,32.3909,0.268262
ultrapure_water_plant,water,8,20,7785815.54,320278.2377,7665.4767,1260.0,270876.902,28.743,243464.3751,308084.5345,13.4938,0.205577
ultrapure_water_plant,water,8,21,8560964.09,352306.0692,7895.4392,1260.0,298541.0481,28.676,268741.6966,339784.3575,28.02,0.192495
ultrapure_water_plant,water,8,22,9429130.47,387536.6761,8132.3006,1260.0,328985.6067,28.6612,296570.89,374677.1155,28.5163,0.180245
ultrapure_water_plant,water,8,23,10401476.81,426290.3127,8376.2732,1260.0,362489.0144,28.6946,327207.8404,413082.7603,29.0223,0.168775
ultrapure_water_plant,water,8,24,11490504.72,468919.344,8627.56,1260.0,399357.6521,28.7725,360934.1352,455353.3669,29.5381,0.158035
ultrapure_water_plant,water,8,25,12710215.97,515811.3094,8886.3869,1260.0,439928.4826,28.8916,398059.4672,501876.1529,30.0637,0.147978
ultrapure_water_plant,water,8,26,14076292.57,567392.4132,9152.9796,1260.0,484572.1072,29.0489,438924.4612,553077.0005,30.5996,0.138561
ultrapure_water_plant,water,8,27,15606298.37,624131.6739,9427.5683,1260.0,533696.3718,29.2419,483903.9866,609424.5997,31.1456,0.129744
ultrapure_water_plant,water,8,28,17319904.86,686544.8413,9710.3924,1260.0,587749.7705,29.4682,533410.2844,671434.359,31.7021,0.121487
ultrapure_water_plant,water,8,29,19239144.13,755199.3215,10001.7048,1260.0,647225.7266,29.7256,587896.9001,739673.324,32.2692,0.113756
ultrapure_water_plant,water,8,30,23551225.5,1046706.2537,9941.1947,1260.0,900889.4013,26.1422,821193.2108,1031266.5651,16.9992,0.081579
ultrapure_water_plant,water,8,31,25958719.24,1151376.8519,10239.433,1260.0,991693.3544,26.1762,904482.3319,1135511.7691,26.5131,0.076387
ultrapure_water_plant,water,8,32,28655112.23,1266514.5448,10546.6156,1260.0,1091595.8984,26.2507,996131.7125,1250211.3102,26.9902,0.071526
ultrapure_water_plant,water,8,33,31675072.38,1393165.9954,10863.0132,1260.0,1201507.3945,26.3628,1096978.2765,1376411.4649,27.4763,0.066975
ultrapure_water_plant,water,8,34,35057427.75,1532482.6143,11188.9014,1260.0,1322429.3302,26.5099,1207942.7393,1515263.2511,27.9714,0.062713
ultrapure_water_plant,water,8,35,38845665.76,1685730.8758,11524.5691,1260.0,1455463.2868,26.6896,1330037.847,1668032.7307,28.4757,0.058722
ultrapure_water_plant,water,8,36,43088492.33,1854303.9517,11870.3097,1260.0,1601821.0685,26.8997,1464377.6968,1836112.6572,28.9894,0.054985
ultrapure_water_plant,water,8,37,47840458.09,2039734.3547,12226.4168,1260.0,1762835.7059,27.1384,1612187.8585,2021035.1245,29.5126,0.051486
ultrapure_water_plant,water,8,38,53162659.74,2243707.7824,12593.2109,1260.0,1939973.4772,27.4038,1774816.4095,2224485.373,30.0455,0.048209
ultrapure_water_plant,water,8,39,59123525.59,2468078.5916,12971.008,1260.0,2134847.3977,27.6945,1953746.3612,2448317.3088,30.5883,0.045142
ultrapure_water_plant,water,8,40,74599989.42,3597224.5306,12732.2097,1260.0,3117412.1192,23.9301,2857421.3099,3577803.8594,15.7511,0.030402
ultrapure_water_plant,water,8,41,82077299.54,3956946.9798,13114.1742,1260.0,3430038.3409,23.929,3144626.3226,3936981.491,23.9177,0.028467
ultrapure_water_plant,water,8,42,90451886.88,4352641.6855,13507.6023,1260.0,3773950.4525,23.9674,3460591.9451,4332115.0281,24.351,0.026656
ultrapure_water_plant,water,8,43,99831424.7,4787905.827,13912.828,1260.0,4152277.7091,24.0426,3808195.4195,4766801.173,24.7921,0.024959
ultrapure_water_plant,water,8,44,110336507.06,5266696.4329,14330.2127,1260.0,4568462.4116,24.1518,4190601.8273,5244996.4396,25.2414,0.023371
ultrapure_water_plant,water,8,45,122102199.3,5793366.0607,14760.122,1260.0,5026290.9667,24.2927,4611292.6656,5771052.8635,25.6989,0.021884
ultrapure_water_plant,water,8,46,135279774.61,6372702.6629,15202.9261,1260.0,5529928.571,24.4632,5074097.7412,6349757.8691,26.1648,0.020491
ultrapure_water_plant,water,8,47,150038658.96,7009972.9447,15659.0133,1260.0,6083956.9203,24.6614,5583229.8358,6986377.6079,26.6392,0.019187
ultrapure_water_plant,water,8,48,166568609.43,7710970.2198,16128.781,1260.0,6693415.8517,24.8854,6143323.0043,7686704.8267,27.1223,0.017966
ultrapure_water_plant,water,8,49,185082153.96,8482067.2689,16612.6445,1260.0,7363849.3232,25.1339,6759474.8483,8457111.7139,27.6143,0.016823
ultrapure_water_plant,water,8,50,240296255.42,12969080.8288,16084.3624,1260.0,11268010.7258,21.3255,10349878.1194,12944878.7925,14.1424,0.010653
regional_water_operator,water,9,1,3630538.6,60621.4018,5850.0,2520.0,45458.7195,79.8645,37202.1214,49501.4018,,1.0
regional_water_operator,water,9,2,3810538.6,66683.5419,6025.5,2520.0,50580.0965,75.3367,41788.5835,55305.5419,35.1468,0.936364
regional_water_operator,water,9,3,4012138.6,73351.8961,6206.265,2520.0,56224.2991,71.3595,46852.1194,61708.1561,35.7181,0.876777
regional_water_operator,water,9,4,4237930.6,80687.0857,6392.453,2520.0,62443.9305,67.8678,52440.9892,68769.6335,36.3031,0.820982
regional_water_operator,water,9,5,4490817.64,88755.7943,6584.2277,2520.0,69296.863,64.8055,58608.294,76556.4169,36.902,0.768738
regional_water_operator,water,9,6,4774051.12,97631.3737,6781.7529,2520.0,76846.7701,62.1243,65412.4696,85141.6173,37.5148,0.719818
regional_water_operator,water,9,7,5091272.62,107394.5111,6985.2042,2520.0,85163.697,59.7822,72917.8026,94605.6639,38.1417,0.674011
regional_water_operator,water,9,8,5446560.7,118133.9562,7194.7629,2520.0,94324.6981,57.7427,81195.0206,105037.0398,38.7827,0.63112
regional_water_operator,water,9,9,5844483.35,129947.37,7410.6045,2520.0,104414.5859,55.9738,90321.9892,116533.148,39.4378,0.590958
regional_water_operator,water,9,10,6365537.99,161524.5732,7556.5913,2520.0,131759.7443,48.3117,115364.7716,147895.7382,19.0547,0.484794
regional_water_operator,water,9,11,6864692.17,177677.0244,7783.2904,2520.0,145615.1485,47.1427,127946.6839,163714.9222,36.026,0.453944
regional_water_operator,water,9,12,7423744.85,195444.7329,8016.7932,2520.0,160869.9076,46.1475,141810.5965,181139.3617,36.6478,0.425057
regional_water_operator,water,9,13,8049883.85,214989.1941,8257.2926,2520.0,177664.3543,45.3095,157085.4164,200330.2683,37.2825,0.398007
regional_water_operator,water,9,14,8751159.53,236488.0892,8505.0108,2520.0,196152.8782,44.614,173912.9552,221464.9964,37.9303,0.37268
regional_water_operator,water,9,15,9536588.29,260136.9224,8760.1644,2520.0,216505.3795,44.0478,192449.2913,244738.732,38.5913,0.348964
regional_water_operator,water,9,16,10416268.5,286150.5965,9022.9698,2520.0,238908.6352,43.5994,212866.0225,270366.0597,39.2657,0.326757
regional_water_operator,water,9,17,11401510.34,314765.6561,9293.6552,2520.0,263568.2408,43.2583,235352.0422,298583.1887,39.9537,0.305963
regional_water_operator,water,9,18,12504981.2,346242.2278,9572.4662,2520.0,290710.2926,43.0153,260115.083,329649.8844,40.6554,0.286493
regional_water_operator,water,9,19,13740868.56,380866.5051,9859.6426,2520.0,320583.5704,42.862,287383.7401,363851.9877,41.371,0.268262
regional_water_operator,water,9,20,15509139.46,500648.9997,9932.013,2520.0,424731.3784,36.5152,383101.1802,483528.0917,16.9785,0.205577
regional_water_operator,water,9,21,17059436.56,550713.9118,10229.9711,2520.0,468028.6284,36.4496,422706.1728,533154.98,35.8059,0.192495
regional_water_operator,water,9,22,18795769.32,605785.3029,10536.8679,2520.0,515673.7385,36.449,466302.9405,587775.2065,36.443,0.180245
regional_water_operator,water,9,23,20740462.01,666363.7847,10852.9785,2520.0,568102.0014,36.5083,514291.56,647888.9787,37.0924,0.168775
regional_water_operator,water,9,24,22918517.82,733000.1632,11178.5661,2520.0,625792.3895,36.6232,567112.2814,714046.7156,37.7542,0.158035
regional_water_operator,water,9,25,25357940.33,806300.228,11513.9232,2520.0,689271.6852,36.7895,625249.2976,786853.7768,38.4286,0.147978
regional_water_operator,water,9,26,28090093.54,886930.2084,11859.3423,2520.0,759119.2535,37.0035,689235.1533,866975.9616,39.1159,0.138561
regional_water_operator,water,9,27,31150105.13,975623.2596,12215.1218,2520.0,835972.6799,37.2621,759655.925,955145.9866,39.8162,0.129744
regional_water_operator,water,9,28,34577318.11,1073185.5855,12581.5716,2520.0,920533.0921,37.5623,837156.111,1052169.5999,40.5298,0.121487
regional_water_operator,water,9,29,38415796.65,1180504.138,12959.0194,2520.0,1013571.8531,37.9014,922444.7812,1158933.2718,41.2568,0.113756
regional_water_operator,water,9,30,46934554.59,1636178.7259,12880.6177,2520.0,1410076.9541,33.2851,1287102.0541,1614723.1169,21.4846,0.081579
regional_water_operator,water,9,31,51749542.07,1799796.5561,13267.0395,2520.0,1552088.2794,33.3419,1417416.6856,1777772.8741,33.9057,0.076387
regional_water_operator,water,9,32,57142328.05,1979776.2238,13665.0501,2520.0,1708324.3211,33.4493,1560803.4039,1957167.4322,34.5169,0.071526
regional_water_operator,water,9,33,63182248.35,2177753.8401,14075.0005,2520.0,1880208.1905,33.6039,1718570.5713,2154542.3863,35.1395,0.066975
regional_water_operator,water,9,34,69946959.09,2395529.2545,14497.2477,2520.0,2069305.4459,33.8021,1892157.532,2371697.0613,35.7737,0.062713
regional_water_operator,water,9,35,77523435.11,2635082.1799,14932.1659,2520.0,2277338.1122,34.0412,2083147.495,2610610.6197,36.4196,0.058722
regional_water_operator,water,9,36,86009088.26,2898590.3797,15380.1356,2520.0,2506200.5124,34.3185,2293282.1005,2873460.2659,37.0775,0.054985
regional_water_operator,water,9,37,95513019.78,3188449.4298,15841.5368,2520.0,2757976.467,34.6316,2524477.2387,3162641.0168,37.7476,0.051486
regional_water_operator,water,9,38,106157423.09,3507294.3607,16316.7849,2520.0,3034958.0909,34.9782,2778840.3112,3480787.2923,38.43,0.048209
regional_water_operator,water,9,39,118079154.79,3858023.8452,16806.2895,2520.0,3339666.8735,35.3566,3058689.6419,3830797.1632,39.125,0.045142
regional_water_operator,water,9,40,149001204.36,5623069.7284,16496.883,2520.0,4875525.9755,30.5611,4471190.4582,5596297.9004,20.1334,0.030402
regional_water_operator,water,9,41,163955824.61,6185376.6952,16991.7872,2520.0,5364302.47,30.5642,4920293.6754,6157877.3158,30.596,0.028467
regional_water_operator,water,9,42,180704999.29,6803914.3768,17501.5445,2520.0,5901986.7641,30.6177,5414359.1848,6775665.6106,31.1506,0.026656
regional_water_operator,water,9,43,199464074.93,7484305.772,18026.5878,2520.0,6493470.4903,30.7176,5957884.7359,7455285.1472,31.7153,0.024959
regional_water_operator,water,9,44,220474239.65,8232736.3856,18567.3852,2520.0,7144134.6304,30.8609,6555818.0307,8202920.7424,32.2903,0.023371
regional_water_operator,water,9,45,244005624.13,9056009.9999,19124.4105,2520.0,7859898.0628,31.0444,7213601.3842,9025375.4819,32.8759,0.021884
regional_water_operator,water,9,46,270360774.75,9961610.9939,19698.1434,2520.0,8647271.7799,31.2654,7937221.58,9930133.0395,33.4722,0.020491
regional_water_operator,water,9,47,299878543.45,10957772.1175,20289.087,2520.0,9513417.8365,31.5216,8733264.0635,10925425.4255,34.0794,0.019187
regional_water_operator,water,9,48,332938444.39,12053549.2989,20897.7561,2520.0,10466214.4423,31.8108,9608972.805,12020307.8113,34.6978,0.017966
regional_water_operator,water,9,49,369965533.44,13258904.2713,21524.6889,2520.0,11514327.8367,32.1309,10572316.3837,13224741.1389,35.3274,0.016823
regional_water_operator,water,9,50,480161072.25,20272864.5912,20840.2038,2520.0,17617068.817,27.2554,16184511.3673,20239707.7104,18.0567,0.010653
small_oil_well_v2,oilman,1,1,12000.0,2731.5,617.8667,8.4,1831.553,6.5518,1250.0,1796.9,,1.0
small_oil_well_v2,oilman,1,2,12600.0,3004.65,636.4027,8.4,2053.0672,6.1372,1440.716,2042.264,2.7086,0.936364
small_oil_well_v2,oilman,1,3,13272.0,3305.115,655.4947,8.4,2297.8616,5.7758,1652.4499,2314.1094,2.7452,0.876777
small_oil_well_v2,oilman,1,4,14024.64,3635.6265,675.1596,8.4,2568.2982,5.4607,1887.3618,2615.1428,2.7831,0.820982
small_oil_well_v2,oilman,1,5,14867.6,3999.1892,695.4145,8.4,2866.976,5.1858,2147.8296,2948.3427,2.8223,0.768738
small_oil_well_v2,oilman,1,6,15811.71,4399.1081,716.2768,8.4,3196.7552,4.9462,2436.4713,3316.9885,2.8629,0.719818
small_oil_well_v2,oilman,1,7,16869.12,4839.0189,737.7649,8.4,3560.7829,4.7375,2756.1677,3724.6879,2.9048,0.674011
small_oil_well_v2,oilman,1,8,18053.41,5322.9205,759.8981,8.4,3962.5214,4.556,3110.0892,4175.4112,2.9479,0.63112
small_oil_well_v2,oilman,1,9,19379.82,5855.2134,782.695,8.4,4405.783,4.3987,3501.7282,4673.531,2.9924,0.590958
small_oil_well_v2,oilman,1,10,23373.38,7278.0299,798.1138,8.4,5630.2189,4.1514,4616.8532,6073.2342,3.2616,0.484794
small_oil_well_v2,oilman,1,11,25037.23,8005.8326,822.0574,8.4,6242.5764,4.0107,5163.18,6765.1448,2.7171,0.453944
small_oil_well_v2,oilman,1,12,26900.74,8806.4161,846.7195,8.4,6917.628,3.8887,5766.6536,7528.759,2.7605,0.425057
small_oil_well_v2,oilman,1,13,28987.87,9687.0572,872.1207,8.4,7661.6868,3.7835,6433.0647,8371.3231,2.8051,0.398007
small_oil_well_v2,oilman,1,14,31325.46,10655.7618,898.2842,8.4,8481.6975,3.6933,7168.7831,9300.8078,2.8507,0.37268
small_oil_well_v2,oilman,1,15,33943.56,11721.339,925.2331,8.4,9385.3042,3.6167,7980.8216,10325.9879,2.8974,0.348964
small_oil_well_v2,oilman,1,16,36875.83,12893.4721,952.9901,8.4,10380.9113,3.5523,8876.8925,11456.5124,2.9452,0.326757
small_oil_well_v2,oilman,1,17,40159.97,14182.8193,981.5794,8.4,11477.7707,3.4989,9865.4863,12703.0034,2.9941,0.305963
small_oil_well_v2,oilman,1,18,43838.21,15601.1016,1011.027,8.4,12686.0569,3.4556,10955.9408,14077.1429,3.0442,0.286493
small_oil_well_v2,oilman,1,19,47957.83,17161.2142,1041.358,8.4,14016.9668,3.4214,12158.5343,15591.7884,3.0953,0.268262
small_oil_well_v2,oilman,1,20,62684.98,22558.4151,1049.0017,8.4,18705.8817,3.3511,16464.8295,20977.5312,3.1408,0.205577
small_oil_well_v2,oilman,1,21,67852.64,24814.2571,1080.4715,8.4,20641.0855,3.2873,18222.2985,23186.1991,2.6703,0.192495
small_oil_well_v2,oilman,1,22,73640.42,27295.6828,1112.8854,8.4,22771.7258,3.2339,20158.8182,25619.0355,2.7165,0.180245
small_oil_well_v2,oilman,1,23,80122.73,30025.2489,1146.2724,8.4,25117.4016,3.1899,22292.3905,28298.5534,2.7635,0.168775
small_oil_well_v2,oilman,1,24,87382.92,33027.7738,1180.6604,8.4,27699.6807,3.1547,24642.8284,31249.5297,2.8115,0.158035
small_oil_well_v2,oilman,1,25,95514.33,36330.5534,1216.0802,8.4,30542.2836,3.1273,27231.9224,34499.214,2.8606,0.147978
small_oil_well_v2,oilman,1,26,104621.51,39963.6068,1252.5628,8.4,33671.3003,3.1071,30083.6413,38077.579,2.9106,0.138561
small_oil_well_v2,oilman,1,27,114821.55,43959.9689,1290.1396,8.4,37115.4435,3.0936,33224.3657,42017.6123,2.9616,0.129744
small_oil_well_v2,oilman,1,28,126245.59,48355.9658,1328.8434,8.4,40906.2885,3.0862,36683.1075,46355.5911,3.0136,0.121487
small_oil_well_v2,oilman,1,29,139040.52,53191.5621,1368.7087,8.4,45078.5744,3.0844,40491.7865,51131.4281,3.0666,0.113756
small_oil_well_v2,oilman,1,30,190151.54,73723.5046,1360.4281,8.4,62948.5685,3.0207,56929.7615,71675.7835,2.8602,0.081579
small_oil_well_v2,oilman,1,31,206201.5,81095.8531,1401.2413,8.4,69327.0043,2.9743,62766.4206,78986.9519,2.5163,0.076387
small_oil_well_v2,oilman,1,32,224177.45,89205.439,1443.2785,8.4,76345.7717,2.9363,69191.0335,87033.5229,2.5611,0.071526
small_oil_well_v2,oilman,1,33,244310.52,98125.9826,1486.5767,8.4,84068.9752,2.9061,76262.521,95889.1612,2.6068,0.066975
small_oil_well_v2,oilman,1,34,266859.56,107938.5822,1531.1737,8.4,92567.1374,2.8829,84045.7053,105634.9086,2.6534,0.062713
small_oil_well_v2,oilman,1,35,292114.48,118732.4405,1577.109,8.4,101917.8304,2.8662,92611.8889,116359.9085,2.7009,0.058722
small_oil_well_v2,oilman,1,36,320399.99,130605.6837,1624.4227,8.4,112206.389,2.8555,102039.5128,128162.227,2.7492,0.054985
small_oil_well_v2,oilman,1,37,352079.76,143666.2526,1673.1551,8.4,123526.6868,2.8502,112414.8694,141149.7447,2.7985,0.051486
small_oil_well_v2,oilman,1,38,387561.1,158032.8773,1723.35,8.4,135981.9808,2.8501,123832.8769,155441.1258,2.8487,0.048209
small_oil_well_v2,oilman,1,39,427300.21,173836.1672,1775.0506,8.4,149685.8635,2.8546,136397.9579,171166.9151,2.8998,0.045142
small_oil_well_v2,oilman,1,40,569282.65,253366.2126,1742.3716,8.4,218905.4336,2.6006,200071.0126,250745.9471,2.0512,0.030402
small_oil_well_v2,oilman,1,41,619131.38,278702.8336,1794.6425,8.4,240902.8182,2.57,220261.903,276004.2125,2.2661,0.028467
small_oil_well_v2,oilman,1,42,674961.96,306573.1175,1848.4822,8.4,265103.1247,2.546,242477.3707,303793.7892,2.307,0.026656
small_oil_well_v2,oilman,1,43,737492.21,337230.4273,1903.9364,8.4,291726.7391,2.528,266920.0373,334367.9716,2.3487,0.024959
small_oil_well_v2,oilman,1,44,807526.09,370953.4717,1961.0544,8.4,321016.095,2.5155,293812.7957,368005.3944,2.3911,0.023371
small_oil_well_v2,oilman,1,45,885964.04,408048.8178,2019.8865,8.4,353237.8622,2.5081,323400.8245,405012.5496,2.4343,0.021884
small_oil_well_v2,oilman,1,46,973814.54,448853.6993,2080.4831,8.4,388685.39,2.5054,355953.8347,445726.5949,2.4783,0.020491
small_oil_well_v2,oilman,1,47,1072207.1,493739.0703,2142.8975,8.4,427681.3623,2.507,391768.5099,490518.4049,2.5231,0.019187
small_oil_well_v2,oilman,1,48,1182406.77,543112.9759,2207.1841,8.4,470580.7309,2.5127,431171.2046,539795.9432,2.5688,0.017966
small_oil_well_v2,oilman,1,49,1305830.4,597424.2754,2273.3996,8.4,517773.954,2.522,474520.9209,594007.9837,2.6153,0.016823
small_oil_well_v2,oilman,1,50,1723287.33,913461.7154,2201.1055,8.4,792789.4226,2.1737,727459.314,910153.7946,1.5179,0.010653
gas_well_v2,oilman,2,1,31493.55,4329.8505,726.6667,21.0,3116.4999,10.1054,2352.8804,3218.8505,,1.0
gas_well_v2,oilman,2,2,32993.55,4762.8356,748.4667,21.0,3474.2309,9.4966,2666.5684,3619.1356,4.1931,0.936364
gas_well_v2,oilman,2,3,34673.55,5239.1191,770.9207,21.0,3869.0626,8.9617,3013.9143,4061.7381,4.255,0.876777
gas_well_v2,oilman,2,4,36555.15,5763.031,794.0483,21.0,4304.745,8.4918,3398.3524,4550.9586,4.3187,0.820982
gas_well_v2,oilman,2,5,38662.54,6339.3341,817.8699,21.0,4785.4039,8.0793,3823.6625,5091.5293,4.3844,0.768738
gas_well_v2,oilman,2,6,41022.82,6973.2675,842.4058,21.0,5315.5797,7.7175,4294.0054,5688.6589,4.4519,0.719818
gas_well_v2,oilman,2,7,43666.33,7670.5943,867.6778,21.0,5900.2674,7.4007,4813.9587,6348.0776,4.5212,0.674011
gas_well_v2,oilman,2,8,46627.06,8437.6533,893.7084,21.0,6544.962,7.1241,5388.56,7076.0906,4.5925,0.63112
gas_well_v2,oilman,2,9,49943.08,9281.4199,920.5195,21.0,7255.7133,6.8833,6023.3566,7879.6406,4.6655,0.590958
gas_well_v2,oilman,2,10,59116.98,11536.8044,938.6535,21.0,9202.1213,6.4243,7800.4633,10107.8241,4.7132,0.484794
gas_well_v2,oilman,2,11,63276.6,12690.4844,966.8133,21.0,10181.3239,6.215,8681.1676,11219.2645,4.248,0.453944
gas_well_v2,oilman,2,12,67935.37,13959.5333,995.8182,21.0,11260.1621,6.0332,9652.8993,12444.806,4.3183,0.425057
gas_well_v2,oilman,2,13,73153.19,15355.4857,1025.6922,21.0,12448.6504,5.8764,10724.8503,13795.9475,4.3903,0.398007
gas_well_v2,oilman,2,14,78997.15,16891.0326,1056.4629,21.0,13757.8056,5.742,11907.1317,15285.3383,4.4639,0.37268
gas_well_v2,oilman,2,15,85542.39,18580.1376,1088.1572,21.0,15199.7529,5.6279,13210.8743,16926.9018,4.5392,0.348964
gas_well_v2,oilman,2,16,92873.06,20438.15,1120.8019,21.0,16787.8228,5.5322,14648.3171,18735.9471,4.6161,0.326757
gas_well_v2,oilman,2,17,101083.41,22481.965,1154.4255,21.0,18536.6893,5.4532,16232.9337,20729.3267,4.6947,0.305963
gas_well_v2,oilman,2,18,110279.0,24730.162,1189.0585,21.0,20462.49,5.3893,17979.5419,22925.5742,4.7749,0.286493
gas_well_v2,oilman,2,19,120578.06,27203.182,1224.7305,21.0,22582.9828,5.3393,19904.4498,25345.0862,4.8569,0.268262
gas_well_v2,oilman,2,20,143751.75,35758.5813,1233.7201,21.0,30018.3592,4.7888,26735.2848,33887.0011,3.1167,0.205577
gas_well_v2,oilman,2,21,156670.89,39334.4403,1270.7314,21.0,33097.1567,4.7337,29540.455,37407.3431,4.1962,0.192495
gas_well_v2,oilman,2,22,171140.33,43267.8843,1308.8531,21.0,36486.0871,4.6906,32630.0278,41283.6046,4.2696,0.180245
gas_well_v2,oilman,2,23,187346.1,47594.6693,1348.1193,21.0,40216.2285,4.6585,36032.5565,45551.4904,4.3445,0.168775
gas_well_v2,oilman,2,24,205496.57,52354.1362,1388.5626,21.0,44321.779,4.6365,39779.465,50250.2922,4.421,0.158035
gas_well_v2,oilman,2,25,225825.09,57589.5533,1430.2195,21.0,48840.3504,4.6237,43905.3133,55423.224,4.4989,0.147978
gas_well_v2,oilman,2,26,248593.03,63348.5056,1473.1263,21.0,53813.31,4.6195,48448.115,61117.8161,4.5783,0.138561
gas_well_v2,oilman,2,27,274093.13,69683.3583,1517.32,21.0,59286.1833,4.6232,53449.7067,67386.3783,4.6594,0.129744
gas_well_v2,oilman,2,28,302653.24,76651.6941,1562.8391,21.0,65309.0339,4.6342,58956.0967,74286.4355,4.742,0.121487
gas_well_v2,oilman,2,29,334640.56,84316.8631,1609.7244,21.0,71936.9407,4.6519,65017.9039,81881.2766,4.8262,0.113756
gas_well_v2,oilman,2,30,434615.97,116863.1716,1599.9856,21.0,100260.7018,4.3349,91069.5589,114442.1932,3.5297,0.081579
gas_well_v2,oilman,2,31,474740.87,128549.4857,1647.9855,21.0,110386.0352,4.3007,100346.6103,126056.5074,3.9628,0.076387
gas_well_v2,oilman,2,32,519680.75,141404.4352,1697.425,21.0,121526.8288,4.2763,110556.4106,138837.2976,4.0338,0.071526
gas_well_v2,oilman,2,33,570013.42,155544.8782,1748.3476,21.0,133784.7116,4.2607,121792.3811,152901.3568,4.1061,0.066975
gas_well_v2,oilman,2,34,626386.01,171099.3682,1800.7977,21.0,147271.4863,4.2533,134157.298,168377.1716,4.1798,0.062713
gas_well_v2,oilman,2,35,689523.31,188209.305,1854.8218,21.0,162110.1305,4.2534,147764.2114,185406.0724,4.2549,0.058722
gas_well_v2,oilman,2,36,760237.09,207030.2343,1910.467,21.0,178435.9275,4.2606,162737.4869,204143.5338,4.3314,0.054985
gas_well_v2,oilman,2,37,839436.52,227733.2585,1967.7806,21.0,196397.6958,4.2742,179213.9359,224760.5876,4.4093,0.051486
gas_well_v2,oilman,2,38,928139.88,250506.5835,2026.8143,21.0,216159.1292,4.2938,197344.0454,247445.3621,4.4887,0.048209
gas_well_v2,oilman,2,39,1027487.64,275557.2453,2087.6189,21.0,237900.305,4.319,217293.368,272404.817,4.5696,0.045142
gas_well_v2,oilman,2,40,1330444.78,401624.6832,2049.1855,21.0,347612.4131,3.8274,318204.9684,398529.905,2.7614,0.030402
gas_well_v2,oilman,2,41,1455066.62,441787.1511,2110.6607,21.0,382500.2766,3.8041,350242.7298,438600.16,3.5721,0.028467
gas_well_v2,oilman,2,42,1594643.08,485965.8671,2173.981,21.0,420880.6709,3.7888,385490.7222,482683.8956,3.6367,0.026656
gas_well_v2,oilman,2,43,1750968.71,534562.4508,2239.2001,21.0,463102.9581,3.7809,424270.1605,531182.6507,3.7024,0.024959
gas_well_v2,oilman,2,44,1926053.42,588018.6985,2306.3761,21.0,509551.4505,3.7799,466934.3947,584538.1344,3.7694,0.023371
gas_well_v2,oilman,2,45,2122148.29,646820.5666,2375.5678,21.0,560648.8789,3.7852,513872.1016,643236.2149,3.8377,0.021884
gas_well_v2,oilman,2,46,2341774.55,711502.6228,2446.8349,21.0,616860.2655,3.7963,565510.8459,707811.3704,3.9071,0.020491
gas_well_v2,oilman,2,47,2587755.96,782652.8868,2520.2399,21.0,678697.1328,3.8128,622320.9496,778851.527,3.9779,0.019187
gas_well_v2,oilman,2,48,2863255.13,860918.1733,2595.8466,21.0,746722.1542,3.8344,684819.7687,857003.4034,4.05,0.017966
gas_well_v2,oilman,2,49,3171814.21,947009.9937,2673.722,21.0,821554.2863,3.8607,753576.4119,942978.4106,4.1234,0.016823
gas_well_v2,oilman,2,50,4154091.75,1447978.2775,2588.6977,21.0,1257470.6645,3.3035,1154478.5755,1444074.231,2.2534,0.010653
oil_field_v2,oilman,3,1,74509.2,7240.24,1235.7333,50.4,5180.0728,14.3838,3888.192,5337.44,,1.0
oil_field_v2,oilman,3,2,78109.2,7964.264,1272.8053,50.4,5777.721,13.519,4411.8032,6005.892,6.0236,0.936364
oil_field_v2,oilman,3,3,82141.2,8760.6904,1310.9895,50.4,6437.3918,12.76,4991.6681,6745.0792,6.1121,0.876777
oil_field_v2,oilman,3,4,86657.04,9636.7594,1350.3192,50.4,7165.355,12.0939,5633.5288,7562.1919,6.2034,0.820982
oil_field_v2,oilman,3,5,91714.78,10600.4354,1390.829,50.4,7968.5096,11.5097,6343.7048,8465.1425,6.2973,0.768738
oil_field_v2,oilman,3,6,97379.45,11660.4789,1432.5535,50.4,8854.4471,10.9978,7129.1529,9462.6398,6.394,0.719818
oil_field_v2,oilman,3,7,103723.88,12826.5268,1475.5299,50.4,9831.5194,10.5501,7997.5267,10564.2649,6.4933,0.674011
oil_field_v2,oilman,3,8,110829.64,14109.1788,1519.7963,50.4,10908.9148,10.1595,8957.2486,11780.5602,6.5953,0.63112
oil_field_v2,oilman,3,9,118788.09,15520.0988,1565.3899,50.4,12096.7487,9.8198,10017.5942,13123.1341,6.7,0.590958
oil_field_v2,oilman,3,10,136359.44,19291.4819,1596.2276,50.4,15351.0232,8.8828,12988.4441,16848.2905,5.3995,0.484794
oil_field_v2,oilman,3,11,146342.52,21220.6294,1644.1148,50.4,16987.7197,8.6146,14459.9313,18705.6538,6.0995,0.453944
oil_field_v2,oilman,3,12,157523.57,23342.693,1693.4391,50.4,18791.003,8.3829,16083.5958,20753.7789,6.2004,0.425057
oil_field_v2,oilman,3,13,170046.35,25676.9609,1744.2413,50.4,20777.618,8.1841,17874.8068,23011.8927,6.3036,0.398007
oil_field_v2,oilman,3,14,184071.86,28244.6541,1796.5684,50.4,22965.9865,8.015,19850.4706,25501.1461,6.4091,0.37268
oil_field_v2,oilman,3,15,199780.44,31069.1224,1850.4662,50.4,25376.3829,7.8727,22029.1987,28244.8201,6.517,0.348964
oil_field_v2,oilman,3,16,217374.04,34176.0325,1905.9803,50.4,28031.0974,7.7547,24431.4556,31268.5129,6.6273,0.326757
oil_field_v2,oilman,3,17,237078.88,37593.6357,1963.1589,50.4,30954.6668,7.6589,27079.7703,34600.4038,6.74,0.305963
oil_field_v2,oilman,3,18,259148.3,41353.0,2022.0539,50.4,34174.0751,7.5832,29998.9191,38271.4827,6.8551,0.286493
oil_field_v2,oilman,3,19,283866.05,45488.3065,2082.7161,50.4,37719.0157,7.5258,33216.1711,42315.8549,6.9727,0.268262
oil_field_v2,oilman,3,20,340168.9,59794.3764,2098.0033,50.4,50151.9966,6.7828,44638.0961,56599.0087,4.5285,0.205577
oil_field_v2,oilman,3,21,371174.84,65773.8155,2160.9429,50.4,55299.3511,6.7121,49327.238,62484.0995,6.0237,0.192495
oil_field_v2,oilman,3,22,405901.5,72351.197,2225.7708,50.4,60965.2729,6.6579,54491.9015,68964.3023,6.129,0.180245
oil_field_v2,oilman,3,23,444795.35,79586.3109,2292.5448,50.4,67201.7285,6.6188,60179.8315,76099.3199,6.2365,0.168775
oil_field_v2,oilman,3,24,488356.47,87544.942,2361.3208,50.4,74065.9025,6.5935,66443.5724,83954.8538,6.3462,0.158035
oil_field_v2,oilman,3,25,537144.92,96299.442,2432.1605,50.4,81620.687,6.581,73340.9129,92603.1632,6.458,0.147978
oil_field_v2,oilman,3,26,591787.98,105929.3812,2505.1256,50.4,89935.2544,6.5802,80935.4166,102123.7255,6.572,0.138561
oil_field_v2,oilman,3,27,652988.21,116522.3229,2580.2792,50.4,99085.73,6.5901,89297.0396,112604.0098,6.6882,0.129744
oil_field_v2,oilman,3,28,721532.47,128174.5552,2657.6867,50.4,109155.8275,6.6101,98502.714,124140.2059,6.8067,0.121487
oil_field_v2,oilman,3,29,798302.04,140992.01,2737.4175,50.4,120237.6475,6.6394,108637.0817,136838.142,6.9275,0.113756
oil_field_v2,oilman,3,30,1011138.98,195414.9247,2720.8562,50.4,167599.9916,6.033,152200.2555,191285.8826,4.4938,0.081579
oil_field_v2,oilman,3,31,1107438.73,214956.4121,2802.4826,50.4,184530.0707,6.0014,167711.0059,210705.0097,5.6881,0.076387
oil_field_v2,oilman,3,32,1215294.45,236452.0548,2886.5569,50.4,203158.1351,5.982,184781.4085,232074.6225,5.79,0.071526
oil_field_v2,oilman,3,33,1336092.86,260097.2595,2973.1534,50.4,223654.1243,5.9739,203567.6775,255590.0166,5.8938,0.066975
oil_field_v2,oilman,3,34,1471387.07,286106.9891,3062.3474,50.4,246204.9903,5.9763,224241.6702,281466.0418,5.9995,0.062713
oil_field_v2,oilman,3,35,1622916.59,314717.688,3154.218,50.4,271016.3709,5.9883,246992.4234,309939.024,6.1073,0.058722
oil_field_v2,oilman,3,36,1792629.65,346189.4546,3248.8455,50.4,298314.4819,6.0092,272027.8955,341268.9413,6.217,0.054985
oil_field_v2,oilman,3,37,1982708.28,380808.4015,3346.3103,50.4,328348.1714,6.0384,299576.8558,375741.7857,6.3288,0.051486
oil_field_v2,oilman,3,38,2195596.35,418889.2403,3446.7,50.4,361391.162,6.0754,329890.9422,413672.1373,6.4428,0.048209
oil_field_v2,oilman,3,39,2434030.98,460778.1701,3550.1012,50.4,397744.5719,6.1196,363246.9842,455406.0657,6.5588,0.045142
oil_field_v2,oilman,3,40,3125485.0,671584.1798,3484.7433,50.4,581202.6617,5.3776,531989.8289,666310.0488,3.769,0.030402
oil_field_v2,oilman,3,41,3424577.4,738742.597,3589.2851,50.4,639539.5334,5.3548,585559.75,733311.7549,5.127,0.028467
oil_field_v2,oilman,3,42,3759560.89,812616.8582,3696.9644,50.4,703716.4596,5.3424,644497.6399,807024.6016,5.2197,0.026656
oil_field_v2,oilman,3,43,4134742.4,893878.5389,3807.8727,50.4,774317.6316,5.3399,709340.622,888120.0276,5.3141,0.024959
oil_field_v2,oilman,3,44,4554945.69,983266.3971,3922.1089,50.4,851985.6828,5.3463,780679.5544,977336.6426,5.4102,0.023371
oil_field_v2,oilman,3,45,5025573.38,1081593.034,4039.7729,50.4,937427.4891,5.361,859164.3678,1075486.8976,5.5082,0.021884
oil_field_v2,oilman,3,46,5552676.39,1189752.3366,4160.9662,50.4,1031420.6443,5.3835,945510.02,1183464.5279,5.6079,0.020491
oil_field_v2,oilman,3,47,6143031.76,1308727.5732,4285.7951,50.4,1134820.499,5.4132,1040502.966,1302252.6425,5.7094,0.019187
oil_field_v2,oilman,3,48,6804229.78,1439600.3269,4414.3682,50.4,1248567.9361,5.4496,1145008.3093,1432932.6614,5.8129,0.017966
oil_field_v2,oilman,3,49,7544771.56,1583560.3647,4546.7992,50.4,1373697.9539,5.4923,1259977.6929,1576694.1811,5.9182,0.016823
oil_field_v2,oilman,3,50,9842410.77,2421263.7928,4402.211,50.4,2102625.7282,4.681,1930357.3177,2414614.3512,3.1521,0.010653
gas_processing_v2,oilman,4,1,147902.08,13604.789,3575.0,98.0,8640.6564,17.117,5423.3312,9381.789,,1.0
gas_processing_v2,oilman,4,2,154902.08,14965.2679,3682.25,98.0,9730.9656,15.9185,6350.8393,10618.5179,6.4202,0.936364
gas_processing_v2,oilman,4,3,162742.08,16461.7947,3792.7175,98.0,10936.8372,14.8802,7382.3595,11987.5822,6.5015,0.876777
gas_processing_v2,oilman,4,4,171522.88,18107.9742,3906.499,98.0,12270.0234,13.979,8528.6308,13502.4753,6.5863,0.820982
gas_processing_v2,oilman,4,5,181357.38,19918.7716,4023.6947,98.0,13743.4569,13.1959,9801.4752,15178.0469,6.6745,0.768738
gas_processing_v2,oilman,4,6,192372.02,21910.6487,4144.4045,98.0,15371.3724,12.515,11213.9122,17030.6435,6.7661,0.719818
gas_processing_v2,oilman,4,7,204708.41,24101.7136,4268.7359,98.0,17169.4306,11.9228,12780.267,19078.2491,6.861,0.674011
gas_processing_v2,oilman,4,8,218525.17,26511.8836,4396.7995,98.0,19154.8631,11.4083,14516.3076,21340.6534,6.9591,0.63112
gas_processing_v2,oilman,4,9,233999.94,29163.076,4528.7027,98.0,21346.6448,10.9619,16439.4067,23839.6498,7.0604,0.590958
gas_processing_v2,oilman,4,10,263638.13,36249.7018,4617.9169,98.0,27434.3929,9.6098,21974.8861,30823.3362,4.8685,0.484794
gas_processing_v2,oilman,4,11,283049.68,39874.6706,4756.4553,98.0,30467.5873,9.2902,24667.0536,34288.453,6.3997,0.453944
gas_processing_v2,oilman,4,12,304790.62,43862.139,4899.1514,98.0,33812.5392,9.0141,27642.9841,38111.272,6.4996,0.425057
gas_processing_v2,oilman,4,13,329140.47,48248.3502,5046.1232,98.0,37500.6775,8.7769,30931.4953,42327.9003,6.6022,0.398007
gas_processing_v2,oilman,4,14,356412.3,53073.1798,5197.5066,98.0,41566.5757,8.5745,34564.2839,46978.0568,6.7075,0.37268
gas_processing_v2,oilman,4,15,386956.75,58380.5032,5353.4338,98.0,46048.2904,8.4033,38576.2519,52105.4642,6.8153,0.348964
gas_processing_v2,oilman,4,16,421166.54,64218.5495,5514.0371,98.0,50987.6658,8.2602,43005.7839,57758.199,6.9259,0.326757
gas_processing_v2,oilman,4,17,459481.5,70640.4044,5679.4559,98.0,56430.7652,8.1424,47895.1396,63989.186,7.0392,0.305963
gas_processing_v2,oilman,4,18,502394.26,77704.4462,5849.8404,98.0,62428.247,8.0475,53290.7963,70856.6303,7.1551,0.286493
gas_processing_v2,oilman,4,19,550456.55,85474.9031,6025.3372,98.0,69035.8623,7.9735,59243.9167,78424.591,7.2738,0.268262
gas_processing_v2,oilman,4,20,646675.15,112356.7553,6069.5635,98.0,92384.5969,6.9998,80683.059,105255.4128,4.1209,0.205577
gas_processing_v2,oilman,4,21,706964.48,123592.4336,6251.649,98.0,102001.2226,6.9309,89398.4734,116280.9924,6.2693,0.192495
gas_processing_v2,oilman,4,22,774488.53,135951.6769,6439.1971,98.0,112590.5975,6.8788,99004.546,128423.8342,6.3766,0.180245
gas_processing_v2,oilman,4,23,850115.47,149546.8337,6632.3758,98.0,124250.3185,6.842,109590.9034,141796.0925,6.4862,0.168775
gas_processing_v2,oilman,4,24,934817.64,164501.5171,6831.3459,98.0,137087.7889,6.8191,121256.1948,156521.1949,6.598,0.158035
gas_processing_v2,oilman,4,25,1029684.07,180951.6797,7036.2864,98.0,151221.1322,6.8091,134108.9142,172734.8877,6.7122,0.147978
gas_processing_v2,oilman,4,26,1135934.47,199046.8382,7247.3759,98.0,166780.2722,6.811,148268.4068,190586.4814,6.8288,0.138561
gas_processing_v2,oilman,4,27,1254934.92,218951.5288,7464.7966,98.0,183908.197,6.8237,163866.0281,210240.3019,6.9477,0.129744
gas_processing_v2,oilman,4,28,1388215.42,240846.6817,7688.7382,98.0,202762.1508,6.8465,181046.238,231877.0607,7.0691,0.121487
gas_processing_v2,oilman,4,29,1537489.59,264931.3485,7919.4008,98.0,223515.1345,6.8787,199967.9776,255695.5783,7.1929,0.113756
gas_processing_v2,oilman,4,30,1923734.57,367194.8469,7871.4886,98.0,312526.0617,6.1554,281850.6446,358014.36,4.3393,0.081579
gas_processing_v2,oilman,4,31,2110984.08,403914.322,8107.6352,98.0,344266.5575,6.1318,310872.0048,394461.3583,5.8994,0.076387
gas_processing_v2,oilman,4,32,2320703.53,444305.757,8350.8639,98.0,379195.4969,6.1201,342820.3096,434572.1447,6.0042,0.071526
gas_processing_v2,oilman,4,33,2555589.32,488736.3313,8601.3892,98.0,417632.1396,6.1192,377988.9812,478713.6514,6.111,0.066975
gas_processing_v2,oilman,4,34,2818661.4,537609.9712,8859.4291,98.0,459927.7116,6.1285,416700.8333,527289.553,6.2198,0.062713
gas_processing_v2,oilman,4,35,3113302.13,591370.9683,9125.2125,98.0,506468.5476,6.1471,459310.9559,580743.877,6.3308,0.058722
gas_processing_v2,oilman,4,36,3443299.75,650508.0611,9398.9717,98.0,557679.6478,6.1743,506209.9913,639565.0937,6.4439,0.054985
gas_processing_v2,oilman,4,37,3812897.09,715558.8699,9680.9391,98.0,614028.5398,6.2096,557827.6873,704290.5556,6.5591,0.051486
gas_processing_v2,oilman,4,38,4226846.11,787114.7542,9971.3686,98.0,676029.4855,6.2525,614636.7505,775511.329,6.6765,0.048209
gas_processing_v2,oilman,4,39,4690469.01,865826.2405,10270.5102,98.0,744248.2253,6.3023,677157.227,853877.6518,6.7961,0.045142
gas_processing_v2,oilman,4,40,5978836.2,1261941.7397,10081.4285,98.0,1089033.2107,5.49,994333.249,1250211.3222,3.7367,0.030402
gas_processing_v2,oilman,4,41,6560404.77,1388135.9123,10383.8699,98.0,1198559.0169,5.4736,1094834.925,1376056.5239,5.3099,0.028467
gas_processing_v2,oilman,4,42,7211761.56,1526949.5063,10695.3883,98.0,1319055.8226,5.4674,1205418.5226,1514510.6736,5.4056,0.026656
gas_processing_v2,oilman,4,43,7941281.17,1679644.4474,11016.2481,98.0,1451621.2734,5.4706,1327093.1857,1666835.3919,5.5031,0.024959
gas_processing_v2,oilman,4,44,8758343.13,1847608.9003,11346.7354,98.0,1597462.8234,5.4827,1460969.0171,1834418.5133,5.6024,0.023371
gas_processing_v2,oilman,4,45,9673452.53,2032369.7848,11687.1398,98.0,1757908.6412,5.5028,1608267.1182,2018786.6236,5.7035,0.021884
gas_processing_v2,oilman,4,46,10698375.05,2235606.762,12037.7543,98.0,1934419.7767,5.5305,1770330.7781,2221619.0455,5.8066,0.020491
gas_processing_v2,oilman,4,47,11846288.28,2459167.4436,12398.8865,98.0,2128603.3847,5.5653,1948637.6251,2444763.0361,5.9115,0.019187
gas_processing_v2,oilman,4,48,13131951.09,2705084.1812,12770.851,98.0,2342227.3373,5.6066,2144813.0685,2690250.5839,6.0183,0.017966
gas_processing_v2,oilman,4,49,14571893.44,2975592.6088,13153.9765,98.0,2577236.3501,5.6541,2360645.1222,2960316.9435,6.1272,0.016823
gas_processing_v2,oilman,4,50,18978591.44,4549681.09,12735.6801,98.0,3947057.2466,4.8083,3620543.3518,4534888.0745,3.217,0.010653
refinery_v2,oilman,5,1,310515.06,22612.2563,6246.6667,210.0,14055.363,22.0923,8509.805,15032.2563,,1.0
refinery_v2,oilman,5,2,325515.06,24873.4819,6434.0667,210.0,15859.5913,20.5248,10037.6855,17072.3819,8.3138,0.936364
refinery_v2,oilman,5,3,342315.06,27360.8301,6627.0887,210.0,17855.655,19.1712,11738.0311,19331.9971,8.4166,0.876777
refinery_v2,oilman,5,4,361131.06,30096.9131,6825.9013,210.0,20063.0803,17.9998,13628.6785,21833.5151,8.524,0.820982
refinery_v2,oilman,5,5,382204.98,33106.6044,7030.6796,210.0,22503.3546,16.9844,15729.2642,24601.6031,8.6359,0.768738
refinery_v2,oilman,5,6,405807.77,36417.2649,7241.5983,210.0,25200.1299,16.1034,18061.4145,27663.4155,8.7522,0.719818
refinery_v2,oilman,5,7,432242.9,40058.9913,7458.8448,210.0,28179.4275,15.339,20648.9258,31048.8281,8.8729,0.674011
refinery_v2,oilman,5,8,461850.24,44064.8882,7682.6129,210.0,31469.8795,14.6759,23517.9912,34790.7168,8.998,0.63112
refinery_v2,oilman,5,9,495010.46,48471.3838,7913.0899,210.0,35103.0157,14.1017,26697.4722,38925.2889,9.1272,0.590958
refinery_v2,oilman,5,10,549699.43,60249.9272,8068.9755,210.0,45214.728,12.1575,35886.4785,50519.914,5.4085,0.484794
refinery_v2,oilman,5,11,591295.61,66274.9177,8311.0463,210.0,50245.8681,11.768,40343.3647,56259.3022,8.2677,0.453944
refinery_v2,oilman,5,12,637883.33,72902.4117,8560.382,210.0,55794.8658,11.4327,45271.3563,62592.6227,8.3957,0.425057
refinery_v2,oilman,5,13,690061.58,80192.6484,8817.1887,210.0,61913.9499,11.1455,50718.3356,69579.8713,8.5271,0.398007
refinery_v2,oilman,5,14,748501.22,88211.9042,9081.7038,210.0,68660.5743,10.9015,56736.9676,77287.0444,8.6621,0.37268
refinery_v2,oilman,5,15,813953.62,97033.1036,9354.1585,210.0,76097.9823,10.6961,63385.2452,85786.7939,8.8004,0.348964
refinery_v2,oilman,5,16,887260.3,106736.4072,9634.7837,210.0,84295.7124,10.5256,70726.9502,95159.0076,8.9423,0.326757
refinery_v2,oilman,5,17,969363.79,117410.0479,9923.8232,210.0,93330.3155,10.3864,78832.3035,105491.6311,9.0877,0.305963
refinery_v2,oilman,5,18,1061319.69,129151.055,10221.5394,210.0,103285.9786,10.2755,87778.5349,116881.3839,9.2365,0.286493
refinery_v2,oilman,5,19,1164310.3,142066.1808,10528.1882,210.0,114255.3536,10.1904,97650.6623,129434.7165,9.3889,0.268262
refinery_v2,oilman,5,20,1344658.86,186745.9867,10605.4657,210.0,153059.5533,8.7852,133278.5908,174023.3481,4.6477,0.205577
refinery_v2,oilman,5,21,1473850.29,205420.5899,10923.6272,210.0,169029.6576,8.7195,147741.0311,192322.5751,8.0896,0.192495
refinery_v2,oilman,5,22,1618544.69,225962.6489,11251.3336,210.0,186616.1443,8.6731,163683.1188,212477.9965,8.2276,0.180245
refinery_v2,oilman,5,23,1780602.41,248558.8957,11588.8785,210.0,205981.215,8.6445,181253.7989,234675.998,8.3686,0.168775
refinery_v2,oilman,5,24,1962107.06,273414.7853,11936.5429,210.0,227303.3708,8.6321,200617.0138,259121.7029,8.5125,0.158035
refinery_v2,oilman,5,25,2165392.27,300756.2819,12294.6394,210.0,250778.929,8.6347,221953.0665,286040.7069,8.6594,0.147978
refinery_v2,oilman,5,26,2393071.7,330831.8943,12663.48,210.0,276623.8204,8.651,245460.2954,315681.1502,8.8095,0.138561
refinery_v2,oilman,5,27,2648072.67,363915.095,13043.3836,210.0,305075.689,8.6801,271357.0007,348316.1297,8.9625,0.129744
refinery_v2,oilman,5,28,2933673.75,400306.6045,13434.681,210.0,336395.8734,8.7209,299883.2621,384245.975,9.1188,0.121487
refinery_v2,oilman,5,29,3253546.96,440337.2627,13837.7222,210.0,370871.9002,8.7727,331303.2269,423801.1134,9.2781,0.113756
refinery_v2,oilman,5,30,4027441.35,610307.4426,13754.0044,210.0,518818.7913,7.7627,467404.9476,593870.0661,5.2309,0.081579
refinery_v2,oilman,5,31,4428690.31,671338.1711,14166.6279,210.0,571556.5425,7.7485,515610.595,654413.9692,7.6084,0.076387
refinery_v2,oilman,5,32,4878089.14,738471.9927,14591.6261,210.0,629593.2189,7.748,568680.1549,721046.3655,7.7434,0.071526
refinery_v2,oilman,5,33,5381415.83,812319.1897,15029.3738,210.0,693459.4398,7.7602,627101.2911,794377.095,7.881,0.066975
refinery_v2,oilman,5,34,5945141.72,893551.12,15480.252,210.0,763738.9552,7.7843,691410.518,875077.066,8.0212,0.062713
refinery_v2,oilman,5,35,6576514.72,982906.232,15944.6604,210.0,841073.8673,7.8192,762197.995,963884.2554,8.1641,0.058722
refinery_v2,oilman,5,36,7283652.48,1081196.8484,16423.0051,210.0,926170.5436,7.8643,840112.971,1061610.5067,8.3098,0.054985
refinery_v2,oilman,5,37,8075646.77,1189316.5378,16915.6922,210.0,1019806.0356,7.9188,925869.6919,1169148.9094,8.4583,0.051486
refinery_v2,oilman,5,38,8962680.38,1308248.187,17423.1652,210.0,1122835.069,7.9822,1020253.8018,1287481.8272,8.6095,0.048209
refinery_v2,oilman,5,39,9956158.02,1439073.0238,17945.8613,210.0,1236197.9314,8.0539,1124129.6271,1417689.9719,8.7637,0.045142
refinery_v2,oilman,5,40,12629607.13,2097448.9225,17615.4751,210.0,1809272.3992,6.9805,1651325.9254,2076455.6699,4.6651,0.030402
refinery_v2,oilman,5,41,13875825.48,2307193.8124,18143.9368,210.0,1991290.6918,6.9683,1818329.1447,2285577.0652,6.8467,0.028467
refinery_v2,oilman,5,42,15271590.04,2537913.1982,18688.2589,210.0,2191542.9972,6.9684,2002088.1703,2515654.2439,6.97,0.026656
refinery_v2,oilman,5,43,16834846.34,2791704.5022,19248.9034,210.0,2411853.6709,6.98,2204280.2466,2768784.083,7.0957,0.024959
refinery_v2,oilman,5,44,18585693.4,3070874.966,19826.3703,210.0,2654229.5783,7.0023,2426750.4174,3047273.2346,7.2237,0.023371
refinery_v2,oilman,5,45,20546642.11,3377962.4535,20421.1654,210.0,2920878.2207,7.0344,2671528.2147,3353658.9654,7.3541,0.021884
refinery_v2,oilman,5,46,22742904.66,3715758.6966,21033.801,210.0,3214227.9592,7.0757,2940846.2558,3690732.4032,7.4868,0.020491
refinery_v2,oilman,5,47,25202718.72,4087334.5753,21664.8143,210.0,3536949.9921,7.1256,3237160.4389,4061563.7939,7.6221,0.019187
refinery_v2,oilman,5,48,27957710.47,4496068.0216,22314.7549,210.0,3891982.642,7.1834,3563172.2848,4469530.4212,7.7598,0.017966
refinery_v2,oilman,5,49,31043301.22,4945674.8396,22984.1977,210.0,4282558.1584,7.2488,3921853.5751,4918347.411,7.9001,0.016823
refinery_v2,oilman,5,50,40367524.68,7561936.8149,22253.3002,210.0,6559341.9578,6.1542,6015959.5016,7535471.7206,4.0953,0.010653
diesel_complex_v2,oilman,6,1,533277.8,23815.4176,5260.0,364.0,15826.5333,33.6952,10798.334,17311.4176,,1.0
diesel_complex_v2,oilman,6,2,559277.8,26196.9593,5417.8,364.0,17761.1886,31.4888,12466.8675,19508.7593,13.4391,0.936364
diesel_complex_v2,oilman,6,3,588397.8,28816.6552,5580.334,364.0,19898.9195,29.5693,14318.8232,21938.7292,13.6219,0.876777
diesel_complex_v2,oilman,6,4,621012.2,31698.3208,5747.744,364.0,22260.3218,27.8977,16373.0406,24624.977,13.8115,0.820982
diesel_complex_v2,oilman,6,5,657540.33,34868.1528,5920.1773,364.0,24868.0587,26.4412,18650.2563,27593.5276,14.0076,0.768738
diesel_complex_v2,oilman,6,6,698451.83,38354.9681,6097.7812,364.0,27747.0726,25.1721,21173.3026,30873.0258,14.2102,0.719818
diesel_complex_v2,oilman,6,7,744272.71,42190.4649,6280.7135,364.0,30924.8037,24.0672,23967.3017,34494.9857,14.4194,0.674011
diesel_complex_v2,oilman,6,8,795592.1,46409.5091,6469.1372,364.0,34431.4435,23.1066,27059.9014,38494.0827,14.6349,0.63112
diesel_complex_v2,oilman,6,9,853069.82,51050.4671,6663.2102,364.0,38300.2335,22.2732,30481.5584,42908.4993,14.8568,0.590958
diesel_complex_v2,oilman,6,10,935427.37,63455.7276,6794.4735,364.0,48978.6111,19.0987,40208.8718,55160.5361,7.7126,0.484794
diesel_complex_v2,oilman,6,11,1007527.42,69801.298,6998.309,364.0,54321.9204,18.5473,44979.5748,61268.1692,13.4935,0.453944
diesel_complex_v2,oilman,6,12,1088279.47,76781.4302,7208.2619,364.0,60211.9764,18.0741,50248.7512,68003.2233,13.7099,0.425057
diesel_complex_v2,oilman,6,13,1178721.77,84459.5684,7424.5058,364.0,66703.8245,17.671,56066.8961,75428.94,13.9317,0.398007
diesel_complex_v2,oilman,6,14,1280017.15,92905.5157,7647.2405,364.0,73858.0195,17.3308,62489.5519,83614.889,14.1589,0.37268
diesel_complex_v2,oilman,6,15,1393467.97,102196.0768,7876.6606,364.0,81741.2121,17.0473,69577.8705,92637.6479,14.3915,0.348964
diesel_complex_v2,oilman,6,16,1520532.89,112415.6774,8112.9609,364.0,90426.6833,16.8151,77399.1006,102581.415,14.6296,0.326757
diesel_complex_v2,oilman,6,17,1662845.6,123657.2451,8356.3463,364.0,99995.1019,16.6293,86027.2766,113538.8788,14.8732,0.305963
diesel_complex_v2,oilman,6,18,1822235.83,136022.972,8607.0379,364.0,110535.1826,16.4856,95543.8207,125611.9733,15.1223,0.286493
diesel_complex_v2,oilman,6,19,2000752.89,149625.2906,8865.2513,364.0,122144.5542,16.3802,106038.3555,138912.8794,15.377,0.268262
diesel_complex_v2,oilman,6,20,2294072.78,196682.4361,8930.3228,364.0,163027.6586,14.0717,143586.4647,185894.0669,7.1746,0.205577
diesel_complex_v2,oilman,6,21,2518004.58,216350.6845,9198.2304,364.0,179905.9551,13.9962,158919.202,205249.5867,13.2674,0.192495
diesel_complex_v2,oilman,6,22,2768808.2,237985.753,9474.1752,364.0,198488.3926,13.9495,175813.3395,226562.5446,13.4968,0.180245
diesel_complex_v2,oilman,6,23,3049708.25,261784.3092,9758.4046,364.0,218945.857,13.9291,194425.8405,250029.3198,13.7309,0.168775
diesel_complex_v2,oilman,6,24,3364316.31,287962.7401,10051.1552,364.0,241466.3989,13.9329,214929.4594,275866.0229,13.9698,0.158035
diesel_complex_v2,oilman,6,25,3716677.34,316759.0332,10352.6899,364.0,266256.8387,13.959,237514.1917,304310.3343,14.2136,0.147978
diesel_complex_v2,oilman,6,26,4111321.69,348434.9198,10663.2719,364.0,293544.6537,14.0058,262389.0281,335623.6785,14.4623,0.138561
diesel_complex_v2,oilman,6,27,4553323.36,383278.4237,10983.1693,364.0,323580.1914,14.0717,289783.985,370093.766,14.716,0.129744
diesel_complex_v2,oilman,6,28,5048365.24,421606.2661,11312.661,364.0,356638.7565,14.1554,319952.0215,408036.9927,14.9747,0.121487
diesel_complex_v2,oilman,6,29,5602812.14,463766.8903,11652.0414,364.0,393023.2386,14.2557,353171.4501,449801.458,15.2386,0.113756
diesel_complex_v2,oilman,6,30,6904073.47,642780.9063,11581.5469,364.0,548826.7627,12.5797,496488.4047,628897.7622,8.3519,0.081579
diesel_complex_v2,oilman,6,31,7599571.66,707058.9803,11928.9962,364.0,604446.4062,12.5728,547389.6899,692770.2585,12.5045,0.076387
diesel_complex_v2,oilman,6,32,8378529.64,777764.8831,12286.8656,364.0,665649.1953,12.587,603417.6081,763058.4203,12.7275,0.071526
diesel_complex_v2,oilman,6,33,9250962.57,855541.369,12655.4706,364.0,732994.0517,12.6208,665085.8894,840404.6334,12.9547,0.066975
diesel_complex_v2,oilman,6,34,10228087.45,941095.5178,13035.1321,364.0,807095.8556,12.6727,732959.7161,925515.6032,13.1862,0.062713
diesel_complex_v2,oilman,6,35,11322467.32,1035205.0696,13426.1868,364.0,888630.948,12.7415,807660.7755,1019168.6767,13.4222,0.058722
diesel_complex_v2,oilman,6,36,12548172.77,1138725.5695,13828.9766,364.0,978343.3558,12.8259,889872.9907,1122218.9998,13.6626,0.054985
diesel_complex_v2,oilman,6,37,13920962.88,1252598.1312,14243.8433,364.0,1077051.5504,12.9251,980348.74,1235607.2875,13.9076,0.051486
diesel_complex_v2,oilman,6,38,15458487.8,1377857.9395,14671.1604,364.0,1185655.8178,13.0379,1079915.6109,1360368.2884,14.1571,0.048209
diesel_complex_v2,oilman,6,39,17180515.71,1515643.7525,15111.2962,364.0,1305146.557,13.1637,1189484.0577,1497640.3307,14.4114,0.045142
diesel_complex_v2,oilman,6,40,21757575.51,2209050.759,14833.0948,364.0,1908652.6879,11.3994,1744626.965,2191372.0818,7.5841,0.030402
diesel_complex_v2,oilman,6,41,23917687.32,2429955.8326,15278.0855,364.0,2100452.9599,11.3869,1920683.5377,2411757.7175,11.2623,0.028467
diesel_complex_v2,oilman,6,42,26337012.55,2672951.4206,15736.4314,364.0,2311460.3606,11.3941,2114392.4893,2654218.2782,11.4656,0.026656
diesel_complex_v2,oilman,6,43,29046656.81,2940246.546,16208.5217,364.0,2543596.4011,11.4195,2327520.4543,2920962.3325,11.6727,0.024959
diesel_complex_v2,oilman,6,44,32081458.38,3234271.2149,16694.7771,364.0,2798974.8208,11.4619,2562010.8062,3214419.3952,11.8835,0.023371
diesel_complex_v2,oilman,6,45,35480436.14,3557698.3268,17195.6238,364.0,3079920.6716,11.5199,2820001.2258,3537261.8686,12.0983,0.021884
diesel_complex_v2,oilman,6,46,39287291.23,3913468.1571,17711.493,364.0,3388991.6178,11.5926,3103843.2861,3892429.5246,12.3171,0.020491
diesel_complex_v2,oilman,6,47,43550968.93,4304814.9824,18242.8372,364.0,3729001.0863,11.679,3416123.7301,4283156.1116,12.5399,0.019187
diesel_complex_v2,oilman,6,48,48326287.95,4735296.4687,18790.1192,364.0,4103043.8441,11.7782,3759687.9962,4712998.7555,12.7668,0.017966
diesel_complex_v2,oilman,6,49,53674645.26,5208826.1322,19353.8228,364.0,4514524.2292,11.8893,4137666.1715,5185870.4075,12.9978,0.016823
diesel_complex_v2,oilman,6,50,69747996.15,7964295.1406,18738.3713,364.0,6912317.7093,10.0904,6342964.5556,7942057.8327,6.7034,0.010653
aviation_fuel_v2,oilman,7,1,902135.1,29893.4894,6020.0,616.0,20234.0158,44.5851,14268.7915,22047.4894,,1.0
aviation_fuel_v2,oilman,7,2,946135.1,32882.8383,6200.6,616.0,22677.6273,41.7211,16389.3707,24819.9383,18.0061,0.936364
aviation_fuel_v2,oilman,7,3,995415.1,36171.1221,6386.618,616.0,25376.5986,39.2257,18740.9707,27884.8151,18.2588,0.876777
aviation_fuel_v2,oilman,7,4,1050608.7,39788.2344,6578.2165,616.0,28356.7955,37.0496,21347.2627,31271.8182,18.5201,0.820982
aviation_fuel_v2,oilman,7,5,1112425.53,43767.0578,6775.5642,616.0,31646.6795,35.1514,24234.3,35013.6277,18.79,0.768738
aviation_fuel_v2,oilman,7,6,1181660.38,48143.7636,6978.8295,616.0,35277.5727,33.4961,27430.7666,39146.2126,19.0683,0.719818
aviation_fuel_v2,oilman,7,7,1259203.41,52958.1399,7188.193,616.0,39283.9338,32.0539,30968.2224,43709.144,19.355,0.674011
aviation_fuel_v2,oilman,7,8,1346051.61,58253.9509,7403.8415,616.0,43703.6752,30.7995,34881.3985,48745.9619,19.6501,0.63112
aviation_fuel_v2,oilman,7,9,1443321.59,64079.355,7625.9554,616.0,48578.5377,29.7111,39208.5509,54304.6079,19.9534,0.590958
aviation_fuel_v2,oilman,7,10,1584805.9,79650.6345,7776.1845,616.0,61994.8515,25.5635,51440.2308,69695.4627,10.5457,0.484794
aviation_fuel_v2,oilman,7,11,1706821.37,87615.6949,8009.4715,616.0,68721.4944,24.8368,57462.3486,77380.3462,18.1391,0.453944
aviation_fuel_v2,oilman,7,12,1843478.69,96377.2674,8249.7598,616.0,76135.0116,24.2133,64111.1742,85853.3333,18.4335,0.425057
aviation_fuel_v2,oilman,7,13,1996534.89,106014.9882,8497.2481,616.0,84304.5139,23.6824,71450.1185,95193.8215,18.7351,0.398007
aviation_fuel_v2,oilman,7,14,2167957.83,116616.475,8752.165,616.0,93306.0298,23.2349,79548.9326,105489.154,19.0438,0.37268
aviation_fuel_v2,oilman,7,15,2359951.53,128278.1345,9014.7333,616.0,103223.2391,22.8626,88484.4077,116835.4698,19.3596,0.348964
aviation_fuel_v2,oilman,7,16,2574984.47,141105.939,9285.1758,616.0,114148.144,22.5583,98340.9875,129338.4737,19.6828,0.326757
aviation_fuel_v2,oilman,7,17,2815821.36,155216.5329,9563.7272,616.0,126182.021,22.3156,109211.6355,143114.5283,20.0132,0.305963
aviation_fuel_v2,oilman,7,18,3085558.68,170738.1892,9850.6404,616.0,139436.2474,22.1288,121198.5908,158291.6028,20.351,0.286493
aviation_fuel_v2,oilman,7,19,3387664.48,187812.035,10146.1622,616.0,154033.3893,21.9931,134414.3847,175010.5279,20.6962,0.268262
aviation_fuel_v2,oilman,7,20,3841255.6,246878.9095,10220.6356,616.0,205356.7783,18.7053,181556.1742,233987.9601,8.8379,0.205577
aviation_fuel_v2,oilman,7,21,4220217.11,271566.8064,10527.2523,616.0,226568.4921,18.6267,200846.5667,258307.6114,17.8657,0.192495
aviation_fuel_v2,oilman,7,22,4644654.01,298723.487,10843.0675,616.0,249920.045,18.5846,222098.1884,285084.999,18.176,0.180245
aviation_fuel_v2,oilman,7,23,5120023.33,328595.8118,11168.3642,616.0,275625.9594,18.576,245508.1032,314566.6435,18.4926,0.168775
aviation_fuel_v2,oilman,7,24,5652436.97,361455.393,11503.4133,616.0,303922.3023,18.5983,271293.1944,347023.8318,18.8156,0.158035
aviation_fuel_v2,oilman,7,25,6248740.25,397600.9562,11848.5158,616.0,335068.7031,18.6491,299691.9912,382754.9281,19.1452,0.147978
aviation_fuel_v2,oilman,7,26,6916599.92,437361.0309,12203.9728,616.0,369350.7206,18.7264,330966.8656,422088.1002,19.4813,0.138561
aviation_fuel_v2,oilman,7,27,7664602.75,481097.149,12570.0911,616.0,407082.6203,18.8281,365406.5825,465384.5113,19.8241,0.129744
aviation_fuel_v2,oilman,7,28,8502365.92,529206.8639,12947.1899,616.0,448609.9963,18.9527,403328.7062,513041.3318,20.1738,0.121487
aviation_fuel_v2,oilman,7,29,9440660.67,582127.5473,13335.6063,616.0,494313.0686,19.0985,445082.6283,565495.5284,20.5302,0.113756
aviation_fuel_v2,oilman,7,30,11553715.3,806828.7759,13254.9263,616.0,689873.3292,16.7476,624964.6313,790293.6535,10.8051,0.081579
aviation_fuel_v2,oilman,7,31,12730712.24,887511.6326,13652.5774,616.0,759721.458,16.7571,688914.44,870498.9325,16.8508,0.076387
aviation_fuel_v2,oilman,7,32,14048948.81,976262.8018,14062.1541,616.0,836578.6435,16.7933,759301.0103,958758.2014,17.1518,0.071526
aviation_fuel_v2,oilman,7,33,15525373.77,1073889.079,14484.0177,616.0,921146.4834,16.8544,836769.2367,1055877.8219,17.4585,0.066975
aviation_fuel_v2,oilman,7,34,17178969.73,1181278.0018,14918.5352,616.0,1014196.8159,16.9385,922028.5986,1162744.8906,17.771,0.062713
aviation_fuel_v2,oilman,7,35,19030997.2,1299405.802,15366.0921,616.0,1116578.6276,17.044,1015859.5034,1280335.1764,18.0894,0.058722
aviation_fuel_v2,oilman,7,36,21105267.96,1429346.3733,15827.0797,616.0,1229225.8654,17.1696,1119120.4791,1409722.1032,18.4139,0.054985
aviation_fuel_v2,oilman,7,37,23428451.23,1572281.0166,16301.8891,616.0,1353165.9209,17.3138,1232755.9796,1552086.5019,18.7444,0.051486
aviation_fuel_v2,oilman,7,38,26030416.48,1729509.1122,16790.9479,616.0,1489528.883,17.4756,1357804.868,1708727.2396,19.0812,0.048209
aviation_fuel_v2,oilman,7,39,28944617.55,1902460.0474,17294.6774,616.0,1639557.9519,17.6539,1495410.0218,1881073.1973,19.4242,0.045142
aviation_fuel_v2,oilman,7,40,36603163.34,2772835.5062,16976.2796,616.0,2397061.6071,15.27,2192187.9856,2751831.0508,10.1102,0.030402
aviation_fuel_v2,oilman,7,41,40258737.17,3050119.0538,17485.5656,616.0,2637855.2148,15.2619,2413250.8947,3028502.9477,15.1814,0.028467
aviation_fuel_v2,oilman,7,42,44352979.88,3355130.9652,18010.1363,616.0,2902759.2011,15.2796,2656473.5677,3332884.8513,15.4556,0.026656
aviation_fuel_v2,oilman,7,43,48938531.7,3690644.0408,18550.4374,616.0,3194185.515,15.3211,2924073.5766,3667749.0272,15.7349,0.024959
aviation_fuel_v2,oilman,7,44,54074349.73,4059708.4628,19106.9502,616.0,3514787.3959,15.3848,3218490.3449,4036145.0791,16.0193,0.023371
aviation_fuel_v2,oilman,7,45,59826465.95,4465679.2971,19680.1626,616.0,3867483.327,15.4691,3542407.1938,4441427.4872,16.309,0.021884
aviation_fuel_v2,oilman,7,46,66268836.09,4912247.2239,20270.5681,616.0,4255483.7705,15.5726,3898775.927,4887286.3389,16.604,0.020491
aviation_fuel_v2,oilman,7,47,73484290.66,5403471.9582,20878.6844,616.0,4682320.2282,15.694,4290843.54,5377780.7276,16.9045,0.019187
aviation_fuel_v2,oilman,7,48,81565599.78,5943819.1391,21505.0413,616.0,5151877.345,15.8322,4722181.7493,5917375.6559,17.2105,0.017966
aviation_fuel_v2,oilman,7,49,90616666.0,6538201.0739,22150.1927,616.0,5668428.3467,15.9862,5196719.5701,6510982.7661,17.5221,0.016823
aviation_fuel_v2,oilman,7,50,117712894.81,9996909.4225,21445.8166,616.0,8678117.4172,13.5643,7964742.8131,9970537.068,9.003,0.010653
petrochemical_complex_v2,oilman,8,1,1526260.0,37459.212,6450.0,1050.0,26064.5144,58.557,19242.3696,28309.212,,1.0
petrochemical_complex_v2,oilman,8,2,1601260.0,41205.1332,6643.5,1050.0,29155.1209,54.9221,21948.8566,31812.1332,24.2671,0.936364
petrochemical_complex_v2,oilman,8,3,1685260.0,45325.6465,6842.805,1050.0,32566.5721,51.7482,24946.3097,35682.3565,24.623,0.876777
petrochemical_complex_v2,oilman,8,4,1779340.0,49858.2112,7048.0891,1050.0,36331.3062,48.9754,28264.4352,39957.1225,24.9898,0.820982
petrochemical_complex_v2,oilman,8,5,1884709.6,54844.0323,7259.5331,1050.0,40485.0143,46.5533,31935.9263,44677.4094,25.3676,0.768738
petrochemical_complex_v2,oilman,8,6,2002723.55,60328.4355,7477.3173,1050.0,45066.9728,44.4388,35996.7725,49888.3161,25.7562,0.719818
petrochemical_complex_v2,oilman,8,7,2134899.18,66361.2791,7701.6354,1050.0,50120.39,42.5954,40486.5702,55639.4579,26.1557,0.674011
petrochemical_complex_v2,oilman,8,8,2282935.88,72997.4032,7932.6873,1050.0,55692.8029,40.9916,45448.8916,61985.4238,26.566,0.63112
petrochemical_complex_v2,oilman,8,9,2448736.99,80297.1548,8170.6665,1050.0,61836.5448,39.6002,50931.7241,68986.3178,26.987,0.590958
petrochemical_complex_v2,oilman,8,10,2680191.84,99809.3586,8331.6262,1050.0,78672.1272,34.0679,66300.0475,88296.3861,13.748,0.484794
petrochemical_complex_v2,oilman,8,11,2888172.75,109790.2908,8581.5766,1050.0,87138.0813,33.1448,73909.8676,97963.4271,24.5667,0.453944
petrochemical_complex_v2,oilman,8,12,3121111.37,120769.3236,8839.0284,1050.0,96465.8568,32.3546,82306.9163,108619.1484,24.9726,0.425057
petrochemical_complex_v2,oilman,8,13,3382002.62,132846.2485,9104.1943,1050.0,106742.0871,31.6839,91570.7072,120363.0742,25.3878,0.398007
petrochemical_complex_v2,oilman,8,14,3674200.82,146130.8583,9377.3196,1050.0,118062.0787,31.1209,101788.7073,133304.6895,25.8126,0.37268
petrochemical_complex_v2,oilman,8,15,4001462.8,160743.9591,9658.6428,1050.0,130530.7252,30.6553,113057.2031,147564.5007,26.2468,0.348964
petrochemical_complex_v2,oilman,8,16,4367996.22,176818.3438,9948.4026,1050.0,144263.3489,30.2779,125482.0711,163275.001,26.6907,0.326757
petrochemical_complex_v2,oilman,8,17,4778513.65,194500.1782,10246.8506,1050.0,159386.895,29.9806,139179.8667,180582.0403,27.1443,0.305963
petrochemical_complex_v2,oilman,8,18,5238293.17,213950.1998,10554.2576,1050.0,176040.9697,29.7561,154278.7735,199646.0159,27.6076,0.286493
petrochemical_complex_v2,oilman,8,19,5753246.24,235345.2534,10870.888,1050.0,194379.1979,29.5981,170919.8707,220643.4405,28.0809,0.268262
petrochemical_complex_v2,oilman,8,20,6532040.23,309361.3225,10950.681,1050.0,258703.7581,25.2491,230013.0365,294559.3045,12.1073,0.205577
petrochemical_complex_v2,oilman,8,21,7177997.36,340297.4622,11279.1988,1050.0,285332.3891,25.1566,254269.1715,325082.8869,24.258,0.192495
petrochemical_complex_v2,oilman,8,22,7901469.34,374327.2085,11617.5723,1050.0,314643.8835,25.1124,280985.4083,358687.6991,24.6822,0.180245
petrochemical_complex_v2,oilman,8,23,8711757.96,411759.8993,11966.1045,1050.0,346907.1015,25.1127,310408.7627,395682.6983,25.1149,0.168775
petrochemical_complex_v2,oilman,8,24,9619281.21,452935.8893,12325.0857,1050.0,382417.8991,25.1538,342811.0829,436407.8747,25.5563,0.158035
petrochemical_complex_v2,oilman,8,25,10635707.25,498229.5082,12694.8384,1050.0,421501.6627,25.2329,378491.3489,481237.153,26.0064,0.147978
petrochemical_complex_v2,oilman,8,26,11774104.42,548052.4328,13075.6851,1050.0,464516.2705,25.347,417778.4186,530581.805,26.4654,0.138561
petrochemical_complex_v2,oilman,8,27,13049109.25,602857.6948,13467.9548,1050.0,511855.5738,25.4937,461034.2237,584894.4493,26.9333,0.129744
petrochemical_complex_v2,oilman,8,28,14477114.66,663143.4642,13871.9892,1050.0,563952.6833,25.6708,508656.7876,644672.8266,27.4105,0.121487
petrochemical_complex_v2,oilman,8,29,16076480.72,729457.8069,14288.1496,1050.0,621284.1018,25.8762,561084.0211,710464.5492,27.8969,0.113756
petrochemical_complex_v2,oilman,8,30,19689958.99,1011028.5146,14201.7067,1050.0,866325.8228,22.7281,786470.2516,992143.8131,14.7464,0.081579
petrochemical_complex_v2,oilman,8,31,21696203.77,1112131.3398,14627.7615,1050.0,953914.6132,22.7444,866713.4296,1092711.5928,22.9053,0.076387
petrochemical_complex_v2,oilman,8,32,23943197.93,1223344.4813,15066.5937,1050.0,1050288.2622,22.7968,955025.6945,1203373.6427,23.3154,0.071526
petrochemical_complex_v2,oilman,8,33,26459831.39,1345678.9257,15518.5903,1050.0,1156325.9918,22.8827,1052215.255,1325140.4634,23.7334,0.066975
petrochemical_complex_v2,oilman,8,34,29278460.86,1480246.837,15984.1449,1050.0,1272995.0421,22.9997,1159171.2523,1459123.7248,24.1592,0.062713
petrochemical_complex_v2,oilman,8,35,32435325.87,1628271.5207,16463.6701,1050.0,1401359.33,23.1456,1276871.7113,1606546.214,24.593,0.058722
petrochemical_complex_v2,oilman,8,36,35971014.68,1791098.6615,16957.5854,1050.0,1542589.2363,23.3186,1406392.5512,1768753.0892,25.035,0.054985
petrochemical_complex_v2,oilman,8,37,39930986.15,1970208.5352,17466.3098,1050.0,1697972.2361,23.5169,1548917.3635,1947224.0997,25.4852,0.051486
petrochemical_complex_v2,oilman,8,38,44366154.19,2167229.3812,17990.3013,1050.0,1868924.4995,23.7389,1705748.053,2143586.9098,25.9439,0.048209
petrochemical_complex_v2,oilman,8,39,49333542.4,2383952.3493,18530.0115,1050.0,2057003.9339,23.9832,1878316.8622,2359632.1023,26.4111,0.045142
petrochemical_complex_v2,oilman,8,40,62335519.13,3474610.533,18188.871,1050.0,3006173.3459,20.7358,2751355.1199,3450718.695,13.6983,0.030402
petrochemical_complex_v2,oilman,8,41,68566610.9,3822071.5826,18734.5346,1050.0,3307989.7318,20.7276,3028505.4642,3797494.4927,20.6453,0.028467
petrochemical_complex_v2,oilman,8,42,75545433.68,4204278.7483,19296.5746,1050.0,3640020.9911,20.7541,3333428.1367,4178995.8406,21.0186,0.026656
petrochemical_complex_v2,oilman,8,43,83361715.2,4624706.5969,19875.4686,1050.0,4005289.5816,20.8129,3668902.0746,4598696.7061,21.3987,0.024959
petrochemical_complex_v2,oilman,8,44,92115950.5,5087177.2791,20471.7324,1050.0,4407120.3256,20.9016,4037984.2247,5060418.5919,21.7859,0.023371
petrochemical_complex_v2,oilman,8,45,101920694.04,5595894.992,21085.8885,1050.0,4849170.4201,21.0182,4444037.1609,5568365.039,22.1802,0.021884
petrochemical_complex_v2,oilman,8,46,112902006.8,6155484.4875,21718.4658,1050.0,5335462.9389,21.1607,4890759.8913,6127160.1351,22.5817,0.020491
petrochemical_complex_v2,oilman,8,47,125201077.09,6771032.9512,22370.019,1050.0,5870423.251,21.3274,5382221.3325,6741890.3692,22.9906,0.019187
petrochemical_complex_v2,oilman,8,48,138976035.82,7448136.2276,23041.1157,1050.0,6458919.2473,21.5169,5922897.3085,7418150.873,23.4071,0.017966
petrochemical_complex_v2,oilman,8,49,154403989.59,8192949.8766,23732.3493,1050.0,7106305.7487,21.7277,6517711.3773,8162096.4612,23.8311,0.016823
petrochemical_complex_v2,oilman,8,50,200355146.9,12527020.3368,22977.6606,1050.0,10877603.6283,18.4191,9986099.7786,12497114.67,12.1844,0.010653
large_gas_field,oilman,9,1,2530538.6,43659.54,4666.6667,1750.0,32401.2998,78.0999,26177.632,34909.54,,1.0
large_gas_field,oilman,9,2,2655538.6,48025.494,4806.6667,1750.0,36077.8798,73.6057,29460.3952,39065.494,33.999,0.936364
large_gas_field,oilman,9,3,2795538.6,52828.0434,4950.8667,1750.0,40130.6438,69.6609,33086.1347,43651.7434,34.5443,0.876777
large_gas_field,oilman,9,4,2952338.6,58110.8477,5099.3927,1750.0,44597.4659,66.1997,37089.5892,48711.7587,35.1033,0.820982
large_gas_field,oilman,9,5,3127954.6,63921.9325,5252.3753,1750.0,49520.0147,63.1655,41508.983,54293.3695,35.6758,0.768738
large_gas_field,oilman,9,6,3324644.52,70314.1258,5409.9453,1750.0,54944.137,60.5095,46386.3826,60449.2078,36.2621,0.719818
large_gas_field,oilman,9,7,3544937.23,77345.5383,5572.2427,1750.0,60920.2672,58.1898,51768.0667,67237.1743,36.8621,0.674011
large_gas_field,oilman,9,8,3791665.07,85080.0878,5739.412,1750.0,67503.888,56.1696,57704.9522,74720.9698,37.476,0.63112
large_gas_field,oilman,9,9,4068000.25,93588.1097,5911.5933,1750.0,74756.0692,54.417,64253.0978,82970.7197,38.1037,0.590958
large_gas_field,oilman,9,10,4443055.0,116330.0148,6028.05,1750.0,94440.2094,47.0462,82271.9368,105537.9398,19.0537,0.484794
large_gas_field,oilman,9,11,4789689.84,127963.0119,6208.8927,1750.0,104403.5837,45.8767,91307.0705,116899.6729,34.7909,0.453944
large_gas_field,oilman,9,12,5177920.87,140759.3175,6395.1627,1750.0,115374.3147,44.8793,101264.71,129416.5735,35.3879,0.425057
large_gas_field,oilman,9,13,5612739.62,154835.2405,6587.014,1750.0,127453.457,44.0376,112237.6714,143204.7195,35.9975,0.398007
large_gas_field,oilman,9,14,6099736.62,170318.7471,6784.624,1750.0,140752.1871,43.3367,124328.0617,158391.8111,36.6198,0.37268
large_gas_field,oilman,9,15,6645173.26,187350.6392,6988.1653,1750.0,155392.8523,42.7637,137648.2634,175118.3912,37.2549,0.348964
large_gas_field,oilman,9,16,7256062.3,206085.6901,7197.8107,1750.0,171509.9551,42.3069,152321.8361,193538.9741,37.9032,0.326757
large_gas_field,oilman,9,17,7940258.02,226694.2591,7413.742,1750.0,189251.5499,41.9561,168484.7943,213823.6461,38.5645,0.305963
large_gas_field,oilman,9,18,8706557.23,249363.6893,7636.1553,1750.0,208780.4546,41.702,186286.7185,236159.4563,39.2392,0.286493
large_gas_field,oilman,9,19,9564812.34,274300.0976,7865.242,1750.0,230275.8244,41.5363,205892.2151,260752.2346,39.9274,0.268262
large_gas_field,oilman,9,20,10831463.5,360567.4629,7922.9733,1750.0,305278.2059,35.4806,274819.5103,346933.0029,16.8881,0.205577
large_gas_field,oilman,9,21,11908058.71,396624.2179,8160.6607,1750.0,336440.7948,35.3942,303308.3834,382633.2269,34.5477,0.192495
large_gas_field,oilman,9,22,13113845.35,436286.6397,8405.4787,1750.0,370734.1101,35.3726,334671.0938,421928.4217,35.161,0.180245
large_gas_field,oilman,9,23,14464326.38,479915.2688,8657.6467,1750.0,408471.6312,35.4108,369195.745,465178.7988,35.7862,0.168775
large_gas_field,oilman,9,24,15976865.14,527906.7957,8917.3747,1750.0,449998.2963,35.5043,407199.3745,512780.7337,36.4233,0.158035
large_gas_field,oilman,9,25,17670908.55,580697.5101,9184.896,1750.0,495693.4743,35.6489,449030.6641,565170.1661,37.0727,0.147978
large_gas_field,oilman,9,26,19568237.17,638767.2306,9460.444,1750.0,545974.4043,35.8409,495073.1185,622826.5646,37.7346,0.138561
large_gas_field,oilman,9,27,21693245.22,702643.9755,9744.2567,1750.0,601300.2554,36.0772,545748.7954,686277.5905,38.409,0.129744
large_gas_field,oilman,9,28,24073254.24,772908.373,10036.5813,1750.0,662175.9588,36.3548,601521.8264,756103.501,39.0962,0.121487
large_gas_field,oilman,9,29,26738864.34,850199.206,10337.6793,1750.0,729157.0282,36.6709,662902.8458,832942.687,39.7965,0.113756
large_gas_field,oilman,9,30,32696077.6,1178376.0928,10275.1367,1750.0,1014725.3318,32.2216,925538.1692,1161213.3878,20.8609,0.081579
large_gas_field,oilman,9,31,36039818.91,1296213.6715,10583.3933,1750.0,1116975.842,32.2655,1019345.8472,1278588.5815,32.7015,0.076387
large_gas_field,oilman,9,32,39784809.18,1425835.0474,10900.8947,1750.0,1229470.2128,32.3593,1122566.6959,1407733.7054,33.2905,0.071526
large_gas_field,oilman,9,33,43979198.28,1568418.5477,11227.9207,1750.0,1353233.3455,32.4993,1236142.9572,1549826.6667,33.8905,0.066975
large_gas_field,oilman,9,34,48676914.07,1725260.4243,11564.756,1750.0,1489392.7315,32.6824,1361111.2055,1706163.2903,34.5016,0.062713
large_gas_field,oilman,9,35,53938355.75,1897786.4668,11911.6993,1750.0,1639188.5477,32.9055,1498611.6244,1878168.9178,35.1241,0.058722
large_gas_field,oilman,9,36,59831170.44,2087565.1003,12269.054,1750.0,1803985.0603,33.1661,1649898.4993,2067411.5193,35.7581,0.054985
large_gas_field,oilman,9,37,66431122.89,2296321.6191,12637.1233,1750.0,1985283.0113,33.4618,1816351.6103,2275615.9341,36.4039,0.051486
large_gas_field,oilman,9,38,73823069.63,2525953.7723,13016.2387,1750.0,2184733.1543,33.7904,1999488.6598,2504679.4143,37.0616,0.048209
large_gas_field,oilman,9,39,82102049.98,2778549.1844,13406.7267,1750.0,2404151.4383,34.1501,2200979.2576,2756689.0944,37.7315,0.045142
large_gas_field,oilman,9,40,103660438.56,4049735.4176,13159.9067,1750.0,3510298.1945,29.5304,3218298.474,4028245.5576,19.4896,0.030402
large_gas_field,oilman,9,41,114045591.51,4454708.955,13554.702,1750.0,3862281.7001,29.528,3541685.111,4432626.902,29.5047,0.028467
large_gas_field,oilman,9,42,125676962.82,4900179.8592,13961.346,1750.0,4249487.6065,29.5746,3897451.8683,4877487.8402,30.0392,0.026656
large_gas_field,oilman,9,43,138704098.68,5390197.8145,14380.184,1750.0,4675438.8386,29.6665,4288837.9756,5366877.5385,30.5836,0.024959
large_gas_field,oilman,9,44,153294490.85,5929217.6222,14811.5893,1750.0,5144010.7486,29.8006,4719406.7137,5905250.2382,31.138,0.023371
large_gas_field,oilman,9,45,169635730.08,6522139.3669,15255.94,1750.0,5659466.0814,29.9738,5193077.5836,6497505.4569,31.7025,0.021884
large_gas_field,oilman,9,46,187937918.01,7174353.2993,15713.6187,1750.0,6226494.0221,30.1836,5714162.2114,7149032.8713,32.2774,0.020491
large_gas_field,oilman,9,47,208436368.49,7891788.6467,16185.0267,1750.0,6850252.6494,30.4275,6287403.3773,7865761.1067,32.8628,0.019187
large_gas_field,oilman,9,48,231394633.03,8680967.4895,16670.5747,1750.0,7536415.8159,30.7035,6918018.1296,8654211.6275,33.4589,0.017966
large_gas_field,oilman,9,49,257107889.32,9549064.269,17170.692,1750.0,8291224.912,31.0096,7611745.3772,9521558.231,34.0659,0.016823
large_gas_field,oilman,9,50,333723972.48,14600519.2388,16624.664,1750.0,12686465.7801,26.3055,11653728.395,14573832.2428,17.4316,0.010653
offshore_platform_v2,oilman,10,1,5545980.6,77567.586,7339.6,3850.0,57748.8478,96.0362,47194.6688,62802.986,,1.0
offshore_platform_v2,oilman,10,2,5820980.6,85324.3446,7559.788,3850.0,64305.6642,90.5205,53069.7937,70232.3066,41.9411,0.936364
offshore_platform_v2,oilman,10,3,6128980.6,93856.7791,7786.5816,3850.0,71531.5718,85.6822,59555.5508,78427.4799,42.6244,0.876777
offshore_platform_v2,oilman,10,4,6473940.6,103242.457,8020.1791,3850.0,79493.8818,81.4395,66713.6969,87465.7789,43.3241,0.820982
offshore_platform_v2,oilman,10,5,6860295.8,113566.7027,8260.7859,3850.0,88266.6476,77.7224,74612.1833,97432.2221,44.0403,0.768738
offshore_platform_v2,oilman,10,6,7293013.62,124923.3729,8508.6075,3850.0,97931.346,74.4707,83325.7872,108420.3609,44.773,0.719818
offshore_platform_v2,oilman,10,7,7777657.58,137415.7102,8763.8641,3850.0,108577.6062,71.6322,92936.7721,120533.1103,45.5225,0.674011
offshore_platform_v2,oilman,10,8,8320458.82,151157.2735,9026.7832,3850.0,120304.0265,69.1619,103535.644,133883.6907,46.2887,0.63112
offshore_platform_v2,oilman,10,9,8928396.21,166273.0241,9297.5851,3850.0,133219.1319,67.0204,115222.0416,148596.7363,47.0718,0.590958
offshore_platform_v2,oilman,10,10,9729310.67,206677.3591,9480.7448,3850.0,168211.5544,57.8397,147270.7701,188728.6974,22.8882,0.484794
offshore_platform_v2,oilman,10,11,10491907.33,227345.0873,9765.169,3850.0,185945.0289,56.4248,163378.3163,208973.463,43.0032,0.453944
offshore_platform_v2,oilman,10,12,11346015.59,250079.6038,10058.1291,3850.0,205469.1829,55.22,181126.4893,231272.3232,43.7462,0.425057
offshore_platform_v2,oilman,10,13,12302616.84,275087.5486,10359.8674,3850.0,226963.5826,54.2052,200680.2378,255831.558,44.5047,0.398007
offshore_platform_v2,oilman,10,14,13374010.24,302596.2724,10670.6628,3850.0,250625.7804,53.3625,222221.0238,282878.1031,45.2787,0.37268
offshore_platform_v2,oilman,10,15,14573970.85,332855.9307,10990.7868,3850.0,276673.1752,52.6758,245948.5644,312661.7101,46.0684,0.348964
offshore_platform_v2,oilman,10,16,15917926.73,366141.5005,11320.511,3850.0,305344.7609,52.131,272082.434,345456.9525,46.8741,0.326757
offshore_platform_v2,oilman,10,17,17423157.31,402755.6506,11660.1216,3850.0,336903.6102,51.7156,300864.3381,381566.0731,47.696,0.305963
offshore_platform_v2,oilman,10,18,19109015.56,443031.2234,12009.9269,3850.0,371639.0279,51.4182,332560.0883,421321.456,48.5343,0.286493
offshore_platform_v2,oilman,10,19,20997176.8,487334.4155,12370.2279,3850.0,409869.3432,51.229,367462.1906,465088.8505,49.3891,0.268262
offshore_platform_v2,oilman,10,20,23712929.94,640601.062,12461.0261,3850.0,543132.3312,43.6596,489939.3104,618220.4724,20.3789,0.205577
offshore_platform_v2,oilman,10,21,26081439.4,704661.1837,12834.8539,3850.0,598539.4069,43.5751,540626.666,681724.6808,42.7474,0.192495
offshore_platform_v2,oilman,10,22,28734170.0,775127.302,13219.8967,3850.0,659509.9426,43.569,596421.9966,751618.2083,43.5084,0.180245
offshore_platform_v2,oilman,10,23,31705228.27,852639.9702,13616.4993,3850.0,726600.9197,43.635,657837.2272,828541.0951,44.284,0.168775
offshore_platform_v2,oilman,10,24,35032813.54,937903.9672,14024.9921,3850.0,800425.2083,43.7678,725435.6856,913197.6292,45.0744,0.158035
offshore_platform_v2,oilman,10,25,38759709.04,1031694.426,14445.742,3850.0,881656.8551,43.9624,799836.9278,1006362.3976,45.8798,0.147978
offshore_platform_v2,oilman,10,26,42933832.0,1134863.8143,14879.116,3850.0,971037.1875,44.2144,881722.3774,1108887.3224,46.7007,0.138561
offshore_platform_v2,oilman,10,27,47608849.71,1248350.2345,15325.4885,3850.0,1069382.029,44.52,971841.9549,1221709.9494,47.537,0.129744
offshore_platform_v2,oilman,10,28,52844869.55,1373185.2579,15785.2484,3850.0,1177588.5083,44.8755,1071020.3338,1345861.2714,48.3892,0.121487
offshore_platform_v2,oilman,10,29,58709211.77,1510503.776,16258.8067,3850.0,1296643.6233,45.2778,1180164.8107,1482475.5685,49.2574,0.113756
offshore_platform_v2,oilman,10,30,71638896.25,2093558.2215,16160.4414,3850.0,1803986.5688,39.7114,1646755.9152,2065676.2915,25.4851,0.081579
offshore_platform_v2,oilman,10,31,78995127.13,2302913.9894,16645.2587,3850.0,1985704.2958,39.7819,1813513.3035,2274311.0955,40.4816,0.076387
offshore_platform_v2,oilman,10,32,87234105.71,2533205.4039,17144.6157,3850.0,2185623.3857,39.9127,1996997.3996,2503859.9242,41.2116,0.071526
offshore_platform_v2,oilman,10,33,96461761.72,2786525.9365,17658.9528,3850.0,2405564.7758,40.0994,2198882.32,2756415.5944,41.9551,0.066975
offshore_platform_v2,oilman,10,34,106796736.45,3065178.5689,18188.7178,3850.0,2647531.6705,40.3382,2421009.7784,3034280.422,42.7124,0.062713
offshore_platform_v2,oilman,10,35,118371908.15,3371696.4258,18734.3804,3850.0,2913727.4795,40.6256,2665405.5701,3339986.8329,43.4837,0.058722
offshore_platform_v2,oilman,10,36,131336100.46,3708866.0451,19296.4176,3850.0,3206576.076,40.9584,2934298.2097,3676320.6558,44.2693,0.054985
offshore_platform_v2,oilman,10,37,145855995.84,4079752.6651,19875.3065,3850.0,3528743.802,41.3337,3230139.1723,4046346.4195,45.0694,0.051486
offshore_platform_v2,oilman,10,38,162118278.67,4487727.9162,20471.5683,3850.0,3883163.5226,41.749,3555624.9805,4453434.9793,45.8842,0.048209
offshore_platform_v2,oilman,10,39,180332035.44,4936500.7698,21085.7167,3850.0,4273061.5963,42.2021,3913722.0409,4901294.5429,46.7141,0.045142
offshore_platform_v2,oilman,10,40,227485861.78,7194949.8387,20697.5252,3850.0,6238250.0127,36.4663,5721063.5831,7160320.885,23.9946,0.030402
offshore_platform_v2,oilman,10,41,250333198.27,7914444.8148,21318.448,3850.0,6863670.4391,36.4722,6295728.1798,7878892.4968,36.5312,0.028467
offshore_platform_v2,oilman,10,42,275922215.14,8705889.3118,21958.0061,3850.0,7551670.7359,36.5379,6927924.4403,8669385.9174,37.1933,0.026656
offshore_platform_v2,oilman,10,43,304581914.04,9576478.1886,22616.7425,3850.0,8308509.9581,36.659,7623407.4371,9538995.198,37.8676,0.024959
offshore_platform_v2,oilman,10,44,336680776.8,10534126.054,23295.2445,3850.0,9141073.3043,36.8316,8388507.9765,10495634.0741,38.5543,0.023371
offshore_platform_v2,oilman,10,45,372631503.1,11587538.6284,23994.1065,3850.0,10056934.234,37.0522,9230189.7429,11548007.3821,39.2535,0.021884
offshore_platform_v2,oilman,10,46,412896316.55,12746292.4835,24713.9305,3850.0,11064423.8411,37.3175,10156113.0911,12705690.7987,39.9655,0.020491
offshore_platform_v2,oilman,10,47,457992907.61,14020921.7629,25455.3475,3850.0,12172706.2814,37.6246,11174704.389,13979217.5289,40.6905,0.019187
offshore_platform_v2,oilman,10,48,508501089.6,15423013.9004,26219.0035,3850.0,13391862.0603,37.9709,12295232.615,15380174.0459,41.4288,0.017966
offshore_platform_v2,oilman,10,49,565070253.43,16965315.3447,27005.5738,3850.0,14732980.0007,38.3541,13527893.9151,16921305.7944,42.1806,0.016823
offshore_platform_v2,oilman,10,50,733299907.18,25939967.1114,26146.7965,3850.0,22541674.1739,32.5309,20708903.4943,25897234.6348,21.5439,0.010653
pig_iron_shop,metallurgist,1,1,13000.0,7092.63,2860.0,9.1,3674.4711,3.5379,1375.004,3733.53,,1.0
pig_iron_shop,metallurgist,1,2,13650.0,7801.893,2945.8,9.1,4216.8839,3.237,1813.7144,4342.293,1.1983,0.936364
pig_iron_shop,metallurgist,1,3,14378.0,8582.0823,3034.174,9.1,4818.7632,2.9838,2305.3048,5018.9673,1.2095,0.876777
pig_iron_shop,metallurgist,1,4,15193.36,9440.2905,3125.1992,9.1,5486.2124,2.7694,2855.3336,5770.5551,1.2216,0.820982
pig_iron_shop,metallurgist,1,5,16106.56,10384.3196,3218.9557,9.1,6225.9495,2.587,3469.9221,6604.7644,1.2345,0.768738
pig_iron_shop,metallurgist,1,6,17129.35,11422.7515,3315.5236,9.1,7045.3713,2.4313,4155.8158,7530.0836,1.2482,0.719818
pig_iron_shop,metallurgist,1,7,18274.87,12565.0267,3414.9887,9.1,7952.616,2.298,4920.4383,8555.8525,1.2626,0.674011
pig_iron_shop,metallurgist,1,8,19557.85,13821.5287,3517.4396,9.1,8956.6404,2.1836,5771.9635,9692.3508,1.2778,0.63112
pig_iron_shop,metallurgist,1,9,20994.79,15203.6836,3622.9622,9.1,10067.3107,2.0854,6719.4036,10950.9041,1.2938,0.590958
pig_iron_shop,metallurgist,1,10,26029.48,18898.1779,3694.3335,9.1,13219.4276,1.969,9567.9421,14561.7991,1.5972,0.484794
pig_iron_shop,metallurgist,1,11,27831.98,20787.995,3805.1642,9.1,14767.1457,1.8847,10913.5496,16321.797,1.1646,0.453944
pig_iron_shop,metallurgist,1,12,29850.78,22866.7952,3919.3211,9.1,16476.3854,1.8117,12405.3544,18266.882,1.1811,0.425057
pig_iron_shop,metallurgist,1,13,32111.84,25153.4733,4036.8986,9.1,18363.503,1.7487,14058.3307,20415.8382,1.1982,0.398007
pig_iron_shop,metallurgist,1,14,34644.22,27668.8177,4158.0053,9.1,20446.4898,1.6944,15888.9463,22789.3269,1.2157,0.37268
pig_iron_shop,metallurgist,1,15,37480.49,30435.7024,4282.747,9.1,22745.1541,1.6478,17915.3413,25410.098,1.2339,0.348964
pig_iron_shop,metallurgist,1,16,40657.11,33479.2705,4411.2297,9.1,25281.2785,1.6082,20157.4719,28303.1707,1.2525,0.326757
pig_iron_shop,metallurgist,1,17,44214.93,36827.1975,4543.5647,9.1,28078.8435,1.5747,22637.3109,31496.0899,1.2718,0.305963
pig_iron_shop,metallurgist,1,18,48199.69,40509.918,4679.8723,9.1,31164.2227,1.5466,25379.0259,35019.1493,1.2915,0.286493
pig_iron_shop,metallurgist,1,19,52662.62,44560.9161,4820.2697,9.1,34566.4454,1.5235,28409.2283,38905.696,1.3118,0.268262
pig_iron_shop,metallurgist,1,20,68280.32,58575.3218,4855.6508,9.1,46728.1968,1.4612,39567.6812,52878.6588,1.2842,0.205577
pig_iron_shop,metallurgist,1,21,73878.62,64432.8554,5001.3192,9.1,51697.5195,1.4291,44035.2055,58565.5668,1.1266,0.192495
pig_iron_shop,metallurgist,1,22,80148.71,70876.1409,5151.3576,9.1,57172.6445,1.4019,48964.7763,64833.108,1.1452,0.180245
pig_iron_shop,metallurgist,1,23,87171.21,77963.7493,5305.9006,9.1,63204.4114,1.3792,54403.0486,71739.6958,1.1643,0.168775
pig_iron_shop,metallurgist,1,24,95036.41,85760.1243,5465.0768,9.1,69848.7743,1.3606,60401.3843,79349.6232,1.1837,0.158035
pig_iron_shop,metallurgist,1,25,103845.44,94336.1424,5629.0291,9.1,77167.2715,1.3457,67016.2702,87733.5992,1.2037,0.147978
pig_iron_shop,metallurgist,1,26,113711.55,103769.7516,5797.9007,9.1,85227.5933,1.3342,74309.8503,96969.4043,1.224,0.138561
pig_iron_shop,metallurgist,1,27,124761.59,114146.7304,5971.8373,9.1,94104.24,1.3258,82350.5283,107142.6461,1.2448,0.129744
pig_iron_shop,metallurgist,1,28,137137.64,125561.4034,6150.9906,9.1,103879.1422,1.3202,91213.5369,118347.4718,1.2661,0.121487
pig_iron_shop,metallurgist,1,29,150998.81,138117.543,6335.5206,9.1,114642.4425,1.3171,100981.6535,130687.4661,1.2878,0.113756
pig_iron_shop,metallurgist,1,30,209818.71,191430.9135,6297.1909,9.1,161058.4217,1.3027,143689.8445,184045.7333,1.2672,0.081579
pig_iron_shop,metallurgist,1,31,227206.16,210573.9999,6486.1082,9.1,177548.5488,1.2797,158720.9376,202967.5354,1.0544,0.076387
pig_iron_shop,metallurgist,1,32,246680.11,231631.4013,6680.6912,9.1,195699.2009,1.2605,175274.9843,223797.0162,1.0729,0.071526
pig_iron_shop,metallurgist,1,33,268490.93,254794.5408,6881.1114,9.1,215676.7666,1.2449,193504.8655,246725.3977,1.0918,0.066975
pig_iron_shop,metallurgist,1,34,292919.05,280273.9984,7087.5433,9.1,237664.2989,1.2325,213578.7837,271963.0557,1.111,0.062713
pig_iron_shop,metallurgist,1,35,320278.55,308301.3982,7300.17,9.1,261863.1515,1.2231,235681.7635,299741.3998,1.1306,0.058722
pig_iron_shop,metallurgist,1,36,350921.19,339131.5359,7519.1774,9.1,288494.8349,1.2164,260017.3627,330315.0079,1.1506,0.054985
pig_iron_shop,metallurgist,1,37,385240.94,373044.6909,7744.7513,9.1,317803.0305,1.2122,286809.5258,363963.9417,1.171,0.051486
pig_iron_shop,metallurgist,1,38,423679.06,410349.1586,7977.0948,9.1,350055.7785,1.2103,316304.5846,400996.2587,1.1918,0.048209
pig_iron_shop,metallurgist,1,39,466729.76,451384.0801,8216.4082,9.1,385547.9576,1.2106,348773.5518,441750.8656,1.213,0.045142
pig_iron_shop,metallurgist,1,40,622213.16,657892.2937,8065.1428,9.1,565341.7043,1.1006,514207.0208,648436.2607,0.8648,0.030402
pig_iron_shop,metallurgist,1,41,676215.96,723681.5224,8307.0959,9.1,622367.834,1.0865,566475.474,713942.0828,0.947,0.028467
pig_iron_shop,metallurgist,1,42,736699.09,796049.6761,8556.3106,9.1,685111.3109,1.0753,623996.1749,786018.3241,0.964,0.026656
pig_iron_shop,metallurgist,1,43,804440.2,875654.6387,8812.9985,9.1,754144.31,1.0667,687295.1133,865322.6209,0.9813,0.024959
pig_iron_shop,metallurgist,1,44,880310.24,963220.1068,9077.3883,9.1,830096.2481,1.0605,756950.903,952578.4016,0.9989,0.023371
pig_iron_shop,metallurgist,1,45,965284.68,1059542.1147,9349.7118,9.1,913659.4735,1.0565,833600.0241,1048581.4292,1.0169,0.021884
pig_iron_shop,metallurgist,1,46,1060456.06,1165496.3255,9630.2034,9.1,1005595.6092,1.0546,917942.6552,1154207.0921,1.0352,0.020491
pig_iron_shop,metallurgist,1,47,1167048.0,1282045.9608,9919.1092,9.1,1106742.4439,1.0545,1010749.0049,1270418.3238,1.0538,0.019187
pig_iron_shop,metallurgist,1,48,1286430.98,1410250.5534,10216.6808,9.1,1218021.5522,1.0562,1112866.3216,1398274.3623,1.0728,0.017966
pig_iron_shop,metallurgist,1,49,1420139.91,1551275.6137,10523.1812,9.1,1340446.6992,1.0595,1225226.6191,1538940.4098,1.0922,0.016823
pig_iron_shop,metallurgist,1,50,1879998.42,2371900.4087,10188.5441,9.1,2054681.4052,0.915,1882228.4108,2359957.1749,0.6438,0.010653
steel_plant_v2,metallurgist,2,1,37493.55,11630.196,4265.0,25.2,6385.7965,5.8714,2881.4568,6469.996,,1.0
steel_plant_v2,metallurgist,2,2,39293.55,12793.2156,4392.95,25.2,7286.3071,5.3928,3619.9475,7478.9656,1.9989,0.936364
steel_plant_v2,metallurgist,2,3,41309.55,14072.5372,4524.7385,25.2,8284.6608,4.9863,4445.722,8599.6157,2.0193,0.876777
steel_plant_v2,metallurgist,2,4,43567.47,15479.7909,4660.4807,25.2,9390.8759,4.6393,5367.9117,9843.4377,2.0411,0.820982
steel_plant_v2,metallurgist,2,5,46096.34,17027.77,4800.2959,25.2,10615.9784,4.3422,6396.5721,11223.0812,2.0642,0.768738
steel_plant_v2,metallurgist,2,6,48928.67,18730.547,4944.3036,25.2,11972.1077,4.0869,7542.7822,12752.475,2.0885,0.719818
steel_plant_v2,metallurgist,2,7,52100.89,20603.6017,5092.6318,25.2,13472.6198,3.8672,8818.7337,14446.9446,2.1141,0.674011
steel_plant_v2,metallurgist,2,8,55653.77,22663.9607,5245.4126,25.2,15132.2128,3.6778,10237.8496,16323.3577,2.1408,0.63112
steel_plant_v2,metallurgist,2,9,59633.0,24930.3602,5402.774,25.2,16967.076,3.5146,11814.9271,18400.2963,2.1687,0.590958
steel_plant_v2,metallurgist,2,10,68873.68,30988.4363,5509.2071,25.2,22145.0054,3.1101,16501.7383,24330.2284,1.7846,0.484794
steel_plant_v2,metallurgist,2,11,73865.22,34087.2787,5674.4844,25.2,24697.2071,2.9908,18732.8964,27230.0793,1.9558,0.453944
steel_plant_v2,metallurgist,2,12,79455.75,37496.0078,5844.7219,25.2,27514.6947,2.8878,21204.5234,30433.8448,1.9842,0.425057
steel_plant_v2,metallurgist,2,13,85717.14,41245.6062,6020.0603,25.2,30624.301,2.799,23941.1945,33972.3383,2.0136,0.398007
steel_plant_v2,metallurgist,2,14,92729.9,45370.1622,6200.6617,25.2,34055.5414,2.7229,26969.9372,37879.4527,2.0438,0.37268
steel_plant_v2,metallurgist,2,15,100584.19,49907.1831,6386.684,25.2,37840.9102,2.6581,30320.5205,42192.5054,2.0749,0.348964
steel_plant_v2,metallurgist,2,16,109380.99,54897.8979,6578.2848,25.2,42016.1394,2.6033,34025.6911,46952.5355,2.1069,0.326757
steel_plant_v2,metallurgist,2,17,119233.41,60387.6877,6775.6306,25.2,46620.5656,2.5575,38121.5042,52204.7237,2.1398,0.305963
steel_plant_v2,metallurgist,2,18,130268.12,66426.4576,6978.9005,25.2,51697.4506,2.5198,42647.6153,57998.7595,2.1735,0.286493
steel_plant_v2,metallurgist,2,19,142626.99,73069.1138,7188.2694,25.2,57294.4107,2.4894,47647.687,64389.3386,2.2081,0.268262
steel_plant_v2,metallurgist,2,20,168684.41,96049.346,7241.0317,25.2,77241.3095,2.1839,65952.7293,87306.0457,1.3063,0.205577
steel_plant_v2,metallurgist,2,21,184187.38,105654.283,7458.2609,25.2,85408.6152,2.1565,73310.8349,96649.4417,1.8982,0.192495
steel_plant_v2,metallurgist,2,22,201550.71,116219.7113,7682.0071,25.2,94405.8786,2.1349,81427.5583,106945.4828,1.9298,0.180245
steel_plant_v2,metallurgist,2,23,220997.64,127841.6731,7912.4707,25.2,104316.4821,2.1185,90379.4325,118289.9697,1.9622,0.168775
steel_plant_v2,metallurgist,2,24,242778.2,140625.8404,8149.8435,25.2,115232.1933,2.1069,100250.7071,130788.3435,1.9953,0.158035
steel_plant_v2,metallurgist,2,25,267172.43,154688.4337,8394.3389,25.2,127253.9385,2.0995,111134.0387,144556.5678,2.0292,0.147978
steel_plant_v2,metallurgist,2,26,294493.96,170157.269,8646.1701,25.2,140492.732,2.0962,123131.3601,159722.2018,2.0637,0.138561
steel_plant_v2,metallurgist,2,27,325094.08,187173.0017,8905.5546,25.2,155070.755,2.0964,136354.8695,176425.6392,2.0991,0.129744
steel_plant_v2,metallurgist,2,28,359366.21,205890.3018,9172.7184,25.2,171122.3736,2.1001,150927.9638,194821.2779,2.1351,0.121487
steel_plant_v2,metallurgist,2,29,397751.0,226479.3309,9447.9005,25.2,188795.4204,2.1068,166986.4139,215078.9916,2.1719,0.113756
steel_plant_v2,metallurgist,2,30,518691.47,313900.3508,9390.741,25.2,264901.4365,1.9581,237008.9692,302568.8307,1.5891,0.081579
steel_plant_v2,metallurgist,2,31,566841.34,345290.3777,9672.4655,25.2,291965.6596,1.9415,261698.4038,333619.6653,1.7791,0.076387
steel_plant_v2,metallurgist,2,32,620769.2,379819.4178,9962.6391,25.2,321753.4735,1.9293,288886.3756,367799.3405,1.8104,0.071526
steel_plant_v2,metallurgist,2,33,681168.4,417801.3584,10261.5175,25.2,354537.7376,1.9213,318823.6105,405421.4357,1.8423,0.066975
steel_plant_v2,metallurgist,2,34,748815.51,459581.5001,10569.3609,25.2,390618.6371,1.917,351785.9587,446830.9382,1.8749,0.062713
steel_plant_v2,metallurgist,2,35,824580.27,505539.6501,10886.4424,25.2,430326.3667,1.9162,388076.8565,492407.3266,1.9081,0.058722
steel_plant_v2,metallurgist,2,36,909436.8,556093.6116,11213.039,25.2,474024.1742,1.9185,428030.1308,542568.0704,1.9419,0.054985
steel_plant_v2,metallurgist,2,37,1004476.12,611702.9751,11549.4281,25.2,522111.6619,1.9239,472013.038,597772.4262,1.9764,0.051486
steel_plant_v2,metallurgist,2,38,1110920.15,672873.2703,11895.9124,25.2,575028.3773,1.9319,520429.5476,658525.5591,2.0115,0.048209
steel_plant_v2,metallurgist,2,39,1230137.47,740160.6066,12252.7905,25.2,633257.876,1.9426,573724.0995,725383.2192,2.0474,0.045142
steel_plant_v2,metallurgist,2,40,1588735.98,1078784.0791,12027.2147,25.2,928056.5481,1.7119,844961.2413,1064278.2818,1.2164,0.030402
steel_plant_v2,metallurgist,2,41,1738282.18,1186662.4859,12388.0294,25.2,1021596.8531,1.7015,930722.7446,1171722.2727,1.5987,0.028467
steel_plant_v2,metallurgist,2,42,1905773.93,1305328.7368,12759.673,25.2,1124513.1615,1.6948,1025098.2799,1289941.07,1.6275,0.026656
steel_plant_v2,metallurgist,2,43,2093364.69,1435861.6023,13142.461,25.2,1237743.7289,1.6913,1128950.3903,1420013.0642,1.6567,0.024959
steel_plant_v2,metallurgist,2,44,2303466.34,1579447.7696,13536.7347,25.2,1362320.6763,1.6908,1243227.9136,1563124.5314,1.6865,0.023371
steel_plant_v2,metallurgist,2,45,2538780.18,1737392.5419,13942.8395,25.2,1499379.3171,1.6932,1368974.5743,1720580.3593,1.7169,0.021884
steel_plant_v2,metallurgist,2,46,2802331.69,1911131.7949,14361.1251,25.2,1650168.5587,1.6982,1507338.5483,1893816.0023,1.7478,0.020491
steel_plant_v2,metallurgist,2,47,3097509.38,2102244.979,14791.9583,25.2,1816062.204,1.7056,1659582.8458,2084410.4693,1.7793,0.019187
steel_plant_v2,metallurgist,2,48,3428108.39,2312469.4711,15235.7145,25.2,1998571.4443,1.7153,1827096.8051,2294100.6852,1.8114,0.017966
steel_plant_v2,metallurgist,2,49,3798379.28,2543716.4264,15692.786,25.2,2199358.6431,1.727,2011408.7621,2524797.3328,1.8441,0.016823
steel_plant_v2,metallurgist,2,50,4979254.58,3889342.4083,15193.7554,25.2,3370487.404,1.4773,3088658.0935,3871024.1405,1.0083,0.010653
copper_smelter_v2,metallurgist,3,1,84509.2,13663.23,4306.6667,57.4,8090.2721,10.4458,4413.184,8225.83,,1.0
copper_smelter_v2,metallurgist,3,2,88609.2,15029.553,4435.8667,57.4,9166.5691,9.6666,5312.4424,9430.753,3.8094,0.936364
copper_smelter_v2,metallurgist,3,3,93201.2,16532.5083,4568.9427,57.4,10358.3641,8.9977,6315.1926,10767.4663,3.853,0.876777
copper_smelter_v2,metallurgist,3,4,98344.24,18185.7591,4706.0109,57.4,11677.4429,8.4217,7432.1909,12249.4879,3.899,0.820982
copper_smelter_v2,metallurgist,3,5,104104.44,20004.335,4847.1921,57.4,13136.7764,7.9247,8675.2799,13891.6966,3.9471,0.768738
copper_smelter_v2,metallurgist,3,6,110555.87,22004.7685,4992.6067,57.4,14750.6428,7.495,10057.5048,15710.4744,3.9975,0.719818
copper_smelter_v2,metallurgist,3,7,117781.47,24205.2454,5142.3839,57.4,16534.7515,7.1233,11593.2204,17723.8456,4.05,0.674011
copper_smelter_v2,metallurgist,3,8,125874.14,26625.7686,5296.6574,57.4,18506.3888,6.8017,13298.2288,19951.6465,4.1045,0.63112
copper_smelter_v2,metallurgist,3,9,134937.93,29288.3495,5455.5561,57.4,20684.5923,6.5236,15189.9454,22415.7269,4.1611,0.590958
copper_smelter_v2,metallurgist,3,10,152750.58,36405.4167,5563.029,57.4,26782.9393,5.7033,20722.3899,29398.5362,2.9209,0.484794
copper_smelter_v2,metallurgist,3,11,164120.2,40045.957,5729.9209,57.4,29805.0134,5.5065,23384.4842,32830.5908,3.7622,0.453944
copper_smelter_v2,metallurgist,3,12,176854.18,44050.5541,5901.8215,57.4,33139.4593,5.3367,26330.311,36620.4452,3.8189,0.425057
copper_smelter_v2,metallurgist,3,13,191116.23,48455.6068,6078.8729,57.4,36817.8205,5.1909,29588.7761,40804.3206,3.8773,0.398007
copper_smelter_v2,metallurgist,3,14,207089.73,53301.162,6261.2387,57.4,40874.7953,5.0664,33191.6715,45422.0598,3.9373,0.37268
copper_smelter_v2,metallurgist,3,15,224980.05,58631.2837,6449.0783,57.4,45348.5807,4.9611,37174.0095,50517.5273,3.9989,0.348964
copper_smelter_v2,metallurgist,3,16,245017.21,64494.4079,6642.551,57.4,50281.1775,4.8729,41574.2999,56138.9605,4.0622,0.326757
copper_smelter_v2,metallurgist,3,17,267458.83,70943.8487,6841.8248,57.4,55718.8229,4.8002,46434.9418,62339.4633,4.1271,0.305963
copper_smelter_v2,metallurgist,3,18,292593.44,78038.235,7047.0805,57.4,61712.3664,4.7412,51802.5672,69177.4387,4.1936,0.286493
copper_smelter_v2,metallurgist,3,19,320744.21,85842.0708,7258.4948,57.4,68317.7731,4.6949,57728.5145,76717.1703,4.2618,0.268262
copper_smelter_v2,metallurgist,3,20,378427.28,112839.3972,7311.7725,57.4,91759.0955,4.1241,79246.459,103647.9408,2.4607,0.205577
copper_smelter_v2,metallurgist,3,21,413739.6,124123.3397,7531.124,57.4,101385.2896,4.0809,87944.5858,114657.8637,3.6684,0.192495
copper_smelter_v2,metallurgist,3,22,453289.4,136535.6736,7757.056,57.4,111987.4593,4.0477,97535.5549,126787.9575,3.7303,0.180245
copper_smelter_v2,metallurgist,3,23,497585.18,150189.2301,7989.7711,57.4,123663.5913,4.0237,108109.3275,140150.8003,3.7937,0.168775
copper_smelter_v2,metallurgist,3,24,547196.45,165208.1531,8229.4629,57.4,136521.5224,4.0081,119764.9281,154870.294,3.8584,0.158035
copper_smelter_v2,metallurgist,3,25,602761.07,181728.9793,8476.3469,57.4,150679.8522,4.0003,132611.2631,171082.7064,3.9245,0.147978
copper_smelter_v2,metallurgist,3,26,664993.45,199901.8677,8730.6383,57.4,166269.0315,3.9995,146768.1367,188937.9272,3.992,0.138561
copper_smelter_v2,metallurgist,3,27,734693.71,219892.0613,8992.5569,57.4,183432.6308,4.0053,162367.4137,208600.9254,4.0609,0.129744
copper_smelter_v2,metallurgist,3,28,812758.01,241881.2674,9262.3308,57.4,202328.5369,4.017,179554.1178,230253.1229,4.1313,0.121487
copper_smelter_v2,metallurgist,3,29,900190.02,266069.3928,9540.2012,57.4,223130.4587,4.0344,198487.8124,254094.1253,4.2031,0.113756
copper_smelter_v2,metallurgist,3,30,1146804.63,368772.1763,9482.4833,57.4,312532.0949,3.6694,280736.6161,356869.0116,2.7585,0.081579
copper_smelter_v2,metallurgist,3,31,1256479.34,405649.3844,9766.9601,57.4,344367.7711,3.6487,309811.6673,393390.8438,3.445,0.076387
copper_smelter_v2,metallurgist,3,32,1379315.02,446214.3255,10059.9685,57.4,379404.3526,3.6355,341824.1077,433589.7513,3.5059,0.071526
copper_smelter_v2,metallurgist,3,33,1516890.98,490835.7567,10361.7668,57.4,417962.4332,3.6293,377068.5552,477834.1682,3.568,0.066975
copper_smelter_v2,metallurgist,3,34,1670976.06,539919.3392,10672.6177,57.4,460394.7097,3.6294,415869.1449,526529.4277,3.6313,0.062713
copper_smelter_v2,metallurgist,3,35,1843551.35,593911.2731,10992.7968,57.4,507089.1364,3.6356,458582.4233,580121.3855,3.6958,0.058722
copper_smelter_v2,metallurgist,3,36,2036835.67,653302.3964,11322.5841,57.4,558472.4986,3.6472,505600.6409,639100.5298,3.7616,0.054985
copper_smelter_v2,metallurgist,3,37,2253314.11,718632.6387,11662.2595,57.4,615014.2919,3.6638,557355.3217,704006.4408,3.8286,0.051486
copper_smelter_v2,metallurgist,3,38,2495769.96,790495.8999,12012.1288,57.4,677230.9428,3.6853,614321.1267,775432.6361,3.897,0.048209
copper_smelter_v2,metallurgist,3,39,2767320.52,869545.5008,12372.4935,57.4,745690.5784,3.7111,677020.2604,854032.0602,3.9666,0.045142
copper_smelter_v2,metallurgist,3,40,3553777.85,1267362.5615,12144.7139,57.4,1091989.5895,3.2544,995615.5784,1252133.6691,2.271,0.030402
copper_smelter_v2,metallurgist,3,41,3894410.87,1394098.8163,12509.0536,57.4,1201933.1556,3.2401,1096458.0727,1378414.7813,3.0983,0.028467
copper_smelter_v2,metallurgist,3,42,4275919.85,1533508.7007,12884.3279,57.4,1322893.2663,3.2322,1207423.0687,1517355.8632,3.154,0.026656
copper_smelter_v2,metallurgist,3,43,4703209.91,1686859.5612,13270.8555,57.4,1455972.2359,3.2303,1329523.9657,1670223.8633,3.2108,0.024959
copper_smelter_v2,metallurgist,3,44,5181774.77,1855545.5255,13668.981,57.4,1602382.6557,3.2338,1463875.5489,1838412.4789,3.2687,0.023371
copper_smelter_v2,metallurgist,3,45,5717767.42,2041100.0726,14079.0532,57.4,1763458.3489,3.2424,1611704.0783,2023454.7532,3.3276,0.021884
copper_smelter_v2,metallurgist,3,46,6318079.18,2245210.0785,14501.4252,57.4,1940666.5903,3.2556,1774358.5249,2227037.1209,3.3876,0.020491
copper_smelter_v2,metallurgist,3,47,6990428.36,2469731.0918,14936.4675,57.4,2135621.3851,3.2733,1953322.7722,2451014.6682,3.4487,0.019187
copper_smelter_v2,metallurgist,3,48,7743459.44,2716704.1941,15384.5589,57.4,2350098.1446,3.295,2150229.1169,2697428.003,3.511,0.017966
copper_smelter_v2,metallurgist,3,49,8586854.25,2988374.6231,15846.0958,57.4,2586049.8808,3.3205,2366873.1548,2968521.8682,3.5744,0.016823
copper_smelter_v2,metallurgist,3,50,11212917.93,4569224.7898,15342.1899,57.4,3961827.9239,2.8302,3632309.147,4550001.5272,1.9088,0.010653
aluminum_plant_v2,metallurgist,4,1,157902.08,20406.837,6960.0,105.0,11607.3982,13.6036,5780.4696,11031.837,,1.0
aluminum_plant_v2,metallurgist,4,2,165402.08,22447.5207,7168.8,105.0,13201.137,12.5294,7099.8166,12794.4207,4.7059,0.936364
aluminum_plant_v2,metallurgist,4,3,173802.08,24692.2728,7383.864,105.0,14966.9656,11.6124,8573.0222,14752.7298,4.757,0.876777
aluminum_plant_v2,metallurgist,4,4,183210.08,27161.5,7605.3799,105.0,16922.4745,10.8264,10216.1302,16926.9208,4.811,0.820982
aluminum_plant_v2,metallurgist,4,5,193747.04,29877.6501,7833.5426,105.0,19087.0234,10.1507,12046.8061,19339.1816,4.868,0.768738
aluminum_plant_v2,metallurgist,4,6,205548.44,32865.4151,8068.547,105.0,21481.9252,9.5684,14084.5115,22013.9451,4.9277,0.719818
aluminum_plant_v2,metallurgist,4,7,218766.0,36151.9566,8310.6019,105.0,24130.6285,9.0659,16350.6624,24978.0945,4.9902,0.674011
aluminum_plant_v2,metallurgist,4,8,233569.67,39767.1502,8559.923,105.0,27058.9376,8.6319,18868.8356,28261.2182,5.0554,0.63112
aluminum_plant_v2,metallurgist,4,9,250149.78,43743.8713,8816.7192,105.0,30295.2723,8.2571,21665.0183,31895.9134,5.1231,0.590958
aluminum_plant_v2,metallurgist,4,10,279639.27,54373.6295,8990.406,105.0,39392.0544,7.0989,29908.2946,42294.3387,3.2417,0.484794
aluminum_plant_v2,metallurgist,4,11,300437.36,59810.9904,9260.1199,105.0,43887.9073,6.8456,33853.6124,47372.4686,4.6261,0.453944
aluminum_plant_v2,metallurgist,4,12,323731.22,65792.0914,9537.9283,105.0,48849.7719,6.6271,38221.7807,52983.5576,4.6946,0.425057
aluminum_plant_v2,metallurgist,4,13,349820.34,72371.2965,9824.0609,105.0,54324.745,6.4394,43055.9459,59181.6637,4.7652,0.398007
aluminum_plant_v2,metallurgist,4,14,379040.16,79608.418,10118.7821,105.0,60364.6332,6.2792,48403.5613,66026.247,4.8378,0.37268
aluminum_plant_v2,metallurgist,4,15,411766.36,87569.2679,10422.3494,105.0,67026.4691,6.1433,54316.8902,73582.7767,4.9125,0.348964
aluminum_plant_v2,metallurgist,4,16,448419.7,96326.1886,10735.0205,105.0,74372.9663,6.0293,60853.4202,81923.2519,4.9892,0.326757
aluminum_plant_v2,metallurgist,4,17,489471.44,105958.8075,11057.0666,105.0,82473.1645,5.9349,68076.446,91126.9386,5.068,0.305963
aluminum_plant_v2,metallurgist,4,18,535449.39,116554.6903,11388.7802,105.0,91402.9917,5.8581,76055.5819,101281.0131,5.1488,0.286493
aluminum_plant_v2,metallurgist,4,19,586944.7,128210.1777,11730.4466,105.0,101246.016,5.7972,84867.4722,112481.4362,5.2317,0.268262
aluminum_plant_v2,metallurgist,4,20,683399.73,168532.2714,11816.5488,105.0,136251.3286,5.0157,116995.9939,152688.8508,2.7554,0.205577
aluminum_plant_v2,metallurgist,4,21,747995.44,185385.5026,12171.0425,105.0,150605.2303,4.9666,129946.8384,169069.9331,4.5002,0.192495
aluminum_plant_v2,metallurgist,4,22,820342.64,203924.0528,12536.171,105.0,166416.1072,4.9295,144229.9857,187122.1699,4.5758,0.180245
aluminum_plant_v2,metallurgist,4,23,901371.5,224316.4418,12912.2616,105.0,183830.2868,4.9033,159979.761,207013.6451,4.653,0.168775
aluminum_plant_v2,metallurgist,4,24,992123.83,246748.086,13299.6274,105.0,203008.809,4.8871,177344.0278,228929.3582,4.732,0.158035
aluminum_plant_v2,metallurgist,4,25,1093766.43,271422.9109,13698.6163,105.0,224128.7863,4.8801,196485.4043,253072.7711,4.8126,0.147978
aluminum_plant_v2,metallurgist,4,26,1207606.15,298565.1877,14109.5765,105.0,247385.0318,4.8815,217582.7855,279667.6915,4.895,0.138561
aluminum_plant_v2,metallurgist,4,27,1335106.63,328421.7167,14532.8628,105.0,272991.9529,4.8906,240833.0792,308960.4468,4.9791,0.129744
aluminum_plant_v2,metallurgist,4,28,1477907.17,361263.8884,14968.8442,105.0,301185.3385,4.907,266452.8445,341221.9364,5.065,0.121487
aluminum_plant_v2,metallurgist,4,29,1637843.78,397390.2752,15417.9103,105.0,332224.6074,4.9299,294680.3546,376750.2136,5.1527,0.113756
aluminum_plant_v2,metallurgist,4,30,2045660.93,550782.9182,15324.6324,105.0,465757.3587,4.3921,417534.386,530267.0932,3.0541,0.081579
aluminum_plant_v2,metallurgist,4,31,2246285.41,605861.1958,15784.3752,105.0,513275.4839,4.3764,460907.3938,584733.0409,4.2221,0.076387
aluminum_plant_v2,metallurgist,4,32,2470984.83,666447.3194,16257.9058,105.0,565573.4399,4.369,508665.9969,644688.4708,4.2965,0.071526
aluminum_plant_v2,metallurgist,4,33,2722648.18,733092.0493,16745.6417,105.0,623130.0247,4.3693,561250.1769,710683.5869,4.3725,0.066975
aluminum_plant_v2,metallurgist,4,34,3004511.13,806401.2645,17248.0075,105.0,686471.9835,4.3767,619144.0003,783323.7027,4.4499,0.062713
aluminum_plant_v2,metallurgist,4,35,3320197.63,887041.3909,17765.4487,105.0,756178.7197,4.3908,682879.9396,863274.651,4.5288,0.058722
aluminum_plant_v2,metallurgist,4,36,3673766.51,975745.5239,18298.4177,105.0,832887.6324,4.4109,753043.7926,951268.9245,4.6092,0.054985
aluminum_plant_v2,metallurgist,4,37,4069763.66,1073320.0803,18847.3668,105.0,917299.9108,4.4367,830280.0141,1048112.3375,4.6912,0.051486
aluminum_plant_v2,metallurgist,4,38,4513280.46,1180652.0843,19412.7902,105.0,1010186.8358,4.4678,915297.4821,1154691.2559,4.7748,0.048209
aluminum_plant_v2,metallurgist,4,39,5010019.28,1298717.3091,19995.1752,105.0,1112396.9065,4.5038,1008876.0844,1271980.8042,4.86,0.045142
aluminum_plant_v2,metallurgist,4,40,6392612.58,1892880.4692,19627.0608,105.0,1629639.1153,3.9227,1484758.7841,1866634.2546,2.673,0.030402
aluminum_plant_v2,metallurgist,4,41,7015721.76,2082168.5141,20215.8698,105.0,1793807.4505,3.9111,1635306.0065,2055138.0667,3.7956,0.028467
aluminum_plant_v2,metallurgist,4,42,7713604.04,2290385.3695,20822.3503,105.0,1974428.4767,3.9068,1800969.7702,2262547.153,3.8638,0.026656
aluminum_plant_v2,metallurgist,4,43,8495232.19,2519423.8922,21447.0173,105.0,2173148.5312,3.9092,1983263.5878,2490753.6839,3.9333,0.024959
aluminum_plant_v2,metallurgist,4,44,9370655.72,2771366.2937,22090.4275,105.0,2391778.6536,3.9179,2183852.3937,2741839.1294,4.0041,0.023371
aluminum_plant_v2,metallurgist,4,45,10351130.07,3048502.9149,22753.1448,105.0,2632310.95,3.9323,2404567.6147,3018093.0798,4.0763,0.021884
aluminum_plant_v2,metallurgist,4,46,11449261.35,3353353.2043,23435.7398,105.0,2896936.8441,3.9522,2647423.9537,3322034.2232,4.1497,0.020491
aluminum_plant_v2,metallurgist,4,47,12679168.38,3688688.5329,24138.8112,105.0,3188066.9079,3.9771,2914637.6095,3656433.1335,4.2246,0.019187
aluminum_plant_v2,metallurgist,4,48,14056664.25,4057557.376,24862.9714,105.0,3508352.782,4.0066,3208646.4438,4024337.4702,4.3008,0.017966
aluminum_plant_v2,metallurgist,4,49,15599459.63,4463313.1279,25608.8606,105.0,3860711.3625,4.0406,3532132.2114,4429099.7747,4.3785,0.016823
aluminum_plant_v2,metallurgist,4,50,20342300.31,6824405.7592,24794.4989,105.0,5915570.4465,3.4388,5422227.8591,6791277.0517,2.3081,0.010653
rolling_mill_v2,metallurgist,5,1,270515.06,17792.712,4530.0,182.0,11380.2194,23.7706,7257.1696,12255.712,,1.0
rolling_mill_v2,metallurgist,5,2,283515.06,19571.9832,4665.9,182.0,12809.9524,22.1324,8476.7366,13874.3332,9.0926,0.936364
rolling_mill_v2,metallurgist,5,3,298075.06,21529.1815,4805.877,182.0,14390.9349,20.7127,9832.5297,15666.062,9.2095,0.876777
rolling_mill_v2,metallurgist,5,4,314382.26,23682.0997,4950.0533,182.0,16138.5403,19.4802,11338.5998,17648.5466,9.3312,0.820982
rolling_mill_v2,metallurgist,5,5,332646.32,26050.3096,5098.5558,182.0,18069.6859,18.4091,13010.4141,19841.2089,9.4576,0.768738
rolling_mill_v2,metallurgist,5,6,353102.07,28655.3406,5251.5112,182.0,20202.9916,17.4777,14865.0057,22265.4283,9.5888,0.719818
rolling_mill_v2,metallurgist,5,7,376012.51,31520.8747,5409.0556,182.0,22558.9426,16.668,16921.1164,24944.7262,9.7245,0.674011
rolling_mill_v2,metallurgist,5,8,401672.2,34672.9604,5571.3292,182.0,25160.0791,15.9647,19199.3745,27904.9851,9.8648,0.63112
rolling_mill_v2,metallurgist,5,9,430411.06,38140.2617,5738.4681,182.0,28031.2205,15.3547,21722.5072,31174.7084,10.0096,0.590958
rolling_mill_v2,metallurgist,5,10,477504.83,47408.3431,5851.5143,182.0,35996.1011,13.2655,28967.4031,40309.1557,5.9127,0.484794
rolling_mill_v2,metallurgist,5,11,513554.85,52149.1756,6027.0608,182.0,39967.8999,12.8492,32496.7493,44842.4713,9.0765,0.453944
rolling_mill_v2,metallurgist,5,12,553930.88,57364.0949,6207.8758,182.0,44347.5707,12.4907,36397.4623,49843.6458,9.219,0.425057
rolling_mill_v2,metallurgist,5,13,599152.03,63100.5009,6394.1086,182.0,49176.2213,12.1838,40707.2378,55359.9023,9.3652,0.398007
rolling_mill_v2,metallurgist,5,14,649799.72,69410.5438,6585.9314,182.0,54499.0728,11.9231,45467.5379,61443.1878,9.5151,0.37268
rolling_mill_v2,metallurgist,5,15,706525.13,76351.6053,6783.5119,182.0,60365.9013,11.704,50724.0164,68150.6856,9.6688,0.348964
rolling_mill_v2,metallurgist,5,16,770057.59,83986.7605,6987.0176,182.0,66831.4363,11.5224,56526.882,75545.2728,9.8263,0.326757
rolling_mill_v2,metallurgist,5,17,841213.94,92385.4366,7196.6253,182.0,73955.9258,11.3745,62931.4114,83696.1676,9.9876,0.305963
rolling_mill_v2,metallurgist,5,18,920909.06,101623.982,7412.5251,182.0,81805.6275,11.2573,69998.398,92679.4938,10.1526,0.286493
rolling_mill_v2,metallurgist,5,19,1010167.59,111786.3962,7634.9028,182.0,90453.4593,11.1678,77794.7628,102579.031,10.3215,0.268262
rolling_mill_v2,metallurgist,5,20,1165583.03,146943.2116,7690.9434,182.0,120991.1333,9.6336,105836.1542,137669.5997,5.0893,0.205577
rolling_mill_v2,metallurgist,5,21,1277548.93,161637.5363,7921.6699,182.0,133574.4638,9.5643,117245.5242,152091.1782,8.898,0.192495
rolling_mill_v2,metallurgist,5,22,1402950.74,177801.2899,8159.3182,182.0,147430.1754,9.516,129820.0546,167974.0032,9.0505,0.180245
rolling_mill_v2,metallurgist,5,23,1543400.77,195581.4047,8404.1013,182.0,162685.914,9.487,143676.9718,185464.7552,9.2064,0.168775
rolling_mill_v2,metallurgist,5,24,1700704.8,215139.5452,8656.223,182.0,179482.1503,9.4756,158945.3017,204724.8577,9.3654,0.158035
rolling_mill_v2,metallurgist,5,25,1876885.31,236653.5139,8915.9098,182.0,197973.3756,9.4805,175766.9465,225931.8458,9.5278,0.147978
rolling_mill_v2,metallurgist,5,26,2074207.49,260318.8529,9183.3881,182.0,218329.5143,9.5004,194298.0001,249280.9934,9.6935,0.138561
rolling_mill_v2,metallurgist,5,27,2295208.33,286350.747,9458.8892,182.0,240737.5764,9.5341,214710.2639,274987.2125,9.8626,0.129744
rolling_mill_v2,metallurgist,5,28,2542729.27,314985.8217,9742.6529,182.0,265403.2169,9.5806,237192.6781,303286.8447,10.0351,0.121487
rolling_mill_v2,metallurgist,5,29,2819952.72,346484.4021,10034.933,182.0,292552.6981,9.6391,261953.1222,334439.9151,10.211,0.113756
rolling_mill_v2,metallurgist,5,30,3498560.44,480227.3786,9974.2219,182.0,408961.9063,8.5547,369038.57,468254.6593,5.8295,0.081579
rolling_mill_v2,metallurgist,5,31,3846309.54,528250.104,10273.4511,182.0,450481.3481,8.5382,407007.9066,515923.6602,8.3756,0.076387
rolling_mill_v2,metallurgist,5,32,4235788.53,581075.118,10581.6542,182.0,496170.9735,8.537,448805.6131,568384.3414,8.5245,0.071526
rolling_mill_v2,metallurgist,5,33,4672005.0,639182.628,10899.103,182.0,546448.3268,8.5498,494815.4479,626116.5891,8.6762,0.066975
rolling_mill_v2,metallurgist,5,34,5160567.44,703100.8997,11226.0739,182.0,601772.7585,8.5756,545459.609,689648.3422,8.8309,0.062713
rolling_mill_v2,metallurgist,5,35,5707757.38,773410.9897,11562.8567,182.0,662649.5357,8.6135,601202.5067,759560.3147,8.9885,0.058722
rolling_mill_v2,metallurgist,5,36,6320610.11,850752.0833,11909.746,182.0,729634.4935,8.6627,662555.0477,836491.3439,9.1491,0.054985
rolling_mill_v2,metallurgist,5,37,7007005.16,935827.2952,12267.0361,182.0,803339.0854,8.7224,730079.2819,921144.1962,9.3128,0.051486
rolling_mill_v2,metallurgist,5,38,7775767.62,1029410.0212,12635.0488,182.0,884435.8859,8.7918,804393.4437,1014291.8873,9.4796,0.048209
rolling_mill_v2,metallurgist,5,39,8636781.58,1132351.0375,13014.1011,182.0,973664.7947,8.8704,886177.6784,1116784.8187,9.6495,0.045142
rolling_mill_v2,metallurgist,5,40,10983491.83,1650401.6295,12774.5094,182.0,1424577.2545,7.71,1300977.5395,1635118.6366,5.2044,0.030402
rolling_mill_v2,metallurgist,5,41,12063547.74,1815441.7907,13157.7429,182.0,1567828.7816,7.6944,1432434.8183,1799705.7702,7.5396,0.028467
rolling_mill_v2,metallurgist,5,42,13273210.36,1996985.9733,13552.478,182.0,1725428.8009,7.6927,1577078.0617,1980783.3288,7.6755,0.026656
rolling_mill_v2,metallurgist,5,43,14628032.49,2196684.5582,13959.05,182.0,1898812.8521,7.7038,1736227.0715,2180001.2971,7.814,0.024959
rolling_mill_v2,metallurgist,5,44,16145433.28,2416353.0247,14377.8214,182.0,2089560.0869,7.7267,1911333.6877,2399174.726,7.955,0.023371
rolling_mill_v2,metallurgist,5,45,17844922.16,2657988.3201,14809.1589,182.0,2299407.5302,7.7607,2103994.9177,2640300.1289,8.0987,0.021884
rolling_mill_v2,metallurgist,5,46,19748349.7,2923787.1503,15253.4341,182.0,2530265.9931,7.8049,2315967.5691,2905573.7729,8.245,0.020491
rolling_mill_v2,metallurgist,5,47,21880188.55,3216165.8724,15711.0366,182.0,2784237.3672,7.8586,2549184.1431,3197411.5543,8.394,0.019187
rolling_mill_v2,metallurgist,5,48,24267848.06,3537782.4508,16182.365,182.0,3063633.7347,7.9213,2805770.4132,3518470.9664,8.5458,0.017966
rolling_mill_v2,metallurgist,5,49,26942026.71,3891560.7083,16667.836,182.0,3370998.4589,7.9923,3088064.8126,3871675.3393,8.7003,0.016823
rolling_mill_v2,metallurgist,5,50,35083772.15,5950196.3114,16137.7988,182.0,5162472.5659,6.7959,4735768.3509,5930937.5095,4.5447,0.010653
nickel_plant,metallurgist,6,1,493277.8,22611.672,5170.0,336.0,14881.9346,33.1461,9998.3376,15730.672,,1.0
nickel_plant,metallurgist,6,2,517277.8,24872.8392,5325.1,336.0,16714.2131,30.9484,11574.6214,17795.4892,13.0984,0.936364
nickel_plant,metallurgist,6,3,544157.8,27360.1231,5484.853,336.0,18739.165,29.0385,13324.819,20080.5326,13.2744,0.876777
nickel_plant,metallurgist,6,4,574263.4,30096.1354,5649.3986,336.0,20976.3411,27.3767,15266.8105,22608.2372,13.457,0.820982
nickel_plant,metallurgist,6,5,607981.67,33105.749,5818.8815,336.0,23447.2547,25.9298,17420.2769,25403.2926,13.6461,0.768738
nickel_plant,metallurgist,6,6,645746.13,36416.3239,5993.4466,336.0,26175.5832,24.6698,19806.8892,28492.8755,13.8416,0.719818
nickel_plant,metallurgist,6,7,688042.33,40057.9563,6173.2488,336.0,29187.3755,23.5733,22450.4917,31906.8859,14.0435,0.674011
nickel_plant,metallurgist,6,8,735414.07,44063.7496,6358.4486,336.0,32511.2919,22.6203,25377.3268,35678.2243,14.2518,0.63112
nickel_plant,metallurgist,6,9,788470.42,48470.1314,6549.2009,336.0,36178.8895,21.7937,28616.3037,39843.1217,14.4662,0.590958
nickel_plant,metallurgist,6,10,868692.77,60248.3704,6678.2182,336.0,46313.7124,18.7567,37845.369,51458.0303,7.9155,0.484794
nickel_plant,metallurgist,6,11,935246.66,66273.2052,6878.5661,336.0,51381.016,18.2022,42364.715,57229.2332,13.134,0.453944
nickel_plant,metallurgist,6,12,1009787.02,72900.528,7084.9266,336.0,56967.2532,17.7257,47357.0324,63595.3123,13.3436,0.425057
nickel_plant,metallurgist,6,13,1093272.22,80190.5763,7297.4705,336.0,63124.682,17.3193,52870.2552,70616.2891,13.5585,0.398007
nickel_plant,metallurgist,6,14,1186775.64,88209.6248,7516.3942,336.0,69910.7907,16.9756,58957.1086,78358.1897,13.7787,0.37268
nickel_plant,metallurgist,6,15,1291499.47,97030.5964,7741.8889,336.0,77388.8555,16.6884,65675.6438,86893.6945,14.0041,0.348964
nickel_plant,metallurgist,6,16,1408790.16,106733.6492,7974.146,336.0,85628.4478,16.4524,73089.7004,96302.7198,14.235,0.326757
nickel_plant,metallurgist,6,17,1540155.74,117407.0141,8213.367,336.0,94706.153,16.2625,81269.5608,106673.241,14.4712,0.305963
nickel_plant,metallurgist,6,18,1687285.19,129147.7178,8459.7692,336.0,104706.1953,16.1145,90292.5204,118102.01,14.7129,0.286493
nickel_plant,metallurgist,6,19,1852070.17,142062.51,8713.5645,336.0,115721.2625,16.0046,100243.6612,130695.5081,14.96,0.268262
nickel_plant,metallurgist,6,20,2119313.14,186741.1614,8777.5226,336.0,154536.0457,13.714,135890.6452,175293.1913,6.8851,0.205577
nickel_plant,metallurgist,6,21,2326019.42,205415.2821,9040.8462,336.0,170553.4392,13.6381,150434.9563,193633.9555,12.9051,0.192495
nickel_plant,metallurgist,6,22,2557530.45,225956.8103,9312.0696,336.0,188188.6044,13.5903,166461.3438,213832.1264,13.1278,0.180245
nickel_plant,metallurgist,6,23,2816822.81,248552.4732,9591.4357,336.0,207603.7826,13.5683,184118.825,236074.1237,13.3551,0.168775
nickel_plant,metallurgist,6,24,3107230.25,273407.7205,9879.1772,336.0,228977.5127,13.57,203571.4106,260565.1025,13.5871,0.158035
nickel_plant,metallurgist,6,25,3432486.58,300748.5107,10175.5526,336.0,252506.1535,13.5937,224999.4796,287530.694,13.8238,0.147978
nickel_plant,metallurgist,6,26,3796773.67,330823.3459,10480.8205,336.0,278405.6771,13.6376,248601.446,317219.0732,14.0654,0.138561
nickel_plant,metallurgist,6,27,4204775.22,363905.6918,10795.2444,336.0,306913.7693,13.7002,274595.6869,349903.3718,14.3118,0.129744
nickel_plant,metallurgist,6,28,4661736.95,400296.261,11119.0983,336.0,338291.8115,13.7802,303222.3613,385883.9556,14.5631,0.121487
nickel_plant,metallurgist,6,29,5173534.09,440325.8848,11452.6719,336.0,372827.3752,13.8765,334745.7,425491.2895,14.8194,0.113756
nickel_plant,metallurgist,6,30,6402628.74,610291.6728,11383.3835,336.0,520757.8917,12.2948,470822.263,595544.7937,8.3086,0.081579
nickel_plant,metallurgist,6,31,7044627.07,671320.8243,11724.8879,336.0,573556.1447,12.2824,519133.3276,656141.6152,12.1595,0.076387
nickel_plant,metallurgist,6,32,7763665.2,738452.9113,12076.634,336.0,631655.0412,12.291,572311.378,722828.4065,12.3761,0.071526
nickel_plant,metallurgist,6,33,8568987.91,812298.2001,12438.9321,336.0,695585.2432,12.3191,630844.1619,796215.0414,12.5969,0.066975
nickel_plant,metallurgist,6,34,9470949.34,893528.0314,12812.0975,336.0,765930.5425,12.3653,695268.2788,876972.4611,12.8219,0.062713
nickel_plant,metallurgist,6,35,10481146.14,982880.8346,13196.4612,336.0,843333.0848,12.4282,766173.9759,965838.6763,13.0512,0.058722
nickel_plant,metallurgist,6,36,11612566.56,1081168.9113,13592.3591,336.0,928499.2804,12.5068,844210.5903,1063625.563,13.2849,0.054985
nickel_plant,metallurgist,6,37,12879757.43,1189285.8069,14000.1274,336.0,1022206.2212,12.6,930092.4545,1171226.2414,13.5229,0.051486
nickel_plant,metallurgist,6,38,14299011.2,1308214.3831,14420.133,336.0,1125308.6776,12.7067,1024605.307,1289623.1083,13.7655,0.048209
nickel_plant,metallurgist,6,39,15888575.43,1439035.8395,14852.7379,336.0,1238746.9784,12.8263,1128613.5647,1419896.9053,14.0126,0.045142
nickel_plant,metallurgist,6,40,20074248.48,2097394.7263,14579.2966,336.0,1811757.1038,11.08,1655710.8361,2078601.9572,7.3047,0.030402
nickel_plant,metallurgist,6,41,22068197.85,2307134.1967,15016.6734,336.0,1993849.9252,11.0681,1822846.3472,2287787.7271,10.9502,0.028467
nickel_plant,metallurgist,6,42,24301421.14,2537847.6209,15467.1769,336.0,2194178.6663,11.0754,2006741.3314,2517930.8331,11.1478,0.026656
nickel_plant,metallurgist,6,43,26802631.23,2791632.3671,15931.1896,336.0,2414567.7045,11.1004,2209073.1094,2771128.1591,11.3491,0.024959
nickel_plant,metallurgist,6,44,29603986.53,3070795.6174,16409.125,336.0,2657023.9283,11.1418,2431686.8064,3049686.3634,11.5541,0.023371
nickel_plant,metallurgist,6,45,32741504.46,3377875.1701,16901.4021,336.0,2923754.8582,11.1984,2676612.0329,3356142.7142,11.7629,0.021884
nickel_plant,metallurgist,6,46,36255524.54,3715662.6848,17408.4447,336.0,3217188.8689,11.2693,2946081.4808,3693288.3347,11.9755,0.020491
nickel_plant,metallurgist,6,47,40191227.03,4087228.9624,17930.6974,336.0,3539997.1705,11.3535,3242551.1238,4064193.4625,12.1921,0.019187
nickel_plant,metallurgist,6,48,44599213.82,4495951.8473,18468.6152,336.0,3895118.0919,11.45,3568722.555,4472235.3663,12.4126,0.017966
nickel_plant,metallurgist,6,49,49536159.03,4945547.0479,19022.6738,336.0,4285783.8854,11.5582,3927567.6276,4921129.1523,12.6373,0.016823
nickel_plant,metallurgist,6,50,64434750.8,7561741.4214,18417.7528,336.0,6562399.2717,9.8188,6021430.508,7538089.3301,6.5442,0.010653
special_steel_plant,metallurgist,7,1,822135.1,29160.985,6500.0,560.0,19227.8569,42.7575,13018.788,20560.985,,1.0
special_steel_plant,metallurgist,7,2,862135.1,32077.0835,6695.0,560.0,21595.2126,39.9225,15059.1668,23235.8835,16.8965,0.936364
special_steel_plant,metallurgist,7,3,906935.1,35284.7918,6895.85,560.0,24211.1794,37.4594,17324.0585,26195.1558,17.1256,0.876777
special_steel_plant,metallurgist,7,4,957111.1,38813.271,7102.7255,560.0,27100.9746,35.3165,19836.5286,29467.746,17.3632,0.820982
special_steel_plant,metallurgist,7,5,1013308.22,42694.5981,7315.8085,560.0,30292.347,33.451,22621.9658,33085.5058,17.6091,0.768738
special_steel_plant,metallurgist,7,6,1076248.99,46964.058,7535.281,560.0,33815.8359,31.8268,25708.3249,37083.495,17.8632,0.719818
special_steel_plant,metallurgist,7,7,1146742.66,51660.4637,7761.338,560.0,37705.0394,30.4135,29126.364,41500.2857,18.1255,0.674011
special_steel_plant,metallurgist,7,8,1225695.57,56826.5072,7994.181,560.0,41996.9238,29.1854,32909.9343,46378.3202,18.3959,0.63112
special_steel_plant,metallurgist,7,9,1314122.83,62509.1667,8234.005,560.0,46732.1907,28.1203,37096.3258,51764.3359,18.6742,0.590958
special_steel_plant,metallurgist,7,10,1441586.75,77698.8905,8396.2125,560.0,59806.1298,24.1043,49004.7936,66753.4215,9.7495,0.484794
special_steel_plant,metallurgist,7,11,1552509.9,85468.7766,8648.1005,560.0,66346.7882,23.3999,54842.8705,74211.7415,16.959,0.453944
special_steel_plant,metallurgist,7,12,1676743.83,94015.6572,8907.548,560.0,73556.855,22.7952,61291.2037,82437.7055,17.2306,0.425057
special_steel_plant,metallurgist,7,13,1815885.83,103417.2171,9174.7695,560.0,81503.7294,22.2798,68411.6194,91508.7329,17.509,0.398007
special_steel_plant,metallurgist,7,14,1971724.87,113758.9271,9450.012,560.0,90261.5561,21.8446,76272.1237,101509.9892,17.7943,0.37268
special_steel_plant,metallurgist,7,15,2146264.59,125134.8315,9733.516,560.0,99911.9445,21.4816,84947.5912,112535.2209,18.0863,0.348964
special_steel_plant,metallurgist,7,16,2341749.08,137648.3059,10025.522,560.0,110544.622,21.1837,94520.3617,124687.5064,18.3853,0.326757
special_steel_plant,metallurgist,7,17,2560691.71,151413.1365,10326.2835,560.0,122258.3621,20.9449,105081.0839,138080.3181,18.6911,0.305963
special_steel_plant,metallurgist,7,18,2805907.46,166554.453,10636.0735,560.0,135161.7902,20.7596,116729.4522,152838.4483,19.0039,0.286493
special_steel_plant,metallurgist,7,19,3080549.1,183209.9246,10955.1585,560.0,149374.4465,20.623,129575.2019,169099.2362,19.3237,0.268262
special_steel_plant,metallurgist,7,20,3507680.99,240829.4356,11035.57,560.0,199433.4631,17.5882,175550.1935,226619.2844,8.5326,0.205577
special_steel_plant,metallurgist,7,21,3852191.46,264912.385,11366.6345,560.0,220097.6029,17.5022,194319.9563,250292.7325,16.6719,0.192495
special_steel_plant,metallurgist,7,22,4238043.18,291403.6235,11707.631,560.0,242848.3135,17.4514,215001.4523,276362.1846,16.96,0.180245
special_steel_plant,metallurgist,7,23,4670197.11,320543.9625,12058.865,560.0,267894.8349,17.4329,237786.8725,305068.0741,17.254,0.168775
special_steel_plant,metallurgist,7,24,5154209.51,352598.3588,12420.629,560.0,295467.4249,17.4443,262887.7435,336674.9962,17.5541,0.158035
special_steel_plant,metallurgist,7,25,5696303.4,387858.218,12793.248,560.0,325819.3239,17.483,290536.7024,371473.9543,17.8603,0.147978
special_steel_plant,metallurgist,7,26,6303448.56,426644.0194,13177.047,560.0,359229.066,17.5472,320989.645,409785.0259,18.1727,0.138561
special_steel_plant,metallurgist,7,27,6983451.14,469308.4359,13572.3575,560.0,396003.1882,17.6348,354528.2125,451960.4737,18.4913,0.129744
special_steel_plant,metallurgist,7,28,7745054.03,516239.2795,13979.524,560.0,436478.7873,17.7444,391462.1376,498387.6837,18.8163,0.121487
special_steel_plant,metallurgist,7,29,8598049.26,567863.2045,14398.9105,560.0,481026.7358,17.8744,432132.1979,549492.8598,19.1478,0.113756
special_steel_plant,metallurgist,7,30,10590875.55,787058.397,14311.7975,560.0,671802.3416,15.7649,607619.0213,768795.8044,10.4459,0.081579
special_steel_plant,metallurgist,7,31,11660872.77,865764.2163,14741.155,560.0,739902.8633,15.76,669939.6405,846970.5415,15.712,0.076387
special_steel_plant,metallurgist,7,32,12859269.65,952340.6437,15183.389,560.0,814839.6116,15.7814,738537.4315,932999.9595,15.9921,0.071526
special_steel_plant,metallurgist,7,33,14201474.16,1047574.7052,15638.8895,560.0,897296.9596,15.827,814041.4299,1027670.6019,16.2776,0.066975
special_steel_plant,metallurgist,7,34,15704743.21,1152332.1903,16108.053,560.0,988027.7994,15.895,897143.6727,1131847.7678,16.5684,0.062713
special_steel_plant,metallurgist,7,35,17388404.55,1267565.4093,16591.2955,560.0,1087860.279,15.984,988605.3842,1246483.253,16.8649,0.058722
special_steel_plant,metallurgist,7,36,19274105.25,1394321.9415,17089.0395,560.0,1197705.4247,16.0925,1089263.9939,1372624.1142,17.1669,0.054985
special_steel_plant,metallurgist,7,37,21386090.03,1533754.1415,17601.7075,560.0,1318565.4176,16.2192,1200040.7519,1511422.1833,17.4746,0.051486
special_steel_plant,metallurgist,7,38,23751512.99,1687129.5498,18129.761,560.0,1451542.6163,16.3629,1321948.9983,1664144.43,17.7882,0.048209
special_steel_plant,metallurgist,7,39,26400786.7,1855842.5281,18673.655,560.0,1597849.7196,16.5227,1456103.54,1832184.6533,18.1076,0.045142
special_steel_plant,metallurgist,7,40,33428180.48,2704890.4722,18329.87,560.0,2336820.5239,14.305,2135857.5727,2681657.833,9.5097,0.030402
special_steel_plant,metallurgist,7,41,36751429.42,2975379.5165,18879.7635,560.0,2571667.5851,14.2909,2351423.9679,2951466.7013,14.1507,0.028467
special_steel_plant,metallurgist,7,42,40473468.24,3272917.474,19446.1605,560.0,2830032.8427,14.3014,2588604.7384,3248304.0693,14.4061,0.026656
special_steel_plant,metallurgist,7,43,44642151.72,3600209.2009,20029.542,560.0,3114269.1033,14.3347,2849563.0477,3574874.1982,14.6663,0.024959
special_steel_plant,metallurgist,7,44,49311077.21,3960230.1385,20630.428,560.0,3426964.5482,14.3891,3136678.4688,3934151.886,14.9312,0.023371
special_steel_plant,metallurgist,7,45,54540273.76,4356253.1407,21249.345,560.0,3770966.1023,14.4632,3452568.4951,4329409.3355,15.2011,0.021884
special_steel_plant,metallurgist,7,46,60396973.9,4791878.4519,21886.826,560.0,4149405.5145,14.5556,3800112.5225,4764246.1317,15.4759,0.020491
special_steel_plant,metallurgist,7,47,66956478.05,5271066.3087,22543.43,560.0,4565727.7045,14.665,4182477.902,5242621.8199,15.7558,0.019187
special_steel_plant,metallurgist,7,48,74303122.7,5798172.925,23219.729,560.0,5023722.0805,14.7905,4603148.7465,5768891.9064,16.0409,0.017966
special_steel_plant,metallurgist,7,49,82531364.71,6377990.2379,23916.321,560.0,5527557.1077,14.9309,5065957.7088,6347847.5886,16.3312,0.016823
special_steel_plant,metallurgist,7,50,107239481.5,9751947.0548,23155.782,560.0,8463561.2073,12.6707,7766263.9708,9722745.1336,8.4156,0.010653
high_strength_materials,metallurgist,8,1,1376260.0,35865.44,6920.0,945.0,24360.3828,56.4958,17367.352,26350.44,,1.0
high_strength_materials,metallurgist,8,2,1443760.0,39451.984,7127.6,945.0,27300.0641,52.8849,19925.1872,29679.884,22.9617,0.936364
high_strength_materials,metallurgist,8,3,1519360.0,43397.1824,7341.428,945.0,30546.3563,49.7395,22760.6039,33360.2694,23.2881,0.876777
high_strength_materials,metallurgist,8,4,1604032.0,47736.9006,7561.6708,945.0,34130.2999,46.9973,25902.0143,37427.2302,23.6254,0.820982
high_strength_materials,metallurgist,8,5,1698864.64,52510.5907,7788.5223,945.0,38086.0495,44.606,29380.6891,41919.9786,23.9734,0.768738
high_strength_materials,metallurgist,8,6,1805077.2,57761.6498,8022.1761,945.0,42451.1921,42.5212,33231.0557,46881.6716,24.332,0.719818
high_strength_materials,metallurgist,8,7,1924035.26,63537.8148,8262.8398,945.0,47267.0782,40.7056,37490.992,52359.7891,24.7012,0.674011
high_strength_materials,metallurgist,8,8,2057268.29,69891.5926,8510.7281,945.0,52579.2022,39.127,42202.182,58406.5725,25.0809,0.63112
high_strength_materials,metallurgist,8,9,2206489.28,76880.7627,8766.0484,945.0,58437.6514,37.758,47410.5375,65079.5438,25.4711,0.590958
high_strength_materials,metallurgist,8,10,2413654.65,95562.7834,8938.737,945.0,74540.7704,32.3803,62097.1212,83547.7002,12.8649,0.484794
high_strength_materials,metallurgist,8,11,2600837.47,105119.0582,9206.9008,945.0,82621.4269,31.479,69339.8953,92771.8703,23.1643,0.453944
high_strength_materials,metallurgist,8,12,2810482.22,115630.9676,9483.1126,945.0,91526.4838,30.7068,77335.1051,102941.7082,23.5422,0.425057
high_strength_materials,metallurgist,8,13,3045284.34,127194.0572,9767.6008,945.0,101338.8671,30.0505,86158.8446,114152.4765,23.9292,0.398007
high_strength_materials,metallurgist,8,14,3308262.72,139913.4486,10060.6282,945.0,112149.8037,29.4986,95894.8166,126508.9712,24.3252,0.37268
high_strength_materials,metallurgist,8,15,3602798.51,153904.8078,10362.4509,945.0,124059.7005,29.0408,106635.1699,140126.5413,24.7303,0.348964
high_strength_materials,metallurgist,8,16,3932678.59,169295.2778,10673.325,945.0,137178.949,28.6682,118481.2348,155132.0126,25.1447,0.326757
high_strength_materials,metallurgist,8,17,4302144.28,186224.8056,10993.5203,945.0,151629.0682,28.3728,131544.564,171664.9979,25.5683,0.305963
high_strength_materials,metallurgist,8,18,4715945.85,204847.2897,11323.3275,945.0,167543.6971,28.1476,145947.8405,189879.0359,26.0013,0.286493
high_strength_materials,metallurgist,8,19,5179403.61,225332.0509,11663.0303,945.0,185069.898,27.9862,161826.0953,209943.0958,26.4437,0.268262
high_strength_materials,metallurgist,8,20,5876968.57,296198.9684,11748.6376,945.0,246649.6378,23.8272,218391.2183,280703.9938,11.3278,0.205577
high_strength_materials,metallurgist,8,21,6458329.98,325818.8724,12101.094,945.0,272112.3172,23.7341,241558.457,309887.402,22.8319,0.192495
high_strength_materials,metallurgist,8,22,7109454.76,358400.7596,12464.1241,945.0,300142.7229,23.6869,267079.4216,342019.6984,23.2292,0.180245
high_strength_materials,metallurgist,8,23,7838714.52,394240.8069,12838.0532,945.0,330998.2457,23.682,295190.5657,377396.6572,23.6347,0.168775
high_strength_materials,metallurgist,8,24,8655485.45,433664.8876,13223.1927,945.0,364962.1245,23.7161,326152.121,416343.7659,24.0482,0.158035
high_strength_materials,metallurgist,8,25,9570268.89,477031.405,13619.8886,945.0,402345.8692,23.7862,360250.2911,459218.9996,24.4701,0.147978
high_strength_materials,metallurgist,8,26,10594826.34,524734.5204,14028.487,945.0,443492.0991,23.8895,397799.8859,506416.0907,24.9004,0.138561
high_strength_materials,metallurgist,8,27,11742330.69,577207.9904,14449.3406,945.0,488777.8753,24.0239,439147.3814,558368.359,25.3392,0.129744
high_strength_materials,metallurgist,8,28,13027535.56,634928.7894,14882.8163,945.0,538617.8466,24.187,484673.8071,615552.3247,25.7866,0.121487
high_strength_materials,metallurgist,8,29,14466965.01,698421.6648,15329.3016,945.0,593468.2059,24.377,534798.3794,678492.2551,26.2428,0.113756
high_strength_materials,metallurgist,8,30,17759117.24,968012.4219,15236.5598,945.0,828092.85,21.4458,750610.0978,948197.8673,14.0316,0.081579
high_strength_materials,metallurgist,8,31,19564737.55,1064813.6389,15693.6604,945.0,911912.2313,21.4546,827365.4205,1044432.993,21.5418,0.076387
high_strength_materials,metallurgist,8,32,21587032.29,1171295.01,16164.4695,945.0,1004141.4202,21.498,911844.3037,1150331.2956,21.9268,0.071526
high_strength_materials,metallurgist,8,33,23852002.4,1288424.5074,16649.4024,945.0,1105622.1914,21.5734,1004820.5024,1266860.2331,22.3192,0.066975
high_strength_materials,metallurgist,8,34,26388768.93,1417266.9761,17148.881,945.0,1217280.5927,21.6785,1107145.2593,1395084.1278,22.719,0.062713
high_strength_materials,metallurgist,8,35,29229947.44,1558993.6737,17663.3484,945.0,1340135.233,21.8112,1219754.9163,1536173.6887,23.1263,0.058722
high_strength_materials,metallurgist,8,36,32412067.37,1714893.0303,18193.2544,945.0,1475306.6551,21.9697,1343679.5427,1691416.789,23.5414,0.054985
high_strength_materials,metallurgist,8,37,35976041.69,1886382.3405,18739.0486,945.0,1624027.514,22.1524,1480052.2995,1862230.1662,23.9642,0.051486
high_strength_materials,metallurgist,8,38,39967692.93,2075020.5674,19301.2225,945.0,1787653.6801,22.3576,1630119.6202,2050172.1748,24.3949,0.048209
high_strength_materials,metallurgist,8,39,44438342.32,2282522.6528,19880.2604,945.0,1967676.7314,22.5842,1795252.7317,2256957.1569,24.8338,0.045142
high_strength_materials,metallurgist,8,40,56160719.85,3326776.7511,19514.2616,945.0,2876496.2158,19.524,2631205.0085,3301664.5225,12.8985,0.030402
high_strength_materials,metallurgist,8,41,61768702.44,3659454.4226,20099.6867,945.0,3165416.4702,19.5136,2896469.0081,3633617.1806,19.4101,0.028467
high_strength_materials,metallurgist,8,42,68049642.94,4025399.872,20702.6816,945.0,3483264.4056,19.5362,3188320.8752,3998815.8573,19.7608,0.026656
high_strength_materials,metallurgist,8,43,75084296.31,4427939.8341,21323.7586,945.0,3832933.8357,19.5892,3509421.2295,4400586.6534,20.118,0.024959
high_strength_materials,metallurgist,8,44,82963108.08,4870733.8391,21963.471,945.0,4217608.0702,19.6707,3862696.8647,4842588.4132,20.4818,0.023371
high_strength_materials,metallurgist,8,45,91787377.26,5357807.2086,22622.3796,945.0,4640788.6512,19.7784,4251367.1975,5328845.7645,20.8523,0.021884
high_strength_materials,metallurgist,8,46,101670558.74,5893587.9259,23301.0517,945.0,5106327.4306,19.9107,4678973.7632,5863785.9876,21.2296,0.020491
high_strength_materials,metallurgist,8,47,112739722.0,6482946.7328,24000.0824,945.0,5618461.4359,20.0659,5149412.2627,6452279.0874,21.6138,0.019187
high_strength_materials,metallurgist,8,48,125137184.85,7131241.3882,24720.0807,945.0,6181851.3875,20.2427,5666967.9895,7099682.0685,22.0051,0.017966
high_strength_materials,metallurgist,8,49,139022343.24,7844365.5521,25461.6833,945.0,6801624.2159,20.4396,6236354.9168,7811887.8027,22.4036,0.016823
high_strength_materials,metallurgist,8,50,180561144.46,11994034.9057,24652.0018,945.0,10412540.9765,17.3407,9557304.9219,11962559.8978,11.5037,0.010653
titanium_complex,metallurgist,9,1,2430538.6,46327.788,6950.0,1680.0,32797.0756,74.1084,24957.2304,34672.788,,1.0
titanium_complex,metallurgist,9,2,2550538.6,50960.5668,7158.5,1680.0,36646.1981,69.599,28350.7034,39006.3168,31.1759,0.936364
titanium_complex,metallurgist,9,3,2684938.6,56056.6235,7373.255,1680.0,40892.9306,65.6578,32105.4163,43794.146,31.6479,0.876777
titanium_complex,metallurgist,9,4,2835466.6,61662.2858,7594.4527,1680.0,45577.4149,62.2121,36258.1497,49082.334,32.1333,0.820982
titanium_complex,metallurgist,9,5,3004057.96,67828.5144,7822.2876,1680.0,50743.8174,59.2005,40849.3802,54921.5621,32.6323,0.768738
titanium_complex,metallurgist,9,6,3192880.28,74611.3659,8056.9543,1680.0,56440.7381,56.5705,45923.6612,61367.6077,33.1446,0.719818
titanium_complex,metallurgist,9,7,3404361.28,82072.5024,8298.6614,1680.0,62721.6417,54.2773,51530.0098,68481.8337,33.6705,0.674011
titanium_complex,metallurgist,9,8,3641220.0,90279.748,8547.6243,1680.0,69645.3477,52.2823,57722.362,76331.7549,34.2098,0.63112
titanium_complex,metallurgist,9,9,3906501.77,99307.7368,8804.0515,1680.0,77276.6062,50.5522,64560.1122,84991.706,34.7625,0.590958
titanium_complex,metallurgist,9,10,4263933.53,123439.5109,8977.4888,1680.0,98120.3593,43.4562,83605.3756,108874.554,17.1481,0.484794
titanium_complex,metallurgist,9,11,4596702.98,135783.4574,9246.8152,1680.0,108625.2787,42.3171,93076.5432,120831.9493,31.6775,0.453944
titanium_complex,metallurgist,9,12,4969404.77,149361.8077,9524.2244,1680.0,120197.0975,41.3438,103523.1096,134012.1475,32.2077,0.425057
titanium_complex,metallurgist,9,13,5386830.77,164297.9792,9809.9458,1680.0,132942.989,40.5199,115043.4646,148538.2368,32.7498,0.398007
titanium_complex,metallurgist,9,14,5854347.89,180727.7586,10104.2436,1680.0,146980.8581,39.8307,127745.8415,164545.6248,33.304,0.37268
titanium_complex,metallurgist,9,15,6377967.06,198800.553,10407.3748,1680.0,162440.465,39.2634,141749.3802,182183.3496,33.8701,0.348964
titanium_complex,metallurgist,9,16,6964420.53,218680.5944,10719.5966,1680.0,179464.4681,38.8067,157185.0806,201615.2741,34.4486,0.326757
titanium_complex,metallurgist,9,17,7621248.42,240548.6539,11041.1801,1680.0,198209.9022,38.4504,174197.153,223021.7803,35.0394,0.305963
titanium_complex,metallurgist,9,18,8356895.66,264603.5239,11372.4171,1680.0,218849.4629,38.1856,192944.1935,246601.2419,35.6426,0.286493
titanium_complex,metallurgist,9,19,9180820.57,291063.918,11713.5925,1680.0,241573.1831,38.0043,213600.7455,272571.9632,36.2584,0.268262
titanium_complex,metallurgist,9,20,10389131.44,382603.5039,11799.571,1680.0,321137.8216,32.351,286703.4466,363988.1484,15.1865,0.205577
titanium_complex,metallurgist,9,21,11422662.84,420863.8635,12153.5553,1680.0,354116.3681,32.2568,316780.7578,401740.4514,31.3395,0.192495
titanium_complex,metallurgist,9,22,12580218.01,462950.2499,12518.1593,1680.0,390414.3188,32.2227,349902.961,443303.5392,31.8904,0.180245
titanium_complex,metallurgist,9,23,13876679.8,509245.2378,12893.7095,1680.0,430364.2296,32.244,386375.626,489059.5181,32.4522,0.168775
titanium_complex,metallurgist,9,24,15328717.01,560169.7616,13280.5187,1680.0,474332.0413,32.3164,426535.0312,539428.8732,33.025,0.158035
titanium_complex,metallurgist,9,25,16954998.68,616186.7748,13678.9344,1680.0,522720.2212,32.4361,470751.0182,594874.0596,33.6091,0.147978
titanium_complex,metallurgist,9,26,18776434.15,677805.4199,14089.3041,1680.0,575971.4207,32.5996,519430.3797,655903.7208,34.2046,0.138561
titanium_complex,metallurgist,9,27,20816441.88,745585.985,14511.9823,1680.0,634572.7824,32.8039,573020.8146,723077.6364,34.8116,0.129744
titanium_complex,metallurgist,9,28,23101250.54,820144.5835,14947.3372,1680.0,699060.0043,33.0462,632014.661,797011.3909,35.4304,0.121487
titanium_complex,metallurgist,9,29,25660236.24,902159.0372,15395.7581,1680.0,770022.4528,33.324,696953.5926,878382.2477,36.0611,0.113756
titanium_complex,metallurgist,9,30,31416053.8,1250392.4185,15302.6142,1680.0,1073066.5297,29.2769,975680.0134,1226749.3138,18.9933,0.081579
titanium_complex,metallurgist,9,31,34626045.46,1375431.6279,15761.6965,1680.0,1181451.2403,29.3081,1075022.7576,1351129.6246,29.6166,0.076387
titanium_complex,metallurgist,9,32,38221236.11,1512974.7999,16234.5467,1680.0,1300702.4203,29.3851,1184348.0199,1487994.1376,30.1481,0.071526
titanium_complex,metallurgist,9,33,42247849.64,1664272.2753,16721.5818,1680.0,1431907.5033,29.5046,1304655.4475,1638592.5949,30.6895,0.066975
titanium_complex,metallurgist,9,34,46757656.8,1830699.526,17223.2259,1680.0,1576262.7811,29.6636,1437044.7819,1804299.86,31.241,0.062713
titanium_complex,metallurgist,9,35,51808640.82,2013769.4786,17739.9237,1680.0,1735084.1128,29.8594,1582725.6974,1986628.2213,31.8029,0.058722
titanium_complex,metallurgist,9,36,57465742.92,2215146.4126,18272.1269,1680.0,1909819.0286,30.0896,1743028.9398,2187241.3096,32.3753,0.054985
titanium_complex,metallurgist,9,37,63801697.27,2436661.0631,18820.2873,1680.0,2102059.875,30.352,1919418.4196,2407969.212,32.9584,0.051486
titanium_complex,metallurgist,9,38,70897966.14,2680327.1601,19384.8983,1680.0,2313558.1678,30.6446,2113504.3807,2650824.95,33.5524,0.048209
titanium_complex,metallurgist,9,39,78845787.28,2948359.9132,19966.4465,1680.0,2546240.716,30.9656,2327058.2608,2918023.0349,34.1574,0.045142
titanium_complex,metallurgist,9,40,99580199.33,4297234.5536,19598.861,1680.0,3720081.4525,26.7683,3406709.3514,4267425.2531,17.6637,0.030402
titanium_complex,metallurgist,9,41,109549946.16,4726958.0043,20186.824,1680.0,4093429.3268,26.7624,3749606.1674,4696304.8288,26.7036,0.028467
titanium_complex,metallurgist,9,42,120716062.61,5199653.814,20792.4332,1680.0,4504147.8013,26.8011,4126854.4015,5168131.4369,27.1868,0.026656
titanium_complex,metallurgist,9,43,133222113.04,5719619.163,21416.2026,1680.0,4955974.9755,26.8811,4541891.0265,5687201.5197,27.6788,0.024959
titanium_complex,metallurgist,9,44,147228889.52,6291581.107,22058.6884,1680.0,5453022.9042,26.9995,4998496.853,6258241.3348,28.1799,0.023371
titanium_complex,metallurgist,9,45,162916479.18,6920739.1992,22720.4535,1680.0,5999814.7088,27.1536,5500830.6791,6886449.6275,28.6902,0.021884
titanium_complex,metallurgist,9,46,180486579.59,7612813.1145,23402.0678,1680.0,6601326.0106,27.341,6053467.3899,7577545.2546,29.2099,0.020491
titanium_complex,metallurgist,9,47,200165092.05,8374094.4445,24104.129,1680.0,7263029.9745,27.5594,6661439.3621,8337818.95,29.7391,0.019187
titanium_complex,metallurgist,9,48,222205026.01,9211503.8658,24827.2487,1680.0,7990947.0569,27.8071,7330282.2196,9174190.5124,30.2781,0.017966
titanium_complex,metallurgist,9,49,246889752.05,10132654.2848,25572.0663,1680.0,8791699.9301,28.0821,8066085.3284,10094271.9306,30.8269,0.016823
titanium_complex,metallurgist,9,50,320522626.12,15492828.3712,24758.8746,1680.0,13455758.862,23.8205,12355444.385,15455613.1519,15.7873,0.010653
metallurgy_holding_v2,metallurgist,10,1,4845980.6,78034.348,11536.6667,3360.0,54929.7828,88.2214,41762.4784,58954.348,,1.0
metallurgy_holding_v2,metallurgist,10,2,5085980.6,85837.7828,11882.7667,3360.0,61417.664,82.8097,47486.0762,66286.1828,36.992,0.936364
metallurgy_holding_v2,metallurgist,10,3,5354780.6,94421.5611,12239.2497,3360.0,68575.4109,78.086,53818.3744,74384.2131,37.5537,0.876777
metallurgy_holding_v2,metallurgist,10,4,5655836.6,103863.7172,12606.4272,3360.0,76470.6423,73.9609,60821.333,83326.0487,38.1314,0.820982
metallurgy_holding_v2,metallurgist,10,5,5993019.32,114250.0889,12984.6222,3360.0,85177.7561,70.359,68563.1379,93197.0874,38.725,0.768738
metallurgy_holding_v2,metallurgist,10,6,6370663.97,125675.0978,13374.1577,3360.0,94778.6179,67.2163,77118.8417,104091.3105,39.3345,0.719818
metallurgy_holding_v2,metallurgist,10,7,6793625.97,138242.6076,13775.3799,3360.0,105363.2881,64.4781,86571.0162,116112.1101,39.9599,0.674011
metallurgy_holding_v2,metallurgist,10,8,7267343.41,152066.8605,14188.6464,3360.0,117030.8463,62.0977,97010.5189,129373.2413,40.6012,0.63112
metallurgy_holding_v2,metallurgist,10,9,7797906.95,167273.57,14614.3032,3360.0,129890.3621,60.0345,108537.4011,143999.9456,41.2584,0.590958
metallurgy_holding_v2,metallurgist,10,10,8496130.48,207921.0376,14902.2007,3360.0,165003.1881,51.4907,140623.5289,184255.1206,19.8851,0.484794
metallurgy_holding_v2,metallurgist,10,11,9161669.38,228713.1335,15349.2697,3360.0,182703.3616,50.1451,156586.6024,204438.0351,37.6007,0.453944
metallurgy_holding_v2,metallurgist,10,12,9907072.95,251584.4547,15809.7557,3360.0,202200.7881,48.9962,174192.9302,226681.8925,38.2309,0.425057
metallurgy_holding_v2,metallurgist,10,13,10741924.95,276742.8846,16284.0396,3360.0,223675.9951,48.0245,193608.2482,251194.0574,38.8752,0.398007
metallurgy_holding_v2,metallurgist,10,14,11676959.19,304417.1418,16772.5598,3360.0,247327.5864,47.2125,215014.8738,278202.6513,39.5337,0.37268
metallurgy_holding_v2,metallurgist,10,15,12724197.54,334858.8872,17275.743,3360.0,273374.1355,46.545,238613.4952,307958.7531,40.2064,0.348964
metallurgy_holding_v2,metallurgist,10,16,13897104.49,368344.7525,17794.0162,3360.0,302055.9406,46.0084,264624.7777,340738.4132,40.8938,0.326757
metallurgy_holding_v2,metallurgist,10,17,15210760.27,405179.2278,18327.8293,3360.0,333637.5166,45.5907,293291.6382,376845.5083,41.5956,0.305963
metallurgy_holding_v2,metallurgist,10,18,16682054.75,445697.1584,18877.6669,3360.0,368409.7576,45.2813,324881.2264,416614.2237,42.3123,0.286493
metallurgy_holding_v2,metallurgist,10,19,18329904.56,490266.9444,19444.0018,3360.0,406692.7601,45.0706,359687.5528,460412.3149,43.0439,0.268262
metallurgy_holding_v2,metallurgist,10,20,20697799.9,644455.871,19586.7219,3360.0,540712.9597,38.2787,482824.6139,614406.7694,17.6682,0.205577
metallurgy_holding_v2,metallurgist,10,21,22764862.71,708901.4737,20174.319,3360.0,596269.4246,38.1788,533499.7005,678051.7054,37.2065,0.192495
metallurgy_holding_v2,metallurgist,10,22,25079973.05,779791.6211,20779.544,3360.0,657417.307,38.1492,589303.9808,748117.1658,37.8608,0.180245
metallurgy_holding_v2,metallurgist,10,23,27672896.63,857770.7208,21402.9394,3360.0,724716.7698,38.1844,650752.1676,825246.8196,38.5281,0.168775
metallurgy_holding_v2,metallurgist,10,24,30576971.04,943547.7928,22045.0241,3360.0,798784.2088,38.2794,718410.6981,910148.9793,39.2085,0.158035
metallurgy_holding_v2,metallurgist,10,25,33829534.38,1037902.6346,22706.375,3360.0,880297.5458,38.4297,792902.5451,1003602.6563,39.9022,0.147978
metallurgy_holding_v2,metallurgist,10,26,37472405.32,1141692.8434,23387.5691,3360.0,970002.3887,38.6313,874912.9211,1106464.662,40.6095,0.138561
metallurgy_holding_v2,metallurgist,10,27,41552420.78,1255862.1668,24089.1945,3360.0,1068719.2858,38.8806,965195.9416,1219677.9422,41.3305,0.129744
metallurgy_holding_v2,metallurgist,10,28,46122038.09,1381448.3834,24811.8629,3360.0,1177350.5729,39.1744,1064580.9125,1344279.4423,42.0654,0.121487
metallurgy_holding_v2,metallurgist,10,29,51240009.48,1519593.214,25556.2201,3360.0,1296888.9846,39.5099,1173980.241,1481410.0027,42.8145,0.113756
metallurgy_holding_v2,metallurgist,10,30,62508826.41,2106156.1825,25401.6057,3360.0,1807333.2818,34.5862,1643462.5375,2068183.6507,22.0765,0.081579
metallurgy_holding_v2,metallurgist,10,31,68928809.72,2316771.7462,26163.6602,3360.0,1989905.8348,34.6392,1810811.9066,2277760.8298,35.164,0.076387
metallurgy_holding_v2,metallurgist,10,32,76119191.03,2548448.9364,26948.5689,3360.0,2190782.1197,34.7452,1994976.2958,2508368.4941,35.7951,0.071526
metallurgy_holding_v2,metallurgist,10,33,84172418.1,2803293.8222,27757.0239,3360.0,2411793.8146,34.9003,2197639.522,2762111.7695,36.438,0.066975
metallurgy_holding_v2,metallurgist,10,34,93192032.41,3083623.2435,28589.7289,3360.0,2654955.9576,35.1012,2420654.0014,3041306.5368,37.093,0.062713
metallurgy_holding_v2,metallurgist,10,35,103294000.44,3391985.5678,29447.4224,3360.0,2922484.9865,35.3446,2666057.3206,3348500.1578,37.7603,0.058722
metallurgy_holding_v2,metallurgist,10,36,114608204.64,3731184.1012,30330.8542,3360.0,3216819.1249,35.6278,2936090.9996,3686494.9164,38.44,0.054985
metallurgy_holding_v2,metallurgist,10,37,127280113.34,4104302.5269,31240.7742,3360.0,3540640.5249,35.9483,3233220.8603,4058373.4743,39.1324,0.051486
metallurgy_holding_v2,metallurgist,10,38,141472651.09,4514732.764,32178.0014,3360.0,3896899.4434,36.3039,3560159.209,4467526.6343,39.8377,0.048209
metallurgy_holding_v2,metallurgist,10,39,157368293.36,4966206.1028,33143.3436,3360.0,4288841.4006,36.6925,3919889.8669,4917684.5864,40.5561,0.045142
metallurgy_holding_v2,metallurgist,10,40,198572947.25,7238245.3613,32533.1693,3360.0,6266046.4071,31.6903,5738436.5351,7190555.2757,20.8398,0.030402
metallurgy_holding_v2,metallurgist,10,41,218512440.92,7962069.8896,33509.1597,3360.0,6894924.635,31.6918,6316032.1721,7913049.9078,31.7064,0.028467
metallurgy_holding_v2,metallurgist,10,42,240844673.83,8758276.8942,34514.4418,3360.0,7586750.1336,31.7454,6951489.8527,8707887.103,32.2802,0.026656
metallurgy_holding_v2,metallurgist,10,43,265856774.68,9634104.529,35549.8692,3360.0,8347819.3541,31.8475,7650598.8195,9582303.852,32.8644,0.024959
metallurgy_holding_v2,metallurgist,10,44,293870327.63,10597515.0287,36616.3648,3360.0,9185058.6376,31.9944,8419727.4758,10544261.1321,33.4594,0.023371
metallurgy_holding_v2,metallurgist,10,45,325245506.94,11657266.5004,37714.8631,3360.0,10106086.7244,32.1831,9265880.9057,11602515.7768,34.0654,0.021884
metallurgy_holding_v2,metallurgist,10,46,360385707.77,12822993.1426,38846.3101,3360.0,11119284.5443,32.4109,10196765.0489,12766700.6957,34.6825,0.020491
metallurgy_holding_v2,metallurgist,10,47,399742732.7,14105292.4881,40011.6981,3360.0,12233871.0873,32.6751,11220856.4434,14047412.0697,35.3109,0.019187
metallurgy_holding_v2,metallurgist,10,48,443822600.62,15515821.6979,41212.0421,3360.0,13459987.2005,32.9735,12347479.2952,15456305.6764,35.9508,0.017966
metallurgy_holding_v2,metallurgist,10,49,493192052.69,17067403.9223,42448.4036,3360.0,14808788.1013,33.304,13586890.5325,17006203.2198,36.6025,0.016823
metallurgy_holding_v2,metallurgist,10,50,640130148.85,26096060.5462,41098.5444,3360.0,22664893.7416,28.2432,20811840.6205,26036699.1781,18.7037,0.010653
fertilizer_factory_v2,chemist,1,1,11000.0,3110.0,886.6667,8.0,1927.34,5.7073,1150.0,1907.0,,1.0
fertilizer_factory_v2,chemist,1,2,11550.0,3421.0,913.2667,8.0,2174.768,5.3109,1358.9,2182.15,2.2229,0.936364
fertilizer_factory_v2,chemist,1,3,12166.0,3763.1,940.6647,8.0,2448.5587,4.9686,1591.483,2487.3245,2.2499,0.876777
fertilizer_factory_v2,chemist,1,4,12855.92,4139.41,968.8846,8.0,2751.3971,4.6725,1850.2011,2825.6012,2.2782,0.820982
fertilizer_factory_v2,chemist,1,5,13628.63,4553.351,997.9513,8.0,3086.2377,4.4159,2137.7538,3200.3677,2.3077,0.768738
fertilizer_factory_v2,chemist,1,6,14494.07,5008.6861,1027.8896,8.0,3456.3329,4.1935,2457.1145,3615.3537,2.3384,0.719818
fertilizer_factory_v2,chemist,1,7,15463.36,5509.5547,1058.7261,8.0,3865.2609,4.0006,2811.5546,4074.6626,2.3703,0.674011
fertilizer_factory_v2,chemist,1,8,16548.96,6060.5099,1090.4883,8.0,4316.9588,3.8335,3204.6755,4582.8104,2.4034,0.63112
fertilizer_factory_v2,chemist,1,9,17764.83,6666.5618,1123.2027,8.0,4815.7624,3.6889,3640.4453,5144.7716,2.4376,0.590958
fertilizer_factory_v2,chemist,1,10,21417.26,8286.5359,1145.3295,8.0,6205.8896,3.4511,4903.2345,6734.9245,2.6274,0.484794
fertilizer_factory_v2,chemist,1,11,22942.45,9115.1892,1179.6896,8.0,6896.9246,3.3265,5514.6169,7517.2692,2.2071,0.453944
fertilizer_factory_v2,chemist,1,12,24650.67,10026.7084,1215.0809,8.0,7659.1559,3.2185,6190.7454,8381.09,2.2411,0.425057
fertilizer_factory_v2,chemist,1,13,26563.87,11029.3786,1251.5327,8.0,8499.766,3.1252,6938.2039,9334.6326,2.276,0.398007
fertilizer_factory_v2,chemist,1,14,28706.66,12132.3153,1289.0786,8.0,9426.6559,3.0453,7764.2344,10386.9669,2.3118,0.37268
fertilizer_factory_v2,chemist,1,15,31106.58,13345.548,1327.7514,8.0,10448.5231,2.9771,8676.8113,11548.0786,2.3486,0.348964
fertilizer_factory_v2,chemist,1,16,33794.49,14680.1019,1367.584,8.0,11574.9305,2.9196,9684.7055,12828.9482,2.3863,0.326757
fertilizer_factory_v2,chemist,1,17,36804.95,16148.1121,1408.611,8.0,12816.406,2.8717,10797.5732,14241.6646,2.4249,0.305963
fertilizer_factory_v2,chemist,1,18,40176.67,17762.9236,1450.8695,8.0,14184.5271,2.8324,12026.0346,15799.5224,2.4645,0.286493
fertilizer_factory_v2,chemist,1,19,43952.99,19539.2188,1494.396,8.0,15692.0358,2.801,13381.781,17517.155,2.505,0.268262
fertilizer_factory_v2,chemist,1,20,60366.24,25684.302,1505.3649,8.0,21028.7152,2.8707,18281.3942,23647.4549,3.0756,0.205577
fertilizer_factory_v2,chemist,1,21,65103.26,28252.7328,1550.5255,8.0,23223.9603,2.8033,20268.398,26155.0208,2.1579,0.192495
fertilizer_factory_v2,chemist,1,22,70408.72,31078.0061,1597.0409,8.0,25641.4797,2.7459,22458.8434,28917.6031,2.1946,0.180245
fertilizer_factory_v2,chemist,1,23,76350.84,34185.8042,1644.9529,8.0,28303.5807,2.6976,24873.2141,31960.8282,2.2321,0.168775
fertilizer_factory_v2,chemist,1,24,83006.01,37604.3846,1694.3012,8.0,31234.8126,2.6575,27534.0559,35312.8998,2.2704,0.158035
fertilizer_factory_v2,chemist,1,25,90459.8,41364.8256,1745.1302,8.0,34462.1749,2.6249,30466.1651,39004.8361,2.3096,0.147978
fertilizer_factory_v2,chemist,1,26,98808.05,45501.306,1797.4844,8.0,38015.3648,2.5992,33696.8182,43070.7565,2.3495,0.138561
fertilizer_factory_v2,chemist,1,27,108158.09,50051.4381,1851.4088,8.0,41927.0655,2.5797,37256.0373,47548.2124,2.3903,0.129744
fertilizer_factory_v2,chemist,1,28,118630.13,55056.5819,1906.9505,8.0,46233.2194,2.5659,41176.8398,52478.5002,2.4319,0.121487
fertilizer_factory_v2,chemist,1,29,130358.81,60562.2398,1964.1591,8.0,50973.3702,2.5574,45495.5532,57907.0555,2.4743,0.113756
fertilizer_factory_v2,chemist,1,30,179141.16,83939.2639,1952.276,8.0,71321.7195,2.5117,64214.9971,81300.0949,2.3974,0.081579
fertilizer_factory_v2,chemist,1,31,193853.62,92333.1881,2010.8447,8.0,78573.4787,2.4672,70842.2834,89615.0834,2.0288,0.076387
fertilizer_factory_v2,chemist,1,32,210331.58,101566.5075,2071.17,8.0,86553.9836,2.4301,78138.451,98767.0998,2.0648,0.071526
fertilizer_factory_v2,chemist,1,33,228786.89,111723.1579,2133.3049,8.0,95336.2121,2.3998,86170.569,108840.0083,2.1014,0.066975
fertilizer_factory_v2,chemist,1,34,249456.84,122895.4753,2197.3036,8.0,105000.4493,2.3758,95012.4248,119926.0717,2.1388,0.062713
fertilizer_factory_v2,chemist,1,35,272607.18,135185.0228,2263.2229,8.0,115635.006,2.3575,104745.184,132126.777,2.1769,0.058722
fertilizer_factory_v2,chemist,1,36,298535.56,148703.5242,2331.1203,8.0,127337.0314,2.3445,115458.139,145553.77,2.2157,0.054985
fertilizer_factory_v2,chemist,1,37,327575.35,163573.8772,2401.0534,8.0,140213.3967,2.3363,127249.5216,160329.871,2.2553,0.051486
fertilizer_factory_v2,chemist,1,38,360099.92,179931.2643,2473.0853,8.0,154381.6557,2.3325,140227.3834,176590.1775,2.2956,0.048209
fertilizer_factory_v2,chemist,1,39,396527.43,197924.3932,2547.2781,8.0,169971.1302,2.3329,154510.5975,194483.3136,2.3367,0.045142
fertilizer_factory_v2,chemist,1,40,512271.73,288474.8018,2500.3823,8.0,248790.785,2.059,227021.268,285096.9257,1.4685,0.030402
fertilizer_factory_v2,chemist,1,41,557966.41,317322.2817,2575.3934,8.0,273822.8328,2.0377,249986.7353,313843.3098,1.8254,0.028467
fertilizer_factory_v2,chemist,1,42,609144.44,349054.5105,2652.6557,8.0,301362.6536,2.0213,275256.6248,345471.4087,1.8583,0.026656
fertilizer_factory_v2,chemist,1,43,666463.84,383959.9593,2732.235,8.0,331661.1602,2.0095,303061.615,380269.6051,1.8918,0.024959
fertilizer_factory_v2,chemist,1,44,730661.57,422355.9571,2814.202,8.0,364994.367,2.0018,333655.4628,418555.1323,1.9259,0.023371
fertilizer_factory_v2,chemist,1,45,802563.02,464591.5516,2898.6286,8.0,401665.883,1.9981,367317.2984,460676.9413,1.9607,0.021884
fertilizer_factory_v2,chemist,1,46,883092.65,511050.7065,2985.5875,8.0,442009.6935,1.9979,404354.1838,507018.8977,1.9961,0.020491
fertilizer_factory_v2,chemist,1,47,973285.82,562155.7784,3075.1551,8.0,486393.1823,2.001,445103.8901,558003.2555,2.0321,0.019187
fertilizer_factory_v2,chemist,1,48,1074302.19,618371.3546,3167.4092,8.0,535220.4725,2.0072,489937.9699,614094.4968,2.0689,0.017966
fertilizer_factory_v2,chemist,1,49,1187440.52,680208.4923,3262.4315,8.0,588936.1129,2.0162,539265.1466,675803.5686,2.1062,0.016823
fertilizer_factory_v2,chemist,1,50,1554195.92,1040038.7827,3158.6862,8.0,902078.7239,1.7229,827284.9969,1035773.6812,1.1712,0.010653
reagent_factory_v2,chemist,2,1,29493.55,5387.025,1370.0,19.6,3477.7597,8.4806,2235.02,3562.425,,1.0
reagent_factory_v2,chemist,2,2,30893.55,5925.7275,1411.1,19.6,3910.6739,7.8998,2604.332,4046.9775,3.2339,0.936364
reagent_factory_v2,chemist,2,3,32461.55,6518.3002,1453.433,19.6,4389.3825,7.3955,3014.8907,4583.7757,3.2755,0.876777
reagent_factory_v2,chemist,2,4,34217.71,7170.1303,1497.036,19.6,4918.54,6.9569,3470.9502,5178.158,3.3188,0.820982
reagent_factory_v2,chemist,2,5,36184.61,7887.1433,1541.9473,19.6,5503.2685,6.5751,3977.1936,5835.9996,3.3638,0.768738
reagent_factory_v2,chemist,2,6,38387.54,8675.8576,1588.2054,19.6,6149.2055,6.2427,4538.778,6563.7681,3.4104,0.719818
reagent_factory_v2,chemist,2,7,40854.82,9543.4434,1635.8512,19.6,6862.5532,5.9533,5161.3779,7368.5795,3.4587,0.674011
reagent_factory_v2,chemist,2,8,43618.17,10497.7872,1684.9274,19.6,7650.136,5.7016,5851.2387,8258.2646,3.5086,0.63112
reagent_factory_v2,chemist,2,9,46713.12,11547.5675,1735.4749,19.6,8519.4686,5.4831,6615.2417,9241.4477,3.5601,0.590958
reagent_factory_v2,chemist,2,10,55604.76,14353.6258,1769.6633,19.6,10930.9954,5.0869,8808.8057,12002.4621,3.6871,0.484794
reagent_factory_v2,chemist,2,11,59487.07,15788.9878,1822.7535,19.6,12133.5718,4.9027,9877.46,13367.8768,3.2283,0.453944
reagent_factory_v2,chemist,2,12,63835.26,17367.8871,1877.437,19.6,13459.6396,4.7427,11058.5541,14874.7296,3.279,0.425057
reagent_factory_v2,chemist,2,13,68705.23,19104.6747,1933.7591,19.6,14921.6446,4.6044,12363.5011,16537.3118,3.331,0.398007
reagent_factory_v2,chemist,2,14,74159.6,21015.1401,1991.7718,19.6,16533.2784,4.4855,13804.8544,18371.3444,3.3844,0.37268
reagent_factory_v2,chemist,2,15,80268.49,23116.6562,2051.5257,19.6,18309.6116,4.384,15396.4365,20394.1337,3.439,0.348964
reagent_factory_v2,chemist,2,16,87110.45,25428.3202,2113.0716,19.6,20267.2143,4.2981,17153.4488,22624.7099,3.4951,0.326757
reagent_factory_v2,chemist,2,17,94773.44,27971.1523,2176.4628,19.6,22424.3278,4.2264,19092.6276,25084.0228,3.5524,0.305963
reagent_factory_v2,chemist,2,18,103355.99,30768.268,2241.757,19.6,24801.0126,4.1674,21232.3789,27795.1122,3.6111,0.286493
reagent_factory_v2,chemist,2,19,112968.45,33845.0997,2309.0103,19.6,27419.3457,4.12,23592.9642,30783.3364,3.6712,0.268262
reagent_factory_v2,chemist,2,20,135180.89,44489.3816,2325.9586,19.6,36665.126,3.6869,32082.9674,41405.2887,2.4024,0.205577
reagent_factory_v2,chemist,2,21,147238.76,48938.3209,2395.7368,19.6,40474.9961,3.6378,35537.4515,45762.2939,3.1649,0.192495
reagent_factory_v2,chemist,2,22,160743.57,53832.153,2467.6084,19.6,44670.1018,3.5985,39344.7098,50561.4339,3.2192,0.180245
reagent_factory_v2,chemist,2,23,175868.96,59215.3639,2541.6377,19.6,49289.0898,3.5681,43540.2346,55847.1099,3.2746,0.168775
reagent_factory_v2,chemist,2,24,192809.39,65136.9003,2617.8864,19.6,54374.4901,3.546,48163.0906,61668.1872,3.3312,0.158035
reagent_factory_v2,chemist,2,25,211782.68,71650.5947,2696.423,19.6,59973.0773,3.5313,53256.2412,68078.4081,3.3889,0.147978
reagent_factory_v2,chemist,2,26,233032.76,78815.6504,2777.3161,19.6,66136.2989,3.5235,58866.9462,75136.8858,3.4479,0.138561
reagent_factory_v2,chemist,2,27,256832.85,86697.2181,2860.6354,19.6,72920.775,3.5221,65047.2215,82908.6788,3.508,0.129744
reagent_factory_v2,chemist,2,28,283488.95,95366.9399,2946.4535,19.6,80388.7712,3.5265,71854.2717,91465.3336,3.5694,0.121487
reagent_factory_v2,chemist,2,29,313343.78,104903.6334,3034.8473,19.6,88608.7919,3.5363,79351.0358,100885.5667,3.632,0.113756
reagent_factory_v2,chemist,2,30,408661.84,145396.435,3016.4866,19.6,123853.5032,3.2996,111772.8182,141402.559,2.7045,0.081579
reagent_factory_v2,chemist,2,31,446111.74,159936.0748,3106.9819,19.6,136424.2588,3.27,123268.787,155822.9694,2.9791,0.076387
reagent_factory_v2,chemist,2,32,488055.63,175929.6833,3200.1912,19.6,150257.6061,3.2481,135923.8598,171693.773,3.0321,0.071526
reagent_factory_v2,chemist,2,33,535032.79,193522.6511,3296.1967,19.6,165479.9633,3.2332,149854.2258,189160.2518,3.0861,0.066975
reagent_factory_v2,chemist,2,34,587647.21,212874.9189,3395.0819,19.6,182230.4062,3.2247,165187.7122,208382.2365,3.1411,0.062713
reagent_factory_v2,chemist,2,35,646575.36,234162.4108,3496.9346,19.6,200661.9123,3.2222,182064.9268,229535.5357,3.1971,0.058722
reagent_factory_v2,chemist,2,36,712574.88,257578.6503,3601.8437,19.6,220942.7697,3.2252,200640.5547,252813.5555,3.2543,0.054985
reagent_factory_v2,chemist,2,37,786494.35,283336.5164,3709.8984,19.6,243258.1057,3.2332,221084.7656,278429.0576,3.3125,0.051486
reagent_factory_v2,chemist,2,38,869284.15,311670.1669,3821.1958,19.6,267811.5529,3.2459,243584.7399,306616.0718,3.3718,0.048209
reagent_factory_v2,chemist,2,39,962008.73,342837.1879,3935.8319,19.6,294827.1278,3.263,268346.4025,337632.0576,3.4323,0.045142
reagent_factory_v2,chemist,2,40,1247904.55,499685.1991,3863.3726,19.6,431347.9371,2.893,393933.5004,494575.5352,2.0942,0.030402
reagent_factory_v2,chemist,2,41,1364218.26,549653.7185,3979.2732,19.6,474719.7154,2.8737,433734.4649,544391.3534,2.6818,0.028467
reagent_factory_v2,chemist,2,42,1494489.62,604619.0914,4098.6523,19.6,522435.73,2.8606,477527.6947,599199.4422,2.7301,0.026656
reagent_factory_v2,chemist,2,43,1640393.54,665080.9968,4221.6112,19.6,574930.6135,2.8532,525712.7807,659499.347,2.7794,0.024959
reagent_factory_v2,chemist,2,44,1803805.93,731589.0997,4348.2594,19.6,632682.479,2.851,578729.2906,725840.5885,2.8296,0.023371
reagent_factory_v2,chemist,2,45,1986827.81,804748.0075,4478.7081,19.6,696217.2385,2.8537,637060.7438,798827.6278,2.8807,0.021884
reagent_factory_v2,chemist,2,46,2191812.31,885222.8077,4613.0695,19.6,766113.4203,2.861,701239.0419,879125.4045,2.9327,0.020491
reagent_factory_v2,chemist,2,47,2421394.96,973745.0906,4751.4614,19.6,843007.4054,2.8723,771849.2804,967465.3535,2.9857,0.019187
reagent_factory_v2,chemist,2,48,2678527.52,1071119.597,4894.0044,19.6,927599.2135,2.8876,849535.071,1064652.0569,3.0397,0.017966
reagent_factory_v2,chemist,2,49,2966515.99,1178231.5605,5040.8246,19.6,1020658.8882,2.9065,935004.4115,1171570.5821,3.0947,0.016823
reagent_factory_v2,chemist,2,50,3861512.04,1801516.0524,4880.5264,19.6,1563055.8557,2.4705,1433872.4524,1795066.2699,1.6501,0.010653
acid_alkali_plant,chemist,3,1,70509.2,8388.493,1966.6667,47.6,5545.5769,12.7145,3713.1944,5740.893,,1.0
acid_alkali_plant,chemist,3,2,73909.2,9227.3423,2025.6667,47.6,6224.0458,11.8748,4295.7738,6501.7423,5.0113,0.936364
acid_alkali_plant,chemist,3,3,77717.2,10150.0765,2086.4367,47.6,6973.9547,11.1439,4942.8062,7344.1365,5.078,0.876777
acid_alkali_plant,chemist,3,4,81982.16,11165.0842,2149.0298,47.6,7802.5553,10.5071,5660.9227,8276.394,5.1472,0.820982
acid_alkali_plant,chemist,3,5,86758.92,12281.5926,2213.501,47.6,8717.8277,9.9519,6457.4225,9307.6692,5.2189,0.768738
acid_alkali_plant,chemist,3,6,92108.89,13509.7519,2279.9055,47.6,9728.5543,9.4679,7340.3432,10448.0395,5.2932,0.719818
acid_alkali_plant,chemist,3,7,98100.85,14860.727,2348.3023,47.6,10844.3976,9.0462,8318.5282,11708.5918,5.3699,0.674011
acid_alkali_plant,chemist,3,8,104811.85,16346.7989,2418.7522,47.6,12075.9886,8.6794,9401.7108,13101.5265,5.449,0.63112
acid_alkali_plant,chemist,3,9,112328.17,17981.4813,2491.3143,47.6,13435.0333,8.3608,10600.6136,14640.2793,5.5306,0.590958
acid_alkali_plant,chemist,3,10,129335.0,22350.9802,2540.3925,47.6,17193.7993,7.5222,14022.5954,18944.8952,4.5246,0.484794
acid_alkali_plant,chemist,3,11,138763.47,24586.0774,2616.6048,47.6,19072.0292,7.2758,15696.3548,21079.2372,5.0199,0.453944
acid_alkali_plant,chemist,3,12,149323.35,27044.686,2695.1043,47.6,21142.7241,7.0626,17545.4924,23434.0668,5.0997,0.425057
acid_alkali_plant,chemist,3,13,161150.42,29749.1529,2775.9559,47.6,23425.2694,6.8793,19587.7885,26031.6451,5.1815,0.398007
acid_alkali_plant,chemist,3,14,174396.74,32724.0648,2859.2344,47.6,25940.9905,6.7228,21842.8003,28896.46,5.2654,0.37268
acid_alkali_plant,chemist,3,15,189232.62,35996.4747,2945.0125,47.6,28713.3601,6.5904,24332.0609,32055.4683,5.3513,0.348964
acid_alkali_plant,chemist,3,16,205848.8,39596.1196,3033.3631,47.6,31768.1862,6.4797,27079.2511,35538.3108,5.4393,0.326757
acid_alkali_plant,chemist,3,17,224458.92,43555.7316,3124.3627,47.6,35133.8789,6.3887,30110.4412,39377.6182,5.5294,0.305963
acid_alkali_plant,chemist,3,18,245302.26,47911.3056,3218.094,47.6,38841.682,6.3154,33454.3034,43609.2762,5.6215,0.286493
acid_alkali_plant,chemist,3,19,268646.8,52702.4437,3314.6377,47.6,42925.9792,6.2584,37142.3984,48272.7803,5.7157,0.268262
acid_alkali_plant,chemist,3,20,313320.15,69277.3593,3338.9673,47.6,57324.989,5.4657,50365.8364,64815.5313,3.1025,0.205577
acid_alkali_plant,chemist,3,21,342603.54,76205.0969,3439.1356,47.6,63264.9744,5.4154,55757.7742,71610.8431,4.9299,0.192495
acid_alkali_plant,chemist,3,22,375400.94,83825.6066,3542.3089,47.6,69805.057,5.3778,61699.422,79094.9542,5.0148,0.180245
acid_alkali_plant,chemist,3,23,412134.02,92208.1605,3648.5797,47.6,77005.4233,5.352,68246.0589,87337.0145,5.1016,0.168775
acid_alkali_plant,chemist,3,24,453275.07,101428.9766,3758.0365,47.6,84932.3059,5.3369,75458.5266,96413.125,5.1901,0.158035
acid_alkali_plant,chemist,3,25,499353.05,111571.8809,3870.7776,47.6,93658.5479,5.3316,83403.7384,106406.9817,5.2804,0.147978
acid_alkali_plant,chemist,3,26,550960.39,122729.0632,3986.9014,47.6,103264.2687,5.3354,92155.2984,117410.6444,5.3726,0.138561
acid_alkali_plant,chemist,3,27,608760.61,135001.9737,4106.5082,47.6,113837.643,5.3476,101794.2167,129525.4307,5.4666,0.129744
acid_alkali_plant,chemist,3,28,673496.86,148502.171,4229.7021,47.6,125475.636,5.3676,112409.5836,142862.7614,5.5625,0.121487
acid_alkali_plant,chemist,3,29,746001.45,163352.3873,4356.5934,47.6,138284.9287,5.3947,124099.4197,157545.2231,5.6603,0.113756
acid_alkali_plant,chemist,3,30,949523.68,226406.4075,4330.2362,47.6,193164.8571,4.9156,174582.1718,220634.0885,3.7085,0.081579
acid_alkali_plant,chemist,3,31,1040473.44,249047.0424,4460.1443,47.6,212749.1893,4.8906,192499.8174,243102.9804,4.644,0.076387
acid_alkali_plant,chemist,3,32,1142337.18,273951.7483,4593.9485,47.6,234299.8739,4.8755,212222.876,267830.7927,4.7267,0.071526
acid_alkali_plant,chemist,3,33,1256424.56,301346.9223,4731.7666,47.6,258013.7735,4.8696,233932.288,295043.7665,4.811,0.066975
acid_alkali_plant,chemist,3,34,1384202.43,331481.6187,4873.7186,47.6,284107.4611,4.8721,257827.1171,324990.7975,4.8969,0.062713
acid_alkali_plant,chemist,3,35,1527313.64,364629.7806,5019.9304,47.6,312819.1577,4.8824,284126.3288,357945.6624,4.9844,0.058722
acid_alkali_plant,chemist,3,36,1687598.2,401092.7562,5170.5299,47.6,344410.9248,4.9,313070.8101,394209.5404,5.0736,0.054985
acid_alkali_plant,chemist,3,37,1867116.91,441202.0335,5325.6448,47.6,379171.0461,4.9242,344925.5595,434113.7505,5.1645,0.051486
acid_alkali_plant,chemist,3,38,2068177.86,485322.2351,5485.4149,47.6,417416.6216,4.9547,379982.0658,478022.7307,5.2571,0.048209
acid_alkali_plant,chemist,3,39,2293366.13,533854.4653,5649.9777,47.6,459496.4923,4.991,418561.0058,526337.4033,5.3514,0.045142
acid_alkali_plant,chemist,3,40,2950697.5,778092.8796,5545.9607,47.6,672074.4075,4.3904,614107.7627,770713.3316,3.0922,0.030402
acid_alkali_plant,chemist,3,41,3233173.66,855902.1668,5712.3387,47.6,739623.7384,4.3714,676105.6254,848302.6614,4.1818,0.028467
acid_alkali_plant,chemist,3,42,3549546.96,941492.3851,5883.7101,47.6,813938.1353,4.361,744320.7429,933666.3209,4.2572,0.026656
acid_alkali_plant,chemist,3,43,3903885.06,1035641.6178,6060.2204,47.6,895694.4037,4.3585,819375.3636,1027582.201,4.3341,0.024959
acid_alkali_plant,chemist,3,44,4300743.73,1139205.7846,6242.0269,47.6,985637.0571,4.3634,901953.9872,1130906.0134,4.4124,0.023371
acid_alkali_plant,chemist,3,45,4745225.44,1253126.3597,6429.289,47.6,1084585.0395,4.3752,992809.5542,1244579.0217,4.4921,0.021884
acid_alkali_plant,chemist,3,46,5243044.95,1378438.9948,6622.1679,47.6,1193439.2274,4.3932,1092770.344,1369636.6644,4.5733,0.020491
acid_alkali_plant,chemist,3,47,5800602.8,1516282.8976,6820.8327,47.6,1313190.5845,4.4172,1202747.4691,1507217.9256,4.656,0.019187
acid_alkali_plant,chemist,3,48,6425067.6,1667911.1832,7025.4565,47.6,1444929.1702,4.4466,1323743.1619,1658575.6916,4.7402,0.017966
acid_alkali_plant,chemist,3,49,7124468.17,1834702.3074,7236.2202,47.6,1589854.0838,4.4812,1456859.9156,1825088.179,4.826,0.016823
acid_alkali_plant,chemist,3,50,9300000.26,2805259.8225,7006.1084,47.6,2434439.3193,3.8202,2233651.0954,2795949.9097,2.5759,0.010653
polymer_factory_v2,chemist,4,1,142902.08,12111.567,2900.0,94.5,7931.8483,18.0162,5244.7536,8347.067,,1.0
polymer_factory_v2,chemist,4,2,149652.08,13322.7237,2987.0,94.5,8909.8646,16.7962,6083.179,9448.1237,6.9017,0.936364
polymer_factory_v2,chemist,4,3,157212.08,14654.9961,3076.61,94.5,9990.9809,15.7354,7014.5819,10666.9931,6.9928,0.876777
polymer_factory_v2,chemist,4,4,165679.28,16120.4957,3168.9083,94.5,11185.666,14.8117,8048.5341,12015.6876,7.0874,0.820982
polymer_factory_v2,chemist,4,5,175162.54,17732.5452,3263.9761,94.5,12505.4402,14.0069,9195.572,13507.4272,7.1855,0.768738
polymer_factory_v2,chemist,4,6,185783.8,19505.7998,3361.8946,94.5,13962.9825,13.3055,10467.2979,15156.7642,7.2871,0.719818
polymer_factory_v2,chemist,4,7,197679.61,21456.3797,3462.7508,94.5,15572.2422,12.6944,11876.4776,16979.7089,7.3921,0.674011
polymer_factory_v2,chemist,4,8,211002.91,23602.0165,3566.6346,94.5,17348.5673,12.1626,13437.1613,18993.8789,7.5005,0.63112
polymer_factory_v2,chemist,4,9,225925.01,25962.2218,3673.633,94.5,19308.8573,11.7006,15164.8279,21218.6759,7.6122,0.590958
polymer_factory_v2,chemist,4,10,254857.55,32271.0402,3746.0025,94.5,24734.5678,10.3037,20103.3284,27435.9094,5.3325,0.484794
polymer_factory_v2,chemist,4,11,273575.83,35498.143,3858.3833,94.5,27444.3759,9.9684,22516.4394,30520.7924,6.9076,0.453944
polymer_factory_v2,chemist,4,12,294540.31,39047.9585,3974.1368,94.5,30432.0098,9.6786,25182.6616,33924.1198,7.0171,0.425057
polymer_factory_v2,chemist,4,13,318020.52,42952.7519,4093.3587,94.5,33725.4571,9.4297,28127.6635,37678.0359,7.1294,0.398007
polymer_factory_v2,chemist,4,14,344318.36,47248.0222,4216.1592,94.5,37355.5058,9.2173,31379.679,41817.9001,7.2445,0.37268
polymer_factory_v2,chemist,4,15,373771.94,51972.8293,4342.6456,94.5,41356.0448,9.0379,34969.795,46382.6364,7.3624,0.348964
polymer_factory_v2,chemist,4,16,406759.95,57170.1086,4472.9252,94.5,45764.3346,8.8881,38932.1991,51415.0446,7.4832,0.326757
polymer_factory_v2,chemist,4,17,443706.52,62887.1195,4607.1111,94.5,50621.3923,8.7652,43304.5289,56962.2409,7.6068,0.305963
polymer_factory_v2,chemist,4,18,485086.68,69175.8326,4745.3251,94.5,55972.3265,8.6665,48128.1784,63076.0419,7.7333,0.286493
polymer_factory_v2,chemist,4,19,531432.46,76093.4268,4887.6861,94.5,61866.7794,8.5899,53448.7123,69813.4757,7.8626,0.268262
polymer_factory_v2,chemist,4,20,612305.55,100024.8052,4923.562,94.5,82655.8666,7.4079,72540.0012,93699.4526,3.8902,0.205577
polymer_factory_v2,chemist,4,21,670441.69,110027.2882,5071.2677,94.5,91229.5228,7.349,80320.429,103515.0115,6.7808,0.192495
polymer_factory_v2,chemist,4,22,735554.17,121030.017,5223.4046,94.5,100669.5378,7.3066,88894.4067,114325.2084,6.8975,0.180245
polymer_factory_v2,chemist,4,23,808480.15,133133.009,5380.109,94.5,111062.808,7.2795,98341.7437,126229.8883,7.0167,0.168775
polymer_factory_v2,chemist,4,24,890157.24,146446.3099,5541.5114,94.5,122504.9597,7.2663,108750.2808,139338.9317,7.1383,0.158035
polymer_factory_v2,chemist,4,25,981635.58,161090.9506,5707.7568,94.5,135101.1636,7.2659,120216.6253,153773.1859,7.2624,0.147978
polymer_factory_v2,chemist,4,26,1084091.33,177200.0372,5878.9902,94.5,148967.0959,7.2774,132847.0444,169665.5737,7.389,0.138561
polymer_factory_v2,chemist,4,27,1198841.76,194920.0469,6055.3595,94.5,164230.0631,7.2998,146758.4983,187162.3851,7.5182,0.129744
polymer_factory_v2,chemist,4,28,1327362.25,214412.0516,6237.0184,94.5,181030.0639,7.3323,162079.6137,206424.4973,7.65,0.121487
polymer_factory_v2,chemist,4,29,1471305.2,235853.2556,6424.1293,94.5,199521.1249,7.3742,178951.9105,227628.9092,7.7845,0.113756
polymer_factory_v2,chemist,4,30,1845906.79,326892.6104,6385.2635,94.5,278759.1768,6.6219,251841.6931,318717.4493,4.7275,0.081579
polymer_factory_v2,chemist,4,31,2026468.82,359581.8629,6576.823,94.5,307032.1698,6.6002,277705.7559,351164.28,6.3864,0.076387
polymer_factory_v2,chemist,4,32,2228698.29,395540.0517,6774.1274,94.5,338144.1391,6.591,306176.3502,386872.7766,6.5001,0.071526
polymer_factory_v2,chemist,4,33,2455195.3,435094.0556,6977.3507,94.5,372379.3183,6.5933,337514.7184,426169.598,6.6159,0.066975
polymer_factory_v2,chemist,4,34,2708871.95,478603.4672,7186.6698,94.5,410050.3988,6.6062,372008.2691,469414.1127,6.734,0.062713
polymer_factory_v2,chemist,4,35,2992989.8,526463.814,7402.2703,94.5,451501.328,6.629,409973.1457,517001.6133,6.8543,0.058722
polymer_factory_v2,chemist,4,36,3311201.79,579110.1917,7624.3407,94.5,497110.4754,6.6609,451757.1423,569366.9571,6.9769,0.054985
polymer_factory_v2,chemist,4,37,3667599.22,637021.2133,7853.0695,94.5,547294.0701,6.7013,497742.8664,626988.5185,7.1019,0.051486
polymer_factory_v2,chemist,4,38,4066764.34,700723.3322,8088.6626,94.5,602509.9476,6.7497,548351.1719,690392.4902,7.2292,0.048209
polymer_factory_v2,chemist,4,39,4513829.28,770795.6751,8331.323,94.5,663261.7714,6.8055,604045.0556,760157.7422,7.3589,0.045142
polymer_factory_v2,chemist,4,40,5768462.66,1123434.6913,8177.942,94.5,970191.1569,5.9457,886386.34,1112990.8647,4.0877,0.030402
polymer_factory_v2,chemist,4,41,6329260.92,1235778.1592,8423.2791,94.5,1067716.5307,5.9278,975893.1087,1225023.8543,5.7503,0.028467
polymer_factory_v2,chemist,4,42,6957354.97,1359355.9776,8675.9793,94.5,1175009.3835,5.9211,1074376.3131,1348281.8762,5.854,0.026656
polymer_factory_v2,chemist,4,43,7660820.31,1495291.5668,8936.2572,94.5,1293046.9044,5.9246,1182734.3677,1483888.0793,5.9597,0.024959
polymer_factory_v2,chemist,4,44,8448701.49,1644820.7308,9204.3448,94.5,1422904.0408,5.9376,1301955.5674,1633077.9737,6.0673,0.023371
polymer_factory_v2,chemist,4,45,9331128.41,1809302.799,9480.477,94.5,1565763.2052,5.9595,1433127.0237,1797210.5919,6.1769,0.021884
polymer_factory_v2,chemist,4,46,10319446.56,1990233.0777,9764.8916,94.5,1722925.1069,5.9895,1577444.6248,1977780.939,6.2885,0.020491
polymer_factory_v2,chemist,4,47,11426362.89,2189256.3903,10057.838,94.5,1895820.5255,6.0271,1736223.8553,2176433.5229,6.4022,0.019187
polymer_factory_v2,chemist,4,48,12666109.18,2408182.0233,10359.5714,94.5,2086023.3182,6.0719,1910911.7615,2394977.3071,6.518,0.017966
polymer_factory_v2,chemist,4,49,14054625.02,2649000.2341,10670.3586,94.5,2295264.7767,6.1233,2103100.1494,2635402.2113,6.6359,0.016823
polymer_factory_v2,chemist,4,50,18308689.13,4050321.3501,10331.0412,94.5,3514709.3537,5.2092,3224666.0182,4037152.7393,3.4885,0.010653
lubricant_factory_v2,chemist,5,1,250515.06,13873.574,2800.0,168.0,9487.8494,26.4038,6730.8592,10245.574,,1.0
lubricant_factory_v2,chemist,5,2,262515.06,15260.9314,2884.0,168.0,10621.7703,24.7148,7714.7451,11529.1314,10.5827,0.936364
lubricant_factory_v2,chemist,5,3,275955.06,16787.0245,2970.52,168.0,11874.1989,23.2399,8805.8396,12948.3105,10.7312,0.876777
lubricant_factory_v2,chemist,5,4,291007.86,18465.727,3059.6356,168.0,13257.1395,21.951,10015.1282,14516.8916,10.8846,0.820982
lubricant_factory_v2,chemist,5,5,307867.0,20312.2997,3151.4252,168.0,14783.8008,20.8246,11354.702,16250.0386,11.0431,0.768738
lubricant_factory_v2,chemist,5,6,326749.23,22343.5297,3245.9672,168.0,16468.7193,19.8406,12837.8729,18164.4416,11.2066,0.719818
lubricant_factory_v2,chemist,5,7,347897.33,24577.8826,3343.3456,168.0,18327.8872,18.9819,14479.2877,20278.4627,11.375,0.674011
lubricant_factory_v2,chemist,5,8,371583.2,27035.6695,3443.6472,168.0,20378.8994,18.2337,16295.0648,22612.3055,11.5484,0.63112
lubricant_factory_v2,chemist,5,9,398111.38,29739.2406,3546.956,168.0,22641.1276,17.5835,18302.9585,25188.2164,11.7266,0.590958
lubricant_factory_v2,chemist,5,10,444332.56,36965.8743,3616.83,168.0,28867.5086,15.3921,23979.4545,32328.5058,7.4234,0.484794
lubricant_factory_v2,chemist,5,11,477609.51,40662.4604,3725.3356,168.0,31989.1386,14.9304,26773.9649,35891.01,10.6601,0.453944
lubricant_factory_v2,chemist,5,12,514879.69,44728.7078,3837.0976,168.0,35429.5409,14.5325,29859.3198,39819.1515,10.8331,0.425057
lubricant_factory_v2,chemist,5,13,556622.29,49201.5758,3952.2084,168.0,39220.7896,14.192,33264.948,44149.7754,11.0103,0.398007
lubricant_factory_v2,chemist,5,14,603374.0,54121.7278,4070.7744,168.0,43398.1695,13.9032,37023.2207,48923.4137,11.1916,0.37268
lubricant_factory_v2,chemist,5,15,655735.92,59533.9062,4192.8992,168.0,48000.5161,13.661,41169.7761,54184.6807,11.3772,0.348964
lubricant_factory_v2,chemist,5,16,714381.27,65487.2926,4318.6864,168.0,53070.5274,13.461,45743.8045,59982.6301,11.5671,0.326757
lubricant_factory_v2,chemist,5,17,780064.06,72036.0219,4448.2452,168.0,58655.2057,13.2991,50788.4497,66371.2617,11.7612,0.305963
lubricant_factory_v2,chemist,5,18,853628.78,79239.6255,4581.6932,168.0,64806.2411,13.172,56351.1606,73409.9617,11.9597,0.286493
lubricant_factory_v2,chemist,5,19,936021.27,87163.6005,4719.1452,168.0,71580.5161,13.0765,62484.1626,81164.0853,12.1626,0.268262
lubricant_factory_v2,chemist,5,20,1087532.46,114576.548,4753.784,168.0,95399.6446,11.3998,84362.5624,108534.2292,6.3609,0.205577
lubricant_factory_v2,chemist,5,21,1190885.6,126034.2055,4896.3964,168.0,105243.7339,11.3155,93314.7698,119815.6586,10.499,0.192495
lubricant_factory_v2,chemist,5,22,1306641.12,138637.6261,5043.2872,168.0,116080.9148,11.2563,103177.1701,132237.564,10.6813,0.180245
lubricant_factory_v2,chemist,5,23,1436287.3,152501.3776,5194.588,168.0,128010.7469,11.2201,114041.2201,145914.351,10.8674,0.168775
lubricant_factory_v2,chemist,5,24,1581491.02,167751.5154,5350.4248,168.0,141142.7888,11.2049,126007.5751,160971.919,11.0572,0.158035
lubricant_factory_v2,chemist,5,25,1744119.19,184526.678,5510.9376,168.0,155597.5341,11.2092,139186.936,177548.7337,11.2508,0.147978
lubricant_factory_v2,chemist,5,26,1926262.74,202979.3361,5676.2664,168.0,171507.5106,11.2314,153701.0693,195797.0926,11.4484,0.138561
lubricant_factory_v2,chemist,5,27,2130263.51,223277.2766,5846.554,168.0,189018.5687,11.2701,169683.9903,215884.6063,11.6498,0.129744
lubricant_factory_v2,chemist,5,28,2358744.38,245605.0043,6021.9488,168.0,208291.0983,11.3243,187283.0802,237995.5961,11.8553,0.121487
lubricant_factory_v2,chemist,5,29,2614642.95,270165.5033,6202.6076,168.0,229501.5593,11.3927,206660.4913,262332.8525,12.0647,0.113756
lubricant_factory_v2,chemist,5,30,3222053.23,374449.3855,6165.082,168.0,320261.184,10.0607,290143.8854,366663.1056,6.6925,0.081579
lubricant_factory_v2,chemist,5,31,3543052.4,411894.3143,6350.036,168.0,352677.3621,10.0462,319822.3974,403879.4841,9.9024,0.076387
lubricant_factory_v2,chemist,5,32,3902571.47,453083.7485,6540.5368,168.0,388346.4342,10.0492,352488.1936,444833.5137,10.0793,0.071526
lubricant_factory_v2,chemist,5,33,4305232.82,498392.122,6736.7524,168.0,427594.0115,10.0685,388440.569,489899.4208,10.2595,0.066975
lubricant_factory_v2,chemist,5,34,4756213.54,548231.3411,6938.8536,168.0,470778.3041,10.1029,428008.7925,539488.9006,10.4432,0.062713
lubricant_factory_v2,chemist,5,35,5261311.94,603054.4752,7147.0196,168.0,518293.3264,10.1512,471555.0508,594054.801,10.6303,0.058722
lubricant_factory_v2,chemist,5,36,5827022.15,663359.9186,7361.4324,168.0,570572.523,10.2126,519477.7863,654095.2914,10.8209,0.054985
lubricant_factory_v2,chemist,5,37,6460617.58,729695.9132,7582.274,168.0,628092.7061,10.2861,572215.3196,720158.3889,11.0152,0.051486
lubricant_factory_v2,chemist,5,38,7170244.47,802665.5018,7809.7432,168.0,691378.3499,10.3709,630249.7866,792846.8905,11.2131,0.048209
lubricant_factory_v2,chemist,5,39,7965026.58,882932.063,8044.036,168.0,761006.4235,10.4664,694111.5964,872823.9328,11.4147,0.045142
lubricant_factory_v2,chemist,5,40,10083583.21,1286873.4759,7895.944,168.0,1112564.2928,9.0634,1017486.8647,1276948.3451,6.0262,0.030402
lubricant_factory_v2,chemist,5,41,11080557.89,1415560.8221,8132.8212,168.0,1224316.2008,9.0504,1120081.4259,1405342.9788,8.9213,0.028467
lubricant_factory_v2,chemist,5,42,12197169.54,1557116.9071,8376.8076,168.0,1347257.7266,9.0533,1232960.3143,1546597.5663,9.0825,0.026656
lubricant_factory_v2,chemist,5,43,13447774.58,1712828.5881,8628.1104,168.0,1482508.2556,9.071,1357152.7049,1701998.7088,9.2466,0.024959
lubricant_factory_v2,chemist,5,44,14848452.23,1884111.4552,8886.9536,168.0,1631299.1564,9.1022,1493790.7338,1872961.7197,9.4137,0.023371
lubricant_factory_v2,chemist,5,45,16417211.2,2072522.5952,9153.564,168.0,1794984.8971,9.1462,1644119.7302,2061043.4054,9.584,0.021884
lubricant_factory_v2,chemist,5,46,18174221.24,2279774.8533,9428.1712,168.0,1975055.4534,9.2019,1809509.6259,2267956.3275,9.7573,0.020491
lubricant_factory_v2,chemist,5,47,20142072.49,2507752.3442,9711.016,168.0,2173149.7955,9.2686,1991467.3514,2495584.303,9.9339,0.019187
lubricant_factory_v2,chemist,5,48,22346065.89,2758527.5717,10002.3448,168.0,2391070.7874,9.3456,2191650.5401,2745999.5313,10.1137,0.017966
lubricant_factory_v2,chemist,5,49,24814538.49,3034380.3386,10302.4152,168.0,2630801.6333,9.4323,2411882.6481,3021481.4969,10.2969,0.016823
lubricant_factory_v2,chemist,5,50,32307155.28,4639567.5286,9974.7984,168.0,4027599.5153,8.0214,3696523.8253,4627073.5277,5.3641,0.010653
synthetic_materials,chemist,6,1,473277.8,21287.88,4740.0,322.0,14116.5156,33.5265,9598.304,15235.88,,1.0
synthetic_materials,chemist,6,2,496277.8,23416.668,4882.2,322.0,15844.8472,31.3211,11088.0344,17192.768,13.3076,0.936364
synthetic_materials,chemist,6,3,522037.8,25758.3348,5028.666,322.0,17754.6719,29.4028,12741.6688,19357.3778,13.4881,0.876777
synthetic_materials,chemist,6,4,550889.0,28334.1683,5179.526,322.0,19864.3988,27.7325,14576.0457,21750.8426,13.6753,0.820982
synthetic_materials,chemist,6,5,583202.34,31167.5851,5334.9127,322.0,22194.285,26.2771,16609.6991,24396.4185,13.8691,0.768738
synthetic_materials,chemist,6,6,619393.29,34284.3436,5494.9588,322.0,24766.6248,25.0092,18863.0368,27319.7036,14.0693,0.719818
synthetic_materials,chemist,6,7,659927.15,37712.778,5659.8065,322.0,27605.9452,23.9053,21358.5127,30548.86,14.2759,0.674011
synthetic_materials,chemist,6,8,705325.07,41484.0536,5829.6028,322.0,30739.2323,22.9454,24120.8388,34114.8756,14.4889,0.63112
synthetic_materials,chemist,6,9,756170.74,45632.4654,6004.4898,322.0,34196.1988,22.1127,27177.2376,38051.8733,14.7082,0.590958
synthetic_materials,chemist,6,10,829280.49,56721.1518,6122.7765,322.0,43740.4465,18.9591,35870.7567,48997.5675,7.6601,0.484794
synthetic_materials,chemist,6,11,893061.3,62393.2648,6306.461,322.0,48515.3794,18.4078,40132.9204,54447.6316,13.3574,0.453944
synthetic_materials,chemist,6,12,964495.81,68632.5935,6495.6581,322.0,53778.9938,17.9344,44840.5876,60458.2473,13.5714,0.425057
synthetic_materials,chemist,6,13,1044502.46,75495.8485,6690.5242,322.0,59580.4922,17.5309,50038.8925,67085.9364,13.7907,0.398007
synthetic_materials,chemist,6,14,1134109.91,83045.4249,6891.2395,322.0,65974.0013,17.1903,55777.4806,74392.8758,14.0154,0.37268
synthetic_materials,chemist,6,15,1234470.25,91349.9759,7097.9794,322.0,73019.097,16.9061,62111.0117,82447.5072,14.2454,0.348964
synthetic_materials,chemist,6,16,1346873.83,100484.9671,7310.9191,322.0,80781.2817,16.6731,69099.595,91325.0838,14.4809,0.326757
synthetic_materials,chemist,6,17,1472765.84,110533.4638,7530.2437,322.0,89332.6615,16.4863,76809.4055,101108.4477,14.7218,0.305963
synthetic_materials,chemist,6,18,1613764.89,121586.8123,7756.1521,322.0,98752.5344,16.3415,85313.2218,111888.7044,14.9683,0.286493
synthetic_materials,chemist,6,19,1771683.83,133745.5127,7988.8387,322.0,109128.1664,16.2349,94691.1522,123766.1191,15.2202,0.268262
synthetic_materials,chemist,6,20,2036166.35,175808.4689,8047.4772,322.0,145671.9228,13.9778,128253.5594,165758.1895,7.2374,0.205577
synthetic_materials,chemist,6,21,2234259.87,193389.3201,8288.8996,322.0,160757.2258,13.8983,141956.1067,183047.1946,13.1316,0.192495
synthetic_materials,chemist,6,22,2456124.61,212728.2521,8537.5648,322.0,177365.758,13.8478,157054.2546,202085.5251,13.3585,0.180245
synthetic_materials,chemist,6,23,2704613.12,234001.0603,8793.6954,322.0,195650.2675,13.8237,173688.3051,223048.707,13.5901,0.168775
synthetic_materials,chemist,6,24,2982920.25,257401.1663,9057.5048,322.0,215778.8455,13.824,192012.6758,246129.9041,13.8265,0.158035
synthetic_materials,chemist,6,25,3294624.24,283141.3,9329.2301,322.0,237936.3608,13.8467,212197.1949,271541.5598,14.0676,0.147978
synthetic_materials,chemist,6,26,3643732.71,311455.4151,9609.1081,322.0,262326.1471,13.8901,234428.6699,299517.3413,14.3137,0.138561
synthetic_materials,chemist,6,27,4034734.19,342600.9672,9897.3807,322.0,289171.9803,13.9527,258912.7027,330314.4121,14.5647,0.129744
synthetic_materials,chemist,6,28,4472655.85,376861.064,10194.299,322.0,318719.9455,14.0332,285875.4026,364215.5759,14.8207,0.121487
synthetic_materials,chemist,6,29,4963128.11,414547.1682,10500.1286,322.0,351240.7845,14.1303,315565.5417,401531.9748,15.0818,0.113756
synthetic_materials,chemist,6,30,6124668.82,574562.3719,10436.6031,322.0,490509.2788,12.4863,443672.9929,561623.9719,8.3403,0.081579
synthetic_materials,chemist,6,31,6739917.22,632018.5942,10749.7038,322.0,540223.7946,12.4762,489168.3196,618701.6991,12.3756,0.076387
synthetic_materials,chemist,6,32,7428995.43,695220.4578,11072.1944,322.0,594928.8492,12.4872,539246.0746,681513.7165,12.5962,0.071526
synthetic_materials,chemist,6,33,8200763.02,764742.5015,11404.3594,322.0,655124.0436,12.5179,594365.4621,750634.2189,12.8211,0.066975
synthetic_materials,chemist,6,34,9065142.73,841216.7623,11746.4879,322.0,721358.9987,12.5668,655031.678,826694.894,13.0502,0.062713
synthetic_materials,chemist,6,35,10033248.0,925338.4385,12098.8832,322.0,794238.2731,12.6325,721800.426,910390.5734,13.2837,0.058722
synthetic_materials,chemist,6,36,11117525.9,1017872.276,12461.8534,322.0,874426.9276,12.7141,795283.0407,1002485.6304,13.5216,0.054985
synthetic_materials,chemist,6,37,12331917.15,1119659.5078,12835.7067,322.0,962656.567,12.8103,876152.0462,1103820.9257,13.764,0.051486
synthetic_materials,chemist,6,38,13692035.35,1231625.4544,13220.7796,322.0,1059731.9271,12.9203,965147.1942,1215321.3728,14.011,0.048209
synthetic_materials,chemist,6,39,15215367.73,1354788.0168,13617.4038,322.0,1166538.2933,13.0432,1063082.3078,1338004.4717,14.2626,0.045142
synthetic_materials,chemist,6,40,19280587.85,1974603.5254,13366.7052,322.0,1705995.8936,11.3017,1559310.7625,1958123.04,7.5358,0.030402
synthetic_materials,chemist,6,41,21191455.99,2172063.8758,13767.7045,322.0,1877437.5291,11.2874,1716677.5439,2155098.6381,11.1459,0.028467
synthetic_materials,chemist,6,42,23331628.31,2389270.2676,14180.7386,322.0,2066047.7503,11.2929,1889823.1062,2371805.7292,11.3471,0.026656
synthetic_materials,chemist,6,43,25728621.31,2628197.2795,14606.1583,322.0,2273544.1354,11.3165,2080326.5861,2610218.4679,11.552,0.024959
synthetic_materials,chemist,6,44,28413253.47,2891017.0202,15044.3429,322.0,2501816.0893,11.3571,2289925.1019,2872508.5045,11.7607,0.023371
synthetic_materials,chemist,6,45,31420041.49,3180118.7137,15495.6762,322.0,2752941.9026,11.4133,2520529.4567,3161064.5988,11.9732,0.021884
synthetic_materials,chemist,6,46,34787644.07,3498130.583,15960.547,322.0,3029207.7913,11.4841,2774241.6459,3478514.504,12.1897,0.020491
synthetic_materials,chemist,6,47,38559358.96,3847943.6498,16439.3628,322.0,3333128.5897,11.5685,3053373.8756,3827748.7492,12.4102,0.019187
synthetic_materials,chemist,6,48,42783679.64,4232738.0041,16932.5408,322.0,3667470.6131,11.6657,3360469.592,4211946.9199,12.6347,0.017966
synthetic_materials,chemist,6,49,47514918.8,4656011.8194,17440.5172,322.0,4035276.893,11.7749,3698326.6798,4634606.6626,12.8634,0.016823
synthetic_materials,chemist,6,50,61756663.02,7119042.058,16885.9087,322.0,6178595.7099,9.9953,5669582.7833,7098307.3456,6.6447,0.010653
battery_chemistry,chemist,7,1,872135.1,25259.418,3875.0,595.0,18086.7937,48.2194,13800.0344,19579.418,,1.0
battery_chemistry,chemist,7,2,914635.1,27785.3598,3991.25,595.0,20183.2255,45.3166,15646.4128,21952.8098,20.2725,0.936364
battery_chemistry,chemist,7,3,962235.1,30563.8958,4110.9875,595.0,22496.3802,42.7729,17689.6354,24574.2193,20.578,0.876777
battery_chemistry,chemist,7,4,1015547.1,33620.2854,4234.3171,595.0,25048.1424,40.5438,19949.7526,27468.7686,20.8922,0.820982
battery_chemistry,chemist,7,5,1075256.54,36982.3139,4361.3474,595.0,27862.5909,38.5914,22448.8301,30664.1006,21.2153,0.768738
battery_chemistry,chemist,7,6,1142131.11,40680.5453,4492.1867,595.0,30966.2219,36.8831,25211.1561,34190.637,21.5472,0.719818
battery_chemistry,chemist,7,7,1217030.63,44748.5998,4626.9515,595.0,34388.184,35.391,28263.4526,38081.8454,21.8879,0.674011
battery_chemistry,chemist,7,8,1300918.09,49223.4573,4765.7617,595.0,38160.5451,34.0907,31635.1232,42374.548,22.2374,0.63112
battery_chemistry,chemist,7,9,1394872.05,54145.8106,4908.7338,595.0,42318.6068,32.9612,35358.5478,47109.2851,22.5956,0.590958
battery_chemistry,chemist,7,10,1525297.47,67303.2393,5005.4344,595.0,53681.4403,28.4139,45739.4399,60139.8177,11.4782,0.484794
battery_chemistry,chemist,7,11,1643153.32,74033.5607,5155.5984,595.0,59406.1773,27.6596,50898.451,66673.0852,20.5871,0.453944
battery_chemistry,chemist,7,12,1775151.87,81436.9193,5310.269,595.0,65712.5358,27.0139,56589.132,73873.476,20.931,0.425057
battery_chemistry,chemist,7,13,1922990.24,89580.6062,5469.5741,595.0,72658.9479,26.466,62865.1238,81808.1135,21.2827,0.398007
battery_chemistry,chemist,7,14,2088569.22,98538.6567,5633.661,595.0,80309.6963,26.0064,69785.4339,90550.8397,21.6422,0.37268
battery_chemistry,chemist,7,15,2274017.68,108392.5325,5802.673,595.0,88735.5278,25.6269,77415.0165,100182.9281,22.0095,0.348964
battery_chemistry,chemist,7,16,2481719.95,119231.7782,5976.7535,595.0,98014.2215,25.32,85825.2923,110793.7352,22.3849,0.326757
battery_chemistry,chemist,7,17,2714346.49,131154.956,6156.0536,595.0,108231.3951,25.0791,95094.8844,122481.625,22.7682,0.305963
battery_chemistry,chemist,7,18,2974888.22,144270.4541,6340.7361,595.0,119481.2047,24.8984,105310.2591,135354.772,23.1597,0.286493
battery_chemistry,chemist,7,19,3266694.96,158697.5223,6530.9599,595.0,131867.2593,24.7726,116566.578,149532.2175,23.5593,0.268262
battery_chemistry,chemist,7,20,3725853.79,208607.8842,6578.8975,595.0,175247.5684,21.2605,156422.9611,199379.6729,10.5845,0.205577
battery_chemistry,chemist,7,21,4091896.16,229468.6776,6776.2629,595.0,193224.7508,21.1769,172815.5478,219981.472,20.3615,0.192495
battery_chemistry,chemist,7,22,4501863.62,252415.5454,6979.5493,595.0,213011.6666,21.1344,190868.1124,242661.5756,20.7191,0.180245
battery_chemistry,chemist,7,23,4961027.17,277657.0797,7188.9388,595.0,234789.6327,21.1297,210747.2557,267628.3369,21.0839,0.168775
battery_chemistry,chemist,7,24,5475290.35,305422.7877,7404.6057,595.0,258758.1683,21.1599,232636.3215,295111.0341,21.4558,0.158035
battery_chemistry,chemist,7,25,6051265.11,335965.0867,7626.744,595.0,285136.7081,21.2223,256736.9533,325361.8304,21.835,0.147978
battery_chemistry,chemist,7,26,6696356.84,369561.5777,7855.5473,595.0,314166.5965,21.3147,283270.9413,358658.0724,22.2216,0.138561
battery_chemistry,chemist,7,27,7418859.58,406517.7481,8091.2131,595.0,346113.4354,21.4348,312482.3788,395304.9884,22.6158,0.129744
battery_chemistry,chemist,7,28,8228062.65,447169.5229,8333.947,595.0,381269.301,21.5807,344639.6978,435638.2337,23.0176,0.121487
battery_chemistry,chemist,7,29,9134370.08,491886.4726,8583.9659,595.0,419955.5309,21.7508,380038.2293,480027.0942,23.4271,0.113756
battery_chemistry,chemist,7,30,11243630.22,681754.6472,8532.0331,595.0,585186.0242,19.2138,532010.6681,669963.4179,12.7656,0.081579
battery_chemistry,chemist,7,31,12380502.26,749930.0942,8787.9963,595.0,644275.9752,19.2161,586167.081,737802.9753,19.2397,0.076387
battery_chemistry,chemist,7,32,13653798.95,824923.1087,9051.6358,595.0,709290.5314,19.2499,645766.0333,812450.0267,19.5848,0.071526
battery_chemistry,chemist,7,33,15079891.24,907415.417,9323.1841,595.0,780822.5926,19.3128,711352.5574,894585.9935,19.9364,0.066975
battery_chemistry,chemist,7,34,16677114.61,998156.9714,9602.8778,595.0,859524.4114,19.4027,783526.2605,984960.5176,20.2946,0.062713
battery_chemistry,chemist,7,35,18466004.78,1097972.6685,9890.9646,595.0,946113.4324,19.5177,862946.6879,1084398.1704,20.6595,0.058722
battery_chemistry,chemist,7,36,20469561.77,1207769.9278,10187.6966,595.0,1041378.8911,19.6562,950339.3973,1193806.0407,21.0313,0.054985
battery_chemistry,chemist,7,37,22713545.6,1328546.9256,10493.3256,595.0,1146188.982,19.8166,1046502.552,1314181.9744,21.41,0.051486
battery_chemistry,chemist,7,38,25226807.49,1461401.6131,10808.1268,595.0,1261498.6831,19.9975,1152314.1004,1446623.5616,21.7958,0.048209
battery_chemistry,chemist,7,39,28041660.81,1607541.7946,11132.3712,595.0,1388358.5483,20.1977,1268739.8788,1592338.2507,22.1887,0.045142
battery_chemistry,chemist,7,40,35457355.06,2342992.1548,10927.4225,595.0,2028378.6671,17.4806,1857407.5901,2328057.5565,11.5867,0.030402
battery_chemistry,chemist,7,41,38988307.06,2577291.3677,11255.2436,595.0,2231933.778,17.4684,2044355.2288,2561926.5835,17.3464,0.028467
battery_chemistry,chemist,7,42,42942973.3,2835020.5096,11592.9034,595.0,2455864.3674,17.4859,2250032.0526,2819212.6286,17.6602,0.026656
battery_chemistry,chemist,7,43,47372199.49,3118522.5428,11940.6885,595.0,2702208.5633,17.5309,2476312.0015,3102258.2781,17.9798,0.024959
battery_chemistry,chemist,7,44,52332932.83,3430374.8123,12298.909,595.0,2973208.3859,17.6015,2725256.4863,3413640.4698,18.3053,0.023371
battery_chemistry,chemist,7,45,57888954.17,3773412.2834,12667.8787,595.0,3271329.982,17.6958,2999133.0086,3756193.7574,18.6368,0.021884
battery_chemistry,chemist,7,46,64111698.07,4150753.5092,13047.9155,595.0,3599286.2165,17.8123,3300435.9341,4133036.2769,18.9743,0.020491
battery_chemistry,chemist,7,47,71081171.23,4565828.8702,13439.3525,595.0,3960061.2304,17.9495,3631909.0674,4547597.9715,19.3181,0.019187
battery_chemistry,chemist,7,48,78886981.17,5022411.7446,13842.5307,595.0,4356937.5661,18.1061,3996570.5996,5003651.772,19.6681,0.017966
battery_chemistry,chemist,7,49,87629488.31,5524652.9368,14257.8067,595.0,4793526.1131,18.2808,4397740.6393,5505348.0149,20.0246,0.016823
battery_chemistry,chemist,7,50,113809913.79,8447194.3238,13804.4085,595.0,7336531.5764,15.5128,6736453.8463,8428484.3775,10.2951,0.010653
high_purity_reagents,chemist,8,1,1626260.0,35490.481,4520.0,1120.0,25969.9185,62.6209,20492.3848,28310.481,,1.0
high_purity_reagents,chemist,8,2,1706260.0,39039.5291,4655.6,1120.0,28939.6183,58.9593,23128.2233,31677.7291,26.9387,0.936364
high_purity_reagents,chemist,8,3,1795860.0,42943.482,4795.268,1120.0,32214.5462,55.7469,26041.8836,35394.428,27.3594,0.876777
high_purity_reagents,chemist,8,4,1896212.0,47237.8302,4939.126,1120.0,35825.4726,52.9292,29261.5751,39495.9046,27.7912,0.820982
high_purity_reagents,chemist,8,5,2008606.24,51961.6132,5087.3007,1120.0,39806.2519,50.4596,32818.3396,44021.0287,28.2342,0.768738
high_purity_reagents,chemist,8,6,2134487.79,57157.7746,5239.9185,1120.0,44194.1348,48.298,36746.3419,49012.5741,28.6884,0.719818
high_purity_reagents,chemist,8,7,2275475.12,62873.552,5397.115,1120.0,49030.1002,46.4098,41083.169,54517.5969,29.1539,0.674011
high_purity_reagents,chemist,8,8,2433380.93,69160.9037,5559.0305,1120.0,54359.2297,44.7648,45870.1772,60587.8672,29.6307,0.63112
high_purity_reagents,chemist,8,9,2610235.44,76077.0047,5725.8004,1120.0,60231.1477,43.337,51152.9031,67280.3785,30.1187,0.590958
high_purity_reagents,chemist,8,10,2838929.28,94563.7123,5838.597,1120.0,76216.4503,37.2482,65773.0743,85615.8588,14.3065,0.484794
high_purity_reagents,chemist,8,11,3060775.58,104020.08,6013.756,1120.0,84291.1018,36.312,73075.4299,94837.3894,27.4744,0.453944
high_purity_reagents,chemist,8,12,3309243.44,114422.0915,6194.1718,1120.0,93183.8901,35.513,81126.4155,104997.516,27.9404,0.425057
high_purity_reagents,chemist,8,13,3587527.44,125864.2936,6379.9936,1120.0,102976.941,34.8382,90001.4445,116190.5854,28.4165,0.398007
high_purity_reagents,chemist,8,14,3899205.52,138450.7088,6571.393,1120.0,113760.6047,34.2755,99783.4776,128520.3899,28.9028,0.37268
high_purity_reagents,chemist,8,15,4248284.97,152295.7938,6768.5373,1120.0,125634.3132,33.8147,110563.8291,142101.162,29.3994,0.348964
high_purity_reagents,chemist,8,16,4639253.95,167525.3626,6971.5938,1120.0,138707.3789,33.4463,122442.8994,157058.4913,29.9064,0.326757
high_purity_reagents,chemist,8,17,5077139.21,184277.8988,7180.7387,1120.0,153100.1293,33.1622,135531.211,173530.6253,30.424,0.305963
high_purity_reagents,chemist,8,18,5567570.7,202705.6922,7396.1619,1120.0,168944.8914,32.955,149950.311,191669.5991,30.9523,0.286493
high_purity_reagents,chemist,8,19,6116853.97,222976.2934,7618.0487,1120.0,186387.2729,32.818,165833.9617,211642.7149,31.4913,0.268262
high_purity_reagents,chemist,8,20,6920871.45,293102.3252,7673.9656,1120.0,247348.2729,27.9803,221850.9118,281693.7784,13.189,0.205577
high_purity_reagents,chemist,8,21,7609892.39,322412.5648,7904.1828,1120.0,272647.8924,27.9111,244953.7777,310695.3641,27.2344,0.192495
high_purity_reagents,chemist,8,22,8381595.84,354653.8213,8141.3065,1120.0,300491.4879,27.893,270391.0973,342618.7069,27.7157,0.180245
high_purity_reagents,chemist,8,23,9245903.7,390119.1751,8385.5492,1120.0,331133.8545,27.922,298397.0162,377756.6025,28.2063,0.168775
high_purity_reagents,chemist,8,24,10213928.5,429131.0926,8637.1143,1120.0,364855.3611,27.9945,329229.2026,416431.2446,28.7065,0.158035
high_purity_reagents,chemist,8,25,11298116.28,472044.2302,8896.2278,1120.0,401964.3621,28.1073,363171.0424,458996.9867,29.2163,0.147978
high_purity_reagents,chemist,8,26,12512406.59,519248.6284,9163.1158,1120.0,442799.996,28.2575,400534.2291,505843.5661,29.736,0.138561
high_purity_reagents,chemist,8,27,13872411.74,571173.509,9438.0086,1120.0,487735.4853,28.4425,441661.7943,557399.8957,30.2657,0.129744
high_purity_reagents,chemist,8,28,15395617.51,628290.8599,9721.1459,1120.0,537181.2511,28.66,486930.969,614137.6421,30.8056,0.121487
high_purity_reagents,chemist,8,29,17101607.97,691119.9423,10012.7808,1120.0,591588.8305,28.9079,536756.7826,676575.7273,31.3558,0.113756
high_purity_reagents,chemist,8,30,20947953.94,957892.2346,9952.2038,1120.0,823733.4268,25.4305,750265.482,943429.2357,16.5688,0.081579
high_purity_reagents,chemist,8,31,23087948.38,1053681.4332,10250.7724,1120.0,906810.2749,25.4606,826448.988,1038818.141,25.7592,0.076387
high_purity_reagents,chemist,8,32,25484742.15,1159049.5836,10558.2951,1120.0,998213.021,25.5304,910282.2242,1143773.9932,26.2223,0.071526
high_purity_reagents,chemist,8,33,28169151.17,1274954.5384,10875.0432,1120.0,1098774.7609,25.6369,1002531.066,1259254.2814,26.6941,0.066975
high_purity_reagents,chemist,8,34,31175689.27,1402450.01,11201.2922,1120.0,1209411.9845,25.7776,1104038.0696,1386312.3483,27.1747,0.062713
high_purity_reagents,chemist,8,35,34543011.95,1542695.011,11537.3316,1120.0,1331132.781,25.9501,1215730.0113,1526106.8186,27.6643,0.058722
high_purity_reagents,chemist,8,36,38314413.35,1696964.5015,11883.4552,1120.0,1465046.1103,26.1524,1338626.4184,1679912.2585,28.163,0.054985
high_purity_reagents,chemist,8,37,42538382.92,1866660.9587,12239.9566,1120.0,1612371.8718,26.3825,1473848.8321,1849130.7514,28.671,0.051486
high_purity_reagents,chemist,8,38,47269228.83,2053327.0475,12607.1569,1120.0,1774451.9048,26.6388,1622630.9027,2035304.5318,29.1883,0.048209
high_purity_reagents,chemist,8,39,52567776.25,2258659.7806,12985.3724,1120.0,1952762.3351,26.9197,1786329.7659,2240130.1884,29.7153,0.045142
high_purity_reagents,chemist,8,40,66404986.91,3291996.615,12746.3096,1120.0,2851973.3657,23.2839,2613357.8276,3273787.5362,15.3882,0.030402
high_purity_reagents,chemist,8,41,73051484.8,3621196.2729,13128.6971,1120.0,3138044.391,23.2793,2876143.9727,3602474.5242,23.2337,0.028467
high_purity_reagents,chemist,8,42,80495562.44,3983315.9073,13522.5608,1120.0,3452745.8114,23.3135,3165248.8846,3964066.1023,23.6544,0.026656
high_purity_reagents,chemist,8,43,88832929.39,4381647.4732,13928.2354,1120.0,3798941.3369,23.3836,3483305.6255,4361853.7771,24.0828,0.024959
high_purity_reagents,chemist,8,44,98170780.38,4819812.2418,14346.0822,1120.0,4179781.1588,23.4871,3833210.6701,4799458.3351,24.5191,0.023371
high_purity_reagents,chemist,8,45,108629173.48,5301793.4518,14776.4676,1120.0,4598730.3763,23.6216,4218150.0601,5280862.524,24.9634,0.021884
high_purity_reagents,chemist,8,46,120342573.76,5831972.7935,15219.7621,1120.0,5059600.7373,23.785,4641628.5916,5810447.5372,25.4158,0.020491
high_purity_reagents,chemist,8,47,133461582.07,6415170.087,15676.3544,1120.0,5566585.1474,23.9755,5107501.538,6393032.6738,25.8766,0.019187
high_purity_reagents,chemist,8,48,148154871.38,7056687.078,16146.6423,1120.0,6124295.779,24.1913,5620009.6989,7033919.146,26.3457,0.017966
high_purity_reagents,chemist,8,49,164611355.4,7762355.8106,16631.0417,1120.0,6737806.149,24.431,6183818.086,7738938.4406,26.8235,0.016823
high_purity_reagents,chemist,8,50,213625586.08,11868642.0112,16102.1746,1120.0,10310735.2579,20.7188,9469640.3471,11845933.6975,13.7182,0.010653
chemical_concern_v2,chemist,9,1,3430538.6,61589.156,7553.3333,2380.0,44940.5657,76.335,35561.3248,49079.156,,1.0
chemical_concern_v2,chemist,9,2,3600538.6,67748.0716,7779.9333,2380.0,50101.6803,71.8646,40148.5573,54934.1716,32.9386,0.936364
chemical_concern_v2,chemist,9,3,3790938.6,74522.8788,8013.3313,2380.0,55792.7063,67.9468,45218.306,61395.9618,33.4562,0.876777
chemical_concern_v2,chemist,9,4,4004186.6,81975.1666,8253.7313,2380.0,62067.0488,64.5139,50819.5364,68525.8421,33.9873,0.820982
chemical_concern_v2,chemist,9,5,4243024.36,90172.6833,8501.3446,2380.0,68983.4646,61.5078,57006.1297,76391.2771,34.532,0.768738
chemical_concern_v2,chemist,9,6,4510522.65,99189.9516,8756.3829,2380.0,76606.6048,58.879,63837.3869,85066.506,35.0903,0.719818
chemical_concern_v2,chemist,9,7,4810120.74,109108.9468,9019.0728,2380.0,85007.5904,56.5846,71378.5483,94633.2,35.6623,0.674011
chemical_concern_v2,chemist,9,8,5145670.6,120019.8353,9289.6483,2380.0,94264.6627,54.5875,79701.3958,105181.2117,36.2479,0.63112
chemical_concern_v2,chemist,9,9,5521486.44,132021.8373,9568.3361,2380.0,104463.9461,52.8554,88884.9658,116809.4572,36.8473,0.590958
chemical_concern_v2,chemist,9,10,6023558.1,164103.136,9756.8295,2380.0,132210.6866,45.5603,114267.2645,148637.9617,18.0948,0.484794
chemical_concern_v2,chemist,9,11,6494981.49,180513.4434,10049.5363,2380.0,146232.9992,44.4153,126956.4503,164655.7114,33.6195,0.453944
chemical_concern_v2,chemist,9,12,7022975.69,198564.7939,10351.0276,2380.0,161675.3767,43.4387,140945.2938,182302.7229,34.1913,0.425057
chemical_concern_v2,chemist,9,13,7614329.19,218421.261,10661.5527,2380.0,178680.3462,42.6143,156364.6798,201742.7356,34.7753,0.398007
chemical_concern_v2,chemist,9,14,8276645.11,240263.3624,10981.3986,2380.0,197404.7086,41.9273,173358.5921,223155.8822,35.3719,0.37268
chemical_concern_v2,chemist,9,15,9018438.94,264289.7233,11310.8447,2380.0,218021.0244,41.365,192085.5115,246740.413,35.9809,0.348964
chemical_concern_v2,chemist,9,16,9849248.03,290718.6772,11650.1707,2380.0,240719.0006,40.916,212719.6857,272714.2867,36.6028,0.326757
chemical_concern_v2,chemist,9,17,10779754.21,319790.5449,11999.671,2380.0,265707.4603,40.57,235452.9294,301317.4292,37.2374,0.305963
chemical_concern_v2,chemist,9,18,11821921.13,351769.6055,12359.6628,2380.0,293216.0501,40.3181,260496.1902,332813.6941,37.8851,0.286493
chemical_concern_v2,chemist,9,19,12989148.08,386946.6215,12730.456,2380.0,323497.464,40.1522,288081.6133,367493.4284,38.546,0.268262
chemical_concern_v2,chemist,9,20,14662664.71,508641.3123,12823.8983,2380.0,429290.5502,34.1556,385297.2025,489062.8009,15.8188,0.205577
chemical_concern_v2,chemist,9,21,16126834.2,559505.4559,13208.6122,2380.0,473207.654,34.0798,425411.4464,539410.9932,33.3394,0.192495
chemical_concern_v2,chemist,9,22,17766704.03,615456.0015,13604.8676,2380.0,521539.8865,34.0659,469577.4998,594830.1089,33.9291,0.180245
chemical_concern_v2,chemist,9,23,19603358.23,677001.5524,14013.0195,2380.0,574729.4236,34.1088,518201.7126,655828.2751,34.5304,0.168775
chemical_concern_v2,chemist,9,24,21660410.94,744701.7076,14433.4079,2380.0,633262.8208,34.2045,571731.2543,722964.635,35.1432,0.158035
chemical_concern_v2,chemist,9,25,23964309.97,819171.9276,14866.4102,2380.0,697675.2001,34.3488,630657.9267,796854.1427,35.768,0.147978
chemical_concern_v2,chemist,9,26,26544676.89,901089.0773,15312.4044,2380.0,768555.1054,34.5384,695522.6553,878173.1563,36.4048,0.138561
chemical_concern_v2,chemist,9,27,29434687.84,991198.0158,15771.7754,2380.0,846550.2291,34.7702,766920.7495,967666.0187,37.0537,0.129744
chemical_concern_v2,chemist,9,28,32671500.1,1090317.8174,16244.9238,2380.0,932372.8174,35.0412,845506.8682,1066151.2669,37.7152,0.121487
chemical_concern_v2,chemist,9,29,36296729.83,1199349.593,16732.2724,2380.0,1026806.4689,35.3491,932001.2658,1174529.4448,38.3892,0.113756
chemical_concern_v2,chemist,9,30,44349752.37,1662298.5264,16631.0426,2380.0,1429660.1109,31.0212,1302512.2571,1637614.1404,19.9899,0.081579
chemical_concern_v2,chemist,9,31,48897240.55,1828528.3359,17129.9781,2380.0,1573845.9713,31.0686,1434747.7016,1803174.8128,31.5391,0.076387
chemical_concern_v2,chemist,9,32,53990427.31,2011381.1818,17643.8767,2380.0,1732480.8555,31.1637,1580259.1305,1985338.454,32.1063,0.071526
chemical_concern_v2,chemist,9,33,59694796.48,2212519.2938,18173.1916,2380.0,1907010.5089,31.3028,1740375.6477,2185766.686,32.6842,0.066975
chemical_concern_v2,chemist,9,34,66083689.95,2433771.254,18718.3836,2380.0,2099025.3972,31.483,1916559.4277,2406287.4729,33.2729,0.062713
chemical_concern_v2,chemist,9,35,73239250.64,2677148.3794,19279.9362,2380.0,2310274.9456,31.7015,2110418.7992,2648911.4835,33.8725,0.058722
chemical_concern_v2,chemist,9,36,81253478.61,2944863.1989,19858.3403,2380.0,2542683.627,31.9558,2323723.0487,2915850.5881,34.4833,0.054985
chemical_concern_v2,chemist,9,37,90229413.94,3239349.5311,20454.0868,2380.0,2798368.4365,32.2436,2558418.4947,3209537.9469,35.1055,0.051486
chemical_concern_v2,chemist,9,38,100282461.51,3563284.4719,21067.712,2380.0,3079657.9811,32.5629,2816646.0095,3532649.9366,35.7391,0.048209
chemical_concern_v2,chemist,9,39,111541874.79,3919612.9683,21699.7447,2380.0,3389113.9045,32.9118,3100760.7576,3888130.7952,36.3845,0.045142
chemical_concern_v2,chemist,9,40,140777858.59,5712835.8748,21300.2489,2380.0,4949565.3945,28.4425,4535938.3265,5681889.4774,18.7356,0.030402
chemical_concern_v2,chemist,9,41,154901666.6,6284119.4562,21939.2534,2380.0,5446026.1764,28.4431,4992006.6849,6252316.0709,28.449,0.028467
chemical_concern_v2,chemist,9,42,170720331.58,6912531.4141,22597.4357,2380.0,5992171.9612,28.4906,5493748.9777,6879845.3209,28.9642,0.026656
chemical_concern_v2,chemist,9,43,188437236.35,7603784.5124,23275.355,2380.0,6592972.367,28.5815,6045734.5775,7570189.2416,29.4888,0.024959
chemical_concern_v2,chemist,9,44,208280169.69,8364163.0006,23973.6153,2380.0,7253894.1652,28.7129,6652989.9775,8329631.272,30.0231,0.023371
chemical_concern_v2,chemist,9,45,230504255.04,9200579.276,24692.8286,2380.0,7980950.6092,28.8818,7321044.1779,9165082.9891,30.5672,0.021884
chemical_concern_v2,chemist,9,46,255395230.63,10120637.1975,25433.6142,2380.0,8780756.5174,29.0858,8055979.3366,10084147.4209,31.1213,0.020491
chemical_concern_v2,chemist,9,47,283273123.29,11132700.9418,26196.6217,2380.0,9660588.1585,29.3226,8864485.8209,11095187.8732,31.6855,0.019187
chemical_concern_v2,chemist,9,48,314496363.07,12245971.0052,26982.5159,2380.0,10628449.3858,29.5901,9753923.0304,12207403.9506,32.26,0.017966
chemical_concern_v2,chemist,9,49,349466391.62,13470568.1489,27791.9915,2380.0,11693144.6569,29.8864,10732386.5319,13430915.4824,32.8451,0.016823
chemical_concern_v2,chemist,9,50,453438549.63,20596498.6594,26908.2062,2380.0,17893473.0943,25.341,16434456.6183,20558031.2637,16.7688,0.010653
logging_site_v2,construction,1,1,10000.0,1677.0,222.4,8.0,1258.542,7.9457,1000.0,1336.6,,1.0
logging_site_v2,construction,1,2,10500.0,1844.7,229.072,8.0,1398.6364,7.5073,1124.152,1494.328,3.569,0.936364
logging_site_v2,construction,1,3,11060.0,2029.17,235.9442,8.0,1553.1465,7.121,1261.4198,1668.5268,3.6244,0.876777
logging_site_v2,construction,1,4,11687.2,2232.087,243.0225,8.0,1723.5261,6.781,1413.1359,1860.8645,3.6812,0.820982
logging_site_v2,construction,1,5,12389.66,2455.2957,250.3132,8.0,1911.3748,6.4821,1580.7668,2073.1765,3.7395,0.768738
logging_site_v2,construction,1,6,13176.42,2700.8253,257.8225,8.0,2118.4524,6.2198,1765.9264,2307.4826,3.7993,0.719818
logging_site_v2,construction,1,7,14057.59,2970.9078,265.5572,8.0,2346.6951,5.9904,1970.3905,2566.0049,3.8607,0.674011
logging_site_v2,construction,1,8,15044.5,3267.9984,273.524,8.0,2598.2328,5.7903,2196.1128,2851.1883,3.9235,0.63112
logging_site_v2,construction,1,9,16149.84,3594.7988,281.7296,8.0,2875.4101,5.6165,2445.2445,3165.7244,3.9878,0.590958
logging_site_v2,construction,1,10,20186.14,4468.3346,287.2796,8.0,3630.5578,5.5601,3135.7482,4030.9652,5.345,0.484794
logging_site_v2,construction,1,11,21572.68,4915.1679,295.8981,8.0,4011.8048,5.3773,3480.2872,4464.9174,3.6369,0.453944
logging_site_v2,construction,1,12,23125.6,5406.6849,304.7752,8.0,4431.7015,5.2182,3860.1851,4943.1666,3.6983,0.425057
logging_site_v2,construction,1,13,24864.87,5947.353,313.9183,8.0,4894.1283,5.0806,4279.005,5470.1695,3.7612,0.398007
logging_site_v2,construction,1,14,26812.86,6542.0877,323.3358,8.0,5403.3541,4.9623,4740.6665,6050.8286,3.8254,0.37268
logging_site_v2,construction,1,15,28994.61,7196.2971,333.036,8.0,5964.0772,4.8615,5249.4837,6690.5401,3.891,0.348964
logging_site_v2,construction,1,16,31438.17,7915.9263,343.0271,8.0,6581.4623,4.7768,5810.2004,7395.2366,3.9579,0.326757
logging_site_v2,construction,1,17,34174.95,8707.519,353.3178,8.0,7261.195,4.7065,6428.0385,8171.4487,4.0263,0.305963
logging_site_v2,construction,1,18,37240.15,9578.271,363.9173,8.0,8009.5277,4.6495,7108.7408,9026.3586,4.096,0.286493
logging_site_v2,construction,1,19,40673.17,10536.0996,374.835,8.0,8833.3403,4.6045,7858.6273,9967.8697,4.1672,0.268262
logging_site_v2,construction,1,20,50802.5,13849.7024,377.5863,8.0,11713.781,4.337,10505.3825,13277.3603,3.5166,0.205577
logging_site_v2,construction,1,21,55108.88,15234.673,388.9138,8.0,12908.8505,4.2691,11596.3677,14645.4008,3.6035,0.192495
logging_site_v2,construction,1,22,59932.03,16758.1403,400.5811,8.0,14224.1165,4.2134,12797.6406,16151.43,3.6671,0.180245
logging_site_v2,construction,1,23,65333.95,18433.9529,412.5987,8.0,15671.6182,4.1689,14120.2643,17809.2811,3.7319,0.168775
logging_site_v2,construction,1,24,71384.11,20277.3482,424.9766,8.0,17264.6033,4.1347,15576.4137,19634.1764,3.798,0.158035
logging_site_v2,construction,1,25,78160.28,22305.0844,437.7259,8.0,19017.6419,4.1099,17179.4787,21642.8574,3.8654,0.147978
logging_site_v2,construction,1,26,85749.59,24535.5917,450.8577,8.0,20946.7585,4.0937,18944.1867,23853.7378,3.9341,0.138561
logging_site_v2,construction,1,27,94249.62,26989.1517,464.3834,8.0,23069.5884,4.0854,20886.7462,26287.0822,4.0041,0.129744
logging_site_v2,construction,1,28,103769.66,29688.0668,478.3148,8.0,25405.5243,4.0845,23024.9813,28965.1755,4.0755,0.121487
logging_site_v2,construction,1,29,114432.1,32656.8734,492.6643,8.0,27975.9019,4.0904,25378.5023,31912.5352,4.1482,0.113756
logging_site_v2,construction,1,30,159045.71,45262.4262,489.6837,8.0,38945.326,4.0838,35467.4155,44522.5429,4.0671,0.081579
logging_site_v2,construction,1,31,172420.68,49788.6677,504.3743,8.0,42870.3752,4.0219,39066.3727,49026.8277,3.4076,0.076387
logging_site_v2,construction,1,32,187400.64,54767.5348,519.5055,8.0,47188.8255,3.9713,43026.7696,53983.0796,3.4688,0.071526
logging_site_v2,construction,1,33,204178.2,60244.2881,535.0906,8.0,51940.0418,3.931,47384.7945,59436.5393,3.5312,0.066975
logging_site_v2,construction,1,34,222969.06,66268.7177,551.1432,8.0,57167.3298,3.9003,52180.2593,65436.9767,3.5948,0.062713
logging_site_v2,construction,1,35,244014.83,72895.5895,567.6776,8.0,62918.3234,3.8783,57456.9552,72039.1362,3.6595,0.058722
logging_site_v2,construction,1,36,267586.09,80185.1479,584.7081,8.0,69245.4227,3.8643,63263.0563,79303.2407,3.7254,0.054985
logging_site_v2,construction,1,37,293985.9,88203.6631,602.2492,8.0,76206.2701,3.8578,69651.5567,87295.5388,3.7926,0.051486
logging_site_v2,construction,1,38,323553.69,97024.029,620.3167,8.0,83864.2697,3.8581,76680.7481,96088.9009,3.861,0.048209
logging_site_v2,construction,1,39,356669.61,106726.4333,638.9263,8.0,92289.1711,3.8647,84414.7572,105763.4913,3.9307,0.045142
logging_site_v2,construction,1,40,481630.97,155553.7758,627.1636,8.0,134779.1926,3.5735,123494.2753,154608.4144,2.941,0.030402
logging_site_v2,construction,1,41,523171.58,171109.1532,645.9784,8.0,148296.0021,3.5279,135910.355,170135.6711,3.0733,0.028467
logging_site_v2,construction,1,42,569697.07,188220.0688,665.3579,8.0,163165.6385,3.4915,149570.0183,187217.6221,3.1289,0.026656
logging_site_v2,construction,1,43,621805.61,207042.0745,685.3185,8.0,179523.4178,3.4636,164597.6819,206009.7946,3.1856,0.024959
logging_site_v2,construction,1,44,680167.18,227746.283,705.878,8.0,197518.1923,3.4436,181130.2094,226683.2746,3.2433,0.023371
logging_site_v2,construction,1,45,745532.14,250520.9106,727.0545,8.0,217313.6948,3.4307,199318.1467,249426.2518,3.302,0.021884
logging_site_v2,construction,1,46,818740.89,275573.0015,748.8662,8.0,239090.0378,3.4244,219327.102,274445.7429,3.3618,0.020491
logging_site_v2,construction,1,47,900734.69,303130.3023,771.3321,8.0,263045.3441,3.4243,241339.2437,301969.466,3.4228,0.019187
logging_site_v2,construction,1,48,992567.75,333443.3317,794.472,8.0,289397.548,3.4298,265554.9575,332247.9105,3.4848,0.017966
logging_site_v2,construction,1,49,1095420.78,366787.6661,818.3061,8.0,318386.3832,3.4405,292194.6737,365556.6222,3.548,0.016823
logging_site_v2,construction,1,50,1442106.08,560818.3404,792.284,8.0,487215.709,2.9599,447458.2463,559626.1893,2.0535,0.010653
lumber_mill_v2,construction,2,1,25493.55,5570.136,1710.0,16.8,3343.7023,7.6243,1874.3088,3513.336,,1.0
lumber_mill_v2,construction,2,2,26693.55,6127.1496,1761.3,16.8,3783.6732,7.0549,2242.9697,4009.1496,2.7275,0.936364
lumber_mill_v2,construction,2,3,28037.55,6739.8646,1814.139,16.8,4270.7652,6.565,2653.8831,4558.8286,2.7592,0.876777
lumber_mill_v2,construction,2,4,29542.83,7413.851,1868.5632,16.8,4809.7844,6.1422,3111.4361,5167.8879,2.7926,0.820982
lumber_mill_v2,construction,2,5,31228.74,8155.2361,1924.6204,16.8,5406.0197,5.7767,3620.4583,5842.3978,2.8276,0.768738
lumber_mill_v2,construction,2,6,33116.96,8970.7597,1982.3585,16.8,6065.293,5.4601,4186.27,6589.0408,2.8641,0.719818
lumber_mill_v2,construction,2,7,35231.77,9867.8357,2041.8289,16.8,6794.0099,5.1857,4814.7252,7415.1696,2.9021,0.674011
lumber_mill_v2,construction,2,8,37600.36,10854.6187,2103.0845,16.8,7599.2187,4.9479,5512.2682,8328.8758,2.9416,0.63112
lumber_mill_v2,construction,2,9,40253.18,11940.0823,2166.1767,16.8,8488.6818,4.742,6286.0008,9339.0715,2.9825,0.590958
lumber_mill_v2,construction,2,10,46370.3,14841.5215,2208.8497,16.8,10975.8085,4.2248,8543.1426,12189.6025,2.4595,0.484794
lumber_mill_v2,construction,2,11,49697.99,16325.6731,2275.1157,16.8,12209.369,4.0705,9631.065,13594.7001,2.6976,0.453944
lumber_mill_v2,construction,2,12,53425.01,17958.241,2343.3703,16.8,13570.3215,3.9369,10834.7373,15145.8413,2.7385,0.425057
lumber_mill_v2,construction,2,13,57599.27,19754.064,2413.6701,16.8,15071.5267,3.8217,12165.946,16857.7979,2.7806,0.398007
lumber_mill_v2,construction,2,14,62274.44,21729.4682,2486.0801,16.8,16727.1316,3.723,13637.6544,18746.8182,2.8238,0.37268
lumber_mill_v2,construction,2,15,67510.63,23902.4172,2560.6634,16.8,18552.7098,3.6389,15264.1386,20830.7906,2.8682,0.348964
lumber_mill_v2,construction,2,16,73375.16,26292.6573,2637.4835,16.8,20565.3852,3.5679,17061.1006,23129.3857,2.9138,0.326757
lumber_mill_v2,construction,2,17,79943.44,28921.923,2716.6069,16.8,22784.009,3.5088,19045.8281,25664.2586,2.9605,0.305963
lumber_mill_v2,construction,2,18,87299.91,31814.1158,2798.1055,16.8,25229.313,3.4603,21237.3344,28459.2251,3.0084,0.286493
lumber_mill_v2,construction,2,19,95539.16,34995.5324,2882.0494,16.8,27924.1143,3.4214,23656.5519,31540.4981,3.0575,0.268262
lumber_mill_v2,construction,2,20,117066.31,46001.6254,2903.2038,16.8,37481.0108,3.1233,32429.6946,42521.3542,2.2525,0.205577
lumber_mill_v2,construction,2,21,127401.62,50601.7891,2990.2992,16.8,41407.3802,3.0768,35979.1824,47017.6146,2.6323,0.192495
lumber_mill_v2,construction,2,22,138977.17,55661.968,3080.0075,16.8,45731.6896,3.039,39892.7631,51970.773,2.6769,0.180245
lumber_mill_v2,construction,2,23,151941.79,61228.1603,3172.4091,16.8,50493.8876,3.0091,44207.1146,57426.7319,2.7224,0.168775
lumber_mill_v2,construction,2,24,166462.16,67350.9764,3267.5809,16.8,55737.9381,2.9865,48962.6098,63436.0097,2.7689,0.158035
lumber_mill_v2,construction,2,25,182724.98,74086.0785,3365.6083,16.8,61512.193,2.9705,54203.6503,70054.1668,2.8164,0.147978
lumber_mill_v2,construction,2,26,200939.33,81494.6824,3466.577,16.8,67869.8357,2.9607,59979.0805,77342.3169,2.865,0.138561
lumber_mill_v2,construction,2,27,221339.41,89644.1534,3570.5741,16.8,74869.3981,2.9563,66342.6617,85367.7212,2.9145,0.129744
lumber_mill_v2,construction,2,28,244187.5,98608.5688,3677.6902,16.8,82575.2484,2.9572,73353.5198,94204.3489,2.965,0.121487
lumber_mill_v2,construction,2,29,269777.36,108469.4251,3788.0211,16.8,91058.2055,2.9627,81076.7085,103933.5824,3.0166,0.113756
lumber_mill_v2,construction,2,30,354923.41,150338.6223,3765.1037,16.8,127504.3453,2.7836,114606.4424,145830.1197,2.3362,0.081579
lumber_mill_v2,construction,2,31,387023.33,165372.4807,3878.0577,16.8,140485.532,2.7549,126464.098,160729.2259,2.4728,0.076387
lumber_mill_v2,construction,2,32,422975.24,181909.7299,3994.3993,16.8,154771.7216,2.7329,139519.385,177127.6816,2.5165,0.071526
lumber_mill_v2,construction,2,33,463241.38,200100.7023,4114.2309,16.8,170493.6141,2.7171,153892.4154,195175.697,2.5612,0.066975
lumber_mill_v2,construction,2,34,508339.45,220110.7753,4237.657,16.8,187794.9969,2.7069,169715.3347,215038.5248,2.6066,0.062713
lumber_mill_v2,construction,2,35,558849.29,242121.8528,4364.787,16.8,206834.0313,2.7019,187133.5018,236897.9386,2.653,0.058722
lumber_mill_v2,construction,2,36,615420.31,266334.0365,4495.7319,16.8,227784.7089,2.7018,206306.8313,260953.9071,2.7002,0.054985
lumber_mill_v2,construction,2,37,678779.85,292967.4412,4630.603,16.8,250838.4332,2.706,227411.2484,287426.413,2.7483,0.051486
lumber_mill_v2,construction,2,38,749742.54,322264.1842,4769.5217,16.8,276205.7404,2.7144,250640.2648,316557.4285,2.7974,0.048209
lumber_mill_v2,construction,2,39,829220.75,354490.6071,4912.6077,16.8,304118.2435,2.7266,276206.7741,348613.1523,2.8474,0.045142
lumber_mill_v2,construction,2,40,1077260.64,516670.0574,4822.1658,16.8,445293.0497,2.4192,406085.9973,510900.4982,1.757,0.030402
lumber_mill_v2,construction,2,41,1176958.11,568337.0626,4966.8301,16.8,490117.4863,2.4014,447202.605,562394.9215,2.2242,0.028467
lumber_mill_v2,construction,2,42,1288619.27,625170.77,5115.8361,16.8,539433.1765,2.3888,492446.0619,619050.8673,2.2642,0.026656
lumber_mill_v2,construction,2,43,1413679.77,687687.8431,5269.3103,16.8,593689.5076,2.3812,542229.5091,681384.8484,2.305,0.024959
lumber_mill_v2,construction,2,44,1553747.53,756456.6308,5427.3895,16.8,653380.8239,2.378,597007.4203,749965.0503,2.3465,0.023371
lumber_mill_v2,construction,2,45,1710623.43,832102.2916,5590.2123,16.8,719050.893,2.379,657279.7148,825416.4664,2.3888,0.021884
lumber_mill_v2,construction,2,46,1886324.43,915312.5202,5757.9188,16.8,791297.8872,2.3838,723596.3379,908426.6241,2.4319,0.020491
lumber_mill_v2,construction,2,47,2083109.55,1006843.7745,5930.6562,16.8,870779.7969,2.3922,796562.2353,999751.8057,2.4758,0.019187
lumber_mill_v2,construction,2,48,2303508.89,1107528.1491,6108.5749,16.8,958220.4136,2.4039,876842.857,1100223.9265,2.5206,0.017966
lumber_mill_v2,construction,2,49,2550356.15,1218280.9679,6291.8321,16.8,1054415.9321,2.4187,965170.2261,1210758.1226,2.5661,0.016823
lumber_mill_v2,construction,2,50,3355853.27,1862751.5963,6091.7519,16.8,1615279.4487,2.0776,1481046.8493,1855467.4432,1.4362,0.010653
brick_factory,construction,3,1,54509.2,6835.2386,1762.4,36.4,4381.7016,12.4402,2788.1909,4486.4386,,1.0
brick_factory,construction,3,2,57109.2,7518.7625,1815.272,36.4,4930.3687,11.5831,3255.702,5100.5905,4.7388,0.936364
brick_factory,construction,3,3,60021.2,8270.6387,1869.7302,36.4,5537.1224,10.8398,3775.5157,5781.0135,4.7993,0.876777
brick_factory,construction,3,4,63282.64,9097.7026,1925.8221,36.4,6207.868,10.1939,4353.029,6534.4807,4.8624,0.820982
brick_factory,construction,3,5,66935.45,10007.4728,1983.5971,36.4,6949.1039,9.6322,4994.1827,7368.4458,4.928,0.768738
brick_factory,construction,3,6,71026.6,11008.2201,2043.1045,36.4,7767.9826,9.1435,5705.5193,8291.1149,4.996,0.719818
brick_factory,construction,3,7,75608.69,12109.0421,2104.3972,36.4,8672.373,8.7183,6494.2378,9311.5163,5.0665,0.674011
brick_factory,construction,3,8,80740.63,13319.9457,2167.5299,36.4,9670.9337,8.3488,7368.2616,10439.585,5.1393,0.63112
brick_factory,construction,3,9,86488.4,14651.9423,2232.5554,36.4,10773.1985,8.0281,8336.3206,11686.2633,5.2145,0.590958
brick_factory,construction,3,10,97922.15,18212.3634,2276.5361,36.4,13832.5017,7.0791,11118.6865,15188.9785,3.7374,0.484794
brick_factory,construction,3,11,105132.15,20033.599,2344.8327,36.4,15357.5587,6.8456,12473.2302,16920.604,4.7277,0.453944
brick_factory,construction,3,12,113207.36,22036.9596,2415.1789,36.4,17039.2813,6.6439,13970.3994,18831.6652,4.8017,0.425057
brick_factory,construction,3,13,122251.59,24240.6542,2487.6329,36.4,18893.4606,6.4706,15624.674,20940.2947,4.8778,0.398007
brick_factory,construction,3,14,132381.13,26664.7169,2562.2617,36.4,20937.468,6.3227,17451.981,23266.4388,4.9557,0.37268
brick_factory,construction,3,15,143726.21,29331.1913,2639.1306,36.4,23190.4249,6.1977,19469.8572,25832.0556,5.0356,0.348964
brick_factory,construction,3,16,156432.7,32264.3084,2718.3046,36.4,25673.3553,6.0932,21697.5898,28661.2904,5.1175,0.326757
brick_factory,construction,3,17,170663.97,35490.7393,2799.8526,36.4,28409.4034,6.0073,24156.4125,31780.7242,5.2014,0.305963
brick_factory,construction,3,18,186602.99,39039.8139,2883.8486,36.4,31424.0218,5.9382,26869.6782,35219.5898,5.2872,0.286493
brick_factory,construction,3,19,204454.7,42943.8014,2970.3648,36.4,34745.2218,5.8844,29863.0939,39010.0616,5.3751,0.268262
brick_factory,construction,3,20,244435.84,56449.6245,2992.1675,36.4,46476.3196,5.2594,40635.0484,52487.2781,3.4081,0.205577
brick_factory,construction,3,21,266829.02,62094.5884,3081.9318,36.4,51309.3432,5.2004,45016.373,58014.4644,4.6334,0.192495
brick_factory,construction,3,22,291909.38,68304.0472,3174.3891,36.4,56631.1346,5.1546,49845.2542,64102.6124,4.7128,0.180245
brick_factory,construction,3,23,319999.39,75134.4464,3269.6221,36.4,62490.7292,5.1207,55166.724,70808.0588,4.7938,0.168775
brick_factory,construction,3,24,351460.2,82647.8911,3367.7102,36.4,68942.0893,5.0979,61030.3475,78192.8045,4.8766,0.158035
brick_factory,construction,3,25,386696.3,90912.6857,3468.7416,36.4,76044.5634,5.0851,67490.6362,86325.0385,4.9611,0.147978
brick_factory,construction,3,26,426160.74,100003.9494,3572.8043,36.4,83863.4283,5.0816,74607.5532,95279.7643,5.0473,0.138561
brick_factory,construction,3,27,470360.91,110004.3478,3679.9881,36.4,92470.5249,5.0866,82447.096,105139.5294,5.1353,0.129744
brick_factory,construction,3,28,519865.1,121004.7826,3790.3866,36.4,101944.8565,5.0995,91081.8461,115995.1132,5.2251,0.121487
brick_factory,construction,3,29,575309.79,133105.2602,3904.0984,36.4,112373.3427,5.1196,100591.6605,127946.3924,5.3167,0.113756
brick_factory,construction,3,30,738147.79,184483.8895,3880.4788,36.4,157093.2994,4.6988,141729.9935,179356.0125,3.6413,0.081579
brick_factory,construction,3,31,807697.61,202932.2737,3996.8941,36.4,173042.1123,4.6676,156314.0778,197651.6511,4.3608,0.076387
brick_factory,construction,3,32,885593.41,223225.5024,4116.8007,36.4,190592.9025,4.6465,172368.8009,217787.5534,4.4383,0.071526
brick_factory,construction,3,33,972836.7,245548.052,4240.3044,36.4,209906.0724,4.6346,190041.5849,239948.0569,4.5173,0.066975
brick_factory,construction,3,34,1070549.19,270102.8606,4367.5127,36.4,231158.0847,4.6312,209494.6194,264335.9588,4.5978,0.062713
brick_factory,construction,3,35,1179987.18,297113.1467,4498.5383,36.4,254543.0413,4.6357,230906.3098,291174.3295,4.6798,0.058722
brick_factory,construction,3,36,1302557.73,326824.4593,4633.4959,36.4,280274.4702,4.6474,254472.9236,320708.5678,4.7635,0.054985
brick_factory,construction,3,37,1439836.74,359506.9066,4772.4999,36.4,308587.2658,4.6659,280410.3754,353208.6315,4.8487,0.051486
brick_factory,construction,3,38,1593589.23,395457.5959,4915.6755,36.4,339739.8027,4.6906,308956.1635,388971.4637,4.9355,0.048209
brick_factory,construction,3,39,1765792.02,435003.361,5063.1461,36.4,374016.3189,4.7212,340371.5696,428323.7364,5.0239,0.045142
brick_factory,construction,3,40,2286632.81,634017.3956,4969.9328,36.4,547239.6247,4.1785,499722.6174,627460.0739,3.0068,0.030402
brick_factory,construction,3,41,2502643.99,697419.1345,5119.03,36.4,602269.4229,4.1554,550220.3626,690666.186,3.9253,0.028467
brick_factory,construction,3,42,2744576.51,767161.0493,5272.602,36.4,662811.2812,4.1408,605783.5364,760206.603,3.9961,0.026656
brick_factory,construction,3,43,3015540.94,843877.1495,5430.7792,36.4,729416.6742,4.1342,666919.1508,836715.1629,4.0682,0.024959
brick_factory,construction,3,44,3319021.1,928264.8685,5593.7025,36.4,802692.2465,4.1349,734184.9411,920889.1144,4.1416,0.023371
brick_factory,construction,3,45,3658918.88,1021091.3527,5761.5147,36.4,883305.291,4.1423,808194.4101,1013495.4165,4.2164,0.021884
brick_factory,construction,3,46,4039604.39,1123200.4873,5934.3603,36.4,971989.8624,4.156,889622.4493,1115377.7647,4.2926,0.020491
brick_factory,construction,3,47,4465972.16,1235520.5387,6112.3909,36.4,1069553.4206,4.1755,979211.4446,1227464.2268,4.3702,0.019187
brick_factory,construction,3,48,4943504.06,1359072.5892,6295.7616,36.4,1176884.172,4.2005,1077778.0289,1350775.6813,4.4492,0.017966
brick_factory,construction,3,49,5478339.79,1494979.8529,6484.6345,36.4,1294959.172,4.2305,1186220.5306,1486435.1297,4.5296,0.016823
brick_factory,construction,3,50,7175013.19,2285824.1906,6278.4231,36.4,1983173.1497,3.6179,1819205.3178,2277550.0321,2.4653,0.010653
cement_factory,construction,4,1,117902.08,10028.6212,2396.0,77.0,6573.3904,17.9363,4351.897,6895.6212,,1.0
cement_factory,construction,4,2,123402.08,11031.4833,2467.88,77.0,7383.3449,16.7136,5046.3667,7806.8033,6.7905,0.936364
cement_factory,construction,4,3,129562.08,12134.6317,2541.9164,77.0,8278.6723,15.6501,5817.8307,8815.5213,6.8802,0.876777
cement_factory,construction,4,4,136461.28,13348.0948,2618.1739,77.0,9268.0412,14.7239,6674.215,9931.7211,6.9733,0.820982
cement_factory,construction,4,5,144188.38,14682.9043,2696.7196,77.0,10360.9907,13.9165,7624.2441,11166.3488,7.07,0.768738
cement_factory,construction,4,6,152842.74,16151.1947,2777.6205,77.0,11568.0196,13.2125,8677.525,12531.4534,7.17,0.719818
cement_factory,construction,4,7,162535.62,17766.3142,2860.9486,77.0,12900.6781,12.599,9844.6285,14040.2913,7.2733,0.674011
cement_factory,construction,4,8,173391.64,19542.9446,2946.7781,77.0,14371.6749,12.0648,11137.1885,15707.4497,7.38,0.63112
cement_factory,construction,4,9,185550.39,21497.2421,3035.1809,77.0,15995.0032,11.6005,12568.0223,17548.993,7.49,0.590958
cement_factory,construction,4,10,207899.68,26721.0706,3094.9731,77.0,20487.7149,10.1475,16657.3969,22696.559,4.9746,0.484794
cement_factory,construction,4,11,223151.61,29393.1767,3187.8229,77.0,22731.6678,9.8168,18655.807,25250.239,6.7969,0.453944
cement_factory,construction,4,12,240233.78,32332.4954,3283.4592,77.0,25205.6714,9.5309,20863.8075,28067.5774,6.9047,0.425057
cement_factory,construction,4,13,259365.8,35565.7429,3381.9612,77.0,27932.9001,9.2853,23302.6525,31175.1897,7.0152,0.398007
cement_factory,construction,4,14,280793.67,39122.3132,3483.4198,77.0,30938.8472,9.0758,25995.7208,34602.3537,7.1285,0.37268
cement_factory,construction,4,15,304792.88,43034.5485,3587.9237,77.0,34251.5736,8.8987,28968.7532,38381.2985,7.2445,0.348964
cement_factory,construction,4,16,331672.0,47338.0004,3695.5616,77.0,37901.9317,8.7508,32250.0578,42547.4626,7.3634,0.326757
cement_factory,construction,4,17,361776.61,52071.8004,3806.427,77.0,41923.8849,8.6294,35870.7999,47139.8585,7.4851,0.305963
cement_factory,construction,4,18,395493.78,57278.9814,3920.6203,77.0,46354.7842,8.5319,39865.2547,52201.3906,7.6096,0.286493
cement_factory,construction,4,19,433257.0,63006.8886,4038.24,77.0,51235.7343,8.4561,44271.1509,57779.2787,7.7369,0.268262
cement_factory,construction,4,20,506109.91,82822.5516,4067.8809,77.0,68449.5735,7.3939,60079.2199,77557.1359,4.2322,0.205577
cement_factory,construction,4,21,553480.1,91104.8087,4189.9163,77.0,75548.9664,7.3261,66521.9725,85683.7418,6.6724,0.192495
cement_factory,construction,4,22,606534.71,100215.2896,4315.6129,77.0,83365.7287,7.2756,73621.8123,94633.9018,6.7873,0.180245
cement_factory,construction,4,23,665955.88,110236.8105,4445.0832,77.0,91971.8128,7.2409,81444.8237,104490.2888,6.9046,0.168775
cement_factory,construction,4,24,732507.59,121260.4916,4578.4349,77.0,101446.3993,7.2206,90063.7409,115343.8851,7.0242,0.158035
cement_factory,construction,4,25,807045.5,133386.5488,4715.788,77.0,111876.5718,7.2137,99558.557,127294.754,7.1464,0.147978
cement_factory,construction,4,26,890527.96,146725.1966,4857.2622,77.0,123358.1129,7.219,110017.2639,140452.9573,7.271,0.138561
cement_factory,construction,4,27,984028.31,161397.7213,5002.9798,77.0,135996.4351,7.2357,121536.7074,154939.6252,7.3982,0.129744
cement_factory,construction,4,28,1088748.71,177537.4934,5153.0676,77.0,149907.4605,7.2628,134223.3933,170887.9664,7.5279,0.121487
cement_factory,construction,4,29,1206035.55,195291.2418,5307.6599,77.0,165218.7262,7.2996,148194.5035,188444.5386,7.6602,0.113756
cement_factory,construction,4,30,1517640.53,270673.6595,5275.5487,77.0,230829.3664,6.5747,208548.6045,263867.9129,4.7493,0.081579
cement_factory,construction,4,31,1664765.15,297741.0185,5433.8165,77.0,254240.2757,6.548,229965.09,290733.4078,6.2844,0.076387
cement_factory,construction,4,32,1829544.72,327515.1223,5596.8308,77.0,280001.9236,6.534,253539.8517,320299.5936,6.3963,0.071526
cement_factory,construction,4,33,2014097.84,360266.6336,5764.7353,77.0,308349.6615,6.5319,279489.2039,352836.9495,6.5103,0.066975
cement_factory,construction,4,34,2220797.33,396293.3019,5937.6762,77.0,339542.4044,6.5406,308051.1273,388643.0389,6.6265,0.062713
cement_factory,construction,4,35,2452300.76,435922.6321,6115.8068,77.0,373864.948,6.5593,339487.3955,428045.1707,6.7449,0.058722
cement_factory,construction,4,36,2711584.61,479514.8923,6299.2829,77.0,411630.5902,6.5874,374085.9896,471403.4147,6.8656,0.054985
cement_factory,construction,4,37,3001982.52,527466.3836,6488.2602,77.0,453183.9773,6.6242,412163.7166,519113.8731,6.9885,0.051486
cement_factory,construction,4,38,3327228.18,580213.0199,6682.9088,77.0,498904.2066,6.6691,454069.0527,571612.243,7.1138,0.048209
cement_factory,construction,4,39,3691503.32,638234.3299,6883.3965,77.0,549208.3221,6.7215,500185.3692,629377.8392,7.2415,0.045142
cement_factory,construction,4,40,4732978.92,930226.5315,6756.6721,77.0,803351.7877,5.8915,733969.2171,921531.6727,4.098,0.030402
cement_factory,construction,4,41,5189925.65,1023249.1837,6959.3713,77.0,884105.1468,5.8703,808083.29,1014295.7903,5.6585,0.028467
cement_factory,construction,4,42,5701705.99,1125574.1041,7168.1539,77.0,972946.1866,5.8602,889630.0524,1116354.4169,5.7606,0.026656
cement_factory,construction,4,43,6274899.97,1238131.5075,7383.1973,77.0,1070684.0398,5.8606,979353.41,1228637.5412,5.8646,0.024959
cement_factory,construction,4,44,6916877.23,1361944.6642,7604.6932,77.0,1178208.7848,5.8707,1078071.6916,1352168.1891,5.9705,0.023371
cement_factory,construction,4,45,7635891.76,1498139.1266,7832.8355,77.0,1296499.4833,5.8896,1186685.0481,1488071.6653,6.0784,0.021884
cement_factory,construction,4,46,8441188.03,1647953.0383,8067.8208,77.0,1426633.1492,5.9169,1306183.6995,1637585.8629,6.1882,0.020491
cement_factory,construction,4,47,9343119.85,1812748.3461,8309.8551,77.0,1569794.4972,5.9518,1437656.8942,1802072.4658,6.3001,0.019187
cement_factory,construction,4,48,10353283.49,1994023.1757,8559.1493,77.0,1727286.713,5.994,1582302.8166,1983029.3308,6.4141,0.017966
cement_factory,construction,4,49,11484666.77,2193425.5003,8815.9239,77.0,1900543.3415,6.0428,1741439.5145,2182104.15,6.5301,0.016823
cement_factory,construction,4,50,14988320.69,3353747.5834,8535.5775,77.0,2910267.4552,5.1502,2670117.7005,3342783.8035,3.4699,0.010653
concrete_factory,construction,5,1,200515.06,11660.0832,2320.0,133.0,8010.1624,25.0326,5715.0666,8567.0832,,1.0
concrete_factory,construction,5,2,210015.06,12826.0915,2389.6,133.0,8964.0376,23.4286,6543.4732,9644.2915,9.9594,0.936364
concrete_factory,construction,5,3,220655.06,14108.7007,2461.288,133.0,10017.539,22.0269,7462.0285,10835.4367,10.0997,0.876777
concrete_factory,construction,5,4,232571.86,15519.5707,2535.1266,133.0,11180.7564,20.8011,8479.9666,12152.0988,10.2447,0.820982
concrete_factory,construction,5,5,245918.68,17071.5278,2611.1809,133.0,12464.7918,19.7291,9607.4509,13607.0212,10.3944,0.768738
concrete_factory,construction,5,6,260867.11,18778.6806,2689.5157,133.0,13881.8635,18.7919,10855.671,15214.2296,10.5488,0.719818
concrete_factory,construction,5,7,277609.36,20656.5487,2770.2006,133.0,15445.4128,17.9736,12236.938,16989.1547,10.7078,0.674011
concrete_factory,construction,5,8,296360.68,22722.2024,2853.3077,133.0,17170.2284,17.2601,13764.8004,18948.7753,10.8715,0.63112
concrete_factory,construction,5,9,317362.15,24994.4261,2938.9064,133.0,19072.5921,16.6397,15454.1813,21111.7869,11.0397,0.590958
concrete_factory,construction,5,10,352708.08,31068.0701,2996.802,133.0,24306.2933,14.511,20226.2531,27111.5641,6.7535,0.484794
concrete_factory,construction,5,11,379052.33,34174.876,3086.7066,133.0,26930.9973,14.0749,22576.8408,30103.6641,10.037,0.453944
concrete_factory,construction,5,12,408557.89,37592.3648,3179.3094,133.0,29823.6481,13.6991,25171.9276,33403.0044,10.2002,0.425057
concrete_factory,construction,5,13,441604.11,41351.5989,3274.687,133.0,33011.2034,13.3774,28036.2487,37040.55,10.3673,0.398007
concrete_factory,construction,5,14,478615.88,45486.7541,3372.9274,133.0,36523.3193,13.1044,31197.0123,41050.364,10.5383,0.37268
concrete_factory,construction,5,15,520069.06,50035.4342,3474.1165,133.0,40392.6364,12.8753,34684.1726,45469.9408,10.7133,0.348964
concrete_factory,construction,5,16,566496.63,55038.9741,3578.3402,133.0,44655.0416,12.6861,38530.6691,50340.5056,10.8923,0.326757
concrete_factory,construction,5,17,618495.5,60542.8715,3685.6889,133.0,49350.0389,12.5328,42772.7639,55707.4409,11.0754,0.305963
concrete_factory,construction,5,18,676734.24,66597.1599,3796.2601,133.0,54521.0728,12.4123,47450.3378,61620.6556,11.2625,0.286493
concrete_factory,construction,5,19,741961.63,73256.8863,3910.1489,133.0,60215.9516,12.3217,52607.2858,68135.0757,11.4537,0.268262
concrete_factory,construction,5,20,858260.92,96296.173,3938.8496,133.0,80235.1614,10.6968,70995.664,91137.7442,5.8094,0.205577
concrete_factory,construction,5,21,940082.16,105925.7926,4057.0142,133.0,88510.1273,10.6212,78522.1129,100616.6021,9.8878,0.192495
concrete_factory,construction,5,22,1031721.94,116518.3719,4178.7237,133.0,97619.7839,10.5688,86813.612,111053.8969,10.0596,0.180245
concrete_factory,construction,5,23,1134358.5,128170.1998,4304.0872,133.0,107647.8079,10.5377,95947.029,122545.7782,10.235,0.168775
concrete_factory,construction,5,24,1249311.45,140987.2197,4433.2091,133.0,118686.2792,10.5262,106006.9621,135198.0564,10.4138,0.158035
concrete_factory,construction,5,25,1378058.75,155085.951,4566.2054,133.0,130836.4687,10.5327,117086.4527,149127.1027,10.5963,0.147978
concrete_factory,construction,5,26,1522255.72,170594.538,4703.1922,133.0,144209.7609,10.5558,129287.8421,164460.9135,10.7825,0.138561
concrete_factory,construction,5,27,1683756.33,187653.9976,4844.2876,133.0,158928.7377,10.5944,142723.7667,181340.3548,10.9723,0.129744
concrete_factory,construction,5,28,1864637.02,206419.3974,4989.6147,133.0,175128.2009,10.6473,157518.0958,199920.3372,11.1658,0.121487
concrete_factory,construction,5,29,2067223.39,227061.3359,5139.3034,133.0,192956.4583,10.7134,173807.1136,220371.2936,11.3632,0.113756
concrete_factory,construction,5,30,2592188.92,314707.0098,5108.2108,133.0,269235.2451,9.628,243970.2916,308056.6374,6.8822,0.081579
concrete_factory,construction,5,31,2846313.26,346177.7026,5261.4584,133.0,296481.4225,9.6003,268916.9745,339331.8074,9.327,0.076387
concrete_factory,construction,5,32,3130932.52,380795.4752,5419.3019,133.0,326461.5608,9.5905,296374.4273,373748.1934,9.4936,0.071526
concrete_factory,construction,5,33,3449706.09,418875.0216,5581.8806,133.0,359449.3227,9.5972,326594.1964,411620.3119,9.6634,0.066975
concrete_factory,construction,5,34,3806732.49,460762.5296,5749.3358,133.0,395745.7685,9.6191,359853.0199,453294.17,9.8364,0.062713
concrete_factory,construction,5,35,4206602.06,506838.7825,5921.8162,133.0,435682.0507,9.6552,396455.3016,499150.3618,10.0127,0.058722
concrete_factory,construction,5,36,4654455.98,557522.6573,6099.4726,133.0,479622.4607,9.7044,436735.917,549607.5716,10.1923,0.054985
concrete_factory,construction,5,37,5156052.37,613274.9253,6282.4556,133.0,527967.7387,9.7658,481063.2569,605126.3785,10.3753,0.051486
concrete_factory,construction,5,38,5717840.32,674602.4155,6470.9301,133.0,581158.6823,9.8387,529842.5373,666213.4013,10.5617,0.048209
concrete_factory,construction,5,39,6347042.83,742062.6664,6665.0584,133.0,639680.209,9.9222,583519.5455,733425.9712,10.7516,0.045142
concrete_factory,construction,5,40,8096748.74,1081556.3313,6542.3536,133.0,935146.4506,8.6583,855298.5346,1073076.1905,5.9218,0.030402
concrete_factory,construction,5,41,8886020.36,1189711.9632,6738.6233,133.0,1029071.0957,8.635,941528.6357,1180981.4094,8.4032,0.028467
concrete_factory,construction,5,42,9770004.58,1308683.1619,6940.7834,133.0,1132400.1592,8.6277,1036402.3543,1299694.6795,8.555,0.026656
concrete_factory,construction,5,43,10760066.91,1439551.4699,7149.0058,133.0,1246074.4338,8.6352,1140784.6673,1430297.3246,8.7096,0.024959
concrete_factory,construction,5,44,11868936.71,1583506.6239,7363.4758,133.0,1371128.8288,8.6563,1255627.0853,1573978.8444,8.8671,0.023371
concrete_factory,construction,5,45,13110870.89,1741857.2816,7584.3816,133.0,1508701.713,8.6902,1381976.2529,1732047.6568,9.0275,0.021884
concrete_factory,construction,5,46,14501837.17,1916043.0086,7811.9133,133.0,1660045.3429,8.7358,1520983.537,1905943.0848,9.1908,0.020491
concrete_factory,construction,5,47,16059719.41,2107647.3141,8046.2704,133.0,1826537.198,8.7924,1673915.4457,2097248.3829,9.3571,0.019187
concrete_factory,construction,5,48,17804547.52,2318412.0397,8287.6571,133.0,2009692.5028,8.8593,1842165.1461,2307705.1323,9.5265,0.017966
concrete_factory,construction,5,49,19758755.0,2550253.2518,8536.2869,133.0,2211178.0495,8.9358,2027265.1712,2539229.1272,9.699,0.016823
concrete_factory,construction,5,50,25740982.19,3899337.2144,8264.833,133.0,3385117.2619,7.6042,3106939.5221,3888659.4276,5.0959,0.010653
metal_structure_factory_v2,construction,6,1,373277.8,17200.432,3940.0,252.0,11317.3358,32.9828,7598.3456,12238.432,,1.0
metal_structure_factory_v2,construction,6,2,391277.8,18920.4752,4058.2,252.0,12710.9394,30.7828,8797.0802,13817.1752,12.9162,0.936364
metal_structure_factory_v2,construction,6,3,411437.8,20812.5227,4179.946,252.0,14251.1017,28.8706,10128.0992,15563.6837,13.0895,0.876777
metal_structure_factory_v2,construction,6,4,434017.0,22893.775,4305.3444,252.0,15952.6946,27.2065,11605.0034,17495.0308,13.2694,0.820982
metal_structure_factory_v2,construction,6,5,459305.7,25183.1525,4434.5055,252.0,17832.0829,25.7573,13242.7638,19630.0051,13.4558,0.768738
metal_structure_factory_v2,construction,6,6,487629.05,27701.4677,4567.5396,252.0,19907.2775,24.495,15057.8649,21989.2872,13.6485,0.719818
metal_structure_factory_v2,construction,6,7,519351.2,30471.6145,4704.5649,252.0,22198.0932,23.3962,17068.4443,24595.6296,13.8475,0.674011
metal_structure_factory_v2,construction,6,8,554880.01,33518.7742,4845.7036,252.0,24726.3315,22.4409,19294.4641,27474.0677,14.0528,0.63112
metal_structure_factory_v2,construction,6,9,594672.28,36870.6568,4991.0738,252.0,27515.9972,21.6119,21757.9148,30652.1701,14.2642,0.590958
metal_structure_factory_v2,construction,6,10,655716.54,45830.2243,5089.3965,252.0,35225.2801,18.6149,28778.0847,39494.1995,7.9183,0.484794
metal_structure_factory_v2,construction,6,11,705631.96,50413.245,5242.0794,252.0,39079.6741,18.0562,32215.4769,43894.6983,12.9503,0.453944
metal_structure_factory_v2,construction,6,12,761537.23,55454.5712,5399.3445,252.0,43328.8072,17.5758,36012.6402,48748.0249,13.1569,0.425057
metal_structure_factory_v2,construction,6,13,824151.13,61000.0249,5561.3218,252.0,48012.4316,17.1654,40206.0372,54099.8457,13.3687,0.398007
metal_structure_factory_v2,construction,6,14,894278.7,67100.0205,5728.1611,252.0,53174.2776,16.8179,44835.7747,60000.3964,13.5858,0.37268
metal_structure_factory_v2,construction,6,15,972821.58,73810.0294,5900.0082,252.0,58862.4785,16.527,49946.0113,66504.9739,13.808,0.348964
metal_structure_factory_v2,construction,6,16,1060789.6,81191.0272,6077.0087,252.0,65129.956,16.2873,55585.3087,73674.3797,14.0356,0.326757
metal_structure_factory_v2,construction,6,17,1159313.78,89310.1299,6259.3165,252.0,72034.9677,16.0938,61807.1292,81575.546,14.2685,0.305963
metal_structure_factory_v2,construction,6,18,1269660.87,98241.1446,6447.0969,252.0,79641.5815,15.9422,68670.2704,90282.0821,14.5067,0.286493
metal_structure_factory_v2,construction,6,19,1393249.61,108065.2745,6640.5115,252.0,88020.3039,15.8287,76239.4524,99874.9981,14.7503,0.268262
metal_structure_factory_v2,construction,6,20,1596251.34,142051.7973,6689.2532,252.0,117546.1734,13.5798,103355.5581,133803.2535,6.8754,0.205577
metal_structure_factory_v2,construction,6,21,1751281.05,156256.9805,6889.9292,252.0,129730.0946,13.4994,114418.6906,147768.5423,12.7241,0.192495
metal_structure_factory_v2,construction,6,22,1924914.33,171882.6785,7096.6256,252.0,143144.6261,13.4473,126609.2045,163147.149,12.9437,0.180245
metal_structure_factory_v2,construction,6,23,2119383.6,189070.9326,7309.5274,252.0,157913.1826,13.4212,140040.455,180080.8935,13.1678,0.168775
metal_structure_factory_v2,construction,6,24,2337189.18,207978.0259,7528.812,252.0,174171.5761,13.4189,154837.2027,198725.847,13.3965,0.158035
metal_structure_factory_v2,construction,6,25,2581131.43,228775.8423,7754.6765,252.0,192069.1742,13.4386,171136.6591,219253.6579,13.6299,0.147978
metal_structure_factory_v2,construction,6,26,2854346.75,251653.4144,7987.3177,252.0,211770.2641,13.4785,189089.755,241853.1235,13.868,0.138561
metal_structure_factory_v2,construction,6,27,3160347.91,276818.7645,8226.9367,252.0,233455.6502,13.5373,208862.6065,266732.0254,14.1109,0.129744
metal_structure_factory_v2,construction,6,28,3503069.21,304500.6409,8473.7422,252.0,257324.1619,13.6134,230637.8994,294118.8628,14.3587,0.121487
metal_structure_factory_v2,construction,6,29,3886917.06,334950.7033,8727.955,252.0,283594.551,13.7059,254616.6302,324265.0312,14.6114,0.113756
metal_structure_factory_v2,construction,6,30,4813021.47,464241.6721,8675.1511,252.0,396123.6333,12.1503,358128.6111,453619.1235,8.2299,0.081579
metal_structure_factory_v2,construction,6,31,5294520.22,510665.8273,8935.4078,252.0,436286.225,12.1354,394877.5501,499732.1596,11.9887,0.076387
metal_structure_factory_v2,construction,6,32,5833798.82,561732.4135,9203.4696,252.0,480480.9411,12.1416,435328.7263,550478.2962,12.2023,0.071526
metal_structure_factory_v2,construction,6,33,6437790.85,617905.6531,9479.573,252.0,529111.4497,12.1672,479853.163,606321.4732,12.42,0.066975
metal_structure_factory_v2,construction,6,34,7114261.92,679696.227,9763.9583,252.0,582621.8338,12.2108,528859.0442,667772.084,12.6419,0.062713
metal_structure_factory_v2,construction,6,35,7871909.52,747665.8497,10056.8776,252.0,641500.5658,12.2711,582795.3634,735391.5417,12.8679,0.058722
metal_structure_factory_v2,construction,6,36,8720474.83,822432.4295,10358.587,252.0,706285.003,12.347,642156.0631,809797.4486,13.0983,0.054985
metal_structure_factory_v2,construction,6,37,9670867.98,904675.6759,10669.3427,252.0,777566.2699,12.4374,707484.5267,891669.2079,13.333,0.051486
metal_structure_factory_v2,construction,6,38,10735308.31,995143.2401,10989.4244,252.0,855994.5797,12.5413,779378.4555,981754.1363,13.5721,0.048209
metal_structure_factory_v2,construction,6,39,11927481.48,1094657.5778,11319.1078,252.0,942285.2289,12.658,858495.4006,1080874.3601,13.8158,0.045142
metal_structure_factory_v2,construction,6,40,15153012.37,1595463.4123,11110.7212,252.0,1378167.6013,10.995,1259452.648,1581929.3065,7.4,0.030402
metal_structure_factory_v2,construction,6,41,16648474.39,1755009.7518,11444.0413,252.0,1516682.9282,10.9769,1386589.7396,1741077.1847,10.7964,0.028467
metal_structure_factory_v2,construction,6,42,18323391.86,1930510.7304,11787.365,252.0,1669070.0879,10.9782,1526475.5369,1916167.7434,10.9912,0.026656
metal_structure_factory_v2,construction,6,43,20199299.42,2123561.7914,12140.9839,252.0,1836716.8625,10.9975,1680385.9573,2108796.0772,11.1896,0.024959
metal_structure_factory_v2,construction,6,44,22300315.89,2335917.9809,12505.2133,252.0,2021149.8678,11.0335,1849724.5648,2320716.8554,11.3918,0.023371
metal_structure_factory_v2,construction,6,45,24653454.34,2569509.7721,12880.3722,252.0,2224048.3379,11.0849,2036035.2594,2553860.1698,11.5976,0.021884
metal_structure_factory_v2,construction,6,46,27288969.4,2826460.7476,13266.7838,252.0,2447259.5085,11.1508,2241016.4224,2810349.2168,11.8073,0.020491
metal_structure_factory_v2,construction,6,47,30240746.27,3109106.8292,13664.7868,252.0,2692815.3369,11.2302,2466536.2832,3092519.513,12.0208,0.019187
metal_structure_factory_v2,construction,6,48,33546736.36,3420017.5036,14074.728,252.0,2962950.9747,11.3221,2714649.9108,3402940.1307,12.2383,0.017966
metal_structure_factory_v2,construction,6,49,37249445.27,3762019.266,14496.97,252.0,3260125.1575,11.4258,2987617.9578,3744437.1318,12.4597,0.016823
metal_structure_factory_v2,construction,6,50,48457651.2,5752127.4464,14035.9663,252.0,4991920.3477,9.7072,4580396.0076,5735096.4105,6.472,0.010653
construction_company_v2,construction,7,1,672135.1,15517.1765,855.8,455.0,12359.5476,54.3819,10675.0412,14206.3765,,1.0
construction_company_v2,construction,7,2,704635.1,17068.8942,881.474,455.0,13687.2055,51.4813,11877.9043,15732.4201,24.4792,0.936364
construction_company_v2,construction,7,3,741035.1,18775.7836,907.9182,455.0,15149.1929,48.9158,13203.7495,17412.8653,24.8976,0.876777
construction_company_v2,construction,7,4,781803.1,20653.3619,935.1558,455.0,16758.9894,46.6498,14664.9559,19263.2062,25.3249,0.820982
construction_company_v2,construction,7,5,827463.26,22718.6981,963.2106,455.0,18531.4241,44.6519,16275.1426,21300.4875,25.7613,0.768738
construction_company_v2,construction,7,6,878602.64,24990.5679,992.1067,455.0,20482.8113,42.8946,18049.2943,23543.4612,26.2067,0.719818
construction_company_v2,construction,7,7,935878.74,27489.6247,1021.8697,455.0,22631.0969,41.3537,20003.8952,26012.755,26.6613,0.674011
construction_company_v2,construction,7,8,1000027.98,30238.5856,1052.5262,455.0,24996.0217,40.0075,22157.0793,28731.0595,27.1253,0.63112
construction_company_v2,construction,7,9,1071875.13,33262.4489,1084.1018,455.0,27599.312,38.837,24528.8064,31723.3471,27.5986,0.590958
construction_company_v2,construction,7,10,1171881.47,41345.222,1105.4583,455.0,34612.7444,33.8569,30962.9902,39784.7637,14.2593,0.484794
construction_company_v2,construction,7,11,1262006.53,45479.7426,1138.6222,455.0,38180.9247,33.0533,34220.8608,43886.1204,25.258,0.453944
construction_company_v2,construction,7,12,1362946.6,50027.7184,1172.7815,455.0,42107.9451,32.3679,37808.0025,48399.9369,25.704,0.425057
construction_company_v2,construction,7,13,1475999.47,55030.4872,1207.9643,455.0,46429.7449,31.79,41757.4433,53367.5229,26.1587,0.398007
construction_company_v2,construction,7,14,1602618.69,60533.5297,1244.2031,455.0,51185.8641,31.3098,46105.5191,58834.3265,26.6224,0.37268
construction_company_v2,construction,7,15,1744432.22,66586.8888,1281.5297,455.0,56419.8125,30.9188,50892.2165,64850.3591,27.0949,0.348964
construction_company_v2,construction,7,16,1903263.37,73245.5731,1319.9757,455.0,62179.4197,30.6092,56161.495,71470.5974,27.5767,0.326757
construction_company_v2,construction,7,17,2081154.26,80570.1304,1359.5744,455.0,68517.3337,30.3741,61961.7427,78755.556,28.0677,0.305963
construction_company_v2,construction,7,18,2280392.05,88627.145,1400.3618,455.0,75491.4513,30.2073,68346.1733,86771.7832,28.5682,0.286493
construction_company_v2,construction,7,19,2503538.38,97489.8734,1442.373,455.0,83165.4753,30.1031,75373.3392,95592.5004,29.0781,0.268262
construction_company_v2,construction,7,20,2850916.39,128150.4332,1452.9601,455.0,109830.9515,25.9573,99885.9063,126242.473,13.0273,0.205577
construction_company_v2,construction,7,21,3130831.14,140965.4796,1496.5486,455.0,120942.12,25.887,110072.5608,139013.931,25.1922,0.192495
construction_company_v2,construction,7,22,3444335.67,155062.0275,1541.4447,455.0,133167.0571,25.8648,121282.455,153065.5828,25.6447,0.180245
construction_company_v2,construction,7,23,3795460.74,170568.2179,1587.6887,455.0,146617.2104,25.8869,133618.0412,168525.5291,26.1057,0.168775
construction_company_v2,construction,7,24,4188720.82,187625.0397,1635.3191,455.0,161415.2069,25.95,147192.053,185534.7205,26.5752,0.158035
construction_company_v2,construction,7,25,4629172.11,206387.556,1684.3787,455.0,177695.9143,26.0511,162128.4768,204248.1773,27.0536,0.147978
construction_company_v2,construction,7,26,5122477.55,227026.3008,1734.9103,455.0,195607.6597,26.1875,178563.6752,224836.3905,27.5409,0.138561
construction_company_v2,construction,7,27,5674979.64,249728.9386,1786.9575,455.0,215313.6736,26.3568,196647.7147,247486.9811,28.0372,0.129744
construction_company_v2,construction,7,28,6293781.98,274701.8325,1840.5656,455.0,236993.4521,26.5568,216545.6175,272406.2668,28.5428,0.121487
construction_company_v2,construction,7,29,6986840.61,302172.0142,1895.7827,455.0,260844.4714,26.7855,238438.9373,299821.2315,29.0578,0.113756
construction_company_v2,construction,7,30,8616002.45,418810.4092,1884.3133,455.0,362329.8535,23.7794,331766.8575,416471.096,16.0532,0.081579
construction_company_v2,construction,7,31,9485375.19,460691.4393,1940.8431,455.0,398717.1687,23.7897,365186.8867,458295.5962,23.8922,0.076387
construction_company_v2,construction,7,32,10459072.66,506760.5863,1999.0684,455.0,438746.6706,23.8385,401954.8665,504306.518,24.3245,0.071526
construction_company_v2,construction,7,33,11549613.83,557436.6434,2059.0403,455.0,482782.6648,23.923,442405.7544,554922.6032,24.7648,0.066975
construction_company_v2,construction,7,34,12771019.94,613180.3155,2120.811,455.0,531225.9189,24.0407,486908.0359,610604.5045,25.2131,0.062713
construction_company_v2,construction,7,35,14138994.78,674498.3471,2184.4355,455.0,584517.2531,24.1892,535867.0244,671858.9116,25.6697,0.058722
construction_company_v2,construction,7,36,15671126.6,741948.1771,2249.9692,455.0,643141.5909,24.3665,589728.5879,739243.2079,26.1347,0.054985
construction_company_v2,construction,7,37,17387114.24,816142.9979,2317.4679,455.0,707632.3611,24.5708,648983.1965,813370.5301,26.6083,0.051486
construction_company_v2,construction,7,38,19309020.39,897757.2946,2386.9922,455.0,778576.3131,24.8004,714170.3474,894915.3024,27.0905,0.048209
construction_company_v2,construction,7,39,21461555.28,987533.0365,2458.6021,455.0,856618.9079,25.0538,785883.526,984619.4344,27.5815,0.045142
construction_company_v2,construction,7,40,27186725.66,1439329.394,2413.3389,455.0,1249721.118,21.7542,1147388.5069,1436461.0552,14.5641,0.030402
construction_company_v2,construction,7,41,29886865.43,1583262.3319,2485.7387,455.0,1374879.7861,21.7378,1262426.2575,1580321.5932,21.5737,0.028467
construction_company_v2,construction,7,42,32911021.97,1741588.5682,2560.3114,455.0,1512558.7334,21.7585,1388975.3874,1738573.2568,21.9653,0.026656
construction_company_v2,construction,7,43,36298077.29,1915747.4142,2637.1203,455.0,1664010.1056,21.8136,1528187.2508,1912655.2938,22.364,0.024959
construction_company_v2,construction,7,44,40091579.25,2107322.1649,2716.2339,455.0,1830611.31,21.9007,1681328.3811,2104150.931,22.77,0.023371
construction_company_v2,construction,7,45,44340301.45,2318054.3752,2797.7215,455.0,2013877.4387,22.0174,1849791.9179,2314801.6537,23.1833,0.021884
construction_company_v2,construction,7,46,49098870.31,2549859.8111,2881.6532,455.0,2215475.1474,22.1618,2035110.3691,2546523.1579,23.6043,0.020491
construction_company_v2,construction,7,47,54428467.44,2804845.7984,2968.1027,455.0,2437237.7453,22.332,2238969.4847,2801422.6958,24.0329,0.019187
construction_company_v2,construction,7,48,60397616.22,3085330.3705,3057.1452,455.0,2681181.856,22.5265,2463223.5786,3081818.2253,24.4693,0.017966
construction_company_v2,construction,7,49,67083062.85,3393863.4184,3148.8596,455.0,2949525.8162,22.7437,2709912.4453,3390259.5588,24.9137,0.016823
construction_company_v2,construction,7,50,87180461.76,5189217.1567,3048.7259,455.0,4511570.6848,19.3237,4146345.6365,5185713.4308,12.8661,0.010653
industrial_contractor,construction,8,1,1276260.0,25003.9715,2007.2,875.0,19245.9412,66.3132,16117.3772,22121.7715,,1.0
industrial_contractor,construction,8,2,1338760.0,27504.3687,2067.416,875.0,21368.8988,62.6499,18027.3709,24561.9526,29.4401,0.936364
industrial_contractor,construction,8,3,1408760.0,30254.8055,2129.4385,875.0,23707.8193,59.4217,20134.6867,27250.367,29.9283,0.876777
industrial_contractor,construction,8,4,1487160.0,33280.2861,2193.3216,875.0,26284.4091,56.5795,22459.2464,30211.9644,30.4278,0.820982
industrial_contractor,construction,8,5,1574968.0,36608.3147,2259.1217,875.0,29122.5479,54.0807,25022.9692,33474.193,30.9386,0.768738
industrial_contractor,construction,8,6,1673312.96,40269.1461,2326.8948,875.0,32248.5087,51.8881,27849.9748,37067.2514,31.4607,0.719818
industrial_contractor,construction,8,7,1783459.32,44296.0608,2396.7012,875.0,35691.1928,49.9692,30966.7968,41024.3596,31.9943,0.674011
industrial_contractor,construction,8,8,1906823.24,48725.6643,2468.6031,875.0,39482.3933,48.2955,34402.6268,45382.0612,32.5395,0.63112
industrial_contractor,construction,8,9,2044990.83,53598.2383,2542.6607,875.0,43657.1024,46.8421,38189.5995,50180.5775,33.0963,0.590958
industrial_contractor,construction,8,10,2235053.21,66622.607,2592.7504,875.0,54944.7252,40.6782,48533.96,63154.8566,16.8381,0.484794
industrial_contractor,construction,8,11,2408370.63,73284.8652,2670.5334,875.0,60673.2186,39.6941,53747.092,69739.3318,30.2553,0.453944
industrial_contractor,construction,8,12,2602486.14,80613.3542,2750.6508,875.0,66979.3019,38.8551,59489.7071,76987.7034,30.7823,0.425057
industrial_contractor,construction,8,13,2819895.51,88674.6846,2833.1688,875.0,73920.8687,38.1475,65814.9945,84966.5158,31.3199,0.398007
industrial_contractor,construction,8,14,3063394.01,97542.1431,2918.1637,875.0,81561.6121,37.5593,72781.4689,93748.9794,31.8684,0.37268
industrial_contractor,construction,8,15,3336112.33,107296.3674,3005.7097,875.0,89971.6222,37.0796,80453.5293,103415.6577,32.4278,0.348964
industrial_contractor,construction,8,16,3641556.85,118025.9966,3095.8812,875.0,99227.9504,36.6989,88901.9755,114055.1154,32.9985,0.326757
industrial_contractor,construction,8,17,3983654.71,129828.5963,3188.7563,875.0,109415.4108,36.4085,98204.7425,125764.84,33.5803,0.305963
industrial_contractor,construction,8,18,4366804.31,142811.4584,3284.4195,875.0,120627.2739,36.2008,108447.5375,138652.0389,34.1736,0.286493
industrial_contractor,construction,8,19,4795931.87,157092.6268,3382.9529,875.0,132966.1662,36.0688,119724.672,152834.6738,34.7785,0.268262
industrial_contractor,construction,8,20,5436680.15,206498.2491,3407.784,875.0,175927.4546,30.903,159211.9233,202215.4651,14.9145,0.205577
industrial_contractor,construction,8,21,5974977.76,227148.079,3510.0167,875.0,193803.8642,30.83,175578.4381,222763.0623,30.1122,0.192495
industrial_contractor,construction,8,22,6577871.08,249862.8869,3615.3165,875.0,213474.1363,30.8134,193592.3349,245372.5705,30.65,0.180245
industrial_contractor,construction,8,23,7253111.6,274849.1556,3723.7775,875.0,235117.8289,30.8488,213418.6582,270250.3781,31.198,0.168775
industrial_contractor,construction,8,24,8009380.98,302334.0712,3835.4902,875.0,258932.5154,30.9323,235239.0216,297623.5809,31.7564,0.158035
industrial_contractor,construction,8,25,8856402.68,332567.4983,3950.555,875.0,285135.4907,31.0603,259253.1662,327741.9433,32.3254,0.147978
industrial_contractor,construction,8,26,9805066.99,365824.2306,4069.0721,875.0,313965.7379,31.2297,285680.7763,360880.1585,32.9052,0.138561
industrial_contractor,construction,8,27,10867571.02,402406.6662,4191.144,875.0,345686.2543,31.4377,314763.6169,397340.5222,33.4958,0.129744
industrial_contractor,construction,8,28,12057575.53,442647.3328,4316.877,875.0,380586.2465,31.6816,346767.5507,437455.4558,34.0976,0.121487
industrial_contractor,construction,8,29,13390380.58,486912.0636,4446.3836,875.0,418983.8916,31.9592,381985.0755,481590.68,34.7106,0.113756
industrial_contractor,construction,8,30,16433251.16,674860.1162,4419.4831,875.0,582522.1009,28.2105,532383.8684,669565.6332,18.6065,0.081579
industrial_contractor,construction,8,31,18105121.81,742346.1104,4552.0687,875.0,641119.5663,28.2399,586173.7853,736919.0417,28.5314,0.076387
industrial_contractor,construction,8,32,19977616.94,816580.7264,4688.6305,875.0,705584.8734,28.3136,645356.6353,811017.0959,29.0466,0.071526
industrial_contractor,construction,8,33,22074811.49,898238.7966,4829.2891,875.0,776505.0215,28.4284,710472.1036,892534.5075,29.5712,0.066975
industrial_contractor,construction,8,34,24423669.38,988062.6887,4974.1668,875.0,854525.7641,28.5815,782113.9008,982213.5219,30.1056,0.062713
industrial_contractor,construction,8,35,27054390.22,1086868.9576,5123.3921,875.0,940357.392,28.7703,860935.078,1080870.5655,30.6498,0.058722
industrial_contractor,construction,8,36,30000797.56,1195555.8458,5277.0954,875.0,1034781.2629,28.9924,947654.0336,1189403.7504,31.2041,0.054985
industrial_contractor,construction,8,37,33300773.78,1315111.4354,5435.4073,875.0,1138656.8945,29.2457,1043061.0374,1308801.0281,31.7685,0.051486
industrial_contractor,construction,8,38,36996747.15,1446622.574,5598.4702,875.0,1252929.7203,29.5282,1148025.3539,1440149.1038,32.3434,0.048209
industrial_contractor,construction,8,39,41136237.33,1591284.8514,5766.4247,875.0,1378639.7812,29.8383,1263503.2441,1584643.4267,32.9289,0.045142
industrial_contractor,construction,8,40,52005774.27,2319297.6601,5660.2639,875.0,2012103.2847,25.8465,1846072.7323,2312762.3962,17.1589,0.030402
industrial_contractor,construction,8,41,57198350.75,2551227.4236,5830.071,875.0,2213734.4468,25.8379,2031361.8324,2544522.3526,25.7528,0.028467
industrial_contractor,construction,8,42,63014036.4,2806350.171,6004.9744,875.0,2435539.0711,25.8727,2235197.6752,2799470.1966,26.2199,0.026656
industrial_contractor,construction,8,43,69527604.33,3086985.1706,6185.1226,875.0,2679534.7918,25.9476,2459435.4526,3079925.048,26.6954,0.024959
industrial_contractor,construction,8,44,76822800.41,3395683.7026,6370.6762,875.0,2947941.083,26.0598,2706115.9479,3388438.0265,27.1797,0.023371
industrial_contractor,construction,8,45,84993420.02,3735252.0629,6561.7977,875.0,3243199.2807,26.2067,2977483.9537,3727815.2652,27.6728,0.021884
industrial_contractor,construction,8,46,94144513.99,4108777.2667,6758.6519,875.0,3567994.9449,26.3858,3276008.8355,4101143.6148,28.1749,0.020491
industrial_contractor,construction,8,47,104393739.23,4519655.0034,6961.4112,875.0,3925282.1752,26.5952,3604406.8859,4511818.5922,28.6862,0.019187
industrial_contractor,construction,8,48,115872871.5,4971620.4912,7170.2523,875.0,4318310.4578,26.8329,3965666.0145,4963575.2389,29.2069,0.017966
industrial_contractor,construction,8,49,128729499.64,5468782.5578,7385.3599,875.0,4750654.3122,27.0972,4363073.0064,5460522.1979,29.737,0.016823
industrial_contractor,construction,8,50,167179391.77,8361768.5146,7150.5055,875.0,7267756.4179,23.0029,6677814.0534,8353743.0091,15.2755,0.010653
infrastructure_holding,construction,9,1,2630538.6,42430.553,3417.6,1820.0,32357.8691,81.2952,26998.0424,37192.953,,1.0
infrastructure_holding,construction,9,2,2760538.6,46673.6083,3520.128,1820.0,35960.1279,76.7667,30238.6946,41333.4803,36.0885,0.936364
infrastructure_holding,construction,9,3,2906138.6,51340.9691,3625.7318,1820.0,39928.8564,72.7829,33814.1775,45895.2373,36.6868,0.876777
infrastructure_holding,construction,9,4,3069210.6,56475.066,3734.5038,1820.0,44300.8892,69.281,37758.2971,50920.5622,37.2989,0.820982
infrastructure_holding,construction,9,5,3251851.24,62122.5726,3846.5396,1820.0,49116.7488,66.2066,42108.2488,56456.0331,37.9248,0.768738
infrastructure_holding,construction,9,6,3456408.76,68334.8299,3961.9348,1820.0,54421.0187,63.5124,46904.9617,62552.8951,38.5647,0.719818
infrastructure_holding,construction,9,7,3685513.18,75168.3129,4080.7921,1820.0,60262.7431,61.1574,52193.4621,69267.5208,39.2186,0.674011
infrastructure_holding,construction,9,8,3942110.13,82685.14,4203.2174,1820.0,66695.8726,59.1058,58023.2859,76661.9226,39.8868,0.63112
infrastructure_holding,construction,9,9,4229498.71,90953.6667,4329.3132,1820.0,73779.7876,57.326,64448.9636,84804.3535,40.5692,0.590958
infrastructure_holding,construction,9,10,4611792.7,113055.4023,4414.5994,1820.0,92934.0985,49.6243,82002.4228,106820.8029,19.9586,0.484794
infrastructure_holding,construction,9,11,4972292.94,124360.9383,4547.0382,1820.0,102654.6931,48.4371,90848.1933,117993.9001,37.0862,0.453944
infrastructure_holding,construction,9,12,5376053.21,136797.0363,4683.4517,1820.0,113355.4186,47.4265,100592.4515,130293.5846,37.732,0.425057
infrastructure_holding,construction,9,13,5828264.71,150476.7315,4823.9527,1820.0,125134.5176,46.576,111325.4562,143832.7788,38.391,0.398007
infrastructure_holding,construction,9,14,6334741.59,165524.3877,4968.6709,1820.0,138100.0736,45.8707,123146.5037,158735.7167,39.0633,0.37268
infrastructure_holding,construction,9,15,6901995.69,182076.8434,5117.733,1820.0,152371.0261,45.2973,136164.8753,175139.1104,39.7489,0.348964
infrastructure_holding,construction,9,16,7537320.29,200284.515,5271.2652,1820.0,168078.1273,44.8441,150500.7142,193193.2498,40.4482,0.326757
infrastructure_holding,construction,9,17,8248883.84,220312.9665,5429.401,1820.0,185365.302,44.5007,166286.2717,213063.5655,41.1614,0.305963
infrastructure_holding,construction,9,18,9045835.01,242344.2674,5592.2838,1820.0,204390.8257,44.2575,183666.9882,234931.9836,41.8885,0.286493
infrastructure_holding,construction,9,19,9938420.33,266578.7323,5760.0538,1820.0,225328.8503,44.1063,202802.9052,258998.6785,42.6299,0.268262
infrastructure_holding,construction,9,20,11233006.02,350417.7288,5802.3329,1820.0,298231.9944,37.6653,269810.6836,342795.3958,17.7576,0.205577
infrastructure_holding,construction,9,21,12352665.04,385459.5101,5976.4015,1820.0,328566.9045,37.5956,297583.0058,377663.1086,36.9099,0.192495
infrastructure_holding,construction,9,22,13606683.14,424005.4611,6155.6923,1820.0,361945.8989,37.5931,328150.8305,416029.7689,37.5691,0.180245
infrastructure_holding,construction,9,23,15011183.41,466405.9733,6340.3657,1820.0,398673.6786,37.6528,361794.2301,458245.6076,38.2408,0.168775
infrastructure_holding,construction,9,24,16584223.72,513046.5706,6530.5756,1820.0,439085.5156,37.7699,398821.393,504695.995,38.9252,0.158035
infrastructure_holding,construction,9,25,18346028.86,564351.2616,6726.493,1820.0,483550.1487,37.9403,439571.2698,555804.7687,39.6226,0.147978
infrastructure_holding,construction,9,26,20319250.62,620786.3581,6928.2886,1820.0,532473.1205,38.1601,484416.6536,612038.0695,40.3332,0.138561
infrastructure_holding,construction,9,27,22529258.99,682865.0151,7136.1368,1820.0,586300.7242,38.4261,533767.8069,673908.8784,41.0572,0.129744
infrastructure_holding,construction,9,28,25004468.37,751151.5166,7350.2186,1820.0,645523.7292,38.7352,588075.8853,741981.298,41.7947,0.121487
infrastructure_holding,construction,9,29,27776702.87,826266.6641,7570.7256,1820.0,710682.0664,39.0846,647837.2428,816875.9384,42.5461,0.113756
infrastructure_holding,construction,9,30,33902170.47,1145205.5898,7524.9229,1820.0,988198.7802,34.307,903057.0875,1135860.6669,22.0724,0.081579
infrastructure_holding,construction,9,31,37379661.43,1259726.1191,7750.6725,1820.0,1087635.2386,34.3678,994334.8865,1250155.4466,34.972,0.076387
infrastructure_holding,construction,9,32,41274451.31,1385698.7395,7983.1923,1820.0,1197029.126,34.4807,1094764.2031,1375895.5472,35.6034,0.071526
infrastructure_holding,construction,9,33,45636615.97,1524268.6092,8222.6875,1820.0,1317376.5519,34.642,1205260.8561,1514225.9217,36.2464,0.066975
infrastructure_holding,construction,9,34,50522240.39,1676695.4914,8469.3665,1820.0,1449773.3287,34.8484,1326832.3434,1666406.1249,36.9014,0.062713
infrastructure_holding,construction,9,35,55994139.74,1844365.0405,8723.4479,1820.0,1595424.7856,35.0967,1460586.8605,1833821.5926,37.5684,0.058722
infrastructure_holding,construction,9,36,62122667.01,2028801.5318,8985.1541,1820.0,1755656.8487,35.3843,1607743.4944,2017996.3778,38.2478,0.054985
infrastructure_holding,construction,9,37,68986617.56,2231681.6935,9254.707,1820.0,1931928.0783,35.7087,1769643.2943,2220606.9865,38.9397,0.051486
infrastructure_holding,construction,9,38,76674242.17,2454849.8544,9532.3494,1820.0,2125842.8293,36.0677,1947761.3594,2443497.505,39.6444,0.048209
infrastructure_holding,construction,9,39,85284381.73,2700334.8738,9818.3205,1820.0,2339166.0013,36.4593,2143720.4182,2688696.5532,40.362,0.045142
infrastructure_holding,construction,9,40,107695836.45,3935738.0602,9637.5636,1820.0,3414124.032,31.5442,3132314.1027,3924280.4966,20.8487,0.030402
infrastructure_holding,construction,9,41,118496395.52,4329311.862,9926.6892,1820.0,3756281.7004,31.5462,3446739.4558,4317565.1728,31.566,0.028467
infrastructure_holding,construction,9,42,130593021.68,4762243.0567,10224.492,1820.0,4132672.7513,31.6001,3792637.7073,4750198.5647,32.1385,0.026656
infrastructure_holding,construction,9,43,144141242.98,5238467.3327,10531.225,1820.0,4546721.0137,31.7022,4173157.0286,5226116.1076,32.7214,0.024959
infrastructure_holding,construction,9,44,159315250.83,5762314.0914,10847.1617,1820.0,5002192.8289,31.8491,4591760.5307,5749646.9298,33.3149,0.023371
infrastructure_holding,construction,9,45,176310139.62,6338545.4836,11172.5787,1820.0,5503231.0273,32.0376,5052257.5188,6325552.9049,33.9193,0.021884
infrastructure_holding,construction,9,46,195344415.07,6972400.0277,11507.7564,1820.0,6054392.876,32.2649,5558838.3876,6959072.2713,34.5348,0.020491
infrastructure_holding,construction,9,47,216662803.57,7669640.0474,11852.9887,1820.0,6660691.3411,32.5286,6116112.5549,7655967.0588,35.1615,0.019187
infrastructure_holding,construction,9,48,240539398.69,8436604.031,12208.5763,1820.0,7327640.6456,32.8263,6729150.3604,8422575.4547,35.7997,0.017966
infrastructure_holding,construction,9,49,267281185.23,9280264.4638,12574.8336,1820.0,8061306.5782,33.1561,7403529.3206,9265869.6301,36.4495,0.016823
infrastructure_holding,construction,9,50,346978655.43,14189524.3374,12174.9539,1820.0,12332710.5636,28.1348,11331537.039,14175529.3835,18.6584,0.010653
electronics_workshop,technoprom,1,1,12000.0,6348.0,2580.0,8.4,3270.852,3.6688,1200.0,3429.6,,1.0
electronics_workshop,technoprom,1,2,12600.0,6982.8,2657.4,8.4,3755.79,3.3548,1591.74,3977.1,1.2373,0.936364
electronics_workshop,technoprom,1,3,13272.0,7681.08,2737.122,8.4,4293.9355,3.0909,2030.781,4585.461,1.2487,0.876777
electronics_workshop,technoprom,1,4,14024.64,8449.188,2819.2357,8.4,4890.7505,2.8676,2522.0969,5260.9524,1.2611,0.820982
electronics_workshop,technoprom,1,5,14867.6,9294.1068,2903.8132,8.4,5552.2474,2.6778,3071.1656,6010.4756,1.2743,0.768738
electronics_workshop,technoprom,1,6,15811.71,10223.5175,2990.9269,8.4,6285.0458,2.5158,3684.0236,6841.6301,1.2884,0.719818
electronics_workshop,technoprom,1,7,16869.12,11245.8692,3080.6542,8.4,7096.4291,2.3771,4367.3141,7762.7779,1.3032,0.674011
electronics_workshop,technoprom,1,8,18053.41,12370.4555,3173.0749,8.4,7994.4131,2.2583,5128.352,8783.1222,1.3188,0.63112
electronics_workshop,technoprom,1,9,19379.82,13607.503,3268.2666,8.4,8987.8276,2.1562,5975.2025,9912.8023,1.3352,0.590958
electronics_workshop,technoprom,1,10,24293.38,16914.1254,3332.6505,8.4,11808.5752,2.0573,8523.9246,13146.8056,1.7419,0.484794
electronics_workshop,technoprom,1,11,25957.23,18605.5373,3432.6307,8.4,13193.1208,1.9675,9727.0838,14725.4492,1.2017,0.453944
electronics_workshop,technoprom,1,12,27820.74,20466.0917,3535.6114,8.4,14722.2099,1.8897,11061.0563,16469.8509,1.2187,0.425057
electronics_workshop,technoprom,1,13,29907.87,22512.6996,3641.6777,8.4,16410.481,1.8225,12539.243,18396.8258,1.2363,0.398007
electronics_workshop,technoprom,1,14,32245.46,24763.967,3750.9278,8.4,18274.036,1.7646,14176.3818,20524.8693,1.2544,0.37268
electronics_workshop,technoprom,1,15,34863.56,27240.3662,3863.4571,8.4,20330.6029,1.7148,15988.7073,22874.346,1.273,0.348964
electronics_workshop,technoprom,1,16,37795.83,29964.4009,3979.361,8.4,22599.6767,1.6724,17994.0792,25467.6518,1.2923,0.326757
electronics_workshop,technoprom,1,17,41079.97,32960.841,4098.7402,8.4,25102.7197,1.6365,20212.1625,28329.4433,1.3121,0.305963
electronics_workshop,technoprom,1,18,44758.21,36256.9257,4221.703,8.4,27863.3358,1.6063,22664.5861,31486.8375,1.3324,0.286493
electronics_workshop,technoprom,1,19,48877.83,39882.624,4348.3552,8.4,30907.5059,1.5814,25375.1664,34969.6838,1.3533,0.268262
electronics_workshop,technoprom,1,20,60794.2,52425.7071,4380.2724,8.4,41792.2202,1.4547,35361.7571,47476.7673,1.0948,0.205577
electronics_workshop,technoprom,1,21,65961.86,57668.279,4511.6795,8.4,46238.9336,1.4265,39358.7039,52571.1242,1.1621,0.192495
electronics_workshop,technoprom,1,22,71749.64,63435.1069,4647.0289,8.4,51138.3199,1.4031,43769.1422,58185.2906,1.1813,0.180245
electronics_workshop,technoprom,1,23,78231.95,69778.6126,4786.4418,8.4,56535.8806,1.3838,48634.8273,64371.5515,1.201,0.168775
electronics_workshop,technoprom,1,24,85492.14,76756.4738,4930.0343,8.4,62481.6944,1.3683,54001.7276,71187.4538,1.2211,0.158035
electronics_workshop,technoprom,1,25,93623.55,84432.1263,5077.9354,8.4,69030.8381,1.3563,59920.398,78696.2876,1.2416,0.147978
electronics_workshop,technoprom,1,26,102730.73,92875.3345,5230.274,8.4,76243.8946,1.3474,66446.4565,86967.6719,1.2626,0.138561
electronics_workshop,technoprom,1,27,112930.77,102162.8711,5387.1819,8.4,84187.5416,1.3414,73641.124,96078.231,1.2841,0.129744
electronics_workshop,technoprom,1,28,124354.81,112379.1582,5548.7957,8.4,92935.1074,1.3381,81571.733,106112.2328,1.306,0.121487
electronics_workshop,technoprom,1,29,137149.74,123617.0734,5715.2599,8.4,102567.2698,1.3372,90312.3689,117162.3919,1.3284,0.113756
electronics_workshop,technoprom,1,30,193750.36,171333.2627,5680.6827,8.4,144110.4366,1.3445,128537.1861,164917.5811,1.3625,0.081579
electronics_workshop,technoprom,1,31,209800.32,188466.5845,5851.1046,8.4,158868.1596,1.3206,141988.2107,181858.6828,1.0876,0.076387
electronics_workshop,technoprom,1,32,227776.27,207313.2443,6026.6375,8.4,175112.0399,1.3007,156802.2392,200507.3578,1.1066,0.071526
electronics_workshop,technoprom,1,33,247909.34,228044.5681,6207.4361,8.4,192990.9968,1.2846,173116.1002,221034.7575,1.1261,0.066975
electronics_workshop,technoprom,1,34,270458.38,250849.028,6393.658,8.4,212668.864,1.2717,191080.3355,243629.1766,1.1459,0.062713
electronics_workshop,technoprom,1,35,295713.3,275933.9308,6585.4681,8.4,234325.8546,1.262,210860.5426,268497.7355,1.1661,0.058722
electronics_workshop,technoprom,1,36,323998.81,303527.322,6783.0341,8.4,258160.2225,1.255,232638.9064,295868.2905,1.1868,0.054985
electronics_workshop,technoprom,1,37,355678.58,333880.0555,6986.5239,8.4,284390.0645,1.2507,256615.8585,325991.5064,1.2078,0.051486
electronics_workshop,technoprom,1,38,391159.92,367268.0598,7196.1205,8.4,313255.2792,1.2487,283011.867,359143.1052,1.2292,0.048209
electronics_workshop,technoprom,1,39,430899.03,403994.8708,7412.0046,8.4,345019.7856,1.2489,312069.4898,395626.4191,1.2511,0.045142
electronics_workshop,technoprom,1,40,572881.47,588822.5215,7275.5484,8.4,505938.5586,1.1323,460136.2946,580607.9797,0.8823,0.030402
electronics_workshop,technoprom,1,41,622730.2,647704.773,7493.8138,8.4,556976.2265,1.1181,506914.6977,639244.0481,0.9767,0.028467
electronics_workshop,technoprom,1,42,678560.78,712475.2516,7718.6299,8.4,613130.9529,1.1067,558393.8565,703760.9551,0.9942,0.026656
electronics_workshop,technoprom,1,43,741091.03,783722.7723,7950.1874,8.4,674914.8408,1.0981,615044.5367,774747.3004,1.0121,0.024959
electronics_workshop,technoprom,1,44,811124.91,862095.0534,8188.693,8.4,742891.2255,1.0918,677384.6032,852850.5694,1.0303,0.023371
electronics_workshop,technoprom,1,45,889562.86,948304.5561,8434.3554,8.4,817679.7667,1.0879,745983.7118,938782.9878,1.0488,0.021884
electronics_workshop,technoprom,1,46,977413.36,1043135.0111,8687.3863,8.4,899962.1256,1.0861,821468.5294,1033328.0475,1.0677,0.020491
electronics_workshop,technoprom,1,47,1075805.92,1147448.5148,8948.0076,8.4,990488.1332,1.0861,904528.4004,1137347.5946,1.0869,0.019187
electronics_workshop,technoprom,1,48,1186005.59,1262193.3631,9216.4463,8.4,1090082.6096,1.088,995921.621,1251789.669,1.1065,0.017966
electronics_workshop,technoprom,1,49,1309429.22,1388412.7038,9492.9397,8.4,1199652.8868,1.0915,1096482.3535,1377697.1509,1.1264,0.016823
electronics_workshop,technoprom,1,50,1738760.95,2122883.02,9191.0642,8.4,1838904.6935,0.9455,1684511.4197,2112507.9545,0.6716,0.010653
electrical_factory,technoprom,2,1,31493.55,9917.344,3740.0,21.0,5356.0193,5.88,2302.8752,5716.344,,1.0
electrical_factory,technoprom,2,2,32993.55,10909.0784,3852.2,21.0,6121.2142,5.39,2927.9627,6582.6784,1.9603,0.936364
electrical_factory,technoprom,2,3,34673.55,11999.9862,3967.766,21.0,6969.7616,4.9749,3627.34,7544.4242,1.9799,0.876777
electrical_factory,technoprom,2,4,36555.15,13199.9849,4086.799,21.0,7910.2017,4.6213,4408.7894,8611.386,2.0008,0.820982
electrical_factory,technoprom,2,5,38662.54,14519.9834,4209.4037,21.0,8951.9343,4.3189,5280.8812,9794.3557,2.023,0.768738
electrical_factory,technoprom,2,6,41022.82,15971.9817,4335.6848,21.0,10105.3083,4.0595,6253.0582,11105.2164,2.0464,0.719818
electrical_factory,technoprom,2,7,43666.33,17569.1799,4465.7545,21.0,11381.7101,3.8365,7335.7122,12557.0425,2.0711,0.674011
electrical_factory,technoprom,2,8,46627.06,19326.0968,4599.7288,21.0,12793.6702,3.6445,8540.2843,14164.2235,2.0969,0.63112
electrical_factory,technoprom,2,9,49943.08,21258.7095,4737.7198,21.0,14354.991,3.4791,9879.3879,15942.6109,2.1239,0.590958
electrical_factory,technoprom,2,10,58362.98,26424.5747,4831.0515,21.0,18768.0951,3.1097,13872.0825,21004.1642,1.9079,0.484794
electrical_factory,technoprom,2,11,62522.6,29067.0311,4975.984,21.0,20940.941,2.9857,15768.6489,23484.6373,1.9144,0.453944
electrical_factory,technoprom,2,12,67181.37,31973.7352,5125.2661,21.0,23339.8982,2.8784,17870.0891,26224.4967,1.942,0.425057
electrical_factory,technoprom,2,13,72399.19,35171.1068,5279.0212,21.0,25987.8444,2.7859,20197.3536,29250.0242,1.9705,0.398007
electrical_factory,technoprom,2,14,78243.15,38688.2135,5437.3915,21.0,28909.9451,2.7064,22773.4835,32590.1288,1.9999,0.37268
electrical_factory,technoprom,2,15,84788.39,42557.0388,5600.5154,21.0,32133.9054,2.6386,25623.858,36276.6393,2.0302,0.348964
electrical_factory,technoprom,2,16,92119.06,46812.7397,5768.5311,21.0,35690.1915,2.5811,28776.3951,40344.5579,2.0613,0.326757
electrical_factory,technoprom,2,17,100329.41,51494.0137,5941.5847,21.0,39612.3432,2.5328,32261.834,44832.4191,2.0933,0.305963
electrical_factory,technoprom,2,18,109525.0,56643.416,6119.8331,21.0,43937.2472,2.4928,36113.9832,49782.6026,2.1262,0.286493
electrical_factory,technoprom,2,19,119824.06,62307.7666,6303.4297,21.0,48705.5031,2.4602,40370.0688,55241.757,2.1599,0.268262
electrical_factory,technoprom,2,20,142235.65,81903.5557,6349.6972,21.0,65713.5869,2.1645,55977.2987,74785.8353,1.3177,0.205577
electrical_factory,technoprom,2,21,155154.79,90093.9132,6540.1866,21.0,72673.4721,2.135,62243.8506,82763.2929,1.8562,0.192495
electrical_factory,technoprom,2,22,169624.23,99103.3045,6736.3908,21.0,80340.945,2.1113,69157.0575,91553.3972,1.8871,0.180245
electrical_factory,technoprom,2,23,185830.0,109013.6271,6938.4854,21.0,88787.1032,2.093,76782.1736,101237.8493,1.9187,0.168775
electrical_factory,technoprom,2,24,203980.47,119914.9898,7146.6388,21.0,98090.1953,2.0795,85191.0336,111906.5699,1.951,0.158035
electrical_factory,technoprom,2,25,224308.99,131906.4967,7361.0381,21.0,108336.279,2.0705,94462.6402,123658.4541,1.984,0.147978
electrical_factory,technoprom,2,26,247076.93,145097.1394,7581.8701,21.0,119620.0143,2.0655,104683.9063,136602.2846,2.0178,0.138561
electrical_factory,technoprom,2,27,272577.03,159606.8583,7809.3257,21.0,132045.5834,2.0643,115950.4981,150857.7884,2.0522,0.129744
electrical_factory,technoprom,2,28,301137.14,175567.5441,8043.603,21.0,145727.5588,2.0664,128367.6307,166556.6349,2.0874,0.121487
electrical_factory,technoprom,2,29,333124.46,193124.2976,8284.9116,21.0,160791.9958,2.0718,142051.0707,183843.6905,2.1234,0.113756
electrical_factory,technoprom,2,30,421217.58,267670.2749,8234.7881,21.0,225690.6035,1.8663,201763.0378,258445.6882,1.3574,0.081579
electrical_factory,technoprom,2,31,461342.48,294437.2954,8481.8338,21.0,248762.9816,1.8545,222806.0856,284936.5988,1.7391,0.076387
electrical_factory,technoprom,2,32,506282.36,323881.027,8736.2884,21.0,274157.6525,1.8467,245979.3889,314095.9399,1.7697,0.071526
electrical_factory,technoprom,2,33,556615.03,356269.1287,8998.3764,21.0,302107.2845,1.8424,271496.7383,346191.1197,1.8008,0.066975
electrical_factory,technoprom,2,34,612987.61,391896.0465,9268.3259,21.0,332867.8469,1.8415,299593.3484,381516.3293,1.8326,0.062713
electrical_factory,technoprom,2,35,676124.92,431085.6511,9546.3762,21.0,366720.8992,1.8437,330527.9566,420395.1719,1.865,0.058722
electrical_factory,technoprom,2,36,746838.7,474194.2133,9832.7704,21.0,403976.1853,1.8487,364585.215,463183.6463,1.8981,0.054985
electrical_factory,technoprom,2,37,826038.12,521613.6366,10127.7517,21.0,444974.4499,1.8564,402078.2817,510273.3847,1.9318,0.051486
electrical_factory,technoprom,2,38,914741.48,573774.9983,10431.5856,21.0,490090.4991,1.8665,443351.6203,562095.1673,1.9661,0.048209
electrical_factory,technoprom,2,39,1014089.24,631152.506,10744.5338,21.0,539736.6658,1.8789,488784.2041,619122.9094,2.0011,0.045142
electrical_factory,technoprom,2,40,1328191.98,919904.7733,10546.7252,21.0,791123.2318,1.6789,720082.7308,908096.2569,1.2495,0.030402
electrical_factory,technoprom,2,41,1452813.82,1011895.2496,10863.1255,21.0,870879.678,1.6682,793200.5115,999733.1094,1.5625,0.028467
electrical_factory,technoprom,2,42,1592390.28,1113084.7766,11189.0216,21.0,958631.0368,1.6611,873663.2889,1100558.3995,1.5906,0.026656
electrical_factory,technoprom,2,43,1748715.92,1224393.2473,11524.6903,21.0,1055177.3745,1.6573,962206.5623,1211491.711,1.6192,0.024959
electrical_factory,technoprom,2,44,1923800.62,1346832.5779,11870.4309,21.0,1161398.7979,1.6565,1059639.416,1333544.6258,1.6483,0.023371
electrical_factory,technoprom,2,45,2119895.5,1481515.8318,12226.5462,21.0,1278263.4084,1.6584,1166851.8461,1467829.8684,1.678,0.021884
electrical_factory,technoprom,2,46,2339521.75,1629667.414,12593.343,21.0,1406836.1718,1.663,1284822.9167,1615571.5012,1.7082,0.020491
electrical_factory,technoprom,2,47,2585503.17,1792634.1593,12971.1428,21.0,1548288.5544,1.6699,1414629.6133,1778115.9997,1.739,0.019187
electrical_factory,technoprom,2,48,2861002.33,1971897.5703,13360.2748,21.0,1703909.177,1.6791,1557456.644,1956944.4984,1.7703,0.017966
electrical_factory,technoprom,2,49,3169561.42,2169087.3343,13761.0832,21.0,1875115.5685,1.6903,1714607.2427,2153686.3001,1.8023,0.016823
electrical_factory,technoprom,2,50,4167276.06,3316534.5276,13323.4807,21.0,2873775.3408,1.4501,2633221.401,3301622.5786,0.9991,0.010653
sensor_factory,technoprom,3,1,72509.2,10652.74,3190.0,49.0,6449.9538,11.2418,3688.192,6918.74,,1.0
sensor_factory,technoprom,3,2,76009.2,11718.014,3285.7,49.0,7293.4832,10.4215,4396.8612,7873.464,4.1492,0.936364
sensor_factory,technoprom,3,3,79929.2,12889.8154,3384.271,49.0,8227.1936,9.7152,5186.4458,8931.3989,4.1983,0.876777
sensor_factory,technoprom,3,4,84319.6,14178.7969,3485.7991,49.0,9260.2781,9.1055,6065.3389,10103.0979,4.2498,0.820982
sensor_factory,technoprom,3,5,89236.85,15596.6766,3590.3737,49.0,10402.8535,8.5781,7042.7807,11400.176,4.3037,0.768738
sensor_factory,technoprom,3,6,94744.17,17156.3443,3698.0841,49.0,11666.0564,8.1214,8128.9493,12835.4196,4.3598,0.719818
sensor_factory,technoprom,3,7,100912.37,18871.9787,3809.0259,49.0,13062.139,7.7256,9335.0442,14422.8971,4.4182,0.674011
sensor_factory,technoprom,3,8,107820.75,20759.1755,3923.2981,49.0,14604.5834,7.3827,10673.3933,16178.0898,4.4789,0.63112
sensor_factory,technoprom,3,9,115558.13,22835.0963,4040.9963,49.0,16308.237,7.0859,12157.5826,18118.0488,4.5416,0.590958
sensor_factory,technoprom,3,10,126519.47,28384.0233,4120.6028,49.0,21066.5459,6.0057,16477.3145,23575.0167,2.3036,0.484794
sensor_factory,technoprom,3,11,136225.25,31222.4246,4244.2216,49.0,23428.4066,5.8145,18562.6072,26270.6169,4.1094,0.453944
sensor_factory,technoprom,3,12,147095.72,34344.6681,4371.5505,49.0,26033.9823,5.6501,20869.4088,29245.7736,4.172,0.425057
sensor_factory,technoprom,3,13,159270.64,37779.1328,4502.6946,49.0,28907.8713,5.5096,23420.2644,32528.7442,4.2364,0.398007
sensor_factory,technoprom,3,14,172906.56,41557.0418,4637.7751,49.0,32077.132,5.3903,26239.9708,36150.6119,4.3026,0.37268
sensor_factory,technoprom,3,15,188178.79,45712.7503,4776.9102,49.0,35571.5509,5.2901,29355.835,40145.5954,4.3705,0.348964
sensor_factory,technoprom,3,16,205283.68,50284.0221,4920.2177,49.0,39423.8798,5.2071,32797.8911,44551.3223,4.4401,0.326757
sensor_factory,technoprom,3,17,224441.16,55312.4243,5067.8222,49.0,43670.1738,5.1395,36599.2061,49409.2159,4.5116,0.305963
sensor_factory,technoprom,3,18,245897.54,60843.6678,5219.8576,49.0,48350.0849,5.0858,40796.1478,54764.8323,4.5848,0.286493
sensor_factory,technoprom,3,19,269928.68,66928.0442,5376.4547,49.0,53507.2528,5.0447,45428.7533,60668.312,4.6598,0.268262
sensor_factory,technoprom,3,20,321958.48,87976.9103,5415.9182,49.0,71785.4331,4.485,62208.651,81671.591,2.8466,0.205577
sensor_factory,technoprom,3,21,352103.15,96774.6035,5578.3945,49.0,79298.0718,4.4402,69003.0911,90281.5961,4.0125,0.192495
sensor_factory,technoprom,3,22,385865.18,106452.0638,5745.7451,49.0,87571.8673,4.4063,76494.0335,99765.7376,4.0806,0.180245
sensor_factory,technoprom,3,23,423678.65,117097.2617,5918.1199,49.0,96683.2234,4.3821,84751.6295,110211.8128,4.1501,0.168775
sensor_factory,technoprom,3,24,466029.74,128806.9879,6095.6625,49.0,106716.223,4.367,93853.0965,121716.4466,4.2212,0.158035
sensor_factory,technoprom,3,25,513462.96,141687.6952,6278.5325,49.0,117763.3415,4.3601,103883.3574,134385.9076,4.2937,0.147978
sensor_factory,technoprom,3,26,566588.16,155856.4572,6466.8892,49.0,129926.2942,4.3608,114935.8319,148337.0852,4.3678,0.138561
sensor_factory,technoprom,3,27,626088.39,171442.1083,6660.8955,49.0,143317.0251,4.3686,127113.3434,163698.6256,4.4434,0.129744
sensor_factory,technoprom,3,28,692728.64,188586.3191,6860.7202,49.0,158058.641,4.3827,140528.9749,180612.0043,4.5206,0.121487
sensor_factory,technoprom,3,29,767365.72,207444.9499,7066.5422,49.0,174286.5847,4.4029,155307.1466,199232.8753,4.5993,0.113756
sensor_factory,technoprom,3,30,975545.31,287518.699,7023.7898,49.0,243987.9409,3.9983,219430.2744,279356.0107,2.9867,0.081579
sensor_factory,technoprom,3,31,1069170.07,316270.5614,7234.5053,49.0,268818.7388,3.9773,242115.6912,307864.4605,3.7705,0.076387
sensor_factory,technoprom,3,32,1174029.8,347897.6197,7451.5401,49.0,296145.4592,3.9644,267091.7855,339240.8061,3.8373,0.071526
sensor_factory,technoprom,3,33,1291472.69,382687.3806,7675.0858,49.0,326218.0665,3.9589,294588.2758,373772.3332,3.9053,0.066975
sensor_factory,technoprom,3,34,1423008.73,420956.124,7905.3368,49.0,359311.5549,3.9604,324857.894,411775.097,3.9747,0.062713
sensor_factory,technoprom,3,35,1570329.1,463051.7364,8142.4973,49.0,395728.408,3.9682,358178.6431,453596.7481,4.0454,0.058722
sensor_factory,technoprom,3,36,1735327.91,509356.9068,8386.7748,49.0,435801.3849,3.9819,394856.3633,499619.736,4.1175,0.054985
sensor_factory,technoprom,3,37,1920126.58,560292.5996,8638.3765,49.0,479896.5442,4.0011,435227.515,550264.7854,4.1909,0.051486
sensor_factory,technoprom,3,38,2127101.09,616321.8575,8897.5289,49.0,528416.5359,4.0254,479662.1927,605994.6776,4.2658,0.048209
sensor_factory,technoprom,3,39,2358912.54,677954.0517,9164.4553,49.0,581804.3189,4.0545,528567.5584,667318.5258,4.342,0.045142
sensor_factory,technoprom,3,40,3043337.23,988118.0258,8995.7362,49.0,851793.762,3.5729,776951.8163,977677.3995,2.535,0.030402
sensor_factory,technoprom,3,41,3334121.51,1086929.8273,9265.607,49.0,937525.2417,3.5563,855596.4513,1076177.4537,3.3918,0.028467
sensor_factory,technoprom,3,42,3659799.91,1195622.8122,9543.5772,49.0,1031846.3044,3.5468,942133.8839,1184549.335,3.4529,0.026656
sensor_factory,technoprom,3,43,4024559.71,1315185.0859,9829.8829,49.0,1135616.3966,3.5439,1037354.2444,1303780.8764,3.5151,0.024959
sensor_factory,technoprom,3,44,4433090.69,1446703.6009,10124.7793,49.0,1249780.9448,3.5471,1142126.7118,1434958.7352,3.5784,0.023371
sensor_factory,technoprom,3,45,4890645.39,1591373.9568,10428.5247,49.0,1375379.8959,3.5559,1257407.3784,1579278.2127,3.643,0.021884
sensor_factory,technoprom,3,46,5403106.65,1750511.3514,10741.3808,49.0,1513557.2444,3.5698,1384248.0099,1738054.2046,3.7087,0.020491
sensor_factory,technoprom,3,47,5977063.26,1925562.4908,11063.6218,49.0,1665571.386,3.5886,1523805.5599,1912733.1001,3.7757,0.019187
sensor_factory,technoprom,3,48,6619894.67,2118118.7345,11395.5285,49.0,1832806.5592,3.6119,1677352.6948,2104905.9343,3.8439,0.017966
sensor_factory,technoprom,3,49,7339865.85,2329930.6154,11737.3945,49.0,2016785.4722,3.6394,1846289.4006,2316322.9011,3.9133,0.016823
sensor_factory,technoprom,3,50,9600080.9,3562463.904,11364.1453,49.0,3089414.1601,3.1074,2832875.9052,3549287.3568,2.1072,0.010653
server_center_v2,technoprom,4,1,152902.08,14291.68,3753.3333,101.5,9080.0566,16.8393,5701.844,9160.18,,1.0
server_center_v2,technoprom,4,2,160152.08,15720.848,3865.9333,101.5,10225.4708,15.6621,6676.2784,10438.448,6.3296,0.936364
server_center_v2,technoprom,4,3,168272.08,17292.9328,3981.9113,101.5,11492.2837,14.6422,7759.9792,11855.1058,6.4098,0.876777
server_center_v2,technoprom,4,4,177366.48,19022.2261,4101.3687,101.5,12892.8409,13.757,8964.2279,13424.3093,6.4934,0.820982
server_center_v2,technoprom,4,5,187552.21,20924.4487,4224.4104,101.5,14440.7283,12.9877,10301.4433,15161.6384,6.5804,0.768738
server_center_v2,technoprom,4,6,198960.23,23016.8936,4351.1417,101.5,16150.8991,12.3188,11785.3022,17084.2453,6.6707,0.719818
server_center_v2,technoprom,4,7,211737.21,25318.5829,4481.6752,101.5,18039.8047,11.7372,13430.8536,19211.0014,6.7642,0.674011
server_center_v2,technoprom,4,8,226047.42,27850.4398,4616.1271,101.5,20125.547,11.2319,15254.6612,21562.6736,6.861,0.63112
server_center_v2,technoprom,4,9,242074.86,30635.488,4754.6101,101.5,22428.0588,10.7934,17274.9753,24162.1349,6.9609,0.590958
server_center_v2,technoprom,4,10,270910.7,38079.9098,4848.2745,101.5,28823.2177,9.399,23090.0161,31481.0331,4.509,0.484794
server_center_v2,technoprom,4,11,291015.52,41887.8994,4993.7237,101.5,32009.6279,9.0915,25918.234,35094.1001,6.3096,0.453944
server_center_v2,technoprom,4,12,313532.92,46076.6907,5143.538,101.5,35523.5379,8.8261,29044.5456,39082.119,6.4081,0.425057
server_center_v2,technoprom,4,13,338752.41,50684.357,5297.8413,101.5,39397.9637,8.5982,32499.2237,43482.9969,6.5092,0.398007
server_center_v2,technoprom,4,14,366998.24,55752.7869,5456.7762,101.5,43669.2244,8.404,36315.5653,48338.4315,6.613,0.37268
server_center_v2,technoprom,4,15,398633.57,61328.0713,5620.4815,101.5,48377.2981,8.2401,40530.2348,53694.3274,6.7194,0.348964
server_center_v2,technoprom,4,16,434065.13,67460.8742,5789.0963,101.5,53566.1418,8.1033,45183.5549,59601.1625,6.8284,0.326757
server_center_v2,technoprom,4,17,473748.48,74206.9616,5962.7668,101.5,59284.1445,7.9911,50319.9191,66114.5068,6.9401,0.305963
server_center_v2,technoprom,4,18,518193.83,81627.6592,6141.6506,101.5,65584.5224,7.9012,55988.1514,73295.4746,7.0544,0.286493
server_center_v2,technoprom,4,19,567972.63,89790.438,6325.9018,101.5,72525.8415,7.8313,62241.9977,81211.3307,7.1714,0.268262
server_center_v2,technoprom,4,20,647560.05,118029.5257,6372.3343,101.5,97053.4515,6.6722,84763.6192,109388.1923,3.2448,0.205577
server_center_v2,technoprom,4,21,710002.57,129832.4811,6563.5028,101.5,107155.7061,6.6259,93919.2307,120934.9547,6.181,0.192495
server_center_v2,technoprom,4,22,779938.19,142815.7292,6760.4064,101.5,118279.8259,6.594,104010.4738,133654.324,6.2868,0.180245
server_center_v2,technoprom,4,23,858266.09,157097.2907,6963.2215,101.5,130528.3352,6.5753,115131.5003,147664.0844,6.3949,0.168775
server_center_v2,technoprom,4,24,945993.34,172807.0198,7172.1171,101.5,144014.0604,6.5688,127385.9403,163093.8638,6.5052,0.158035
server_center_v2,technoprom,4,25,1044247.86,190087.7332,7387.2806,101.5,158861.0887,6.5733,140887.7656,180086.2275,6.6178,0.147978
server_center_v2,technoprom,4,26,1154292.92,209096.4965,7608.9,101.5,175205.904,6.5882,155762.3473,198797.9894,6.7327,0.138561
server_center_v2,technoprom,4,27,1277543.39,230006.1533,7837.1664,101.5,193198.7136,6.6126,172147.673,219401.7367,6.85,0.129744
server_center_v2,technoprom,4,28,1415583.91,253006.7687,8072.279,101.5,213004.701,6.6458,190195.4965,242087.2678,6.9696,0.121487
server_center_v2,technoprom,4,29,1570189.3,278307.4441,8314.4478,101.5,234805.6018,6.6872,210072.7836,267063.4026,7.0917,0.113756
server_center_v2,technoprom,4,30,1982350.26,385734.1153,8264.1456,101.5,328310.5686,6.038,296089.5738,374557.4859,4.4079,0.081579
server_center_v2,technoprom,4,31,2176287.26,424307.5169,8512.0721,101.5,361653.732,6.0176,326576.4054,412798.6308,5.8164,0.076387
server_center_v2,technoprom,4,32,2393496.7,466738.2714,8767.4339,101.5,398346.3237,6.0086,360137.9663,454887.1642,5.9197,0.071526
server_center_v2,technoprom,4,33,2636771.27,513412.0971,9030.4562,101.5,438723.7226,6.0101,397082.4934,501208.5026,6.025,0.066975
server_center_v2,technoprom,4,34,2909238.79,564753.314,9301.368,101.5,483154.888,6.0213,437749.0991,552186.6591,6.1324,0.062713
server_center_v2,technoprom,4,35,3214402.41,621228.6454,9580.4096,101.5,532045.6601,6.0416,482510.8019,608288.0352,6.2417,0.058722
server_center_v2,technoprom,4,36,3556185.66,683351.5056,9867.8249,101.5,585842.4973,6.0702,531777.9672,670025.7181,6.3532,0.054985
server_center_v2,technoprom,4,37,3938982.9,751686.659,10163.8578,101.5,645036.5321,6.1066,586002.0406,737964.1454,6.4668,0.051486
server_center_v2,technoprom,4,38,4367715.81,826855.3221,10468.7748,101.5,710167.9911,6.1503,645679.5954,812724.1763,6.5826,0.048209
server_center_v2,technoprom,4,39,4847896.67,909540.8657,10782.8387,101.5,781831.1785,6.2007,711356.9345,894988.8296,6.7005,0.045142
server_center_v2,technoprom,4,40,6201209.77,1325655.8056,10584.3249,101.5,1144023.8832,5.4205,1044546.6571,1311369.8062,3.7364,0.030402
server_center_v2,technoprom,4,41,6803548.64,1458221.3848,10901.8532,101.5,1259079.6875,5.4036,1150122.828,1443509.8524,5.2352,0.028467
server_center_v2,technoprom,4,42,7478168.18,1604043.5261,11228.9111,101.5,1385660.41,5.3968,1266289.9542,1588893.6896,5.3296,0.026656
server_center_v2,technoprom,4,43,8233742.06,1764447.8687,11565.7766,101.5,1524919.1152,5.3995,1394108.1301,1748846.5847,5.4257,0.024959
server_center_v2,technoprom,4,44,9079984.81,1940892.6642,11912.7497,101.5,1678124.2206,5.4108,1534743.5068,1924826.3868,5.5236,0.023371
server_center_v2,technoprom,4,45,10027776.69,2134981.9249,12270.1346,101.5,1846670.9525,5.4302,1689478.838,2118436.701,5.6233,0.021884
server_center_v2,technoprom,4,46,11089303.59,2348480.1159,12638.239,101.5,2032094.1279,5.4571,1859725.2342,2331441.5798,5.7249,0.020491
server_center_v2,technoprom,4,47,12278213.72,2583328.1332,13017.3857,101.5,2236082.0453,5.4909,2047034.928,2565781.4866,5.8283,0.019187
server_center_v2,technoprom,4,48,13609793.06,2841660.9394,13407.9051,101.5,2460491.8349,5.5313,2253115.3939,2823590.9414,5.9337,0.017966
server_center_v2,technoprom,4,49,15101161.92,3125827.0433,13810.1423,101.5,2707366.3989,5.5778,2479844.9213,3107217.9903,6.041,0.016823
server_center_v2,technoprom,4,50,19691998.81,4779389.5399,13370.9798,101.5,4146347.8424,4.7492,3803353.6623,4761369.0271,3.1903,0.010653
automation_factory,technoprom,5,1,290515.06,21168.075,5970.0,196.0,13051.8053,22.2586,7783.46,14177.075,,1.0
automation_factory,technoprom,5,2,304515.06,23284.8825,6149.1,196.0,14737.6108,20.6624,9208.256,16090.0325,8.3046,0.936364
automation_factory,technoprom,5,3,320195.06,25613.3708,6333.573,196.0,16602.904,19.2855,10794.3371,18208.5553,8.4062,0.876777
automation_factory,technoprom,5,4,337756.66,28174.7078,6523.5802,196.0,18665.961,18.0948,12558.396,20553.6279,8.5124,0.820982
automation_factory,technoprom,5,5,357425.65,30992.1786,6719.2887,196.0,20946.8942,17.0634,14518.8098,23148.345,8.6232,0.768738
automation_factory,technoprom,5,6,379454.92,34091.3965,6920.8658,196.0,23467.8417,16.1691,16695.8185,26018.1296,8.7385,0.719818
automation_factory,technoprom,5,7,404127.7,37500.5361,7128.4904,196.0,26253.1597,15.3935,19111.6932,29190.9528,8.8582,0.674011
automation_factory,technoprom,5,8,431761.22,41250.5876,7342.3478,196.0,29329.6487,14.721,21790.9484,32697.5938,8.9822,0.63112
automation_factory,technoprom,5,9,462710.76,45375.6527,7562.6169,196.0,32726.8212,14.1386,24760.5968,36571.9506,9.1104,0.590958
automation_factory,technoprom,5,10,509052.13,56401.9336,7711.5983,196.0,42190.0718,12.0657,33358.1495,47428.6623,4.897,0.484794
automation_factory,technoprom,5,11,547875.23,62042.1249,7942.9477,196.0,46895.7642,11.6828,37523.2784,52805.5337,8.2502,0.453944
automation_factory,technoprom,5,12,591357.1,68246.3395,8181.2402,196.0,52086.1164,11.3534,42129.2112,58738.5259,8.3774,0.425057
automation_factory,technoprom,5,13,640056.8,75070.9692,8426.6729,196.0,57810.0178,11.0717,47220.766,65283.8063,8.5081,0.398007
automation_factory,technoprom,5,14,694600.46,82578.0577,8679.4726,196.0,64121.249,10.8326,52847.2373,72503.1605,8.6423,0.37268
automation_factory,technoprom,5,15,755689.36,90835.8719,8939.8601,196.0,71079.0103,10.6317,59062.9074,80464.604,8.78,0.348964
automation_factory,technoprom,5,16,824108.93,99919.4527,9208.0564,196.0,78748.3949,10.4651,65927.4777,89242.9263,8.9211,0.326757
automation_factory,technoprom,5,17,900738.85,109911.398,9484.2942,196.0,87201.0603,10.3294,73506.6771,98920.4601,9.0658,0.305963
automation_factory,technoprom,5,18,986564.36,120902.5399,9768.8244,196.0,96515.8125,10.2218,81872.7953,109587.7523,9.2139,0.286493
automation_factory,technoprom,5,19,1082688.93,132992.813,10061.8917,196.0,106779.3815,10.1395,91105.4128,121344.4588,9.3656,0.268262
automation_factory,technoprom,5,20,1247907.03,174819.0452,10135.7466,196.0,143103.9498,8.7203,124455.6163,163086.6301,4.5484,0.205577
automation_factory,technoprom,5,21,1368485.69,192300.954,10439.8166,196.0,158048.6695,8.6586,137985.0383,180222.4491,8.0683,0.192495
automation_factory,technoprom,5,22,1503533.79,211531.0494,10753.0088,196.0,174506.3753,8.6159,152899.3263,199096.072,8.2058,0.180245
automation_factory,technoprom,5,23,1654787.67,232684.1374,11075.6037,196.0,192628.9043,8.5905,169337.9044,219881.9854,8.3462,0.168775
automation_factory,technoprom,5,24,1824192.01,255952.5511,11407.87,196.0,212583.3526,8.5811,187454.2359,242772.2166,8.4896,0.158035
automation_factory,technoprom,5,25,2013924.87,281547.8232,11750.1062,196.0,234553.4937,8.5862,207417.0992,267977.9585,8.6359,0.147978
automation_factory,technoprom,5,26,2226425.68,309702.5907,12102.6109,196.0,258741.4624,8.6048,229412.1562,295731.5084,8.7854,0.138561
automation_factory,technoprom,5,27,2464426.58,340672.8603,12465.6884,196.0,285369.7196,8.6359,253643.7557,326288.5266,8.9379,0.129744
automation_factory,technoprom,5,28,2730987.59,374740.1463,12839.6551,196.0,314682.9074,8.6785,280336.6344,359930.167,9.0936,0.121487
automation_factory,technoprom,5,29,3029535.92,412214.1589,13224.8455,196.0,346950.1826,8.7319,309738.0588,396965.7593,9.2524,0.113756
automation_factory,technoprom,5,30,3774698.28,571328.8209,13144.8355,196.0,485449.5473,7.7757,437149.8034,556171.488,5.3803,0.081579
automation_factory,technoprom,5,31,4149197.31,628461.6882,13539.1839,196.0,534812.0587,7.7582,482264.5747,612855.5115,7.5867,0.076387
automation_factory,technoprom,5,32,4568636.22,691307.8612,13945.3588,196.0,589134.8571,7.7548,531932.2508,675239.38,7.7212,0.071526
automation_factory,technoprom,5,33,5038407.8,760438.6452,14363.7185,196.0,648914.6663,7.7644,586609.3384,743893.9908,7.8584,0.066975
automation_factory,technoprom,5,34,5564551.97,836482.5204,14794.6271,196.0,714697.9471,7.7859,646798.0756,819447.4096,7.9981,0.062713
automation_factory,technoprom,5,35,6153833.44,920130.7724,15238.4668,196.0,787085.7859,7.8185,713050.9177,902590.4873,8.1406,0.058722
automation_factory,technoprom,5,36,6813828.68,1012143.8433,15695.6255,196.0,866739.4295,7.8614,785975.6364,994083.2243,8.2858,0.054985
automation_factory,technoprom,5,37,7553023.35,1113358.2318,16166.4914,196.0,954386.2942,7.914,866240.8484,1094761.6776,8.4338,0.051486
automation_factory,technoprom,5,38,8380921.39,1224694.0508,16651.4882,196.0,1050826.5095,7.9756,954582.0084,1205545.4776,8.5846,0.048209
automation_factory,technoprom,5,39,9308167.19,1347163.4728,17151.0339,196.0,1156940.3019,8.0455,1051808.2274,1327446.3212,8.7382,0.045142
automation_factory,technoprom,5,40,11825490.67,1963490.7525,16835.2806,196.0,1693419.7406,6.9832,1545343.6811,1944132.9884,4.6923,0.030402
automation_factory,technoprom,5,41,12988627.8,2159839.8257,17340.3366,196.0,1863804.0354,6.9689,1701665.3556,2139907.2113,6.8266,0.028467
automation_factory,technoprom,5,42,14291341.39,2375823.8124,17860.5505,196.0,2051257.5179,6.9671,1873672.2242,2355299.0954,6.9495,0.026656
automation_factory,technoprom,5,43,15750380.61,2613406.1789,18396.364,196.0,2257488.019,6.9769,2062934.3972,2592271.6038,7.0748,0.024959
automation_factory,technoprom,5,44,17384504.53,2874746.8095,18948.2546,196.0,2484374.2227,6.9975,2271179.0656,2852984.0774,7.2024,0.023371
automation_factory,technoprom,5,45,19214723.32,3162221.4819,19516.7061,196.0,2733982.635,7.0281,2500306.1264,3139811.7436,7.3324,0.021884
automation_factory,technoprom,5,46,21264568.37,3478443.628,20102.2079,196.0,3008586.5155,7.068,2752405.5906,3455367.4768,7.4647,0.020491
automation_factory,technoprom,5,47,23560394.82,3826287.9993,20705.2734,196.0,3310686.4515,7.1165,3029776.4893,3802525.4444,7.5996,0.019187
automation_factory,technoprom,5,48,26131720.45,4208916.7886,21326.428,196.0,3643033.0937,7.1731,3334947.7889,4184447.2412,7.7369,0.017966
automation_factory,technoprom,5,49,29011605.15,4629808.4823,21966.221,196.0,4008652.2474,7.2372,3670701.4544,4604610.7283,7.8767,0.016823
automation_factory,technoprom,5,50,37741042.55,7078977.1556,21267.6952,196.0,6140036.7106,6.1467,5631084.1818,7054574.4574,4.0957,0.010653
robotics_factory_v2,technoprom,6,1,533277.8,32515.44,9900.0,364.0,19358.7528,27.5471,10798.352,21151.44,,1.0
robotics_factory_v2,technoprom,6,2,559277.8,35766.984,10197.0,364.0,21929.2061,25.5038,12954.0872,24072.984,10.1149,0.936364
robotics_factory_v2,technoprom,6,3,588397.8,39343.6824,10502.91,364.0,24774.792,23.7499,15356.5809,27309.7824,10.2334,0.876777
robotics_factory_v2,technoprom,6,4,621012.2,43278.0506,10817.9973,364.0,27923.5664,22.2397,18031.4446,30894.0536,10.3578,0.820982
robotics_factory_v2,technoprom,6,5,657540.33,47605.8557,11142.5391,364.0,31406.4054,20.9365,21006.8759,34861.2567,10.488,0.768738
robotics_factory_v2,technoprom,6,6,698451.83,52366.4413,11476.8126,364.0,35257.2969,19.8101,24313.9341,39250.4273,10.6239,0.719818
robotics_factory_v2,technoprom,6,7,744272.71,57603.0854,11821.1148,364.0,39513.6344,18.8358,27986.7961,44104.5134,10.7653,0.674011
robotics_factory_v2,technoprom,6,8,795592.1,63363.3907,12175.7526,364.0,44216.5651,17.9931,32063.0837,49470.7767,10.9122,0.63112
robotics_factory_v2,technoprom,6,9,853069.82,69699.7395,12541.023,364.0,49411.4034,17.2646,36584.2571,55401.2695,11.0644,0.590958
robotics_factory_v2,technoprom,6,10,939015.37,86636.7721,12788.0775,364.0,63931.6843,14.6878,49763.3014,72063.7971,5.919,0.484794
robotics_factory_v2,technoprom,6,11,1011115.42,95300.446,13171.7223,364.0,71135.3097,14.214,56118.7734,80301.199,10.0089,0.453944
robotics_factory_v2,technoprom,6,12,1091867.47,104830.4939,13566.8808,364.0,79082.6634,13.8067,63150.0739,89392.1819,10.1609,0.425057
robotics_factory_v2,technoprom,6,13,1182309.77,115313.5368,13973.8797,364.0,87848.8217,13.4585,70926.0099,99423.0038,10.3172,0.398007
robotics_factory_v2,technoprom,6,14,1283605.15,126844.8775,14393.0952,364.0,97516.3706,13.163,79522.2592,110488.5495,10.4779,0.37268
robotics_factory_v2,technoprom,6,15,1397055.97,139529.3782,14824.8936,364.0,108176.2216,12.9146,89022.1622,122693.2742,10.6428,0.348964
robotics_factory_v2,technoprom,6,16,1524120.89,153482.3063,15269.6412,364.0,119928.3386,12.7086,99517.3832,136152.0383,10.8121,0.326757
robotics_factory_v2,technoprom,6,17,1666433.6,168830.5369,15727.7241,364.0,132882.7671,12.5406,111108.8434,150991.2879,10.9856,0.305963
robotics_factory_v2,technoprom,6,18,1825823.83,185713.5938,16199.5581,364.0,147160.5311,12.407,123907.5379,167350.0848,11.1635,0.286493
robotics_factory_v2,technoprom,6,19,2004340.89,204284.9825,16685.5491,364.0,162894.8271,12.3045,138035.6623,185381.4835,11.3457,0.268262
robotics_factory_v2,technoprom,6,20,2291037.18,268532.5981,16808.022,364.0,218683.7012,10.4765,189250.0454,249493.0181,5.139,0.205577
robotics_factory_v2,technoprom,6,21,2514968.98,295385.8644,17312.2587,364.0,241607.3569,10.4093,209976.3034,275786.0214,9.7686,0.192495
robotics_factory_v2,technoprom,6,22,2765772.6,324924.4508,17831.6226,364.0,266854.0805,10.3644,232828.1267,304747.5368,9.9341,0.180245
robotics_factory_v2,technoprom,6,23,3046672.65,357416.8699,18366.579,364.0,294657.0731,10.3397,258019.6274,336645.5599,10.1032,0.168775
robotics_factory_v2,technoprom,6,24,3361280.71,393158.5569,18917.5734,364.0,325272.9756,10.3337,285786.4854,371775.0309,10.276,0.158035
robotics_factory_v2,technoprom,6,25,3713641.74,432474.4386,19485.1008,364.0,358984.0439,10.3449,316387.8997,410460.3266,10.4524,0.147978
robotics_factory_v2,technoprom,6,26,4108286.09,475721.8597,20069.6562,364.0,396100.737,10.3718,350109.0034,453058.2417,10.6325,0.138561
robotics_factory_v2,technoprom,6,27,4550287.76,523294.0619,20671.7445,364.0,436964.7361,10.4134,387263.6328,499961.4569,10.8164,0.129744
robotics_factory_v2,technoprom,6,28,5045329.64,575623.4681,21291.8904,364.0,481951.7926,10.4685,428196.9389,551601.8121,11.0041,0.121487
robotics_factory_v2,technoprom,6,29,5599776.54,633185.8116,21930.6483,364.0,531475.3121,10.5363,473288.6769,608454.4246,11.1956,0.113756
robotics_factory_v2,technoprom,6,30,6922446.07,877595.5299,21797.9685,364.0,744227.1984,9.3015,669015.4712,853011.5649,6.217,0.081579
robotics_factory_v2,technoprom,6,31,7617944.26,965355.0601,22451.913,364.0,820009.058,9.2901,738242.1786,940044.4901,9.1776,0.076387
robotics_factory_v2,technoprom,6,32,8396902.24,1061890.5727,23125.4694,364.0,903408.9598,9.2947,814460.254,1035831.6067,9.34,0.071526
robotics_factory_v2,technoprom,6,33,9269335.17,1168079.6267,23819.2317,364.0,995189.8636,9.3141,898370.8538,1141249.8137,9.5056,0.066975
robotics_factory_v2,technoprom,6,34,10246460.05,1284887.6056,24533.8038,364.0,1096191.1276,9.3473,990745.3788,1257263.8236,9.6744,0.062713
robotics_factory_v2,technoprom,6,35,11340839.92,1413376.3662,25269.8193,364.0,1207336.0158,9.3933,1092432.364,1384934.7892,9.8464,0.058722
robotics_factory_v2,technoprom,6,36,12566545.37,1554713.993,26027.9217,364.0,1329640.202,9.4511,1204365.3119,1525430.08,10.0218,0.054985
robotics_factory_v2,technoprom,6,37,13939335.48,1710185.3988,26808.7545,364.0,1464221.0006,9.52,1327571.1873,1680033.8938,10.2005,0.051486
robotics_factory_v2,technoprom,6,38,15476860.4,1881203.9322,27613.0206,364.0,1612307.4131,9.5992,1463179.6149,1850158.7982,10.3826,0.048209
robotics_factory_v2,technoprom,6,39,17198888.31,2069324.3514,28441.413,364.0,1775251.4764,9.6881,1612433.3616,2037358.7814,10.5682,0.045142
robotics_factory_v2,technoprom,6,40,21771935.91,3016040.2282,27917.802,364.0,2599349.8308,8.3759,2370591.4796,2984656.4482,5.5492,0.030402
robotics_factory_v2,technoprom,6,41,23932047.72,3317644.2478,28755.3321,364.0,2861016.6767,8.3649,2610618.4001,3285329.8788,8.2552,0.028467
robotics_factory_v2,technoprom,6,42,26351372.95,3649408.6791,29617.9983,364.0,3148901.2123,8.3684,2874735.9458,3616135.7921,8.4038,0.026656
robotics_factory_v2,technoprom,6,43,29061017.21,4014349.5242,30506.5332,364.0,3465626.7222,8.3855,3165355.8196,3980089.3762,8.5552,0.024959
robotics_factory_v2,technoprom,6,44,32095818.78,4415784.4962,31421.7288,364.0,3814078.9276,8.4151,3485131.0037,4380507.4642,8.7094,0.023371
robotics_factory_v2,technoprom,6,45,35494796.54,4857362.9328,32364.387,364.0,4197432.0548,8.4563,3836979.7657,4821038.5028,8.8664,0.021884
robotics_factory_v2,technoprom,6,46,39301651.63,5343099.2228,33335.3196,364.0,4619177.9158,8.5084,4224112.3988,5305695.9788,9.0264,0.020491
robotics_factory_v2,technoprom,6,47,43565329.33,5877409.1581,34335.378,364.0,5083157.5087,8.5705,4650060.2595,5838894.7381,9.1894,0.019187
robotics_factory_v2,technoprom,6,48,48340648.35,6465150.0576,35365.4334,364.0,5593595.9431,8.6421,5118707.896,6425491.1316,9.3553,0.017966
robotics_factory_v2,technoprom,6,49,53689005.66,7111665.0861,36426.3966,364.0,6155140.9799,8.7226,5634328.474,7070827.3121,9.5244,0.016823
robotics_factory_v2,technoprom,6,50,69781257.05,10873735.8955,35268.0372,364.0,9429150.3567,7.4006,8645722.6606,10834185.1875,4.9152,0.010653
battery_system_factory,technoprom,7,1,922135.1,28051.625,4820.0,630.0,19663.4137,46.896,14581.3,21501.625,,1.0
battery_system_factory,technoprom,7,2,967135.1,30856.7875,4964.6,630.0,21978.1031,44.0045,16608.53,24129.1875,19.4411,0.936364
battery_system_factory,technoprom,7,3,1017535.1,33942.4662,5113.538,630.0,24533.0676,41.4761,18853.666,27031.9382,19.7263,0.876777
battery_system_factory,technoprom,7,4,1073983.1,37336.7129,5266.9441,630.0,27352.5988,39.2644,21338.9541,30237.769,20.0203,0.820982
battery_system_factory,technoprom,7,5,1137204.86,41070.3842,5424.9534,630.0,30463.4248,37.3302,24088.8773,33777.3709,20.3231,0.768738
battery_system_factory,technoprom,7,6,1208013.23,45177.4226,5587.7007,630.0,33894.9581,35.6399,27130.387,37684.5205,20.6346,0.719818
battery_system_factory,technoprom,7,7,1287318.61,49695.1648,5755.3306,630.0,37679.5558,34.1649,30493.1359,41996.377,20.9548,0.674011
battery_system_factory,technoprom,7,8,1376140.63,54664.6785,5927.9927,630.0,41852.8167,32.8805,34209.7538,46753.8244,21.2836,0.63112
battery_system_factory,technoprom,7,9,1475621.29,60131.1548,6105.8314,630.0,46453.9313,31.7653,38316.1767,52001.8764,21.621,0.590958
battery_system_factory,technoprom,7,10,1612193.2,74743.0218,6226.1145,630.0,59061.6094,27.2968,49825.2457,66466.0098,10.8324,0.484794
battery_system_factory,technoprom,7,11,1736981.74,82217.3212,6412.8991,630.0,65401.7472,26.5586,55524.5083,73710.8974,19.6823,0.453944
battery_system_factory,technoprom,7,12,1876744.91,90439.0561,6605.2894,630.0,72387.277,25.9264,61813.3107,81696.3355,20.0075,0.425057
battery_system_factory,technoprom,7,13,2033279.66,99482.9561,6803.4445,630.0,80083.0752,25.3896,68751.1982,90496.8584,20.3403,0.398007
battery_system_factory,technoprom,7,14,2208598.58,109431.2405,7007.5474,630.0,88560.5131,24.9389,76403.6714,100194.4604,20.6806,0.37268
battery_system_factory,technoprom,7,15,2404955.77,120374.3758,7217.7765,630.0,97898.1414,24.5659,84842.8359,110879.3889,21.0286,0.348964
battery_system_factory,technoprom,7,16,2624875.82,132411.805,7434.3102,630.0,108182.3205,24.2634,94147.9787,122650.868,21.3843,0.326757
battery_system_factory,technoprom,7,17,2871186.28,145652.9855,7657.3364,630.0,119508.1147,24.025,104406.3838,135618.1242,21.7477,0.305963
battery_system_factory,technoprom,7,18,3147053.99,160218.2868,7887.0576,630.0,131980.0694,23.8449,115714.0431,149901.2783,22.119,0.286493
battery_system_factory,technoprom,7,19,3456025.83,176240.1407,8123.6714,630.0,145713.2284,23.718,128176.6055,165632.5195,22.4982,0.268262
battery_system_factory,technoprom,7,20,3931486.21,231667.6552,8183.2996,630.0,193883.2893,20.2776,172429.1747,220986.7976,9.8705,0.205577
battery_system_factory,technoprom,7,21,4319060.49,254834.4263,8428.7967,630.0,213824.7978,20.1991,190594.346,243852.0453,19.4356,0.192495
battery_system_factory,technoprom,7,22,4753143.68,280317.8689,8681.6587,630.0,235775.4029,20.1596,210601.8071,269024.9188,19.7755,0.180245
battery_system_factory,technoprom,7,23,5239316.85,308349.6334,8942.1122,630.0,259936.4434,20.1561,232636.5384,296736.7902,20.1222,0.168775
battery_system_factory,technoprom,7,24,5783830.8,339184.5967,9210.3741,630.0,286529.4736,20.1858,256902.1162,327242.27,20.4758,0.158035
battery_system_factory,technoprom,7,25,6393686.43,373103.0788,9486.6854,630.0,315798.1622,20.2461,283622.4349,360821.3822,20.8365,0.147978
battery_system_factory,technoprom,7,26,7076724.73,410413.367,9771.2872,630.0,348010.5095,20.3348,313043.7629,397782.1181,21.2042,0.138561
battery_system_factory,technoprom,7,27,7841727.63,451454.7178,10064.4251,630.0,383461.4546,20.4498,345437.1366,438463.4322,21.5792,0.129744
battery_system_factory,technoprom,7,28,8698530.88,496600.1896,10366.3547,630.0,422475.3363,20.5894,381100.6196,483238.0692,21.9615,0.121487
battery_system_factory,technoprom,7,29,9658150.52,546260.2057,10677.3459,630.0,465408.988,20.752,420362.1457,532516.1211,22.3512,0.113756
battery_system_factory,technoprom,7,30,11884344.7,757116.6408,10612.7483,630.0,648910.2865,18.3143,589144.1902,743451.896,12.1318,0.081579
battery_system_factory,technoprom,7,31,13088091.57,832828.2852,10931.1334,630.0,714502.4221,18.3178,649235.9281,818772.4948,18.352,0.076387
battery_system_factory,technoprom,7,32,14436288.07,916111.1194,11259.0669,630.0,786673.1856,18.3511,715370.2951,901652.5558,18.6806,0.071526
battery_system_factory,technoprom,7,33,15946268.14,1007722.2285,11596.8381,630.0,866080.9897,18.412,788152.5257,992848.8091,19.0155,0.066975
battery_system_factory,technoprom,7,34,17637445.82,1108494.4654,11944.7408,630.0,953450.1603,18.4986,868248.461,1093193.7463,19.3567,0.062713
battery_system_factory,technoprom,7,35,19531564.83,1219343.9119,12303.0837,630.0,1049577.4205,18.609,956390.5039,1203603.0705,19.7043,0.058722
battery_system_factory,technoprom,7,36,21652978.12,1341278.2947,12672.1801,630.0,1155339.2197,18.7417,1053384.3657,1325084.1233,20.0584,0.054985
battery_system_factory,technoprom,7,37,24028961.0,1475406.1298,13052.3431,630.0,1271699.6944,18.8952,1160116.3892,1458745.0362,20.4192,0.051486
battery_system_factory,technoprom,7,38,26690061.83,1622946.7371,13443.9151,630.0,1399719.3552,19.0682,1277561.5171,1605804.7087,20.7867,0.048209
battery_system_factory,technoprom,7,39,29670494.76,1785241.4333,13847.2334,630.0,1540564.8539,19.2595,1406792.2965,1767604.0429,21.161,0.045142
battery_system_factory,technoprom,7,40,37551735.58,2601989.377,13592.3036,630.0,2251357.3538,16.6796,2060573.0462,2584665.0954,11.088,0.030402
battery_system_factory,technoprom,7,41,41290390.64,2862188.3118,14000.0708,630.0,2477375.6697,16.667,2268120.5433,2844363.2042,16.5414,0.028467
battery_system_factory,technoprom,7,42,45477684.31,3148407.1486,14420.0759,630.0,2726020.6532,16.6828,2496465.605,3130066.184,16.8405,0.026656
battery_system_factory,technoprom,7,43,50167453.22,3463247.8439,14852.6758,630.0,2999555.6963,16.725,2747689.2615,3444375.5533,17.145,0.024959
battery_system_factory,technoprom,7,44,55419994.4,3809572.6451,15298.2558,630.0,3300470.6186,16.7915,3024080.7323,3790153.086,17.4552,0.023371
battery_system_factory,technoprom,7,45,61302840.52,4190529.8984,15757.2066,630.0,3631504.1418,16.8808,3328158.1088,4170546.6488,17.7711,0.021884
battery_system_factory,technoprom,7,46,67891628.18,4609582.8854,16229.9233,630.0,3995668.977,16.9913,3662691.4234,4589019.0377,18.0929,0.020491
battery_system_factory,technoprom,7,47,75271070.35,5070541.1852,16716.8204,630.0,4396279.0973,17.1215,4030727.7175,5049379.3228,18.4205,0.019187
battery_system_factory,technoprom,7,48,83536045.59,5577595.2897,17218.3221,630.0,4836979.8618,17.2703,4435618.7485,5555817.4749,18.7542,0.017966
battery_system_factory,technoprom,7,49,92792817.85,6135354.8383,17734.8719,630.0,5321781.2707,17.4364,4881051.5628,6112942.589,19.0939,0.016823
battery_system_factory,technoprom,7,50,120554715.23,9380957.5294,17170.903,630.0,8145946.265,14.7994,7478379.6691,9359237.9556,9.8301,0.010653
microelectronics_complex,technoprom,8,1,1826260.0,38670.48,4456.0,1260.0,28670.3976,63.6985,22992.384,31084.48,,1.0
microelectronics_complex,technoprom,8,2,1916260.0,42537.528,4589.68,1260.0,31918.4278,60.0362,25885.5024,34761.748,27.7091,0.936364
microelectronics_complex,technoprom,8,3,2017060.0,46791.2808,4727.3704,1260.0,35499.402,56.8195,29081.969,38820.0274,28.1488,0.876777
microelectronics_complex,technoprom,8,4,2129956.0,51470.4089,4869.1915,1260.0,39446.8591,53.9956,32612.5398,43297.8179,28.5997,0.820982
microelectronics_complex,technoprom,8,5,2256399.52,56617.4498,5015.2681,1260.0,43797.698,51.5187,36511.0577,48237.4798,29.0619,0.768738
microelectronics_complex,technoprom,8,6,2398016.26,62279.1947,5165.7249,1260.0,48592.5187,49.3495,40814.7684,53685.6274,29.5354,0.719818
microelectronics_complex,technoprom,8,7,2556627.01,68507.1142,5320.6957,1260.0,53875.9841,47.4539,45564.6478,59693.5413,30.0202,0.674011
microelectronics_complex,technoprom,8,8,2734271.05,75357.8218,5480.3185,1260.0,59697.2278,45.8023,50805.7796,66317.6389,30.5165,0.63112
microelectronics_complex,technoprom,8,9,2933232.38,82893.6156,5644.7271,1260.0,66110.3329,44.3687,56587.8018,73620.0285,31.0242,0.590958
microelectronics_complex,technoprom,8,10,3204010.2,103036.7592,5755.9266,1260.0,83538.1244,38.3539,72535.5175,93605.3069,15.5371,0.484794
microelectronics_complex,technoprom,8,11,3453587.29,113340.4313,5928.6055,1260.0,92352.0884,37.3959,80519.4368,103663.8338,28.3161,0.453944
microelectronics_complex,technoprom,8,12,3733113.63,124674.4783,6106.4668,1260.0,102057.97,36.5784,89319.8825,114745.3785,28.7997,0.425057
microelectronics_complex,technoprom,8,13,4046183.13,137141.9184,6289.6574,1260.0,112745.2671,35.8878,99019.0486,126952.7504,29.2936,0.398007
microelectronics_complex,technoprom,8,14,4396820.97,150856.0947,6478.3467,1260.0,124512.4408,35.3123,109707.3558,140399.0523,29.798,0.37268
microelectronics_complex,technoprom,8,15,4789535.35,165941.7197,6672.6996,1260.0,137467.8475,34.8411,121484.3264,155208.7624,30.3128,0.348964
microelectronics_complex,technoprom,8,16,5229375.46,182535.88,6872.8809,1260.0,151730.6092,34.4649,134459.3826,171518.7336,30.8384,0.326757
microelectronics_complex,technoprom,8,17,5721996.38,200789.468,7079.0645,1260.0,167431.8511,34.1751,148752.9777,189479.6112,31.3746,0.305963
microelectronics_complex,technoprom,8,18,6273731.81,220868.4187,7291.4375,1260.0,184715.7737,33.9642,164497.5788,209257.0647,31.9219,0.286493
microelectronics_complex,technoprom,8,19,6891675.49,242955.2954,7510.1825,1260.0,203741.0482,33.8257,181838.9626,231033.3981,32.4801,0.268262
microelectronics_complex,technoprom,8,20,7805825.14,319364.7222,7565.3077,1260.0,270169.2906,28.8923,242883.8162,307364.5659,13.7615,0.205577
microelectronics_complex,technoprom,8,21,8580973.69,351301.2022,7792.2651,1260.0,297756.5752,28.8188,268092.564,338978.8437,28.098,0.192495
microelectronics_complex,technoprom,8,22,9449140.07,386431.3224,8026.0313,1260.0,328116.4032,28.7981,295846.0109,373777.0956,28.5959,0.180245
microelectronics_complex,technoprom,8,23,10421486.41,425074.4237,8266.8158,1260.0,361526.4189,28.8263,326399.3153,412078.3652,29.1034,0.168775
microelectronics_complex,technoprom,8,24,11510514.32,467581.866,8514.8189,1260.0,398292.131,28.8997,360033.2645,454233.7277,29.6207,0.158035
microelectronics_complex,technoprom,8,25,12730225.57,514340.0836,8770.2636,1260.0,438749.5434,29.0148,397056.6715,500629.301,30.148,0.147978
microelectronics_complex,technoprom,8,26,14096302.17,565774.0649,9033.3725,1260.0,483268.2023,29.1687,437809.1931,551689.7573,30.6855,0.138561
microelectronics_complex,technoprom,8,27,15626307.97,622351.4907,9304.3731,1260.0,532254.7923,29.3587,482664.6329,607882.4548,31.2332,0.129744
microelectronics_complex,technoprom,8,28,17339914.46,684586.6397,9583.5014,1260.0,586156.5304,29.5824,532034.0597,669721.3369,31.7913,0.121487
microelectronics_complex,technoprom,8,29,19259153.73,753045.2999,9871.007,1260.0,645465.4348,29.8376,586369.7295,737771.8371,32.3601,0.113756
microelectronics_complex,technoprom,8,30,23599781.9,1043720.7796,9811.2876,1260.0,898405.058,26.2685,818999.6923,1028532.098,17.1607,0.081579
microelectronics_complex,technoprom,8,31,26007275.64,1148092.8305,10105.6287,1260.0,988952.6656,26.2978,902055.8214,1132486.2849,26.5882,0.076387
microelectronics_complex,technoprom,8,32,28703668.63,1262902.1213,10408.7971,1260.0,1088572.992,26.3682,993448.5014,1246865.18,27.0667,0.071526
microelectronics_complex,technoprom,8,33,31723628.78,1389192.3296,10721.0602,1260.0,1198173.8043,26.4767,1094012.2733,1372712.0811,27.5542,0.066975
microelectronics_complex,technoprom,8,34,35105984.15,1528111.5819,11042.6899,1260.0,1318753.7361,26.6206,1204665.2307,1511174.7291,28.0507,0.062713
microelectronics_complex,technoprom,8,35,38894222.16,1680922.7401,11373.9712,1260.0,1451411.2289,26.7975,1326417.2353,1663515.5808,28.5565,0.058722
microelectronics_complex,technoprom,8,36,43137048.73,1849015.0025,11715.1938,1260.0,1597354.6335,27.0053,1460379.2112,1831123.4234,29.0717,0.054985
microelectronics_complex,technoprom,8,37,47889014.49,2033916.5105,12066.6475,1260.0,1757913.1808,27.242,1607773.2372,2015525.9871,29.5965,0.051486
microelectronics_complex,technoprom,8,38,53211216.14,2237308.1538,12428.6485,1260.0,1934548.9696,27.5057,1769943.5503,2218403.7125,30.1309,0.048209
microelectronics_complex,technoprom,8,39,59172081.99,2461039.0001,12801.5087,1260.0,2128870.4175,27.7951,1948368.937,2441605.2245,30.6753,0.045142
microelectronics_complex,technoprom,8,40,74760010.82,3586964.326,12565.8309,1260.0,3108630.4908,24.0492,2849462.7145,3567865.1325,15.9099,0.030402
microelectronics_complex,technoprom,8,41,82237320.94,3945660.7547,12942.804,1260.0,3420368.4171,24.0434,3135854.3978,3926026.388,23.9859,0.028467
microelectronics_complex,technoprom,8,42,90611908.28,4340226.838,13331.091,1260.0,3763303.0999,24.0778,3450924.8339,4320041.2362,24.4204,0.026656
microelectronics_complex,technoprom,8,43,99991446.1,4774249.4947,13731.0214,1260.0,4140554.8717,24.1493,3797543.0636,4753496.1281,24.8628,0.024959
microelectronics_complex,technoprom,8,44,110496528.46,5251674.4674,14142.9519,1260.0,4555556.2185,24.2553,4178865.1461,5230336.3,25.3134,0.023371
microelectronics_complex,technoprom,8,45,122262220.7,5776841.8986,14567.2433,1260.0,5012082.7501,24.3935,4598362.654,5754901.3822,25.7722,0.021884
microelectronics_complex,technoprom,8,46,135439796.01,6354526.0846,15004.261,1260.0,5514287.7865,24.5616,5059854.4762,6331965.1521,26.2394,0.020491
microelectronics_complex,technoprom,8,47,150198680.36,6989978.7085,15454.3883,1260.0,6066739.9586,24.7577,5567541.3844,6966778.7488,26.7152,0.019187
microelectronics_complex,technoprom,8,48,166728630.83,7688976.5601,15918.0173,1260.0,6674464.7322,24.9801,6126044.2221,7665118.4053,27.1997,0.017966
microelectronics_complex,technoprom,8,49,185242175.36,8457874.2431,16395.5579,1260.0,7342990.2562,25.2271,6740446.0577,8433338.1437,27.6931,0.016823
microelectronics_complex,technoprom,8,50,240518026.62,12932089.6925,15874.1792,1260.0,11236011.2966,21.406,10320600.4853,12908293.773,14.1987,0.010653
ai_research_center,technoprom,9,1,3030538.6,67724.5,14000.0,2100.0,44913.315,67.4753,31079.6,49424.5,,1.0
ai_research_center,technoprom,9,2,3180538.6,74496.95,14420.0,2100.0,50439.9465,63.0559,35867.56,55710.95,27.1413,0.936364
ai_research_center,technoprom,9,3,3348538.6,81946.645,14852.6,2100.0,56544.8192,59.2192,41178.416,62660.065,27.519,0.876777
ai_research_center,technoprom,9,4,3536698.6,90141.3095,15298.178,2100.0,63286.5244,55.8839,47065.7806,70339.1321,27.9099,0.820982
ai_research_center,technoprom,9,5,3747437.8,99155.4404,15757.126,2100.0,70729.5336,52.9826,53588.6634,78822.1946,28.3137,0.768738
ai_research_center,technoprom,9,6,3983465.7,109070.9845,16229.836,2100.0,78944.7992,50.4589,60812.0336,88190.7457,28.7304,0.719818
ai_research_center,technoprom,9,7,4247816.95,119978.0829,16716.728,2100.0,88010.3788,48.265,68807.3744,98534.4405,29.1599,0.674011
ai_research_center,technoprom,9,8,4543890.35,131975.8845,17218.236,2100.0,98012.1542,46.3605,77653.3536,109951.9257,29.6021,0.63112
ai_research_center,technoprom,9,9,4875492.56,145173.4932,17734.78,2100.0,109044.6805,44.711,87436.6246,122551.8192,30.0568,0.590958
ai_research_center,technoprom,9,10,5302129.01,180450.6435,18084.15,2100.0,139431.8493,38.0267,115134.2898,157424.6985,14.04,0.484794
ai_research_center,technoprom,9,11,5718090.82,198495.7011,18626.678,2100.0,154659.0501,36.9722,128756.5438,174841.9737,27.317,0.453944
ai_research_center,technoprom,9,12,6183968.05,218345.2779,19185.488,2100.0,171442.0172,36.0703,143797.9904,194044.9275,27.7589,0.425057
ai_research_center,technoprom,9,13,6705750.55,240179.7922,19761.042,2100.0,189937.3127,35.3051,160402.2708,215213.4436,28.2116,0.398007
ai_research_center,technoprom,9,14,7290146.95,264197.7443,20353.872,2100.0,210317.1689,34.6626,178727.3875,238545.4067,28.6752,0.37268
ai_research_center,technoprom,9,15,7944670.92,290617.5458,20964.496,2100.0,232771.1534,34.1308,198947.2927,264258.629,29.1496,0.348964
ai_research_center,technoprom,9,16,8677737.76,319679.2801,21593.432,2100.0,257507.6879,33.6989,221253.2761,292592.5945,29.635,0.326757
ai_research_center,technoprom,9,17,9498772.62,351647.2081,22241.226,2100.0,284756.2044,33.3576,245855.9275,323810.9323,30.1314,0.305963
ai_research_center,technoprom,9,18,10418331.67,386811.9357,22908.466,2100.0,314769.0186,33.0983,272986.8496,358203.5679,30.6389,0.286493
ai_research_center,technoprom,9,19,11448237.8,425493.1902,23595.726,2100.0,347823.7939,32.9139,302900.9632,396089.5644,31.1576,0.268262
ai_research_center,technoprom,9,20,12945264.99,559310.7747,23768.92,2100.0,464094.4136,27.8936,409695.2398,529706.7387,12.8754,0.205577
ai_research_center,technoprom,9,21,14237179.24,615241.8658,24481.982,2100.0,512134.0989,27.7997,453370.5196,584812.7152,26.8926,0.192495
ai_research_center,technoprom,9,22,15684123.2,676766.0523,25216.436,2100.0,565021.1662,27.7585,501488.1879,645487.0335,27.3591,0.180245
ai_research_center,technoprom,9,23,17304700.44,744442.6034,25972.94,2100.0,623241.6071,27.7656,554494.6727,712288.2014,27.8352,0.168775
ai_research_center,technoprom,9,24,19119746.95,818886.8637,26752.124,2100.0,687330.2236,27.8174,612881.305,785830.8345,28.3209,0.158035
ai_research_center,technoprom,9,25,21152599.04,900775.6043,27554.688,2100.0,757875.1972,27.9104,677188.4514,866790.8939,28.8164,0.147978
ai_research_center,technoprom,9,26,23429393.38,990853.1173,28381.332,2100.0,835523.4532,28.0416,748010.4958,955911.8617,29.3219,0.138561
ai_research_center,technoprom,9,27,25979403.04,1089938.4629,29232.77,2100.0,920986.9528,28.2082,826001.6153,1054011.9719,29.8374,0.129744
ai_research_center,technoprom,9,28,28835413.86,1198932.3092,30109.744,2100.0,1015048.6317,28.4079,911881.2313,1161991.034,30.3632,0.121487
ai_research_center,technoprom,9,29,32034145.98,1318825.5333,31013.038,2100.0,1118569.8709,28.6385,1006440.8697,1280839.0179,30.8993,0.113756
ai_research_center,technoprom,9,30,39187812.53,1827892.1788,30825.41,2100.0,1561621.0888,25.0943,1413975.628,1790122.7758,16.1464,0.081579
ai_research_center,technoprom,9,31,43200302.1,2010681.3492,31750.18,2100.0,1719843.1172,25.1187,1558819.8094,1971841.8552,25.3599,0.076387
ai_research_center,technoprom,9,32,47694290.42,2211749.4977,32702.684,2100.0,1893943.7279,25.1825,1718245.5722,2171807.8205,25.8126,0.071526
ai_research_center,technoprom,9,33,52727557.34,2432924.4407,33683.762,2100.0,2085512.3905,25.2828,1893713.9096,2391847.5161,26.274,0.066975
ai_research_center,technoprom,9,34,58364816.29,2676216.9186,34694.268,2100.0,2296297.7061,25.4169,2086832.1329,2633970.6942,26.7441,0.062713
ai_research_center,technoprom,9,35,64678546.31,2943838.6105,35735.098,2100.0,2528223.0559,25.5826,2299368.2414,2900387.9971,27.2231,0.058722
ai_research_center,technoprom,9,36,71749923.93,3238222.4512,36807.162,2100.0,2783404.3016,25.7778,2533267.218,3193531.3066,27.7112,0.054985
ai_research_center,technoprom,9,37,79669866.87,3562044.7099,37911.37,2100.0,3064169.0057,26.0005,2790668.7129,3516075.8389,28.2085,0.051486
ai_research_center,technoprom,9,38,88540202.96,3918249.1673,39048.716,2100.0,3373077.3927,26.2491,3073926.2599,3870964.2245,28.7151,0.048209
ai_research_center,technoprom,9,39,98474979.38,4310074.1383,40220.18,2100.0,3712945.9437,26.5221,3385629.0406,4261433.6443,29.2312,0.045142
ai_research_center,technoprom,9,40,124298698.64,6281933.0274,39479.72,2100.0,5429107.3774,22.8949,4964226.8419,6234149.3514,15.0474,0.030402
ai_research_center,technoprom,9,41,136760882.18,6910126.3234,40664.106,2100.0,5974605.1291,22.8904,5465004.8997,6860972.1436,22.8455,0.028467
ai_research_center,technoprom,9,42,150718527.75,7601138.9692,41884.038,2100.0,6574724.7902,22.9239,6015985.1184,7550573.1538,23.2581,0.026656
ai_research_center,technoprom,9,43,166351090.78,8361252.8188,43140.552,2100.0,7234930.6721,22.9928,6622191.427,8309233.0372,23.6783,0.024959
ai_research_center,technoprom,9,44,183859561.38,9197378.1413,44434.768,2100.0,7961233.7347,23.0944,7289150.361,9143860.7669,24.1063,0.023371
ai_research_center,technoprom,9,45,203469048.45,10117115.9283,45767.82,2100.0,8760245.8542,23.2264,8022941.0126,10062056.0223,24.5422,0.021884
ai_research_center,technoprom,9,46,225431673.97,11128827.5144,47140.856,2100.0,9639240.3928,23.3869,8830250.7275,11072178.8096,24.9861,0.020491
ai_research_center,technoprom,9,47,250029814.55,12241710.2929,48555.08,2100.0,10606218.0352,23.5739,9718435.6143,12183425.1289,25.4382,0.019187
ai_research_center,technoprom,9,48,277579732.0,13465881.2883,50011.724,2100.0,11669979.5209,23.7858,10695587.4446,13405910.5791,25.8986,0.017966
ai_research_center,technoprom,9,49,308435639.54,14812469.4645,51512.076,2100.0,12840205.928,24.0211,11770607.4576,14750762.6337,26.3675,0.016823
ai_research_center,technoprom,9,50,400385997.53,22648265.7671,49873.992,2100.0,19658773.8443,20.3668,18041701.6257,22588454.4335,13.4853,0.010653
technology_megacorp,technoprom,10,1,5545980.6,83831.05,10680.0,3850.0,60291.9135,91.9855,47194.84,66276.05,,1.0
technology_megacorp,technoprom,10,2,5820980.6,92214.155,11000.4,3850.0,67306.4668,86.4847,53420.724,74248.005,39.2042,0.936364
technology_megacorp,technoprom,10,3,6128980.6,101435.5705,11330.412,3850.0,75041.9879,81.674,60302.8384,83045.936,39.8163,0.876777
technology_megacorp,technoprom,10,4,6473940.6,111579.1275,11670.3244,3850.0,83571.1588,77.4662,67907.8155,92753.304,40.4447,0.820982
technology_megacorp,technoprom,10,5,6860295.8,122737.0403,12020.4361,3850.0,92973.9456,73.7873,76308.9781,103461.9395,41.0894,0.768738
technology_megacorp,technoprom,10,6,7293013.62,135010.7443,12381.0463,3850.0,103338.3373,70.5741,85587.026,115272.8942,41.7504,0.719818
technology_megacorp,technoprom,10,7,7777657.58,148511.8188,12752.4754,3850.0,114761.1288,67.7726,95830.742,128297.3361,42.4278,0.674011
technology_megacorp,technoprom,10,8,8320458.82,163362.9923,13135.0543,3850.0,127348.806,65.336,107137.8123,142657.5691,43.1216,0.63112
technology_megacorp,technoprom,10,9,8928396.21,179699.3166,13529.1036,3850.0,141218.5853,63.2239,119615.7979,158488.2338,43.8318,0.590958
technology_megacorp,technoprom,10,10,9725540.67,223366.2399,13795.623,3850.0,178976.9367,54.3396,154149.5574,201813.1488,21.1117,0.484794
technology_megacorp,technoprom,10,11,10488137.33,245702.8555,14209.4944,3850.0,198049.7242,52.9571,171398.0429,223618.6683,39.9835,0.453944
technology_megacorp,technoprom,10,12,11342245.59,270273.1495,14635.7866,3850.0,219055.0057,51.7781,190414.8397,247641.9271,40.6616,0.425057
technology_megacorp,technoprom,10,13,12298846.84,297300.4477,15074.852,3850.0,242186.7682,50.7825,211378.0801,274105.7991,41.3544,0.398007
technology_megacorp,technoprom,10,14,13370240.24,327030.4589,15527.0966,3850.0,267658.4252,49.9526,234483.7222,303255.4721,42.0622,0.37268
technology_megacorp,technoprom,10,15,14570200.85,359733.5383,15992.9155,3850.0,295704.8418,49.2728,259947.4574,335360.7942,42.7848,0.348964
technology_megacorp,technoprom,10,16,15914156.73,395706.867,16472.7038,3850.0,326584.222,48.7291,288006.4378,370718.4395,43.5228,0.326757
technology_megacorp,technoprom,10,17,17419387.31,435277.5537,16966.8781,3850.0,360580.7878,48.3092,318921.7258,409654.9821,44.276,0.305963
technology_megacorp,technoprom,10,18,19105245.56,478805.3175,17475.8869,3850.0,398007.1046,48.0023,352980.4236,452529.5656,45.0447,0.286493
technology_megacorp,technoprom,10,19,20993406.8,526685.9247,18000.1681,3850.0,439207.1082,47.7984,390498.4875,499737.3943,45.8292,0.268262
technology_megacorp,technoprom,10,20,23698118.54,692328.6185,18132.2904,3850.0,583201.3054,40.6345,522814.4592,665210.5436,18.7835,0.205577
technology_megacorp,technoprom,10,21,26066628.0,761561.4971,18676.2548,3850.0,642960.6608,40.5416,577384.8154,733745.3854,39.6341,0.192495
technology_megacorp,technoprom,10,22,28719358.6,837717.6468,19236.5383,3850.0,708729.0644,40.5223,637469.31,809182.5571,40.3344,0.180245
technology_megacorp,technoprom,10,23,31690416.87,921489.3444,19813.6428,3850.0,781108.3604,40.5711,703621.0113,892213.6914,41.0485,0.168775
technology_megacorp,technoprom,10,24,35018002.14,1013638.2789,20408.0489,3850.0,860760.8001,40.6826,776448.5498,983599.8603,41.7763,0.158035
technology_megacorp,technoprom,10,25,38744897.64,1115002.1738,21020.2906,3850.0,948414.7384,40.8523,856621.3032,1084178.1025,42.5183,0.147978
technology_megacorp,technoprom,10,26,42919020.6,1226502.3325,21650.9018,3850.0,1044871.2447,41.0759,944875.5133,1194869.0357,43.2747,0.138561
technology_megacorp,technoprom,10,27,47594038.31,1349152.6077,22300.4274,3850.0,1151011.8969,41.3497,1042021.4451,1316685.8139,44.0455,0.129744
technology_megacorp,technoprom,10,28,52830058.15,1484067.8685,22969.4333,3850.0,1267806.1386,41.6705,1148950.1449,1450742.5798,44.8311,0.121487
technology_megacorp,technoprom,10,29,58694400.37,1632474.6469,23658.5176,3850.0,1396320.5326,42.035,1266641.9412,1598265.0979,45.6318,0.113756
technology_megacorp,technoprom,10,30,71688384.07,2262609.8477,23515.3842,3850.0,1944662.6833,36.8642,1770964.8019,2228583.9732,23.6969,0.081579
technology_megacorp,technoprom,10,31,79044614.95,2488870.7738,24220.8516,3850.0,2140895.9323,36.9213,1950915.3417,2453939.6155,37.4872,0.076387
technology_megacorp,technoprom,10,32,87283593.53,2737757.868,24947.4761,3850.0,2356795.5409,37.0349,2148935.0803,2701894.2762,38.1612,0.071526
technology_megacorp,technoprom,10,33,96511249.54,3011533.6464,25695.8984,3850.0,2594329.3407,37.2008,2366833.0694,2974709.6494,38.8478,0.066975
technology_megacorp,technoprom,10,34,106846224.27,3312687.0529,26466.7702,3850.0,2855662.146,37.4156,2606599.4871,3274873.8427,39.5472,0.062713
technology_megacorp,technoprom,10,35,118421395.97,3643955.7582,27260.7748,3850.0,3143175.1356,37.6757,2870423.4444,3605123.6498,40.2596,0.058722
technology_megacorp,technoprom,10,36,131385588.28,4008351.3089,28078.6064,3850.0,3459487.7511,37.9783,3160713.1375,3968469.7264,40.9854,0.054985
technology_megacorp,technoprom,10,37,145905483.66,4409186.4566,28920.9594,3850.0,3807481.4825,38.3207,3480117.7262,4368223.9333,41.7246,0.051486
technology_megacorp,technoprom,10,38,162167766.49,4850105.0855,29788.5919,3850.0,4190325.8494,38.7005,3831551.1805,4808029.1817,42.4775,0.048209
technology_megacorp,technoprom,10,39,180381523.26,5335115.6611,30682.2516,3850.0,4611507.5662,39.1155,4218219.1515,5291892.9777,43.2444,0.045142
technology_megacorp,technoprom,10,40,227591082.0,7775931.04,30117.3864,3850.0,6735508.3786,33.7897,6171718.7524,7733433.2141,22.2267,0.030402
technology_megacorp,technoprom,10,41,250438418.49,8553524.1356,31020.9037,3850.0,7411228.3117,33.7918,6792437.9529,8509866.8804,33.8118,0.028467
technology_megacorp,technoprom,10,42,276027435.36,9408876.5659,31951.5376,3850.0,8154575.2747,33.8494,7475323.9464,9364025.0844,34.4241,0.026656
technology_megacorp,technoprom,10,43,304687134.26,10349764.1638,32910.0782,3850.0,8972313.5544,33.9586,8226596.2137,10303682.6449,35.0475,0.024959
technology_megacorp,technoprom,10,44,336785997.02,11384740.6305,33897.3802,3850.0,9871884.1278,34.1157,9053096.4341,11337392.1665,35.6824,0.023371
technology_megacorp,technoprom,10,45,372736723.32,12523214.66,34914.3084,3850.0,10861471.8059,34.3173,9962350.2654,12474561.2333,36.329,0.021884
technology_megacorp,technoprom,10,46,413001536.77,13775536.1176,35961.7387,3850.0,11950080.2096,34.5606,10962636.286,13725538.5868,36.9874,0.020491
technology_megacorp,technoprom,10,47,458098127.83,15153089.7629,37040.5896,3850.0,13147613.2808,34.8427,12063060.9259,15101707.8078,37.6579,0.019187
technology_megacorp,technoprom,10,48,508606309.82,16668398.6973,38151.8009,3850.0,14464965.2999,35.1613,13273641.2565,16615590.7918,38.3407,0.017966
technology_megacorp,technoprom,10,49,565175473.65,18335238.6257,39296.3551,3850.0,15914120.2754,35.5141,14605396.3679,18280961.9827,39.036,0.016823
technology_megacorp,technoprom,10,50,733483889.8,28034579.8039,38046.731,3850.0,24353634.2734,30.118,22366743.7466,27981906.7282,19.9429,0.010653
courier_service_v2,logistics,1,1,9000.0,1139.502,2.4,8.0,982.3187,9.162,900.0016,1129.102,,1.0
courier_service_v2,logistics,1,2,9500.0,1253.4522,2.472,8.0,1081.3928,8.785,991.0538,1242.9802,5.0467,0.936364
courier_service_v2,logistics,1,3,10060.0,1378.7974,2.5462,8.0,1190.3786,8.4511,1091.2187,1368.2513,5.1383,0.876777
courier_service_v2,logistics,1,4,10687.2,1516.6772,2.6225,8.0,1310.2675,8.1565,1201.4079,1506.0546,5.2315,0.820982
courier_service_v2,logistics,1,5,11389.66,1668.3449,2.7012,8.0,1442.15,7.8977,1322.6241,1657.6437,5.3264,0.768738
courier_service_v2,logistics,1,6,12176.42,1835.1794,2.7823,8.0,1587.2255,7.6715,1455.9701,1824.3971,5.4231,0.719818
courier_service_v2,logistics,1,7,13057.59,2018.6973,2.8657,8.0,1746.8135,7.4751,1602.6593,2007.8316,5.5215,0.674011
courier_service_v2,logistics,1,8,14044.5,2220.5669,2.9517,8.0,1922.3652,7.3058,1764.026,2209.6152,5.6218,0.63112
courier_service_v2,logistics,1,9,15149.84,2442.624,3.0402,8.0,2115.4778,7.1614,1941.5388,2431.5837,5.7238,0.590958
courier_service_v2,logistics,1,10,18379.14,3036.1814,3.1001,8.0,2631.8207,6.9834,2416.2949,3025.0813,6.2542,0.484794
courier_service_v2,logistics,1,11,19765.68,3339.7995,3.1931,8.0,2895.8875,6.8254,2659.0498,3328.6063,5.2507,0.453944
courier_service_v2,logistics,1,12,21318.6,3673.7795,3.2889,8.0,3186.3668,6.6906,2926.0902,3662.4906,5.3461,0.425057
courier_service_v2,logistics,1,13,23057.87,4041.1572,3.3876,8.0,3505.8996,6.5769,3219.8444,4029.7696,5.4432,0.398007
courier_service_v2,logistics,1,14,25005.86,4445.2725,3.4892,8.0,3857.3914,6.4826,3542.9842,4433.7833,5.5421,0.37268
courier_service_v2,logistics,1,15,27187.61,4889.8002,3.5939,8.0,4244.0395,6.4061,3898.4493,4878.2063,5.6427,0.348964
courier_service_v2,logistics,1,16,29631.17,5378.7799,3.7017,8.0,4669.358,6.3459,4289.4713,5367.0782,5.7452,0.326757
courier_service_v2,logistics,1,17,32367.95,5916.6579,3.8128,8.0,5137.2152,6.3007,4719.6071,5904.8451,5.8496,0.305963
courier_service_v2,logistics,1,18,35433.15,6508.3238,3.9272,8.0,5651.8651,6.2693,5192.7683,6496.3966,5.9559,0.286493
courier_service_v2,logistics,1,19,38866.17,7159.1572,4.045,8.0,6217.9876,6.2506,5713.2583,7147.1122,6.0641,0.268262
courier_service_v2,logistics,1,20,48995.5,9410.7117,4.0747,8.0,8176.8142,5.992,7514.4574,9398.6371,5.1711,0.205577
courier_service_v2,logistics,1,21,53301.88,10351.7831,4.1969,8.0,8995.44,5.9254,8267.1311,10339.5862,5.2605,0.192495
courier_service_v2,logistics,1,22,58125.03,11386.9614,4.3228,8.0,9895.9356,5.8736,9095.0849,11374.6386,5.3561,0.180245
courier_service_v2,logistics,1,23,63526.95,12525.6567,4.4525,8.0,10886.4876,5.8354,10005.8466,12513.2042,5.4534,0.168775
courier_service_v2,logistics,1,24,69577.11,13778.2223,4.5861,8.0,11976.1035,5.8097,11007.6988,13765.6363,5.5526,0.158035
courier_service_v2,logistics,1,25,76353.28,15156.0455,4.7237,8.0,13174.69,5.7955,12109.7509,15143.3218,5.6535,0.147978
courier_service_v2,logistics,1,26,83942.59,16671.6492,4.8654,8.0,14493.142,5.7919,13322.0213,16658.7839,5.7562,0.138561
courier_service_v2,logistics,1,27,92442.62,18338.8147,5.0113,8.0,15943.449,5.7982,14655.5348,18325.8034,5.8608,0.129744
courier_service_v2,logistics,1,28,101962.66,20172.6962,5.1617,8.0,17538.795,5.8136,16122.4145,20159.5345,5.9674,0.121487
courier_service_v2,logistics,1,29,112625.1,22189.9657,5.3165,8.0,19293.6848,5.8374,17735.9978,22176.6492,6.0758,0.113756
courier_service_v2,logistics,1,30,158420.67,30755.2923,5.2844,8.0,26745.5469,5.9233,24588.3073,30742.0079,6.1455,0.081579
courier_service_v2,logistics,1,31,171795.64,33830.8207,5.4429,8.0,29421.1187,5.8392,27048.4923,33817.3778,4.9989,0.076387
courier_service_v2,logistics,1,32,186775.6,37213.903,5.6062,8.0,32364.2583,5.771,29754.7132,37200.2969,5.0898,0.071526
courier_service_v2,logistics,1,33,203553.16,40935.2932,5.7744,8.0,35601.7214,5.7175,32731.573,40921.5189,5.1823,0.066975
courier_service_v2,logistics,1,34,222344.02,45028.8231,5.9476,8.0,39162.9417,5.6774,36006.1371,45014.8755,5.2765,0.062713
courier_service_v2,logistics,1,35,243389.79,49531.7054,6.126,8.0,43080.2941,5.6497,39608.1753,49517.5794,5.3724,0.058722
courier_service_v2,logistics,1,36,266961.05,54484.8756,6.3098,8.0,47389.3923,5.6334,43570.4358,54470.5658,5.4701,0.054985
courier_service_v2,logistics,1,37,293360.86,59933.3634,6.4991,8.0,52129.412,5.6275,47928.9421,59918.8643,5.5696,0.051486
courier_service_v2,logistics,1,38,322928.65,65926.6995,6.6941,8.0,57343.4448,5.6315,52723.3185,65912.0055,5.6708,0.048209
courier_service_v2,logistics,1,39,356044.57,72519.3704,6.8949,8.0,63078.8937,5.6444,57997.154,72504.4755,5.7739,0.045142
courier_service_v2,logistics,1,40,474086.72,105696.9819,6.768,8.0,91943.5261,5.1563,84539.4336,105682.2139,4.0895,0.030402
courier_service_v2,logistics,1,41,515627.33,116266.6799,6.971,8.0,101138.9868,5.0982,92994.8875,116251.709,4.5175,0.028467
courier_service_v2,logistics,1,42,562152.82,127893.3482,7.1801,8.0,111254.0062,5.0529,102295.9083,127878.168,4.5996,0.026656
courier_service_v2,logistics,1,43,614261.36,140682.6822,7.3955,8.0,122380.5394,5.0193,112527.0525,140667.2867,4.6833,0.024959
courier_service_v2,logistics,1,44,672622.93,154750.9511,7.6174,8.0,134619.7403,4.9965,123781.3348,154735.3337,4.7684,0.023371
courier_service_v2,logistics,1,45,737987.89,170226.0457,7.8459,8.0,148082.8738,4.9836,136161.0677,170210.1998,4.8551,0.021884
courier_service_v2,logistics,1,46,811196.64,187248.6502,8.0813,8.0,162892.3349,4.98,149778.7982,187232.5689,4.9434,0.020491
courier_service_v2,logistics,1,47,893190.44,205973.5157,8.3237,8.0,179182.757,4.9848,164758.3269,205957.1919,5.0333,0.019187
courier_service_v2,logistics,1,48,985023.5,226570.8667,8.5734,8.0,197102.2351,4.9975,181235.8332,226554.2932,5.1248,0.017966
courier_service_v2,logistics,1,49,1087876.53,249227.9541,8.8306,8.0,216813.6774,5.0176,199361.1173,249211.1235,5.2179,0.016823
courier_service_v2,logistics,1,50,1439409.02,381069.5411,8.5498,8.0,331516.1024,4.3419,304834.8082,381052.9913,3.0647,0.010653
trucking_company_v2,logistics,2,1,26493.55,2880.046,227.2,17.5,2292.751,11.5554,1945.7368,2635.346,,1.0
trucking_company_v2,logistics,2,2,27743.55,3168.0506,234.016,17.5,2537.3851,10.9339,2165.9165,2916.5346,5.1097,0.936364
trucking_company_v2,logistics,2,3,29143.55,3484.8557,241.0365,17.5,2806.8977,10.3828,2408.8298,3226.3192,5.1946,0.876777
trucking_company_v2,logistics,2,4,30711.55,3833.3412,248.2676,17.5,3103.7891,9.8949,2676.7716,3567.5737,5.2814,0.820982
trucking_company_v2,logistics,2,5,32467.71,4216.6753,255.7156,17.5,3430.8099,9.4636,2972.2668,3943.4597,5.3702,0.768738
trucking_company_v2,logistics,2,6,34434.61,4638.3429,263.3871,17.5,3790.9866,9.0833,3298.0937,4357.4558,5.4609,0.719818
trucking_company_v2,logistics,2,7,36637.54,5102.1772,271.2886,17.5,4187.648,8.749,3657.3088,4813.3886,5.5537,0.674011
trucking_company_v2,logistics,2,8,39104.82,5612.3946,279.4274,17.5,4624.4565,8.4561,4053.2746,5315.4672,5.6484,0.63112
trucking_company_v2,logistics,2,9,41868.17,6173.6349,287.8101,17.5,5105.4426,8.2007,4489.6927,5868.3248,5.7452,0.590958
trucking_company_v2,logistics,2,10,47759.82,7673.8278,293.4799,17.5,6405.6777,7.4559,5681.3424,7362.8479,4.5312,0.484794
trucking_company_v2,logistics,2,11,51226.17,8441.2103,302.2844,17.5,7065.6406,7.25,6282.0417,8121.426,5.2523,0.453944
trucking_company_v2,logistics,2,12,55108.48,9285.3317,311.3531,17.5,7792.1364,7.0723,6943.7357,8956.4786,5.3439,0.425057
trucking_company_v2,logistics,2,13,59456.67,10213.8643,320.6935,17.5,8591.8336,6.9201,7672.5512,9875.6708,5.4373,0.398007
trucking_company_v2,logistics,2,14,64326.64,11235.2495,330.3143,17.5,9472.0687,6.7912,8475.2282,10887.4353,5.5326,0.37268
trucking_company_v2,logistics,2,15,69781.01,12358.7756,340.2238,17.5,10440.9151,6.6834,9359.1848,12001.0518,5.6298,0.348964
trucking_company_v2,logistics,2,16,75889.9,13594.6523,350.4306,17.5,11507.2479,6.595,10332.576,13226.7218,5.7289,0.326757
trucking_company_v2,logistics,2,17,82731.86,14954.1176,360.9433,17.5,12680.8366,6.5242,11404.3791,14575.6742,5.8299,0.305963
trucking_company_v2,logistics,2,18,90394.85,16449.5296,371.7717,17.5,13972.4244,6.4695,12584.4662,16060.2579,5.933,0.286493
trucking_company_v2,logistics,2,19,98977.4,18094.4852,382.9249,17.5,15393.8324,6.4297,13883.7007,17694.0602,6.0381,0.268262
trucking_company_v2,logistics,2,20,117913.19,23785.1997,385.7356,17.5,20342.3088,5.7965,18432.0564,23381.9641,3.8266,0.205577
trucking_company_v2,logistics,2,21,128679.14,26163.7203,397.3076,17.5,22401.554,5.7442,20317.5148,25748.9127,5.2281,0.192495
trucking_company_v2,logistics,2,22,140737.01,28780.0923,409.2267,17.5,24667.4281,5.7054,22392.7338,28353.3656,5.3215,0.180245
trucking_company_v2,logistics,2,23,154241.82,31658.0992,421.5037,17.5,27160.6131,5.6789,24676.7238,31219.0955,5.4167,0.168775
trucking_company_v2,logistics,2,24,169367.21,34823.9092,434.1488,17.5,29903.8666,5.6637,27190.4042,34372.2604,5.5137,0.158035
trucking_company_v2,logistics,2,25,186307.64,38306.3024,447.1732,17.5,32922.2174,5.659,29956.7821,37841.6292,5.6125,0.147978
trucking_company_v2,logistics,2,26,205280.93,42136.9306,460.5885,17.5,36243.1927,5.664,33001.1618,41658.8421,5.7132,0.138561
trucking_company_v2,logistics,2,27,226531.01,46350.6251,474.4061,17.5,39897.0855,5.6779,36351.3909,45858.719,5.8157,0.129744
trucking_company_v2,logistics,2,28,250331.1,50985.6876,488.6381,17.5,43917.2081,5.7001,40038.0929,50479.5495,5.9202,0.121487
trucking_company_v2,logistics,2,29,276987.2,56084.2561,503.2973,17.5,48340.2092,5.73,44094.9589,55563.4588,6.0267,0.113756
trucking_company_v2,logistics,2,30,362450.28,77732.7785,500.2524,17.5,67177.0727,5.3954,61418.3443,77215.0261,4.537,0.081579
trucking_company_v2,logistics,2,31,395887.69,85506.0543,515.2601,17.5,73926.766,5.3551,67614.4534,84973.2943,4.9539,0.076387
trucking_company_v2,logistics,2,32,433337.59,94056.6603,530.7178,17.5,81352.345,5.3267,74431.7515,93508.4425,5.0434,0.071526
trucking_company_v2,logistics,2,33,475281.48,103462.3261,546.6393,17.5,89521.4225,5.3091,81932.4019,102898.1868,5.1345,0.066975
trucking_company_v2,logistics,2,34,522258.64,113808.5601,563.0384,17.5,98508.3789,5.3017,90184.7905,113228.0217,5.2273,0.062713
trucking_company_v2,logistics,2,35,574873.06,125189.4162,579.9296,17.5,108395.0283,5.3035,99264.1385,124591.9866,5.3218,0.058722
trucking_company_v2,logistics,2,36,633801.21,137708.3569,597.3277,17.5,119271.3705,5.3139,109253.194,137093.5293,5.418,0.054985
trucking_company_v2,logistics,2,37,699800.73,151479.1932,615.2474,17.5,131236.4079,5.3324,120242.9835,150846.4458,5.516,0.051486
trucking_company_v2,logistics,2,38,773720.2,166627.1119,633.7049,17.5,144399.0391,5.3582,132333.6322,165975.907,5.6159,0.048209
trucking_company_v2,logistics,2,39,856510.0,183289.8254,652.7161,17.5,158879.0601,5.391,145635.2862,182619.6094,5.7175,0.045142
trucking_company_v2,logistics,2,40,1094388.07,267144.9193,640.6995,17.5,231843.4463,4.7204,212737.3863,266486.7199,3.2602,0.030402
trucking_company_v2,logistics,2,41,1198239.6,293859.411,659.9203,17.5,255068.3318,4.6977,234080.1482,293181.9906,4.4716,0.028467
trucking_company_v2,logistics,2,42,1314553.31,323245.3526,679.7181,17.5,280616.877,4.6845,257559.2049,322548.1345,4.5527,0.026656
trucking_company_v2,logistics,2,43,1444824.67,355569.8859,700.1095,17.5,308721.4804,4.68,283388.2444,354852.2763,4.6352,0.024959
trucking_company_v2,logistics,2,44,1590728.59,391126.8762,721.1128,17.5,339637.7891,4.6836,311802.3317,390388.2634,4.7193,0.023371
trucking_company_v2,logistics,2,45,1754140.98,430239.5627,742.7463,17.5,373647.0052,4.6946,343060.0306,429479.3163,4.8049,0.021884
trucking_company_v2,logistics,2,46,1937162.86,473263.5186,765.0287,17.5,411058.4612,4.7126,377445.7718,472480.9899,4.8921,0.020491
trucking_company_v2,logistics,2,47,2142147.36,520589.8716,787.9796,17.5,452212.4211,4.737,415272.4279,519784.3921,4.9809,0.019187
trucking_company_v2,logistics,2,48,2371730.01,572648.8574,811.6188,17.5,497483.1725,4.7675,456884.1576,571819.7385,5.0713,0.017966
trucking_company_v2,logistics,2,49,2628862.57,629913.7451,835.9674,17.5,547282.4416,4.8035,502659.545,629060.2777,5.1634,0.016823
trucking_company_v2,logistics,2,50,3452174.07,963138.1144,809.3836,17.5,837210.7708,4.1234,769278.9161,962311.2308,2.8397,0.010653
regional_warehouse_v2,logistics,3,1,60509.2,5354.739,770.0,40.6,3953.4009,15.3056,3088.1912,4159.139,,1.0
regional_warehouse_v2,logistics,3,2,63409.2,5890.2129,793.1,40.6,4399.1662,14.4139,3481.9203,4659.9629,6.5057,0.936364
regional_warehouse_v2,logistics,3,3,66657.2,6479.2342,816.893,40.6,4890.9148,13.6288,3917.4479,5213.2947,6.605,0.876777
regional_warehouse_v2,logistics,3,4,70294.96,7127.1576,841.3998,40.6,5433.2873,12.9378,4399.0264,5824.4579,6.7071,0.820982
regional_warehouse_v2,logistics,3,5,74369.25,7839.8734,866.6419,40.6,6031.3894,12.3304,4931.3358,6499.3105,6.812,0.768738
regional_warehouse_v2,logistics,3,6,78932.46,8623.8607,892.641,40.6,6690.8392,11.7971,5519.5271,7244.2992,6.9197,0.719818
regional_warehouse_v2,logistics,3,7,84043.25,9486.2468,919.42,40.6,7417.8173,11.3299,6169.2674,8066.5167,7.0302,0.674011
regional_warehouse_v2,logistics,3,8,89767.34,10434.8709,947.003,40.6,8219.1231,10.9218,6886.7923,8973.7664,7.1435,0.63112
regional_warehouse_v2,logistics,3,9,96178.32,11478.3596,975.4129,40.6,9102.2416,10.5664,7678.9683,9974.6403,7.2595,0.590958
regional_warehouse_v2,logistics,3,10,107908.95,14267.6003,994.6282,40.6,11512.1637,9.3735,9881.5379,12735.058,4.8676,0.484794
regional_warehouse_v2,logistics,3,11,115950.88,15694.3598,1024.4673,40.6,12727.4845,9.1103,10978.1869,14117.0589,6.6171,0.453944
regional_warehouse_v2,logistics,3,12,124957.84,17263.7963,1055.2018,40.6,14066.1552,8.8836,12187.6343,15640.3936,6.7283,0.425057
regional_warehouse_v2,logistics,3,13,135045.63,18990.1749,1086.8573,40.6,15540.5643,8.6899,13521.254,17319.2889,6.8419,0.398007
regional_warehouse_v2,logistics,3,14,146343.96,20889.1903,1119.463,40.6,17164.3407,8.526,14991.5578,19169.3958,6.9581,0.37268
regional_warehouse_v2,logistics,3,15,158998.09,22978.1114,1153.0473,40.6,18952.4838,8.3893,16612.3182,21207.9405,7.0767,0.348964
regional_warehouse_v2,logistics,3,16,173170.72,25275.921,1187.6388,40.6,20921.4835,8.2772,18398.6786,23453.8628,7.1979,0.326757
regional_warehouse_v2,logistics,3,17,189044.06,27803.513,1223.2674,40.6,23089.4917,8.1875,20367.3093,25928.0119,7.3216,0.305963
regional_warehouse_v2,logistics,3,18,206822.2,30583.8649,1259.9656,40.6,25476.4704,8.1182,22536.5435,28653.3164,7.448,0.286493
regional_warehouse_v2,logistics,3,19,226733.72,33642.2562,1297.7649,40.6,28104.3854,8.0676,24926.5576,31655.0088,7.5769,0.268262
regional_warehouse_v2,logistics,3,20,264990.63,44222.7439,1307.2906,40.6,37301.1224,7.1041,33376.6592,42221.208,4.1598,0.205577
regional_warehouse_v2,logistics,3,21,289967.64,48645.0194,1346.509,40.6,41114.382,7.0527,36855.652,46584.6558,6.55,0.192495
regional_warehouse_v2,logistics,3,22,317941.89,53509.5213,1386.904,40.6,45311.3551,7.0168,40686.6611,51388.5653,6.6653,0.180245
regional_warehouse_v2,logistics,3,23,349273.05,58860.4691,1428.5117,40.6,49930.481,6.9952,44905.0078,56677.1016,6.7829,0.168775
regional_warehouse_v2,logistics,3,24,384363.95,64746.516,1471.3668,40.6,55014.0578,6.9866,49549.5626,62498.8658,6.9028,0.158035
regional_warehouse_v2,logistics,3,25,423665.76,71221.1719,1515.5078,40.6,60608.6058,6.9902,54663.0758,68907.3102,7.025,0.147978
regional_warehouse_v2,logistics,3,26,467683.78,78343.2854,1560.9733,40.6,66765.2895,7.0049,60292.5684,75961.2255,7.1496,0.138561
regional_warehouse_v2,logistics,3,27,516983.97,86177.6166,1607.8023,40.6,73540.4164,7.0299,66489.7897,83725.3131,7.2766,0.129744
regional_warehouse_v2,logistics,3,28,572200.18,94795.3783,1656.0359,40.6,80995.9058,7.0646,73311.6487,92270.7244,7.4061,0.121487
regional_warehouse_v2,logistics,3,29,634042.33,104274.9155,1705.7171,40.6,89199.8807,7.1081,80820.7568,101675.7399,7.5381,0.113756
regional_warehouse_v2,logistics,3,30,809974.37,144525.0321,1695.3975,40.6,124226.4601,6.5201,113036.3294,141941.3358,5.0228,0.081579
regional_warehouse_v2,logistics,3,31,887549.17,158977.5316,1746.2599,40.6,136755.8844,6.49,124522.0354,156317.5417,6.1914,0.076387
regional_warehouse_v2,logistics,3,32,974432.94,174875.2858,1798.6476,40.6,150541.3532,6.4729,137161.6572,172136.7144,6.3026,0.071526
regional_warehouse_v2,logistics,3,33,1071742.77,192362.8139,1852.6069,40.6,165708.558,6.4676,151070.7407,189543.3035,6.4158,0.066975
regional_warehouse_v2,logistics,3,34,1180729.78,211599.0979,1908.1847,40.6,182395.7725,6.4734,166376.4012,208696.2208,6.5312,0.062713
regional_warehouse_v2,logistics,3,35,1302795.23,232759.0077,1965.4304,40.6,200755.0903,6.4895,183218.4606,229770.2621,6.6487,0.058722
regional_warehouse_v2,logistics,3,36,1439508.53,256034.9069,2024.3939,40.6,220953.8243,6.515,201750.7346,252957.716,6.7684,0.054985
regional_warehouse_v2,logistics,3,37,1592627.43,281638.3986,2085.1254,40.6,243176.0258,6.5493,222142.4309,278470.1106,6.8904,0.051486
regional_warehouse_v2,logistics,3,38,1764120.59,309802.2374,2147.6794,40.6,267624.1435,6.5918,244579.6709,306540.1183,7.0146,0.048209
regional_warehouse_v2,logistics,3,39,1956192.93,340782.4654,2212.1099,40.6,294520.8873,6.6419,269267.2075,337423.7006,7.1411,0.045142
regional_warehouse_v2,logistics,3,40,2528217.69,496690.4411,2171.3846,40.6,430196.2571,5.8769,394054.676,493392.7642,4.2161,0.030402
regional_warehouse_v2,logistics,3,41,2769153.24,546359.4847,2236.5258,40.6,473351.6522,5.8501,433692.199,542964.0959,5.583,0.028467
regional_warehouse_v2,logistics,3,42,3039001.05,600995.4342,2303.6221,40.6,520826.5545,5.835,477300.3142,597499.4011,5.684,0.026656
regional_warehouse_v2,logistics,3,43,3341230.6,661094.9739,2372.7304,40.6,573053.0298,5.8306,525276.2836,657495.2783,5.7869,0.024959
regional_warehouse_v2,logistics,3,44,3679727.7,727204.4745,2443.9122,40.6,630506.3671,5.8361,578057.1112,723498.0061,5.8917,0.023371
regional_warehouse_v2,logistics,3,45,4058844.45,799924.9198,2517.2301,40.6,693709.368,5.8509,636123.4907,796108.4746,5.9984,0.021884
regional_warehouse_v2,logistics,3,46,4483455.21,879917.4112,2592.7471,40.6,763237.1358,5.8743,700004.2083,875987.6906,6.1071,0.020491
regional_warehouse_v2,logistics,3,47,4959019.26,967909.1545,2670.5294,40.6,839722.2818,5.9055,770280.9295,963862.7604,6.2177,0.019187
regional_warehouse_v2,logistics,3,48,5491651.0,1064700.0672,2750.6448,40.6,923860.6755,5.9442,847593.4866,1060533.5,6.3304,0.017966
regional_warehouse_v2,logistics,3,49,6088198.55,1171170.0777,2833.1642,40.6,1016417.7928,5.9899,932645.7159,1166879.7314,6.4452,0.016823
regional_warehouse_v2,logistics,3,50,7948964.29,1790719.0453,2743.0696,40.6,1555503.7769,5.1102,1428420.0319,1786563.841,3.4517,0.010653
freight_terminal_v2,logistics,4,1,127902.08,7652.5475,886.0,84.0,5813.8163,21.9997,4709.038,6242.5475,,1.0
freight_terminal_v2,logistics,4,2,133902.08,8417.8023,912.58,84.0,6456.4634,20.7392,5281.3718,6968.0223,9.3364,0.936364
freight_terminal_v2,logistics,4,3,140622.08,9259.5825,939.9574,84.0,7164.9938,19.6263,5913.7299,7768.8291,9.4844,0.876777
freight_terminal_v2,logistics,4,4,148148.48,10185.5407,968.1561,84.0,7946.0446,18.6443,6612.1984,8652.5847,9.6362,0.820982
freight_terminal_v2,logistics,4,5,156578.05,11204.0948,997.201,84.0,8806.9176,17.779,7383.4744,9627.6699,9.7919,0.768738
freight_terminal_v2,logistics,4,6,166019.17,12324.5043,1027.1168,84.0,9755.6471,17.0178,8234.9283,10703.307,9.9513,0.719818
freight_terminal_v2,logistics,4,7,176593.22,13556.9547,1057.9301,84.0,10801.0714,16.3496,9174.6687,11889.6417,10.1146,0.674011
freight_terminal_v2,logistics,4,8,188436.16,14912.6494,1089.6684,84.0,11952.9135,15.7649,10211.617,13197.8365,10.2817,0.63112
freight_terminal_v2,logistics,4,9,201700.25,16403.9166,1122.3582,84.0,13221.8758,15.255,11355.596,14640.1796,10.4527,0.590958
freight_terminal_v2,logistics,4,10,223362.64,20390.0674,1144.4684,84.0,16670.5912,13.3986,14511.3514,18593.2401,6.2813,0.484794
freight_terminal_v2,logistics,4,11,240001.11,22429.0734,1178.8026,84.0,18414.6556,13.0332,16091.0548,20580.8609,9.5401,0.453944
freight_terminal_v2,logistics,4,12,258636.2,24671.9815,1214.1673,84.0,20335.2183,12.7186,17832.3342,22770.8417,9.7029,0.425057
freight_terminal_v2,logistics,4,13,279507.5,27139.1781,1250.5917,84.0,22449.9902,12.4502,19751.455,25183.5251,9.8693,0.398007
freight_terminal_v2,logistics,4,14,302883.36,29853.0929,1288.1093,84.0,24778.4557,12.2237,21866.3103,27841.2904,10.0392,0.37268
freight_terminal_v2,logistics,4,15,329064.32,32838.4052,1326.7531,84.0,27342.0573,12.0351,24196.5945,30768.7679,10.2126,0.348964
freight_terminal_v2,logistics,4,16,358386.99,36122.2434,1366.5558,84.0,30164.3683,11.8811,26763.9611,33993.037,10.3896,0.326757
freight_terminal_v2,logistics,4,17,391228.38,39734.4678,1407.5519,84.0,33271.3368,11.7587,29592.2464,37543.9059,10.5702,0.305963
freight_terminal_v2,logistics,4,18,428010.74,43707.9153,1449.7786,84.0,36691.4989,11.6651,32707.6643,41454.1563,10.7546,0.286493
freight_terminal_v2,logistics,4,19,469206.99,48078.7137,1493.2724,84.0,40456.254,11.5979,36139.0624,45759.8614,10.9426,0.268262
freight_terminal_v2,logistics,4,20,540722.17,63199.4665,1504.2331,84.0,53601.7731,10.0878,48219.2236,60864.2102,5.4403,0.205577
freight_terminal_v2,logistics,4,21,592398.74,69519.4147,1549.3597,84.0,59060.8678,10.0303,53207.4922,67116.6213,9.4661,0.192495
freight_terminal_v2,logistics,4,22,650276.5,76471.3562,1595.8402,84.0,65068.6189,9.9937,58699.3247,73998.9995,9.6338,0.180245
freight_terminal_v2,logistics,4,23,715099.59,84118.4857,1643.7161,84.0,71679.9696,9.9763,64745.2145,81574.4772,9.8048,0.168775
freight_terminal_v2,logistics,4,24,787701.45,92530.3342,1693.0273,84.0,78955.3771,9.9765,71400.7265,89912.5259,9.9791,0.158035
freight_terminal_v2,logistics,4,25,869015.53,101783.3738,1743.8181,84.0,86961.3334,9.9931,78726.9719,99089.5512,10.1567,0.147978
freight_terminal_v2,logistics,4,26,960087.3,111961.7058,1796.1329,84.0,95770.9685,10.0248,86791.1654,109189.5882,10.3377,0.138561
freight_terminal_v2,logistics,4,27,1062087.69,123157.8802,1850.0167,84.0,105464.7612,10.0705,95667.2791,120305.1193,10.5222,0.129744
freight_terminal_v2,logistics,4,28,1176328.12,135473.6682,1905.5167,84.0,116131.2119,10.1293,105436.6596,132537.8454,10.7103,0.121487
freight_terminal_v2,logistics,4,29,1304277.4,149021.0343,1962.6823,84.0,127867.6863,10.2002,116188.8041,145999.6566,10.9018,0.113756
freight_terminal_v2,logistics,4,30,1638210.95,206543.1524,1950.8081,84.0,177922.2595,9.2075,162224.3098,203539.5457,6.6714,0.081579
freight_terminal_v2,logistics,4,31,1798710.53,227197.4623,2009.3328,84.0,195840.5926,9.1846,178659.9706,224106.2666,8.9573,0.076387
freight_terminal_v2,logistics,4,32,1978470.06,249917.21,2069.6127,84.0,215554.3296,9.1785,196745.3489,246735.7987,9.1185,0.071526
freight_terminal_v2,logistics,4,33,2179800.74,274908.9302,2131.7009,84.0,237243.1095,9.188,216645.5928,271634.5968,9.2827,0.066975
freight_terminal_v2,logistics,4,34,2405291.1,302399.8271,2195.6515,84.0,261104.5527,9.212,238542.3844,299029.7843,9.45,0.062713
freight_terminal_v2,logistics,4,35,2657840.3,332639.8098,2261.5212,84.0,287356.0311,9.2493,262635.566,329171.1855,9.6204,0.058722
freight_terminal_v2,logistics,4,36,2940695.4,365903.7885,2329.3675,84.0,316236.6662,9.299,289144.9795,362333.6244,9.7939,0.054985
freight_terminal_v2,logistics,4,37,3257493.12,402494.1689,2399.2481,84.0,348009.501,9.3604,318312.4629,398819.4205,9.9707,0.051486
freight_terminal_v2,logistics,4,38,3612306.56,442743.5842,2471.2259,84.0,382963.8718,9.4325,350404.0286,438961.113,10.1508,0.048209
freight_terminal_v2,logistics,4,39,4009697.62,487017.9488,2545.3628,84.0,421418.0698,9.5148,385712.3148,483124.5232,10.3341,0.045142
freight_terminal_v2,logistics,4,40,5118489.65,709828.657,2498.5023,84.0,615304.1546,8.3186,564031.1722,706005.3636,5.7188,0.030402
freight_terminal_v2,logistics,4,41,5616976.99,780811.522,2573.457,84.0,676994.0365,8.2969,620705.0321,776876.0502,8.0805,0.028467
freight_terminal_v2,logistics,4,42,6175282.81,858892.6757,2650.6613,84.0,744857.4726,8.2906,683054.1487,854841.659,8.2269,0.026656
freight_terminal_v2,logistics,4,43,6800585.33,944781.9379,2730.1806,84.0,819511.9488,8.2983,751646.2794,940611.9114,8.376,0.024959
freight_terminal_v2,logistics,4,44,7500924.15,1039260.1363,2812.086,84.0,901636.7237,8.3192,827105.98,1034967.529,8.5277,0.023371
freight_terminal_v2,logistics,4,45,8285303.63,1143186.1469,2896.4492,84.0,991978.957,8.3523,910120.2437,1138767.2805,8.6823,0.021884
freight_terminal_v2,logistics,4,46,9163808.65,1257504.7608,2983.3427,84.0,1091360.5537,8.3967,1001444.7945,1252955.8483,8.8397,0.020491
freight_terminal_v2,logistics,4,47,10147734.27,1383255.2399,3072.8429,84.0,1200685.6054,8.4516,1101910.9276,1378572.3802,9.0,0.019187
freight_terminal_v2,logistics,4,48,11249730.97,1521580.7601,3165.0277,84.0,1320948.6072,8.5164,1212433.0666,1516759.9354,9.1632,0.017966
freight_terminal_v2,logistics,4,49,12483967.27,1673738.8415,3259.9785,84.0,1453243.5308,8.5904,1334017.1054,1668775.912,9.3294,0.016823
freight_terminal_v2,logistics,4,50,16216743.64,2559146.6836,3156.3112,84.0,2223638.544,7.2929,2042498.8801,2554338.9041,4.8453,0.010653
rail_operator_v2,logistics,5,1,270515.06,11785.215,1326.0,182.0,8941.1771,30.255,7257.172,9617.215,,1.0
rail_operator_v2,logistics,5,2,283515.06,12963.7365,1365.78,182.0,9931.8822,28.546,8140.3192,10736.1565,13.122,0.936364
rail_operator_v2,logistics,5,3,298075.06,14260.1102,1406.7534,182.0,11024.0804,27.0385,9115.958,11971.1628,13.3309,0.876777
rail_operator_v2,logistics,5,4,314382.26,15686.1212,1448.956,182.0,12227.9937,25.71,10193.4629,13333.9653,13.5452,0.820982
rail_operator_v2,logistics,5,5,332646.32,17254.7333,1492.4249,182.0,13554.8683,24.5407,11383.1492,14837.4724,13.7647,0.768738
rail_operator_v2,logistics,5,6,353102.07,18980.2066,1537.1973,182.0,15017.0781,23.5134,12696.3693,16495.8884,13.9896,0.719818
rail_operator_v2,logistics,5,7,376012.51,20878.2273,1583.313,182.0,16628.2355,22.6129,14145.6124,18324.84,14.2199,0.674011
rail_operator_v2,logistics,5,8,401672.2,22966.0488,1630.8129,182.0,18403.3152,21.8261,15744.6197,20341.5191,14.4555,0.63112
rail_operator_v2,logistics,5,9,430411.06,25262.6572,1679.737,182.0,20358.8006,21.1413,17508.5203,22564.852,14.6965,0.590958
rail_operator_v2,logistics,5,10,473013.33,31401.4814,1712.8274,182.0,25670.7891,18.4261,22369.9441,28654.1156,8.02,0.484794
rail_operator_v2,logistics,5,11,509063.35,34541.6284,1764.2125,182.0,28358.0118,17.9513,24804.984,31717.3011,13.4153,0.453944
rail_operator_v2,logistics,5,12,549439.38,37995.7924,1817.1398,182.0,31317.0878,17.5444,27488.9243,35092.1939,13.6448,0.425057
rail_operator_v2,logistics,5,13,594660.53,41795.3693,1871.653,182.0,34575.2932,17.199,30446.816,38810.1244,13.8792,0.398007
rail_operator_v2,logistics,5,14,645308.22,45974.9015,1927.8024,182.0,38162.6362,16.9094,33706.2176,42905.5594,14.1184,0.37268
rail_operator_v2,logistics,5,15,702033.63,50572.3964,1985.6373,182.0,42112.1405,16.6706,37297.4612,47416.4329,14.3627,0.348964
rail_operator_v2,logistics,5,16,765566.09,55629.6325,2045.2065,182.0,46460.1106,16.4779,41253.8963,52384.4499,14.612,0.326757
rail_operator_v2,logistics,5,17,836722.44,61192.5958,2106.5618,182.0,51246.5095,16.3274,45612.2339,57855.519,14.8664,0.305963
rail_operator_v2,logistics,5,18,916417.56,67311.8565,2169.759,182.0,56515.2848,16.2154,50412.8467,63880.127,15.1259,0.286493
rail_operator_v2,logistics,5,19,1005676.09,74043.0528,2234.8523,182.0,62314.7944,16.1386,55700.1637,70513.8305,15.3907,0.268262
rail_operator_v2,logistics,5,20,1147939.03,97329.5887,2251.2563,182.0,82559.8092,13.9043,74304.7866,93775.7977,7.0271,0.205577
rail_operator_v2,logistics,5,21,1259904.93,107062.55,2318.7934,182.0,90968.7282,13.8499,81989.8498,103407.6059,13.3151,0.192495
rail_operator_v2,logistics,5,22,1385306.74,117768.805,2388.3567,182.0,100222.65,13.8223,90450.5089,114009.6734,13.5512,0.180245
rail_operator_v2,logistics,5,23,1525756.77,129545.676,2460.0085,182.0,110406.1908,13.8195,99764.5281,125679.229,13.7919,0.168775
rail_operator_v2,logistics,5,24,1683060.8,142500.2436,2533.8083,182.0,121612.4587,13.8395,110017.4824,138523.2638,14.0371,0.158035
rail_operator_v2,logistics,5,25,1859241.31,156750.2774,2609.8226,182.0,133943.8557,13.8808,121303.488,152659.4481,14.2871,0.147978
rail_operator_v2,logistics,5,26,2056563.49,172425.2969,2688.1176,182.0,147513.006,13.9416,133726.0611,168217.2022,14.542,0.138561
rail_operator_v2,logistics,5,27,2277564.33,189667.8325,2768.7609,182.0,162443.8523,14.0206,147399.1246,185338.9553,14.8016,0.129744
rail_operator_v2,logistics,5,28,2525085.27,208634.6157,2851.8229,182.0,178872.6898,14.1167,162447.9583,204181.3335,15.0662,0.121487
rail_operator_v2,logistics,5,29,2802308.72,229498.0761,2937.3777,182.0,196949.4676,14.2286,179010.3943,224916.6552,15.3359,0.113756
rail_operator_v2,logistics,5,30,3480916.44,318084.3317,2919.6067,182.0,274034.9708,12.7025,249906.0553,313529.5271,8.8033,0.081579
rail_operator_v2,logistics,5,31,3828665.54,349892.7566,3007.1956,182.0,301632.0981,12.6932,275221.4119,345206.7668,12.6009,0.076387
rail_operator_v2,logistics,5,32,4218144.53,384882.0347,3097.4114,182.0,331994.2823,12.7055,303077.5107,380060.9253,12.8278,0.071526
rail_operator_v2,logistics,5,33,4654361.0,423370.237,3190.3335,182.0,365398.176,12.7378,333728.6894,418409.9547,13.0589,0.066975
rail_operator_v2,logistics,5,34,5142923.44,465707.2665,3286.0428,182.0,402148.1246,12.7886,367454.749,460603.6368,13.2942,0.062713
rail_operator_v2,logistics,5,35,5690113.38,512277.9932,3384.6243,182.0,442578.891,12.8567,404563.4581,507026.7143,13.534,0.058722
rail_operator_v2,logistics,5,36,6302966.11,563505.789,3486.1641,182.0,487058.7337,12.9409,445393.3851,558102.4301,13.7782,0.054985
rail_operator_v2,logistics,5,37,6989361.16,619856.3702,3590.7483,182.0,535992.7511,13.04,490316.9737,614296.3716,14.027,0.051486
rail_operator_v2,logistics,5,38,7758123.62,681842.0049,3698.4712,182.0,589826.5343,13.1532,539743.8971,676120.6656,14.2803,0.048209
rail_operator_v2,logistics,5,39,8619137.58,750026.2148,3809.4256,182.0,649050.2666,13.2796,594124.8334,744138.695,14.5383,0.045142
rail_operator_v2,logistics,5,40,10965847.83,1093163.203,3739.2935,182.0,947640.4613,11.5717,868739.6222,1087380.7227,7.8593,0.030402
rail_operator_v2,logistics,5,41,12045903.74,1202479.5222,3851.4718,182.0,1042648.0638,11.5532,956024.4101,1196529.0283,11.3681,0.028467
rail_operator_v2,logistics,5,42,13255566.36,1322727.4767,3967.0167,182.0,1147163.2602,11.5551,1052049.4563,1316603.9268,11.574,0.026656
rail_operator_v2,logistics,5,43,14610388.49,1455000.2161,4086.0266,182.0,1262137.0049,11.5759,1157689.1331,1448698.4207,11.7838,0.024959
rail_operator_v2,logistics,5,44,16127789.28,1600500.2448,4208.6073,182.0,1388615.3846,11.6143,1273905.2849,1594014.8556,11.9973,0.023371
rail_operator_v2,logistics,5,45,17827278.16,1760550.2646,4334.8664,182.0,1527749.0565,11.669,1401755.9121,1753875.7724,12.2148,0.021884
rail_operator_v2,logistics,5,46,19730705.7,1936605.2899,4464.9125,182.0,1680803.7883,11.7389,1542404.8631,1929736.0227,12.4363,0.020491
rail_operator_v2,logistics,5,47,21862544.55,2130265.8236,4598.8597,182.0,1849171.9186,11.8229,1697132.3693,2123195.9387,12.6618,0.019187
rail_operator_v2,logistics,5,48,24250204.06,2343292.4001,4736.8247,182.0,2034385.0105,11.9202,1867346.683,2336015.8798,12.8914,0.017966
rail_operator_v2,logistics,5,49,26924382.71,2577621.6483,4878.9295,182.0,2238127.8254,12.0299,2054596.9244,2570132.2924,13.1253,0.016823
rail_operator_v2,logistics,5,50,35011703.61,3941183.4926,4723.7795,182.0,3424561.6103,10.2237,3145679.1248,3933926.5106,6.8165,0.010653
cold_chain_v2,logistics,6,1,483277.8,16382.9185,1986.0,329.0,12239.0891,39.4864,9798.3348,13077.9185,,1.0
cold_chain_v2,logistics,6,2,506777.8,18021.2104,2045.58,329.0,13612.5684,37.2287,11019.5983,14626.9304,17.1098,0.936364
cold_chain_v2,logistics,6,3,533097.8,19823.3314,2106.9474,329.0,15127.0241,35.2414,12369.244,16337.093,17.3792,0.876777
cold_chain_v2,logistics,6,4,562576.2,21805.6645,2170.1558,329.0,16796.6626,33.4933,13860.2979,18224.709,17.6556,0.820982
cold_chain_v2,logistics,6,5,595592.01,23986.231,2235.2609,329.0,18637.114,31.9573,15507.0935,20307.7162,17.939,0.768738
cold_chain_v2,logistics,6,6,632569.71,26384.8541,2302.3182,329.0,20665.5762,30.6098,17325.406,22605.8546,18.2294,0.719818
cold_chain_v2,logistics,6,7,673984.74,29023.3395,2371.3873,329.0,22900.9684,29.4304,19332.5907,25140.8407,18.527,0.674011
cold_chain_v2,logistics,6,8,720369.57,31925.6718,2442.5298,329.0,25364.1036,28.4011,21547.7428,27936.5668,18.8316,0.63112
cold_chain_v2,logistics,6,9,772320.58,35118.2439,2515.8052,329.0,28077.8916,27.5064,23991.8873,31019.3364,19.1434,0.590958
cold_chain_v2,logistics,6,10,850585.63,43651.9751,2565.3658,329.0,35459.12,23.9878,30744.5313,39478.8015,10.6033,0.484794
cold_chain_v2,logistics,6,11,915752.98,48017.1709,2642.3273,329.0,39189.8839,23.3671,34121.2458,43728.6714,17.4676,0.453944
cold_chain_v2,logistics,6,12,988740.41,52818.8897,2721.5985,329.0,43298.4133,22.8355,37843.714,48411.6031,17.7649,0.425057
cold_chain_v2,logistics,6,13,1070486.33,58100.7754,2803.245,329.0,47822.6214,22.3845,41946.7528,53571.1424,18.0686,0.398007
cold_chain_v2,logistics,6,14,1162041.77,63910.8463,2887.3421,329.0,52804.2187,22.0066,46468.6639,59255.1947,18.3787,0.37268
cold_chain_v2,logistics,6,15,1264583.86,70301.9375,2973.9635,329.0,58289.1074,21.695,51451.6048,65516.4847,18.6954,0.348964
cold_chain_v2,logistics,6,16,1379431.0,77332.1264,3063.1826,329.0,64327.7511,21.4438,56941.9272,72412.9797,19.0187,0.326757
cold_chain_v2,logistics,6,17,1508059.8,85065.339,3155.0768,329.0,70975.6981,21.2476,62990.656,80008.4898,19.3486,0.305963
cold_chain_v2,logistics,6,18,1652124.05,93571.8745,3249.7295,329.0,78294.0362,21.1015,69653.9053,88373.1892,19.6854,0.286493
cold_chain_v2,logistics,6,19,1813476.01,102929.0767,3347.2223,329.0,86349.9834,21.0015,76993.428,97584.2996,20.0289,0.268262
cold_chain_v2,logistics,6,20,2060130.32,135300.2656,3371.7911,329.0,114491.5428,17.9937,102853.5259,129918.6723,8.7648,0.205577
cold_chain_v2,logistics,6,21,2262530.22,148830.2955,3472.944,329.0,126174.6658,17.9317,113525.8203,143297.1256,17.3241,0.192495
cold_chain_v2,logistics,6,22,2489218.11,163713.325,3577.1316,329.0,139032.2583,17.9039,125275.9627,158024.0312,17.6307,0.180245
cold_chain_v2,logistics,6,23,2743108.54,180084.6444,3684.4471,329.0,153181.9417,17.9075,138212.0449,174234.5394,17.9432,0.168775
cold_chain_v2,logistics,6,24,3027465.83,198093.1088,3794.9799,329.0,168753.1422,17.9402,152453.0173,192077.3716,18.2617,0.158035
cold_chain_v2,logistics,6,25,3345945.99,217902.4328,3908.8293,329.0,185888.2051,17.9998,168129.7023,211716.0934,18.5865,0.147978
cold_chain_v2,logistics,6,26,3702643.77,239692.6646,4026.0947,329.0,204743.6859,18.0843,185385.9897,233330.6043,18.9175,0.138561
cold_chain_v2,logistics,6,27,4102145.28,263661.9393,4146.8772,329.0,225491.874,18.192,204380.2356,257118.8876,19.2548,0.129744
cold_chain_v2,logistics,6,28,4549586.98,290028.1332,4271.2823,329.0,248322.2303,18.3213,225286.5832,283298.6619,19.5985,0.121487
cold_chain_v2,logistics,6,29,5050721.68,319030.9449,4399.421,329.0,273443.1958,18.4708,248296.6245,312109.4591,19.9489,0.113756
cold_chain_v2,logistics,6,30,6226942.33,442176.8871,4372.8046,329.0,380603.3218,16.3607,346853.3028,435295.2857,10.9763,0.081579
cold_chain_v2,logistics,6,31,6855565.7,486394.5644,4503.9898,329.0,418958.5698,16.3633,382030.6668,479316.3832,16.3895,0.076387
cold_chain_v2,logistics,6,32,7559623.87,535034.0241,4639.1093,329.0,461157.3458,16.3927,420739.5553,527753.3678,16.6843,0.071526
cold_chain_v2,logistics,6,33,8348169.02,588537.4248,4778.2822,329.0,507584.2241,16.4469,463333.5165,581048.2194,16.9847,0.066975
cold_chain_v2,logistics,6,34,9231339.59,647391.1755,4921.6297,329.0,558662.2748,16.524,510201.4958,639687.1654,17.2906,0.062713
cold_chain_v2,logistics,6,35,10220490.63,712130.2931,5069.2789,329.0,614856.8523,16.6226,561771.3161,704205.0322,17.6023,0.058722
cold_chain_v2,logistics,6,36,11328339.79,783343.3175,5221.3588,329.0,676679.874,16.7411,618513.6157,775190.1665,17.9197,0.054985
cold_chain_v2,logistics,6,37,12569130.85,861677.6525,5377.9986,329.0,744694.4689,16.8782,680946.124,853289.7784,18.243,0.051486
cold_chain_v2,logistics,6,38,13958816.84,947845.4145,5539.3393,329.0,819520.0554,17.0329,749638.3226,939215.7731,18.5723,0.048209
cold_chain_v2,logistics,6,39,15515265.15,1042629.969,5705.5198,329.0,901838.0408,17.204,825216.6955,1033751.3079,18.9078,0.045142
cold_chain_v2,logistics,6,40,19652349.0,1519633.1728,5600.4803,329.0,1316922.2125,14.9229,1206976.8178,1510911.9123,9.9669,0.030402
cold_chain_v2,logistics,6,41,21604757.75,1671596.4884,5768.4939,329.0,1448984.1252,14.9103,1328295.4499,1662623.4613,14.784,0.028467
cold_chain_v2,logistics,6,42,23791455.56,1838756.1405,5941.55,329.0,1594262.4638,14.9232,1461763.5875,1829523.7908,15.0518,0.026656
cold_chain_v2,logistics,6,43,26240557.1,2022631.7431,6119.7954,329.0,1754079.1645,14.9597,1608596.7013,2013132.2944,15.3244,0.024959
cold_chain_v2,logistics,6,44,28983550.83,2224894.9273,6303.3892,329.0,1929888.4081,15.0183,1770131.858,2215120.3652,15.6021,0.023371
cold_chain_v2,logistics,6,45,32055703.8,2447384.4134,6492.4922,329.0,2123289.7415,15.0972,1947839.7925,2437326.4826,15.8849,0.021884
cold_chain_v2,logistics,6,46,35496515.13,2692122.8532,6687.2671,329.0,2336042.7298,15.1951,2143338.3818,2681773.054,16.1728,0.020491
cold_chain_v2,logistics,6,47,39350223.82,2961335.145,6887.8849,329.0,2570082.8863,15.3109,2358407.2886,2950684.7223,16.466,0.019187
cold_chain_v2,logistics,6,48,43666377.55,3257468.6513,7094.5203,329.0,2827539.264,15.4432,2595004.1407,3246508.5877,16.7646,0.017966
cold_chain_v2,logistics,6,49,48500469.73,3583215.5279,7307.3559,329.0,3110753.8796,15.5912,2855282.3885,3571936.5323,17.0687,0.016823
cold_chain_v2,logistics,6,50,62952398.66,5478736.5315,7074.982,329.0,4760059.3181,13.2251,4372047.7522,5467805.7458,8.7624,0.010653
tanker_logistics,logistics,7,1,842135.1,19459.869,1108.4,574.0,15466.398,54.4493,13331.2952,17227.469,,1.0
tanker_logistics,logistics,7,2,883135.1,21405.8559,1141.652,574.0,17130.4774,51.5534,14838.2067,19123.7039,24.6382,0.936364
tanker_logistics,logistics,7,3,929055.1,23546.4415,1175.9016,574.0,18962.9897,48.9931,16499.3009,21213.0449,25.0585,0.876777
tanker_logistics,logistics,7,4,980485.5,25901.0856,1211.1786,574.0,20980.8391,46.7324,18330.1006,23514.9072,25.4877,0.820982
tanker_logistics,logistics,7,5,1038087.55,28491.1942,1247.5142,574.0,23202.6216,44.7401,20347.6841,26050.6501,25.9261,0.768738
tanker_logistics,logistics,7,6,1102601.84,31340.3136,1284.9393,574.0,25648.7957,42.9884,22570.8419,28843.7736,26.3735,0.719818
tanker_logistics,logistics,7,7,1174857.85,34474.345,1323.4872,574.0,28341.8662,41.4531,25020.2451,31920.1291,26.8303,0.674011
tanker_logistics,logistics,7,8,1255784.58,37921.7775,1363.1923,574.0,31306.5891,40.1125,27718.6335,35308.1545,27.2966,0.63112
tanker_logistics,logistics,7,9,1346422.52,41713.9611,1404.0879,574.0,34570.2097,38.9475,30691.0371,39039.1498,27.7722,0.590958
tanker_logistics,logistics,7,10,1470420.94,51850.4512,1431.748,574.0,43364.8918,33.9081,38758.739,49134.2545,14.0992,0.484794
tanker_logistics,logistics,7,11,1584117.17,57035.4944,1474.7007,574.0,47838.5105,33.1138,42842.3445,54255.0313,25.4148,0.453944
tanker_logistics,logistics,7,12,1711456.95,62739.0458,1518.9425,574.0,52762.1099,32.4372,47338.8229,59892.3877,25.8631,0.425057
tanker_logistics,logistics,7,13,1854077.5,69012.9465,1564.5099,574.0,58180.7598,31.8675,52289.5923,66098.1099,26.3203,0.398007
tanker_logistics,logistics,7,14,2013812.52,75914.2333,1611.4451,574.0,64144.0457,31.3952,57740.219,72929.1718,26.7864,0.37268
tanker_logistics,logistics,7,15,2192715.74,83505.6644,1659.7891,574.0,70706.5315,31.0115,63740.8479,80448.2701,27.2615,0.348964
tanker_logistics,logistics,7,16,2393087.34,91856.225,1709.5829,574.0,77928.1987,30.7089,70346.6057,88724.3288,27.7459,0.326757
tanker_logistics,logistics,7,17,2617503.54,101041.8475,1760.8696,574.0,85875.0708,30.4804,77618.1736,97833.2155,28.2396,0.305963
tanker_logistics,logistics,7,18,2868849.68,111146.0342,1813.696,574.0,94619.7543,30.3198,85622.2834,107858.3628,28.7427,0.286493
tanker_logistics,logistics,7,19,3150357.36,122260.6552,1868.1073,574.0,104242.1366,30.2215,94432.3631,118891.5729,29.2555,0.268262
tanker_logistics,logistics,7,20,3568689.33,160711.6244,1881.8194,574.0,137682.5504,25.9197,125172.5705,157322.026,12.5098,0.205577
tanker_logistics,logistics,7,21,3921812.56,176782.7907,1938.2735,574.0,151615.35,25.8669,137944.8224,173308.7251,25.3447,0.192495
tanker_logistics,logistics,7,22,4317310.58,194461.0698,1996.4213,574.0,166944.8642,25.8607,152000.224,190900.0028,25.7998,0.180245
tanker_logistics,logistics,7,23,4760268.36,213907.1612,2056.3148,574.0,183810.8564,25.8976,167467.2568,210256.481,26.2634,0.168775
tanker_logistics,logistics,7,24,5256381.07,235297.8773,2118.0039,574.0,202367.1099,25.9745,184487.2961,231554.8972,26.7356,0.158035
tanker_logistics,logistics,7,25,5812027.31,258827.6806,2181.544,574.0,222782.7589,26.0883,203215.8285,254989.631,27.2167,0.147978
tanker_logistics,logistics,7,26,6434351.1,284710.4351,2246.9906,574.0,245243.8167,26.2365,223823.8622,280774.4636,27.7068,0.138561
tanker_logistics,logistics,7,27,7131353.74,313181.4883,2314.4002,574.0,269954.9867,26.4168,246499.5904,309144.6579,28.206,0.129744
tanker_logistics,logistics,7,28,7911996.7,344499.6372,2383.8314,574.0,297141.371,26.627,271449.9626,340358.9229,28.7145,0.121487
tanker_logistics,logistics,7,29,8786316.81,378949.5989,2455.3465,574.0,327050.6196,26.8653,298902.6594,374701.8831,29.2324,0.113756
tanker_logistics,logistics,7,30,10791197.03,525224.1411,2440.4917,574.0,454322.395,23.7523,415944.5753,520998.6511,15.7527,0.081579
tanker_logistics,logistics,7,31,11887944.18,577746.5416,2513.7071,574.0,499953.186,23.7781,457852.6726,573411.506,24.0352,0.076387
tanker_logistics,logistics,7,32,13116300.99,635521.1997,2589.1182,574.0,550151.5309,23.8413,503959.2824,631073.3331,24.4701,0.071526
tanker_logistics,logistics,7,33,14492060.61,699073.3177,2666.7916,574.0,605374.2977,23.939,554684.4668,694509.2355,24.9129,0.066975
tanker_logistics,logistics,7,34,16032911.39,768980.6592,2746.7948,574.0,666124.082,24.069,610490.3352,764296.8753,25.3639,0.062713
tanker_logistics,logistics,7,35,17758664.26,845878.7251,2829.1988,574.0,732953.7079,24.2289,671885.1819,841071.6475,25.8232,0.058722
tanker_logistics,logistics,7,36,19691507.48,930466.5918,2914.0756,574.0,806471.3091,24.4169,739428.16,925532.5205,26.2909,0.054985
tanker_logistics,logistics,7,37,21856291.88,1023513.2548,3001.4973,574.0,887345.849,24.6311,813734.3579,1018448.3823,26.7672,0.051486
tanker_logistics,logistics,7,38,24280850.41,1125864.5764,3091.5426,574.0,976313.1594,24.8699,895480.3472,1120664.9771,27.2522,0.048209
tanker_logistics,logistics,7,39,26996355.96,1238451.0496,3184.2891,574.0,1074182.7017,25.132,985410.406,1233112.682,27.7462,0.045142
tanker_logistics,logistics,7,40,34140447.0,1805042.3965,3125.6658,574.0,1567168.1757,21.7848,1438771.4184,1799791.7416,14.4915,0.030402
tanker_logistics,logistics,7,41,37546777.17,1985546.6342,3219.4354,574.0,1724125.283,21.7773,1583034.1543,1980155.6804,21.7023,0.028467
tanker_logistics,logistics,7,42,41361866.96,2184101.3015,3316.0191,574.0,1896783.8157,21.8063,1741733.0125,2178565.838,22.0962,0.026656
tanker_logistics,logistics,7,43,45634767.52,2402511.418,3415.4991,574.0,2086714.0694,21.8692,1916311.8857,2396827.1115,22.4972,0.024959
tanker_logistics,logistics,7,44,50420416.15,2642762.5715,3517.9641,574.0,2295643.4285,21.9635,2108359.1111,2636924.9558,22.9056,0.023371
tanker_logistics,logistics,7,45,55780342.62,2907038.8208,3623.5037,574.0,2525471.9459,22.0871,2319621.8011,2901043.2957,23.3214,0.021884
tanker_logistics,logistics,7,46,61783460.26,3197742.701,3732.2089,574.0,2778289.7481,22.2379,2552021.8474,3191584.5299,23.7448,0.020491
tanker_logistics,logistics,7,47,68506952.02,3517516.9789,3844.175,574.0,3056395.9593,22.4143,2807673.3205,3511191.2828,24.176,0.019187
tanker_logistics,logistics,7,48,76037262.79,3869268.667,3959.4996,574.0,3362319.5956,22.6145,3088901.6842,3862770.4211,24.615,0.017966
tanker_logistics,logistics,7,49,84471210.85,4256195.5474,4078.2846,574.0,3698842.6386,22.8372,3398265.0109,4249519.574,25.062,0.016823
tanker_logistics,logistics,7,50,109713669.4,6507722.9792,3948.5952,574.0,5657784.3341,19.3916,5199681.4906,6501241.0486,12.8858,0.010653
container_terminal_v2,logistics,8,1,1476260.0,28683.4665,2209.6,1015.0,22149.2139,66.6507,18617.3732,24358.8665,,1.0
container_terminal_v2,logistics,8,2,1548760.0,31551.8132,2275.888,1015.0,24587.0049,62.991,20812.6185,27127.9252,29.74,0.936364
container_terminal_v2,logistics,8,3,1629960.0,34706.9945,2344.1646,1015.0,27272.6119,59.7655,23234.3486,30180.8398,30.2352,0.876777
container_terminal_v2,logistics,8,4,1720904.0,38177.6939,2414.4896,1015.0,30230.9378,56.9253,25905.4208,33546.2046,30.7417,0.820982
container_terminal_v2,logistics,8,5,1822761.28,41995.4633,2486.9247,1015.0,33489.3786,54.428,28850.9836,37255.4787,31.2595,0.768738
container_terminal_v2,logistics,8,6,1936841.43,46195.0096,2561.5318,1015.0,37078.0757,52.2368,32098.71,41343.2764,31.7887,0.719818
container_terminal_v2,logistics,8,7,2064611.2,50814.5106,2638.3773,1015.0,41030.186,50.3193,35679.0425,45847.6761,32.3295,0.674011
container_terminal_v2,logistics,8,8,2207713.34,55895.9588,2717.5296,1015.0,45382.1834,48.6471,39625.4726,50810.5678,32.8819,0.63112
container_terminal_v2,logistics,8,9,2367987.74,61485.5633,2799.055,1015.0,50174.2122,47.1953,43974.8681,56278.0613,33.446,0.590958
container_terminal_v2,logistics,8,10,2582079.7,76426.5515,2854.1956,1015.0,63124.8997,40.9043,55844.9479,71136.4584,16.5313,0.484794
container_terminal_v2,logistics,8,11,2783127.91,84069.2038,2939.822,1015.0,69699.5122,39.9304,61830.6301,78650.8571,30.5795,0.453944
container_terminal_v2,logistics,8,12,3008301.91,92476.127,3028.0182,1015.0,76936.8047,39.1009,68423.8744,86925.6777,31.113,0.425057
container_terminal_v2,logistics,8,13,3260496.78,101723.734,3118.857,1015.0,84903.193,38.4025,75685.7017,96037.2237,31.6574,0.398007
container_terminal_v2,logistics,8,14,3542955.04,111896.0959,3212.4225,1015.0,93671.7458,37.8231,83683.2429,106069.4406,32.2126,0.37268
container_terminal_v2,logistics,8,15,3859308.29,123085.717,3308.7965,1015.0,103322.8709,37.3519,92490.3789,117114.7101,32.7789,0.348964
container_terminal_v2,logistics,8,16,4213623.93,135394.2801,3408.0605,1015.0,113944.961,36.9795,102188.3333,129274.5928,33.3565,0.326757
container_terminal_v2,logistics,8,17,4610457.45,148933.7081,3510.3009,1015.0,125635.3142,36.6971,112866.5151,142660.8823,33.9454,0.305963
container_terminal_v2,logistics,8,18,5054910.99,163827.0818,3615.6105,1015.0,138500.93,36.4973,124623.2497,157396.5204,34.5458,0.286493
container_terminal_v2,logistics,8,19,5552698.95,180209.8158,3724.0797,1015.0,152659.5404,36.3731,137566.733,173616.7861,35.158,0.268262
container_terminal_v2,logistics,8,20,6277283.88,236885.7927,3751.4147,1015.0,201943.8589,31.0843,182866.5122,230251.8201,14.7021,0.205577
container_terminal_v2,logistics,8,21,6901709.1,260574.3777,3863.9562,1015.0,222455.0167,31.0252,201648.5678,253771.8372,30.4432,0.192495
container_terminal_v2,logistics,8,22,7601065.35,286631.8155,3979.8741,1015.0,245024.1391,31.0217,222320.6413,279655.6501,30.9873,0.180245
container_terminal_v2,logistics,8,23,8384344.35,315294.9741,4099.272,1015.0,269857.2108,31.0696,245072.0713,308139.9711,31.5418,0.168775
container_terminal_v2,logistics,8,24,9261616.83,346824.4715,4222.2495,1015.0,297180.8832,31.1649,270111.203,339485.2694,32.1067,0.158035
container_terminal_v2,logistics,8,25,10244162.01,381506.9416,4348.917,1015.0,327244.4314,31.3043,297667.1778,373978.0134,32.6823,0.147978
container_terminal_v2,logistics,8,26,11344612.61,419657.6157,4479.3851,1015.0,360322.0107,31.4847,327992.015,411933.2688,33.2688,0.138561
container_terminal_v2,logistics,8,27,12577117.28,461623.3916,4613.7663,1015.0,396715.324,31.7031,361363.0638,453697.7648,33.8662,0.129744
container_terminal_v2,logistics,8,28,13957522.51,507785.7308,4752.1779,1015.0,436756.141,31.9572,398085.3178,499652.7873,34.475,0.121487
container_terminal_v2,logistics,8,29,15503576.37,558564.301,4894.7435,1015.0,480809.4651,32.2447,438494.3256,550217.8188,35.0951,0.113756
container_terminal_v2,logistics,8,30,18989145.72,774170.1168,4865.1304,1015.0,668412.2881,28.4093,611023.3978,765867.9899,18.5795,0.081579
container_terminal_v2,logistics,8,31,20928515.68,851587.1084,5011.0856,1015.0,735638.0899,28.4495,672738.0584,843066.3659,28.8486,0.076387
container_terminal_v2,logistics,8,32,23100610.03,936745.825,5161.4179,1015.0,809595.3842,28.5335,740639.5331,927999.9105,29.3696,0.071526
container_terminal_v2,logistics,8,33,25533355.71,1030420.4046,5316.26,1015.0,890957.5558,28.6583,815346.9336,1021442.5633,29.9002,0.066975
container_terminal_v2,logistics,8,34,28258030.87,1133462.4594,5475.7468,1015.0,980465.39,28.821,897541.3474,1124245.7345,30.4406,0.062713
container_terminal_v2,logistics,8,35,31309667.05,1246808.7054,5640.0195,1015.0,1078933.7067,29.0191,987971.9351,1237345.9282,30.991,0.058722
container_terminal_v2,logistics,8,36,34727499.57,1371489.5673,5809.2218,1015.0,1187258.8506,29.2502,1087462.8211,1361773.3542,31.5516,0.054985
container_terminal_v2,logistics,8,37,38555471.99,1508638.5297,5983.4974,1015.0,1306426.8282,29.5122,1196920.5777,1498661.2819,32.1225,0.051486
container_terminal_v2,logistics,8,38,42842801.1,1659502.377,6163.0031,1015.0,1437522.2053,29.8032,1317342.397,1649256.2605,32.7039,0.048209
container_terminal_v2,logistics,8,39,47644609.7,1825452.6376,6347.8936,1015.0,1581738.0773,30.1217,1449825.2698,1814929.5871,33.296,0.045142
container_terminal_v2,logistics,8,40,60184298.01,2660597.207,6231.0278,1015.0,2308415.5259,26.0717,2118116.2239,2650249.2012,17.2562,0.030402
container_terminal_v2,logistics,8,41,66207686.72,2926656.9248,6417.9578,1015.0,2539724.8514,26.0688,2330683.6032,2916028.9302,26.0404,0.028467
container_terminal_v2,logistics,8,42,72953882.08,3219322.6231,6610.4979,1015.0,2794176.4989,26.1093,2564527.3516,3208406.2365,26.5127,0.026656
container_terminal_v2,logistics,8,43,80509620.88,3541254.8653,6808.8117,1015.0,3074085.0166,26.1898,2821775.6747,3530041.4388,26.9936,0.024959
container_terminal_v2,logistics,8,44,88972048.34,3895380.369,7013.076,1015.0,3381996.495,26.3076,3104769.6813,3883860.9899,27.4833,0.023371
container_terminal_v2,logistics,8,45,98449967.09,4284918.3945,7223.4696,1015.0,3720711.5346,26.46,3416084.5111,4273083.8818,27.982,0.021884
container_terminal_v2,logistics,8,46,109065236.09,4713410.231,7440.174,1015.0,4093310.8997,26.6447,3758552.9239,4701251.1327,28.4898,0.020491
container_terminal_v2,logistics,8,47,120954337.37,5184751.2656,7663.3789,1015.0,4503183.4114,26.8597,4135290.9441,5172257.8447,29.0068,0.019187
container_terminal_v2,logistics,8,48,134270130.8,5703226.3778,7893.279,1015.0,4954056.746,27.1031,4549726.1838,5690388.6063,29.5333,0.017966
container_terminal_v2,logistics,8,49,149183819.45,6273549.0357,8130.0774,1015.0,5450031.4438,27.373,5005629.1125,6260356.5809,30.0695,0.016823
container_terminal_v2,logistics,8,50,193586772.51,9592256.4569,7871.5409,1015.0,8337531.8269,23.2187,7660982.8541,9579451.2452,15.3776,0.010653
seaport_v2,logistics,9,1,2830538.6,44550.571,3094.4,1960.0,34361.6688,82.3749,29038.8568,37956.171,,1.0
seaport_v2,logistics,9,2,2970538.6,49005.6281,3187.232,1960.0,38156.8046,77.8508,32463.6545,42272.1961,36.8893,0.936364
seaport_v2,logistics,9,3,3127338.6,53906.1909,3282.849,1960.0,42337.1075,73.8676,36240.6793,47029.5559,37.5092,0.876777
seaport_v2,logistics,9,4,3302954.6,59296.81,3381.3344,1960.0,46941.2637,70.3636,40405.4464,52272.676,38.1429,0.820982
seaport_v2,logistics,9,5,3499644.52,65226.491,3482.775,1960.0,52011.8329,67.2855,44997.0302,58050.4321,38.7905,0.768738
seaport_v2,logistics,9,6,3719937.23,71749.1401,3587.2575,1960.0,57595.6379,64.5871,50058.4259,64416.6007,39.4521,0.719818
seaport_v2,logistics,9,7,3966665.07,78924.0541,3694.8745,1960.0,63744.1863,62.2279,55636.9315,71430.3395,40.1278,0.674011
seaport_v2,logistics,9,8,4243000.25,86816.4551,3805.7221,1960.0,70514.1377,60.1723,61784.5809,79156.727,40.8179,0.63112
seaport_v2,logistics,9,9,4552495.65,95498.1139,3919.8931,1960.0,77967.8521,58.3894,68558.6515,87667.3951,41.5223,0.590958
seaport_v2,logistics,9,10,4958294.67,118704.15,3997.1138,1960.0,98089.9214,50.5485,87007.6492,110757.7796,20.1669,0.484794
seaport_v2,logistics,9,11,5346525.7,130574.5605,4117.028,1960.0,108312.8533,49.3619,96324.1064,122448.5979,37.9765,0.453944
seaport_v2,logistics,9,12,5781344.45,143632.021,4240.541,1960.0,119565.3876,48.353,106584.8053,135321.0763,38.6419,0.425057
seaport_v2,logistics,9,13,6268341.45,157995.2142,4367.7549,1960.0,131950.6896,47.5052,117884.539,149493.7447,39.3206,0.398007
seaport_v2,logistics,9,14,6813778.09,173794.7178,4498.7873,1960.0,145582.2596,46.8036,130327.5934,165097.0046,40.0128,0.37268
seaport_v2,logistics,9,15,7424667.13,191174.2074,4633.7526,1960.0,160584.9957,46.2351,144028.737,182274.3602,40.7185,0.348964
seaport_v2,logistics,9,16,8108862.85,210291.6148,4772.7654,1960.0,177096.1989,45.7879,159114.1437,201183.5718,41.4383,0.326757
seaport_v2,logistics,9,17,8875162.06,231320.7763,4915.9464,1960.0,195267.002,45.4514,175722.7014,221998.295,42.172,0.305963
seaport_v2,logistics,9,18,9733417.17,254452.8583,5063.4255,1960.0,215263.6066,45.2163,194007.1484,244909.5016,42.92,0.286493
seaport_v2,logistics,9,19,10694662.89,279898.1843,5215.3296,1960.0,237268.8836,45.074,214135.553,270127.3248,43.6825,0.268262
seaport_v2,logistics,9,20,12071549.24,367926.1476,5253.6104,1960.0,313819.9073,38.4665,284500.5024,358097.9559,17.9865,0.205577
seaport_v2,logistics,9,21,13277335.88,404718.7712,5411.2175,1960.0,345692.3717,38.408,313698.1907,394654.5357,37.8316,0.192495
seaport_v2,logistics,9,22,14627816.91,445190.6484,5573.5528,1960.0,380761.6731,38.4173,345832.1895,434883.2876,38.5089,0.180245
seaport_v2,logistics,9,23,16140355.67,489709.6776,5740.7618,1960.0,419347.7567,38.4892,381196.5993,479151.8923,39.1991,0.168775
seaport_v2,logistics,9,24,17834399.08,538680.6453,5912.9838,1960.0,461802.6656,38.6191,420115.0406,527864.9279,39.9022,0.158035
seaport_v2,logistics,9,25,19731727.7,592548.7455,6090.3733,1960.0,508513.5838,38.8028,462943.4364,581467.3565,40.6185,0.147978
seaport_v2,logistics,9,26,21856735.75,651803.5888,6273.0853,1960.0,559906.3381,39.0364,510073.2432,640448.5571,41.3484,0.138561
seaport_v2,logistics,9,27,24236744.77,716983.97,6461.2774,1960.0,616449.5426,39.3167,561935.2599,705347.0879,42.0919,0.129744
seaport_v2,logistics,9,28,26902354.87,788682.367,6655.1137,1960.0,678658.5104,39.6405,619003.2231,776755.1815,42.8493,0.121487
seaport_v2,logistics,9,29,29887838.18,867550.5993,6854.7675,1960.0,747100.1736,40.0051,681798.3282,855324.3976,43.6208,0.113756
seaport_v2,logistics,9,30,36530744.98,1202425.1237,6813.2963,1960.0,1038477.0898,35.1772,949760.1545,1190261.0323,22.7983,0.081579
seaport_v2,logistics,9,31,40275735.25,1322667.6049,7017.6969,1960.0,1142910.2199,35.2396,1045647.5385,1310197.3882,35.8602,0.076387
seaport_v2,logistics,9,32,44470124.35,1454934.3743,7228.2275,1960.0,1257799.1477,35.3555,1151145.1581,1442148.8515,36.5082,0.071526
seaport_v2,logistics,9,33,49167840.14,1600427.8073,7445.0738,1960.0,1384189.7781,35.521,1267214.6351,1587317.5197,37.1682,0.066975
seaport_v2,logistics,9,34,54429281.82,1760470.6103,7668.4245,1960.0,1523232.7016,35.7327,1394913.8515,1747025.8163,37.8404,0.062713
seaport_v2,logistics,9,35,60322096.51,1936517.6713,7898.4777,1960.0,1676193.4985,35.9875,1535406.4205,1922728.3329,38.525,0.058722
seaport_v2,logistics,9,36,66922048.96,2130169.4251,8135.4344,1960.0,1844464.3718,36.2826,1689972.3884,2116025.2028,39.2222,0.054985
seaport_v2,logistics,9,37,74313995.7,2343186.3765,8379.496,1960.0,2029576.7861,36.6155,1860019.8573,2328676.6298,39.9322,0.051486
seaport_v2,logistics,9,38,82592976.05,2577505.0052,8630.8819,1960.0,2233215.2873,36.9839,2047097.6813,2562618.7645,40.6553,0.048209
seaport_v2,logistics,9,39,91865434.04,2835255.5414,8889.8089,1960.0,2457232.9872,37.3857,2252909.7197,2819981.5126,41.3916,0.045142
seaport_v2,logistics,9,40,115983021.03,4132384.9324,8726.1461,1960.0,3585877.9441,32.3444,3290858.7267,4117356.0171,21.3686,0.030402
seaport_v2,logistics,9,41,127614392.34,4545623.4212,8987.9293,1960.0,3945167.678,32.347,3621056.8431,4530202.4403,32.3732,0.028467
seaport_v2,logistics,9,42,140641528.2,5000185.7722,9257.5691,1960.0,4340402.3367,32.4029,3984302.2641,4984360.9589,32.9605,0.026656
seaport_v2,logistics,9,43,155231920.37,5500204.3182,9535.2946,1960.0,4775176.8506,32.5081,4383900.5127,5483963.5629,33.5585,0.024959
seaport_v2,logistics,9,44,171573159.6,6050224.7768,9821.3533,1960.0,5253445.7784,32.6592,4823487.7915,6033555.599,34.1675,0.023371
seaport_v2,logistics,9,45,189875347.53,6655247.2367,10115.9959,1960.0,5779558.9795,32.8529,5307063.7955,6638136.7806,34.7875,0.021884
seaport_v2,logistics,9,46,210373798.01,7320771.9559,10419.4761,1960.0,6358301.4574,33.0865,5839028.3506,7303206.9856,35.4189,0.020491
seaport_v2,logistics,9,47,233332062.55,8052849.1693,10732.06,1960.0,6994936.6851,33.3573,6424221.2455,8034816.0505,36.0619,0.019187
seaport_v2,logistics,9,48,259045318.84,8858134.0639,11054.0199,1960.0,7695254.4383,33.663,7067966.2213,8839618.7544,36.7166,0.017966
seaport_v2,logistics,9,49,287844165.88,9743947.5015,11385.6406,1960.0,8465623.619,34.0015,7776119.5403,9724935.5326,37.3832,0.016823
seaport_v2,logistics,9,50,373589786.65,14898495.7007,11023.5772,1960.0,12950395.5474,28.8478,11900301.1948,14880025.9844,19.1193,0.010653
air_freight_network,logistics,10,1,5045980.6,63082.4805,2672.4,3500.0,49511.77,101.9148,42957.3844,55590.0805,,1.0
air_freight_network,logistics,10,2,5295980.6,69390.7285,2752.572,3500.0,54930.1962,96.4129,47883.7248,61778.5566,46.1389,0.936364
air_freight_network,logistics,10,3,5575980.6,76329.8014,2835.1492,3500.0,60895.3475,91.5666,53311.1174,68594.2642,46.9393,0.876777
air_freight_network,logistics,10,4,5889580.6,83962.7815,2920.2036,3500.0,67462.0428,87.3021,59289.9198,76100.1783,47.7561,0.820982
air_freight_network,logistics,10,5,6240812.6,92359.0597,3007.8103,3500.0,74690.587,83.5555,65875.5324,84365.5776,48.5896,0.768738
air_freight_network,logistics,10,6,6634192.44,101594.9657,3098.0438,3500.0,82647.322,80.2711,73128.9068,93466.6802,49.4399,0.719818
air_freight_network,logistics,10,7,7074777.86,111754.4622,3190.9846,3500.0,91405.2256,77.4001,81117.0929,103487.329,50.3072,0.674011
air_freight_network,logistics,10,8,7568233.53,122929.9022,3286.7153,3500.0,101044.5726,74.9,89913.8488,114519.7532,51.1918,0.63112
air_freight_network,logistics,10,9,8120903.88,135222.9113,3385.3161,3500.0,111653.7078,72.733,99600.3548,126665.4587,52.0938,0.590958
air_freight_network,logistics,10,10,8838370.39,168082.0707,3452.0059,3500.0,140183.1564,63.0487,125787.6477,159424.9878,25.1483,0.484794
air_freight_network,logistics,10,11,9531640.08,184890.2715,3555.5667,3500.0,154716.1931,61.6073,139078.8671,176078.4751,47.703,0.453944
air_freight_network,logistics,10,12,10308102.13,203379.3049,3662.2356,3500.0,170708.8503,60.3841,153710.0906,194408.1519,48.5512,0.425057
air_freight_network,logistics,10,13,11177739.63,223717.2228,3772.1006,3500.0,188307.2563,59.359,169815.6273,214581.9382,49.4157,0.398007
air_freight_network,logistics,10,14,12151733.63,246088.9199,3885.2634,3500.0,207672.1811,58.514,187543.2408,236784.5771,50.2968,0.37268
air_freight_network,logistics,10,15,13242606.91,270697.8371,4001.8228,3500.0,228980.5324,57.8329,207055.5355,261219.3618,51.1946,0.348964
air_freight_network,logistics,10,16,14464384.98,297767.6019,4121.8777,3500.0,252426.78,57.3013,228531.265,288109.772,52.1097,0.326757
air_freight_network,logistics,10,17,15832776.42,327544.3621,4245.5323,3500.0,278224.9819,56.9064,252167.1912,317701.7999,53.0421,0.305963
air_freight_network,logistics,10,18,17365374.83,360298.8046,4372.8989,3500.0,306610.5379,56.6366,278179.6953,350265.9646,53.9922,0.286493
air_freight_network,logistics,10,19,19081885.05,396328.7418,4504.087,3500.0,337842.4497,56.4816,306806.8629,386099.9149,54.9601,0.268262
air_freight_network,logistics,10,20,21519601.36,520974.1089,4537.1473,3500.0,446255.1567,48.2226,406473.5662,510695.8921,22.4855,0.205577
air_freight_network,logistics,10,21,23672791.78,573071.5325,4673.2606,3500.0,491461.4965,48.1682,447947.335,562589.9707,47.6303,0.192495
air_freight_network,logistics,10,22,26084365.05,630378.6857,4813.4574,3500.0,541196.7486,48.1976,493582.7625,619687.6786,48.4882,0.180245
air_freight_network,logistics,10,23,28785327.12,693416.5038,4957.8632,3500.0,595914.0173,48.3045,543796.4082,682509.7634,49.3622,0.168775
air_freight_network,logistics,10,24,31810404.63,762758.1542,5106.5983,3500.0,656111.8536,48.4832,599046.6259,751629.2128,50.2523,0.158035
air_freight_network,logistics,10,25,35198491.45,839034.0201,5259.7963,3500.0,722338.5747,48.7285,659837.5216,827676.2103,51.1589,0.147978
air_freight_network,logistics,10,26,38993148.68,922937.3779,5417.5908,3500.0,795197.2148,49.0358,726723.5161,911343.8329,52.0825,0.138561
air_freight_network,logistics,10,27,43243164.78,1015231.1472,5580.1182,3500.0,875351.3953,49.4009,800314.7405,1003394.7965,53.023,0.129744
air_freight_network,logistics,10,28,48003182.81,1116754.262,5747.52,3500.0,963530.8655,49.8201,881282.1296,1104667.8233,53.981,0.121487
air_freight_network,logistics,10,29,53334403.01,1228429.6819,5919.9459,3500.0,1060538.4703,50.2899,970363.8266,1216085.6495,54.9567,0.113756
air_freight_network,logistics,10,30,65056573.65,1702603.5293,5884.1304,3500.0,1473100.8771,44.163,1349756.6279,1690313.0031,28.4131,0.081579
air_freight_network,logistics,10,31,71744056.27,1872863.8381,6060.6558,3500.0,1621073.7686,44.2571,1485700.0868,1860309.5939,45.194,0.076387
air_freight_network,logistics,10,32,79234036.8,2060150.2346,6242.4752,3500.0,1783854.7506,44.4173,1635256.4748,2047324.3634,46.0126,0.071526
air_freight_network,logistics,10,33,87622814.99,2266165.2517,6429.749,3500.0,1962924.8874,44.6389,1799787.5779,2253059.6052,46.8463,0.066975
air_freight_network,logistics,10,34,97018246.57,2492781.8084,6622.6401,3500.0,2159913.4764,44.9177,1980791.4865,2479387.9944,47.6953,0.062713
air_freight_network,logistics,10,35,107541129.94,2742059.9892,6821.3197,3500.0,2376612.6425,45.2498,2179916.0118,2728369.3603,48.5599,0.058722
air_freight_network,logistics,10,36,119326759.31,3016265.9692,7025.9614,3500.0,2614993.8068,45.6318,2398973.8333,3002269.6183,49.4403,0.054985
air_freight_network,logistics,10,37,132526664.2,3317892.5788,7236.7389,3500.0,2877225.5807,46.0606,2639958.9546,3303581.3392,50.3368,0.051486
air_freight_network,logistics,10,38,147310557.68,3649681.8241,7453.842,3500.0,3165693.3443,46.5334,2905064.6962,3635046.2459,51.2497,0.048209
air_freight_network,logistics,10,39,163868518.38,4014650.0569,7677.4578,3500.0,3483021.1612,47.0478,3196703.8589,3999680.4107,52.1794,0.045142
air_freight_network,logistics,10,40,206779304.54,5851352.4308,7536.1146,3500.0,5081075.1952,40.696,4666277.7728,5836593.9427,26.8519,0.030402
air_freight_network,logistics,10,41,227549610.44,6436487.6676,7762.1969,3500.0,5589946.1595,40.7069,5134046.8387,6421391.4264,40.8164,0.028467
air_freight_network,logistics,10,42,250812353.05,7080136.447,7995.0645,3500.0,6149718.0028,40.7844,5648616.5608,7064692.316,41.5575,0.026656
air_freight_network,logistics,10,43,276866624.77,7788150.0475,8234.9151,3500.0,6765481.1652,40.9234,6214667.6654,7772347.5947,42.3122,0.024959
air_freight_network,logistics,10,44,306047409.1,8566965.0901,8481.9624,3500.0,7442835.3211,41.1197,6837349.1285,8550793.5639,43.0805,0.023371
air_freight_network,logistics,10,45,338729887.55,9423661.5739,8736.423,3500.0,8187939.8813,41.3694,7522324.6246,9407109.8993,43.8629,0.021884
air_freight_network,logistics,10,46,375334263.41,10366027.725,8998.516,3500.0,9007570.4119,41.6688,8275824.4061,10349084.4998,44.6596,0.020491
air_freight_network,logistics,10,47,416331164.38,11402630.5227,9268.4711,3500.0,9909179.9849,42.0147,9104701.7115,11385284.0012,45.4708,0.019187
air_freight_network,logistics,10,48,462247693.46,12542893.5435,9546.5237,3500.0,10900966.9072,42.4043,10016495.0493,12525131.6287,46.2968,0.017966
air_freight_network,logistics,10,49,513674206.03,13797182.942,9832.9194,3500.0,11991949.5196,42.8349,11019496.9745,13778993.1697,47.1378,0.016823
air_freight_network,logistics,10,50,666608808.66,21095892.6771,9520.2326,3500.0,18342099.0267,36.3431,16858933.7928,21078170.0395,24.0836,0.010653
