business,industry,order,stage,capital,revenue,inputs,maintenance,profit_after_tax,payback_hours,npc_profit,utility_stress_profit,upgrade_payback_hours,input_output_scale_ratio
coal_open_pit,miner,1,1,12000.0,2448.4437,1060.7333,8.4,1200.0,10.0,359.2549,872.6437,,1.0
coal_open_pit,miner,1,2,12600.0,2560.7734,1103.7376,8.6698,1260.0784,9.9994,384.3426,921.1581,9.9869,0.994898
coal_open_pit,miner,1,3,13272.0,2687.1327,1152.2608,8.9732,1327.5318,9.9975,412.3417,975.5132,9.9624,0.989796
coal_open_pit,miner,1,4,14024.64,2829.1571,1206.9088,9.3143,1403.2526,9.9944,443.6482,1036.4457,9.9397,0.984694
coal_open_pit,miner,1,5,14867.6,2988.683,1268.356,9.6974,1488.2478,9.99,478.715,1104.7905,9.9177,0.979592
coal_open_pit,miner,1,6,15811.71,3167.7597,1337.3524,10.1275,1583.6434,9.9844,518.0517,1181.4841,9.8968,0.97449
coal_open_pit,miner,1,7,16869.12,3368.6961,1414.7361,10.61,1690.7145,9.9775,562.2427,1267.5914,9.8758,0.969388
coal_open_pit,miner,1,8,18053.41,3594.068,1501.4405,11.1512,1810.8844,9.9694,611.9425,1364.3028,9.8551,0.964286
coal_open_pit,miner,1,9,19379.82,3846.7719,1598.506,11.7581,1945.7617,9.96,667.9003,1472.9702,9.8342,0.959184
coal_open_pit,miner,1,10,22373.38,4428.2259,1830.3378,13.1545,2248.7182,9.9494,783.9195,1710.46,9.8812,0.954081
coal_open_pit,miner,1,11,24037.23,4744.9467,1950.7618,13.9151,2418.8348,9.9375,855.8996,1848.4749,9.7806,0.948979
coal_open_pit,miner,1,12,25900.74,5100.0029,2085.4611,14.7678,2609.8034,9.9244,937.0428,2003.6389,9.7582,0.943877
coal_open_pit,miner,1,13,27987.87,5497.9656,2236.0418,15.7235,2824.1943,9.91,1028.5863,2178.1394,9.7352,0.938776
coal_open_pit,miner,1,14,30325.46,5943.9692,2404.2942,16.7946,3064.9059,9.8944,1131.9394,2374.4525,9.7112,0.933673
coal_open_pit,miner,1,15,32943.56,6443.77,2592.218,17.9949,3335.1947,9.8776,1248.6941,2595.3661,9.6863,0.928572
coal_open_pit,miner,1,16,35875.83,7003.827,2802.0385,19.3399,3638.7303,9.8594,1380.664,2844.0355,9.6604,0.92347
coal_open_pit,miner,1,17,39159.97,7631.3925,3036.242,20.847,3979.644,9.8401,1529.904,3124.0213,9.6333,0.918367
coal_open_pit,miner,1,18,42838.21,8334.6051,3297.6004,22.5358,4362.588,9.8194,1698.7478,3439.3472,9.6052,0.913265
coal_open_pit,miner,1,19,46957.83,9122.5975,3589.2076,24.4281,4792.7967,9.7976,1889.8384,3794.5517,9.5759,0.908163
coal_open_pit,miner,1,20,59459.8,11535.3723,4512.996,30.2225,6083.1738,9.7745,2428.5813,4836.4898,9.6886,0.903061
coal_open_pit,miner,1,21,64627.46,12523.2238,4871.7923,32.5948,6628.3879,9.7501,2678.2958,5291.7912,9.4782,0.897959
coal_open_pit,miner,1,22,70415.24,13630.8043,5272.5363,35.2547,7241.0215,9.7245,2960.5843,5804.5496,9.4474,0.892857
coal_open_pit,miner,1,23,76897.55,14872.6549,5720.0225,38.2371,7929.5239,9.6976,3279.8531,6382.1867,9.4151,0.887755
coal_open_pit,miner,1,24,84157.74,16265.1117,6219.611,41.5811,8703.4101,9.6695,3641.0919,7033.0792,9.3815,0.882653
coal_open_pit,miner,1,25,92289.15,17826.5357,6777.2798,45.3309,9573.4147,9.6401,4049.9779,7766.71,9.3464,0.877551
coal_open_pit,miner,1,26,101396.33,19577.5622,7399.7107,49.536,10551.6345,9.6095,4512.9477,8593.7921,9.31,0.872449
coal_open_pit,miner,1,27,111596.37,21541.3952,8094.3648,54.2522,11651.717,9.5777,5037.3167,9526.4484,9.2721,0.867347
coal_open_pit,miner,1,28,123020.41,23744.1229,8869.5763,59.5421,12889.0539,9.5446,5631.3917,10578.3895,9.2328,0.862245
coal_open_pit,miner,1,29,135815.34,26215.0898,9734.6574,65.4762,14281.0119,9.5102,6304.6095,11765.1293,9.192,0.857143
coal_open_pit,miner,1,30,182523.37,35237.3207,13007.0664,87.1433,19264.5066,9.4746,8592.1136,15930.1951,9.3725,0.852041
coal_open_pit,miner,1,31,198573.33,38350.343,14071.402,94.6193,21040.3599,9.4377,9478.5521,17463.0185,9.0379,0.846939
coal_open_pit,miner,1,32,216549.28,41844.5562,15260.9975,103.0108,23038.0767,9.3996,10481.138,19191.0262,8.9982,0.841837
coal_open_pit,miner,1,33,236682.35,45767.0193,16590.3859,112.4307,25285.8564,9.3603,11615.6059,21139.6893,8.9569,0.836735
coal_open_pit,miner,1,34,259231.39,50170.7142,18075.8157,123.0063,27815.5463,9.3197,12899.8416,23337.853,8.9138,0.831633
coal_open_pit,miner,1,35,284486.31,55115.3046,19735.4602,134.8808,30663.1183,9.2778,14354.1725,25818.1834,8.8689,0.826531
coal_open_pit,miner,1,36,312771.82,60667.9929,21589.6465,148.2157,33869.2136,9.2347,16001.7088,28617.6856,8.8224,0.821429
coal_open_pit,miner,1,37,344451.59,66904.4874,23661.1187,163.1928,37479.753,9.1903,17868.7191,31778.2777,8.7742,0.816327
coal_open_pit,miner,1,38,379932.93,73910.1091,25975.3248,180.017,41546.6475,9.1447,19985.083,35347.4724,8.7244,0.811224
coal_open_pit,miner,1,39,419672.04,81781.0206,28560.752,198.9192,46128.574,9.0979,22384.7693,39379.1072,8.673,0.806122
coal_open_pit,miner,1,40,540259.93,105478.7406,36603.6692,255.8299,59698.7402,9.0498,29221.6588,51135.244,8.8863,0.80102
coal_open_pit,miner,1,41,590108.66,115450.2014,39808.8213,279.7766,65564.595,9.0004,32367.1525,56346.6426,8.4981,0.795918
coal_open_pit,miner,1,42,645939.24,126658.3024,43393.5707,306.6931,72173.4936,8.9498,35929.5927,62230.7972,8.4478,0.790816
coal_open_pit,miner,1,43,708469.49,139258.7012,47402.7014,336.9533,79621.5704,8.898,39965.9555,68876.8158,8.3955,0.785714
coal_open_pit,miner,1,44,778503.37,153427.0661,51886.3883,370.979,88017.6379,8.8449,44541.0914,76385.8039,8.3413,0.780612
coal_open_pit,miner,1,45,856941.32,169361.7065,56900.8599,409.2465,97484.8922,8.7905,49728.829,84872.5081,8.2852,0.77551
coal_open_pit,miner,1,46,944791.82,187286.5375,62509.1416,452.2934,108162.8392,8.7349,55613.2242,94467.1755,8.2273,0.770408
coal_open_pit,miner,1,47,1043184.38,207454.4905,68781.8931,500.7273,120209.527,8.6781,62290.0254,105317.7196,8.1676,0.765306
coal_open_pit,miner,1,48,1153384.05,230151.3234,75798.3535,555.2343,133804.03,8.6199,69868.2942,117592.124,8.1062,0.760204
coal_open_pit,miner,1,49,1276807.68,255700.0007,83647.4047,616.5901,149149.3252,8.5606,78472.3035,131481.2404,8.0431,0.755102
coal_open_pit,miner,1,50,1699109.11,341570.8233,110983.4255,822.8111,199895.1905,8.5,105958.7094,176752.5804,8.3219,0.75
iron_quarry,miner,2,1,29493.55,4018.6737,1577.6,19.6,2106.6821,14.0,828.939,1661.4737,,1.0
iron_quarry,miner,2,2,30893.55,4195.7445,1638.7083,20.2045,2207.0435,13.9977,878.3286,1747.3931,13.9496,0.994898
iron_quarry,miner,2,3,32461.55,4395.8383,1708.0533,20.8877,2320.2007,13.9908,933.703,1844.0522,13.8568,0.989796
iron_quarry,miner,2,4,34217.71,4621.6918,1786.5547,21.6587,2447.7262,13.9794,995.8626,1952.8156,13.7711,0.984694
iron_quarry,miner,2,5,36184.61,4876.3913,1875.2442,22.5283,2591.3984,13.9634,1065.7184,2075.2304,13.6902,0.979592
iron_quarry,miner,2,6,38387.54,5163.4211,1975.2814,23.5082,2753.2293,13.9427,1144.3065,2213.0506,13.6125,0.97449
iron_quarry,miner,2,7,40854.82,5486.7073,2087.9662,24.612,2935.4923,13.9175,1232.8045,2368.263,13.5369,0.969388
iron_quarry,miner,2,8,43618.17,5850.6906,2214.7611,25.8546,3140.7652,13.8878,1332.5563,2543.1261,13.4618,0.964285
iron_quarry,miner,2,9,46713.12,6260.3824,2357.3099,27.2533,3371.9627,13.8534,1445.0878,2740.1983,13.3866,0.959183
iron_quarry,miner,2,10,53394.76,7151.5233,2678.5408,30.2957,3865.1375,13.8145,1673.1117,3152.3147,13.5482,0.954082
iron_quarry,miner,2,11,57277.07,7670.3381,2857.4943,32.067,4159.2758,13.7709,1817.9621,3404.1949,13.1989,0.948979
iron_quarry,miner,2,12,61625.26,8254.3156,3058.5168,34.0607,4490.7122,13.7228,1981.6166,3688.3147,13.1192,0.943878
iron_quarry,miner,2,13,66495.23,8911.6541,3284.2351,36.3049,4864.2693,13.6701,2166.6658,4008.9522,13.0367,0.938776
iron_quarry,miner,2,14,71949.6,9651.6206,3537.6055,38.8312,5285.4099,13.6129,2376.057,4370.9621,12.9514,0.933673
iron_quarry,miner,2,15,78058.49,10484.7157,3821.96,41.6755,5760.3398,13.551,2613.1571,4779.8723,12.8627,0.928571
iron_quarry,miner,2,16,84900.45,11422.8349,4141.0517,44.8783,6296.1073,13.4846,2881.8121,5241.9764,12.7704,0.92347
iron_quarry,miner,2,17,92563.44,12479.4648,4499.1101,48.4857,6900.7261,13.4136,3186.421,5764.4478,12.6741,0.918368
iron_quarry,miner,2,18,101145.99,13669.8964,4900.9059,52.5499,7583.3034,13.338,3532.0084,6355.4566,12.5737,0.913265
iron_quarry,miner,2,19,110758.45,15011.4865,5351.8234,57.1301,8354.2036,13.2578,3924.3239,7024.3218,12.4691,0.908163
iron_quarry,miner,2,20,131136.11,17830.148,6321.0062,66.7532,9954.8781,13.1731,4715.8559,8397.2791,12.7307,0.903061
iron_quarry,miner,2,21,143193.98,19540.6925,6888.278,72.5931,10944.4446,13.0837,5227.5438,9261.4318,12.185,0.897959
iron_quarry,miner,2,22,156698.79,21470.5078,7525.5527,79.1816,12063.2229,12.9898,5808.8956,10240.3805,12.071,0.892857
iron_quarry,miner,2,23,171824.18,23648.5727,8241.6143,86.6177,13328.6964,12.8913,6469.819,11349.989,11.9524,0.887755
iron_quarry,miner,2,24,188764.61,26107.8845,9046.4017,95.0139,14760.8279,12.7882,7221.6911,12608.4153,11.8288,0.882653
iron_quarry,miner,2,25,207737.9,28886.0218,9951.1727,104.4987,16382.4049,12.6805,8077.5598,14036.4286,11.7005,0.877551
iron_quarry,miner,2,26,228987.98,32025.8357,10968.6884,115.2182,18219.4783,12.5683,9052.4178,15657.8247,11.5674,0.872449
iron_quarry,miner,2,27,252788.07,35576.2214,12113.4218,127.3394,20301.8504,12.4515,10163.5051,17499.8869,11.4293,0.867347
iron_quarry,miner,2,28,279444.17,39593.0064,13401.8051,141.053,22663.629,12.3301,11430.6445,19593.9035,11.2865,0.862245
iron_quarry,miner,2,29,309299.0,44139.999,14852.5029,156.5767,25343.8999,12.2041,12876.6682,21975.809,11.1387,0.857143
iron_quarry,miner,2,30,398893.72,57364.9118,19187.6105,201.7274,33038.7493,12.0735,16908.7863,28732.0496,11.6435,0.852041
iron_quarry,miner,2,31,436343.62,63268.6368,21035.5875,221.883,36549.7147,11.9384,18839.6452,31877.3894,10.6666,0.846939
iron_quarry,miner,2,32,478287.51,69959.7567,23120.1319,244.7269,40537.5612,11.7986,21042.8806,35456.9034,10.5179,0.841837
iron_quarry,miner,2,33,525264.67,77548.4032,25472.6884,270.635,45070.4194,11.6543,23559.0549,39533.7542,10.3637,0.836735
iron_quarry,miner,2,34,577879.09,86161.0358,28129.1491,300.0391,50226.7074,11.5054,26435.0659,44180.7869,10.2039,0.831633
iron_quarry,miner,2,35,636807.24,95943.0423,31130.5347,333.4355,56096.7927,11.3519,29725.1963,49482.1107,10.0387,0.826531
iron_quarry,miner,2,36,702806.76,107061.752,34523.7772,371.3954,62784.9241,11.1939,33492.3404,55534.9423,9.8682,0.821429
iron_quarry,miner,2,37,776726.23,119710.0091,38362.6428,414.5774,70411.5265,11.0312,37809.4658,62451.7999,9.6923,0.816327
iron_quarry,miner,2,38,859516.03,134110.3317,42708.8077,463.741,79115.8712,10.864,42761.3128,70363.0531,9.5113,0.811225
iron_quarry,miner,2,39,952240.61,150519.8625,47633.1142,519.7641,89059.2763,10.6922,48446.4547,79419.9972,9.3252,0.806122
iron_quarry,miner,2,40,1236797.93,198192.336,62322.4601,682.5209,117612.9989,10.5158,64387.6578,105163.8575,9.9657,0.80102
iron_quarry,miner,2,41,1353111.64,219981.0666,68733.4242,756.9089,130926.9381,10.3349,72127.808,117378.7897,8.7362,0.795918
iron_quarry,miner,2,42,1483383.0,244850.8339,76013.6112,841.8158,146156.0039,10.1493,81018.4344,131376.2736,8.5541,0.790816
iron_quarry,miner,2,43,1629286.92,273269.5482,84288.8332,938.8391,163596.4321,9.9592,91243.5498,147436.2008,8.3658,0.785714
iron_quarry,miner,2,44,1792699.31,305782.3025,93704.805,1049.8396,183594.0623,9.7645,103018.7948,165885.8907,8.1716,0.780612
iron_quarry,miner,2,45,1975721.19,343025.3894,104430.6376,1176.9898,206553.4529,9.5652,116597.3652,187108.8848,7.9715,0.77551
iron_quarry,miner,2,46,2180705.69,385743.1276,116663.0231,1322.8308,232948.8281,9.3613,132277.1366,211555.5131,7.7659,0.770408
iron_quarry,miner,2,47,2410288.34,434808.2444,130631.2575,1490.3422,263337.3808,9.1529,150409.367,239755.765,7.5549,0.765306
iron_quarry,miner,2,48,2667420.9,491246.5223,146603.3295,1683.0259,298375.3451,8.9398,171409.1976,272334.8306,7.3387,0.760204
iron_quarry,miner,2,49,2955409.37,556266.8508,164893.2856,1905.0093,338837.6436,8.7222,195768.5428,310032.1353,7.1175,0.755102
iron_quarry,miner,2,50,3882930.95,747807.8036,220173.6833,2558.942,456815.4051,8.5,265426.776,419007.7346,7.8618,0.75
copper_quarry,miner,3,1,67509.2,6244.3057,2318.9667,45.5,3375.46,20.0,1471.4946,2756.5057,,1.0
copper_quarry,miner,3,2,70759.2,6525.593,2411.0644,46.9348,3538.8066,19.9952,1556.943,2899.6473,19.8963,0.994898
copper_quarry,miner,3,3,74399.2,6844.3461,2515.8678,48.5606,3723.5284,19.9808,1653.1146,3061.2032,19.7053,0.989796
copper_quarry,miner,3,4,78476.0,7205.0734,2634.8122,50.4005,3932.2787,19.9569,1761.4398,3243.5281,19.5295,0.984693
copper_quarry,miner,3,5,83042.02,7612.8952,2769.5233,52.4807,4168.0753,19.9233,1883.5505,3449.3032,19.3642,0.979591
copper_quarry,miner,3,6,88155.96,8073.6188,2921.8354,54.8307,4434.3489,19.8802,2021.3113,3681.5831,19.2056,0.974489
copper_quarry,miner,3,7,93883.57,8593.8319,3093.8169,57.4841,4735.0019,19.8276,2176.8561,3943.8515,19.0506,0.969387
copper_quarry,miner,3,8,100298.49,9181.0152,3287.8101,60.4791,5074.4717,19.7653,2352.618,4240.0741,18.8969,0.964286
copper_quarry,miner,3,9,107483.2,9843.6672,3506.4608,63.8591,5457.8122,19.6935,2551.3835,4574.7786,18.7424,0.959184
copper_quarry,miner,3,10,122896.64,11265.4207,3991.5678,71.1109,6266.3855,19.612,2953.874,5269.182,19.0625,0.954082
copper_quarry,miner,3,11,131909.15,12110.4376,4268.028,75.4211,6757.28,19.521,3210.887,5699.5081,18.3594,0.94898
copper_quarry,miner,3,12,142003.16,13064.4114,4579.4768,80.2869,7312.0435,19.4204,3502.027,6186.298,18.1952,0.943878
copper_quarry,miner,3,13,153308.45,14141.5729,4930.26,85.7812,7939.2126,19.3103,3832.0872,6737.2588,18.0259,0.938776
copper_quarry,miner,3,14,165970.37,15358.151,5325.3029,91.9865,8648.5496,19.1905,4206.58,7361.2255,17.8504,0.933674
copper_quarry,miner,3,15,180151.72,16732.66,5770.1966,98.9974,9451.2154,19.0612,4631.8357,8068.3184,17.6678,0.928571
copper_quarry,miner,3,16,196034.83,18286.2308,6271.2929,106.9216,10359.9742,18.9223,5115.1237,8870.1321,17.4778,0.923469
copper_quarry,miner,3,17,213823.92,20043.0225,6835.8105,115.8824,11389.4568,18.7738,5664.8199,9779.9867,17.2796,0.918367
copper_quarry,miner,3,18,233747.7,22030.6537,7471.9634,126.0206,12556.4227,18.6158,6290.5573,10813.1673,17.0731,0.913265
copper_quarry,miner,3,19,256062.33,24280.7519,8189.1061,137.4976,13880.1089,18.4481,7003.4447,11987.2538,16.8579,0.908163
copper_quarry,miner,3,20,300435.82,28678.2667,9617.905,159.9277,16443.3776,18.2709,8355.8282,14241.4135,17.3113,0.903061
copper_quarry,miner,3,21,328427.3,31581.1445,10531.6126,174.7343,18161.0739,18.0841,9292.7624,15773.1669,16.2959,0.897959
copper_quarry,miner,3,22,359777.75,34873.4485,11563.4438,191.5272,20113.0755,17.8878,10362.066,17517.0163,16.0607,0.892857
copper_quarry,miner,3,23,394890.26,38610.2034,12729.3321,210.587,22333.1473,17.6818,11583.5775,19504.0537,15.8159,0.887755
copper_quarry,miner,3,24,434216.27,42854.8015,14047.5279,232.2372,24860.2817,17.4663,12980.3122,21770.2571,15.5615,0.882653
copper_quarry,miner,3,25,478261.4,47680.3323,15538.9597,256.8505,27739.5342,17.2411,14578.9758,24357.2766,15.2974,0.877551
copper_quarry,miner,3,26,527591.94,53171.2063,17227.6845,284.8576,31023.0379,17.0065,16410.5807,27313.3816,15.0238,0.872449
copper_quarry,miner,3,27,582842.15,59425.0908,19141.37,316.7564,34771.259,16.7622,18511.2612,30694.6711,14.7404,0.867347
copper_quarry,miner,3,28,644722.38,66555.1139,21311.9112,353.1241,39054.3683,16.5083,20923.1001,34566.3509,14.4475,0.862245
copper_quarry,miner,3,29,714028.24,74692.5932,23776.1264,394.6306,43953.9976,16.2449,23695.2544,39004.4153,14.1451,0.857143
copper_quarry,miner,3,30,909278.94,96467.0057,30524.5675,505.6941,56929.9673,15.9719,30881.0591,50650.3028,15.0471,0.852041
copper_quarry,miner,3,31,996216.21,107292.0404,33746.5885,560.9088,63496.5525,15.6893,34652.8408,56637.319,13.2393,0.846939
copper_quarry,miner,3,32,1093585.96,119677.9706,37415.5764,624.0851,71025.3289,15.3971,38994.9268,63513.7863,12.933,0.841837
copper_quarry,miner,3,33,1202640.08,133869.1045,41598.5772,696.4691,79669.4307,15.0954,44000.9488,71423.2433,12.616,0.836735
copper_quarry,miner,3,34,1324780.69,150151.9497,46373.8188,779.5221,89608.7897,14.784,49781.3094,80534.6134,12.2886,0.831633
copper_quarry,miner,3,35,1461578.17,168863.3866,51832.8148,874.9625,101055.38,14.4631,56466.5245,91047.2153,11.9509,0.826531
copper_quarry,miner,3,36,1614791.35,190400.6278,58082.9308,984.8164,114259.6061,14.1327,64211.2896,103196.8606,11.6033,0.821429
copper_quarry,miner,3,37,1786390.11,215233.42,65250.5182,1111.4797,129518.1371,13.7926,73199.4789,117263.3428,11.2461,0.816327
copper_quarry,miner,3,38,1978580.73,243919.1361,73484.7584,1257.7954,147183.6266,13.4429,83650.3759,133579.7452,10.8794,0.811224
copper_quarry,miner,3,39,2193834.22,277121.4211,82962.4285,1427.1486,167676.7043,13.0837,95826.3455,152543.9178,10.5037,0.806122
copper_quarry,miner,3,40,2825655.76,366280.8968,108960.2757,1881.9196,222231.6704,12.7149,127702.3843,202657.128,11.5814,0.80102
copper_quarry,miner,3,41,3095669.74,412466.898,121918.0399,2117.4981,250935.2832,12.3365,144978.9604,229372.9008,9.407,0.795918
copper_quarry,miner,3,42,3398085.39,466195.902,136916.0705,2391.5508,284392.8042,11.9486,165191.065,260564.6081,9.0388,0.790816
copper_quarry,miner,3,43,3736790.92,528876.3742,154322.4685,2711.2618,323503.1002,11.551,188906.1348,297087.1179,8.6603,0.785714
copper_quarry,miner,3,44,4116141.12,602224.0189,174583.7348,3085.3822,369362.7647,11.1439,216818.2307,339984.5924,8.272,0.780612
copper_quarry,miner,3,45,4541013.34,688341.6622,198244.852,3524.6379,423317.7899,10.7272,249781.4139,390540.1536,7.8746,0.77551
copper_quarry,miner,3,46,5016870.23,789824.1879,225975.6537,4042.2644,487031.4547,10.3009,288853.6053,450341.1412,7.4687,0.770408
copper_quarry,miner,3,47,5549829.94,909897.9538,258605.7757,4654.7184,562574.59,9.8651,335354.9811,521365.9359,7.055,0.765306
copper_quarry,miner,3,48,6146744.82,1052608.6331,297171.7149,5382.6352,652547.2262,9.4196,390946.6989,606100.9878,6.6344,0.760204
copper_quarry,miner,3,49,6815289.48,1223077.7929,342981.0068,6252.1382,760244.8436,8.9646,457738.5858,707700.8204,6.2076,0.755102
copper_quarry,miner,3,50,8908693.84,1681681.0686,468398.2283,8591.3117,1048081.6299,8.5,634156.2007,977794.1994,7.2729,0.75
bauxite_quarry,miner,4,1,127902.08,7889.3626,2554.8667,84.0,4567.9314,28.0,2395.19,4017.1626,,1.0
bauxite_quarry,miner,4,2,133902.08,8239.7213,2654.7109,86.6112,4783.6073,27.9919,2523.0995,4216.8672,27.8195,0.994898
bauxite_quarry,miner,4,3,140622.08,8637.566,2768.6196,89.5764,5028.0519,27.9675,2667.547,4442.8499,27.4909,0.989796
bauxite_quarry,miner,4,4,148148.48,9088.6877,2898.2024,92.9387,5304.8655,27.9269,2830.7078,4698.4718,27.1894,0.984694
bauxite_quarry,miner,4,5,156578.05,9599.6738,3045.2835,96.7471,5618.1496,27.87,3015.0667,4987.5666,26.9071,0.979591
bauxite_quarry,miner,4,6,166019.17,10178.0114,3211.9324,101.0574,5972.5688,27.7969,3223.4531,5314.4971,26.6383,0.974489
bauxite_quarry,miner,4,7,176593.22,10832.2368,3400.4943,105.9334,6373.4539,27.7076,3459.1145,5684.2584,26.3768,0.969388
bauxite_quarry,miner,4,8,188436.16,11572.0776,3613.629,111.4475,6826.8909,27.602,3725.7711,6102.562,26.1182,0.964286
bauxite_quarry,miner,4,9,201700.25,12408.634,3854.3587,117.6824,7339.8358,27.4802,4027.6867,6575.9442,25.8587,0.959184
bauxite_quarry,miner,4,10,225460.84,13902.185,4295.3134,128.814,8245.9102,27.3421,4549.964,7404.5431,26.2237,0.954081
bauxite_quarry,miner,4,11,242099.31,14973.7182,4601.6419,136.8002,8904.6902,27.1878,4939.7115,8013.8849,25.2565,0.94898
bauxite_quarry,miner,4,12,260734.4,16185.9819,4947.4456,145.8353,9650.6498,27.0173,5381.7817,8704.3768,24.9814,0.943878
bauxite_quarry,miner,4,13,281605.7,17557.9026,5337.7807,156.0604,10495.7335,26.8305,5883.5906,9487.3075,24.6973,0.938776
bauxite_quarry,miner,4,14,304981.56,19111.1682,5778.4135,167.637,11453.6525,26.6275,6453.6774,10375.6532,24.4028,0.933674
bauxite_quarry,miner,4,15,331162.52,20870.6459,6275.9227,180.7505,12540.1564,26.4082,7101.8823,11384.3413,24.0965,0.928572
bauxite_quarry,miner,4,16,360485.19,22864.8875,6837.8247,195.6137,13773.3607,26.1726,7839.5592,12530.5656,23.7776,0.92347
bauxite_quarry,miner,4,17,393326.58,25126.7125,7472.7167,212.4713,15174.1263,25.9209,8679.8236,13834.154,23.4453,0.918368
bauxite_quarry,miner,4,18,430108.94,27693.9032,8190.4452,231.6047,16766.5123,25.6529,9637.85,15318.0073,23.0989,0.913265
bauxite_quarry,miner,4,19,471305.19,30610.0009,9002.3026,253.3386,18578.2929,25.3686,10731.2082,17008.5987,22.738,0.908163
bauxite_quarry,miner,4,20,548964.33,35989.56,10524.9495,293.4328,21898.9246,25.0681,12710.7909,20090.3759,23.3869,0.903061
bauxite_quarry,miner,4,21,600640.9,39783.5545,11568.7531,321.7098,24266.9897,24.7514,14152.0042,22308.4054,21.8223,0.897959
bauxite_quarry,miner,4,22,658518.66,44104.0534,12752.2516,353.9108,26968.1652,24.4184,15800.9545,24841.8841,21.4269,0.892857
bauxite_quarry,miner,4,23,723341.75,49029.2168,14095.3041,390.6184,30052.666,24.0691,17689.7989,27738.9437,21.0157,0.887755
bauxite_quarry,miner,4,24,795943.61,54649.8511,15620.8738,432.5094,33578.9272,23.7037,19856.0609,31055.6657,20.5889,0.882653
bauxite_quarry,miner,4,25,877257.69,61071.6897,17355.5618,480.3718,37615.1078,23.322,22343.6372,34857.5525,20.1463,0.877551
bauxite_quarry,miner,4,26,968329.46,68418.1063,19330.2464,535.1252,42240.8793,22.924,25203.9903,39221.2743,19.6879,0.872449
bauxite_quarry,miner,4,27,1070329.85,76833.3501,21580.8693,597.8446,47549.5335,22.5098,28497.5315,44236.7127,19.214,0.867347
bauxite_quarry,miner,4,28,1184570.28,86486.5059,24149.3432,669.7903,53650.614,22.0793,32295.3996,50009.5469,18.7246,0.862245
bauxite_quarry,miner,4,29,1312519.56,97576.2989,27084.6908,752.4433,60673.0733,21.6327,36681.5595,56664.3329,18.22,0.857143
bauxite_quarry,miner,4,30,1657971.15,125652.8598,34670.4195,961.7,78318.044,21.1697,47554.9585,73283.9826,19.5779,0.852041
bauxite_quarry,miner,4,31,1818470.73,140679.7365,38584.2351,1073.6964,87888.9704,20.6905,53593.7401,82395.6967,16.7695,0.846939
bauxite_quarry,miner,4,32,1998230.26,158010.5754,43076.4955,1202.8645,98946.1574,20.1951,60590.8526,92936.5186,16.2573,0.841837
bauxite_quarry,miner,4,33,2199560.94,178038.9688,48242.4308,1352.1376,111746.6284,19.6835,68715.3913,105155.9061,15.7284,0.836735
bauxite_quarry,miner,4,34,2425051.3,201234.9649,54195.2599,1525.019,126597.7768,19.1556,78170.0631,119352.5299,15.1834,0.831633
bauxite_quarry,miner,4,35,2677600.5,228162.2429,61070.1583,1725.71,143868.746,18.6114,89198.8469,135885.4382,14.6228,0.826531
bauxite_quarry,miner,4,36,2960455.6,259499.9192,69029.2833,1959.272,164004.8866,18.051,102096.7384,155188.2488,14.0471,0.821429
bauxite_quarry,miner,4,37,3277253.32,296070.2231,78268.1308,2231.8332,187546.1254,17.4744,117222.1491,177787.1936,13.4571,0.816327
bauxite_quarry,miner,4,38,3632066.76,338874.149,89023.7363,2550.854,215150.6161,16.8815,135012.8608,204324.3449,12.8535,0.811224
bauxite_quarry,miner,4,39,4029457.82,389137.7434,101585.2594,2925.4722,247625.5002,16.2724,156006.8333,235587.8629,12.2369,0.806122
bauxite_quarry,miner,4,40,5144534.78,515505.2295,133722.0381,3867.2984,328786.8269,15.647,207953.828,313363.0733,13.739,0.80102
bauxite_quarry,miner,4,41,5643022.12,588303.1234,151633.7944,4409.8665,376065.7323,15.0054,238781.9405,359059.9426,10.5435,0.795918
bauxite_quarry,miner,4,42,6201327.94,674629.3174,172769.5345,5053.262,432221.6733,14.3476,275495.8903,413403.9589,9.9421,0.790816
bauxite_quarry,miner,4,43,6826630.46,777517.4295,197834.082,5820.0947,499261.0299,13.6735,319442.7259,478361.0605,9.3274,0.785714
bauxite_quarry,miner,4,44,7526969.28,900843.6373,227725.2044,6739.2539,579749.8857,12.9831,372347.8493,556447.3813,8.7011,0.780612
bauxite_quarry,miner,4,45,8311348.76,1049621.205,263600.6268,7848.1041,677010.0524,12.2766,436447.9196,650922.2171,8.0648,0.77551
bauxite_quarry,miner,4,46,9189853.78,1230424.9062,306974.5088,9195.6474,795401.6325,11.5537,514682.5143,766066.2362,7.4203,0.770408
bauxite_quarry,miner,4,47,10173779.4,1452016.6908,359859.6229,10847.1873,940739.5961,10.8147,610976.731,907591.669,6.7699,0.765306
bauxite_quarry,miner,4,48,11275776.1,1726293.3861,424982.5815,12891.3917,1120924.8892,10.0594,730669.4449,1083263.8207,6.1159,0.760204
bauxite_quarry,miner,4,49,12510012.4,2069766.5759,506119.8122,15451.3227,1346930.0336,9.2878,881182.2196,1303871.7573,5.4611,0.755102
bauxite_quarry,miner,4,50,16318934.09,2943668.2846,714951.2948,21964.5764,1919874.5996,8.5,1260543.109,1861617.6652,6.648,0.75
silver_mine,miner,5,1,230515.06,10272.6273,3146.0,154.0,6066.1858,38.0,3345.1019,5447.6273,,1.0
silver_mine,miner,5,2,241515.06,10738.5013,3271.8966,158.8889,6357.7127,37.9877,3524.0672,5721.6883,37.7324,0.994898
silver_mine,miner,5,3,253835.06,11268.0347,3415.6311,164.4457,6688.5234,37.9508,3726.5354,6032.2563,37.2418,0.989796
silver_mine,miner,5,4,267633.46,11869.0245,3579.2608,170.7525,7063.5397,37.8894,3955.5758,6383.9912,36.7941,0.984694
silver_mine,miner,5,5,283087.67,12550.4078,3765.1328,177.9028,7488.4138,37.8034,4214.7242,6782.2522,36.3736,0.979592
silver_mine,miner,5,6,300396.38,13322.3444,3975.8991,186.0035,7969.5844,37.6929,4508.0234,7233.1545,35.9721,0.97449
silver_mine,miner,5,7,319782.14,14196.4525,4214.5829,195.1763,8514.4232,37.5577,4840.1113,7743.7057,35.5807,0.969388
silver_mine,miner,5,8,341494.19,15186.0045,4484.6293,205.5605,9131.3587,37.398,5216.2991,8321.9241,35.1934,0.964286
silver_mine,miner,5,9,365811.69,16306.1523,4789.9454,217.3153,9830.0357,37.2137,5642.6884,8977.0013,34.8051,0.959184
silver_mine,miner,5,10,407910.27,18236.3276,5328.44,237.5703,11023.1761,37.0048,6358.8318,10087.3958,35.2838,0.954082
silver_mine,miner,5,11,438414.14,19674.9885,5718.0595,252.6676,11922.7075,36.7714,6910.234,10932.4749,33.9108,0.94898
silver_mine,miner,5,12,472578.47,21304.7819,6158.4303,269.7705,12942.6256,36.5133,7536.4097,11891.3281,33.4971,0.943878
silver_mine,miner,5,13,510842.52,23151.8928,6656.1841,289.1538,14099.7027,36.2307,8248.0843,12980.0194,33.0696,0.938775
silver_mine,miner,5,14,553698.26,25246.3993,7218.9091,311.1334,15413.2304,35.9236,9057.6224,14217.0446,32.6264,0.933673
silver_mine,miner,5,15,601696.68,27622.9408,7855.2914,336.0726,16905.4718,35.5918,9979.3429,15623.783,32.1653,0.928571
silver_mine,miner,5,16,655454.92,30321.4162,8575.2976,364.3901,18602.1038,35.2355,11029.7965,17224.9171,31.6853,0.923469
silver_mine,miner,5,17,715664.14,33387.8777,9390.3633,396.5693,20532.8223,34.8546,12228.188,19049.0367,31.1849,0.918367
silver_mine,miner,5,18,783098.47,36875.5477,10313.6545,433.1685,22731.9904,34.4492,13596.7878,21129.2577,30.6636,0.913265
silver_mine,miner,5,19,858624.92,40846.0311,11360.3287,474.8344,25239.4551,34.0192,15161.4974,23504.0335,30.1206,0.908163
silver_mine,miner,5,20,996717.25,47940.7185,13258.6377,549.2854,29695.532,33.5646,17915.3328,27705.7698,30.9897,0.903061
silver_mine,miner,5,21,1091457.63,53134.2815,14611.9619,603.7862,32989.124,33.0854,19985.6961,30835.494,28.7651,0.897959
silver_mine,miner,5,22,1197566.85,59064.7206,16150.5478,666.0197,36755.8932,32.5816,22359.9351,34419.2957,28.1698,0.892857
silver_mine,miner,5,23,1316409.18,65844.9937,17901.6523,737.1712,41069.368,32.0533,25086.3452,38528.4778,27.5514,0.887755
silver_mine,miner,5,24,1449512.59,73607.1861,19896.9934,818.627,46015.6621,31.5004,28221.6317,43246.6467,26.9097,0.882653
silver_mine,miner,5,25,1598588.41,82506.1166,22173.5743,912.0115,51695.8618,30.9229,31832.5203,48672.0563,26.2448,0.877551
silver_mine,miner,5,26,1765553.33,92723.6827,24774.6714,1019.2337,58228.9065,30.3209,35997.7054,54920.4407,25.557,0.872449
silver_mine,miner,5,27,1952554.04,104474.274,27751.0485,1142.5434,65755.1935,29.6943,40810.3031,62128.5687,24.8463,0.867347
silver_mine,miner,5,28,2161994.83,118011.2752,31162.4293,1284.5994,74440.8945,29.0431,46380.7768,70458.4917,24.1133,0.862245
silver_mine,miner,5,29,2396568.52,133635.1812,35079.322,1448.5552,84483.3545,28.3673,52840.6068,80102.8648,23.3582,0.857143
silver_mine,miner,5,30,2978458.96,169903.4317,44334.2877,1829.1509,107653.794,27.667,67592.1629,102249.2783,25.1135,0.852041
silver_mine,miner,5,31,3272708.2,191293.271,49616.815,2053.6139,121471.8727,26.9421,76555.7805,115571.4617,21.2945,0.846939
silver_mine,miner,5,32,3602267.34,216110.3875,55716.1004,2314.0424,137529.8128,26.1926,87000.1169,131072.2811,20.5231,0.841837
silver_mine,miner,5,33,3971373.58,244977.7749,62775.7119,2616.9741,156239.0274,25.4186,99201.678,149155.0316,19.7286,0.836735
silver_mine,miner,5,34,4384772.57,278649.9065,70968.8239,2970.3263,178098.358,24.6199,113496.363,170309.149,18.9118,0.831633
silver_mine,miner,5,35,4847779.44,318045.5659,80505.4856,3383.7408,203716.0154,23.7968,130294.4835,195131.9067,18.0737,0.826531
silver_mine,miner,5,36,5366347.13,364290.6126,91642.0865,3869.0319,233838.1599,22.949,150100.3283,224356.6772,17.2155,0.821429
silver_mine,miner,5,37,5947142.95,418773.9469,104693.7489,4440.775,269386.2979,22.0766,173537.7591,258889.9102,16.3383,0.816327
silver_mine,miner,5,38,6597634.26,483222.1406,120050.8,5117.0884,311507.1994,21.1797,201384.424,299860.5236,15.4434,0.811224
silver_mine,miner,5,39,7326184.53,559799.739,138200.9077,5920.6866,361639.9858,20.2582,234617.743,348686.287,14.5324,0.806122
silver_mine,miner,5,40,9317180.73,745220.8372,182812.4461,7866.4785,482451.464,19.3122,314091.5221,465924.9449,16.4802,0.80102
silver_mine,miner,5,41,10231074.19,859807.8245,209578.6802,9068.9437,557809.3746,18.3415,364409.2957,539568.501,12.1274,0.795918
silver_mine,miner,5,42,11254634.86,997990.5335,241701.4354,10519.0202,648819.9678,17.3463,425321.2535,628607.1125,11.2466,0.790816
silver_mine,miner,5,43,12401022.82,1165882.5745,280541.1964,12280.8638,759562.6475,16.3265,499613.4013,737070.265,10.3518,0.785714
silver_mine,miner,5,44,13684977.33,1371644.2042,327909.5116,14440.1072,895486.2892,15.2822,591010.9887,870342.899,9.4461,0.780612
silver_mine,miner,5,45,15123006.38,1626376.3319,386265.3452,17113.2426,1064008.0373,14.2132,704589.8051,1035758.5033,8.5332,0.77551
silver_mine,miner,5,46,16733598.92,1945521.5825,459022.6481,20462.3233,1275451.8517,13.1197,847420.9706,1243528.8113,7.6171,0.770408
silver_mine,miner,5,47,18537462.56,2351141.5944,551050.192,24718.8622,1544574.11,12.0017,1029619.1254,1508255.0759,6.7028,0.765306
silver_mine,miner,5,48,20557789.84,2875783.2663,669519.9665,30224.4032,1893153.84,10.859,1266122.26,1851494.094,5.7959,0.760204
silver_mine,miner,5,49,22820556.39,3569394.8244,825424.618,37503.0987,2354626.3837,9.6918,1579875.8338,2306348.6898,4.9034,0.755102
silver_mine,miner,5,50,29718387.12,5289108.3305,1214845.1118,55549.613,3496280.837,8.5,2353469.3837,3429826.5124,6.042,0.75
gold_mine,miner,6,1,433277.8,13993.9425,3739.5333,294.0,8665.556,50.0,5291.854,8143.7425,,1.0
gold_mine,miner,6,2,454277.8,14643.4714,3893.1384,303.5522,9088.6993,49.9827,5571.5173,8555.4927,49.6286,0.994898
gold_mine,miner,6,3,477797.8,15381.9877,4068.5113,314.4131,9569.185,49.9309,5888.4101,9022.579,48.9505,0.989796
gold_mine,miner,6,4,504140.2,16220.5327,4268.1912,326.7451,10114.2689,49.8445,6247.3944,9552.1077,48.3272,0.984694
gold_mine,miner,6,5,533643.69,17171.701,4495.0612,340.7332,10732.2388,49.7234,6654.0358,10152.2043,47.7426,0.979591
gold_mine,miner,6,6,566687.6,18249.8783,4752.4159,356.5893,11432.5597,49.5679,7114.6896,10832.1478,47.184,0.974489
gold_mine,miner,6,7,603696.78,19471.5215,5043.9985,374.5553,12226.0819,49.3778,7636.6641,11602.5913,46.6391,0.969388
gold_mine,miner,6,8,645147.06,20855.4944,5374.0721,394.9085,13125.267,49.1531,8228.3788,12475.7876,46.0976,0.964286
gold_mine,miner,6,9,691571.37,22423.3617,5747.5094,417.9661,14144.361,48.8938,8899.4592,13465.7441,45.5545,0.959183
gold_mine,miner,6,10,762779.93,24822.0494,6328.4983,453.2421,15695.0689,48.6,9911.65,14965.9222,45.92,0.954082
gold_mine,miner,6,11,821014.58,26838.6605,6806.0479,482.899,17008.2508,48.2715,10778.9575,16243.333,44.3462,0.94898
gold_mine,miner,6,12,886237.39,29125.4247,7346.2422,516.5291,18498.5084,47.9086,11764.4473,17693.8462,43.7661,0.943878
gold_mine,miner,6,13,959286.94,31719.9296,7957.4016,554.6848,20190.8236,47.511,12885.1565,19342.1346,43.1655,0.938775
gold_mine,miner,6,14,1041102.44,34665.4306,8649.0619,598.0024,22113.9786,47.0789,14160.7491,21216.6488,42.5423,0.933674
gold_mine,miner,6,15,1132735.8,38011.858,9432.1726,647.2162,24301.2482,46.6122,15614.0114,23350.3164,41.8939,0.928571
gold_mine,miner,6,16,1235365.16,41816.895,10319.332,703.1745,26791.118,46.111,17271.3435,25781.2533,41.2188,0.923469
gold_mine,miner,6,17,1350310.04,46147.2925,11325.0458,766.8589,29628.1874,45.5752,19163.4064,28553.6764,40.5154,0.918367
gold_mine,miner,6,18,1479048.31,51080.4511,12466.056,839.4077,32864.2391,45.0048,21325.8693,31718.9729,39.7825,0.913265
gold_mine,miner,6,19,1623235.17,56706.2399,13761.7033,922.1426,36559.4828,44.3998,23800.2944,35336.9535,39.0196,0.908163
gold_mine,miner,6,20,1839942.57,65078.7738,15704.8546,1045.2721,42045.923,43.7603,27460.4651,40699.223,39.4987,0.903061
gold_mine,miner,6,21,2020810.57,72447.8719,17384.3949,1153.6448,46901.5541,43.0862,30728.0604,45464.4868,37.2491,0.897959
gold_mine,miner,6,22,2223382.72,80881.2374,19297.7683,1277.6689,52466.0462,42.3776,34480.6686,50930.9373,36.4044,0.892857
gold_mine,miner,6,23,2450263.53,90546.0839,21480.2946,1419.8037,58852.0075,41.6343,38796.6216,57210.8507,35.5281,0.887755
gold_mine,miner,6,24,2704370.04,101638.8162,23973.2545,1582.9374,66191.8832,40.8565,43768.2339,64436.4086,34.62,0.882653
gold_mine,miner,6,25,2988969.33,114390.7544,26825.0562,1770.472,74641.8467,40.0442,49504.5471,72763.604,33.6805,0.877551
gold_mine,miner,6,26,3307720.54,129075.186,30092.6268,1986.4265,84386.6354,39.1972,56134.7821,82377.1235,32.7099,0.872449
gold_mine,miner,6,27,3664721.89,146015.973,33843.1319,2235.5639,95645.4311,38.3157,63812.5165,93496.2712,31.7087,0.867347
gold_mine,miner,6,28,4064563.4,165598.3265,38156.0928,2523.5491,108679.2556,37.3996,72720.9729,106382.4407,30.6772,0.862245
gold_mine,miner,6,29,4512385.9,188282.1015,43126.041,2857.145,123800.0565,36.449,83079.4747,121348.2689,29.6163,0.857143
gold_mine,miner,6,30,5589450.03,239239.252,54471.6057,3606.5394,157610.163,35.4638,106077.4537,154698.7809,31.8563,0.852041
gold_mine,miner,6,31,6151198.57,270575.7895,61237.6144,4067.3858,178585.5868,34.444,120536.8243,175521.5338,26.7813,0.846939
gold_mine,miner,6,32,6780356.93,307101.225,69085.4738,4604.5421,203067.7519,33.3896,137448.2272,199849.4605,25.6986,0.841837
gold_mine,miner,6,33,7485014.3,349802.4392,78214.617,5232.5217,231729.1114,32.3007,157287.5041,228358.6108,24.5856,0.836735
gold_mine,miner,6,34,8274230.55,399887.2913,88868.2147,5969.0876,265393.4904,31.1772,180638.4233,261877.7776,23.4437,0.831633
gold_mine,miner,6,35,9158152.75,458844.037,101344.775,6836.127,305076.9274,30.0192,208221.9401,301429.8061,22.2743,0.826531
gold_mine,miner,6,36,10148145.62,528520.1847,116013.547,7860.8096,352041.8705,28.8265,240935.0177,348286.4044,21.0794,0.821429
gold_mine,miner,6,37,11256937.63,611228.2894,133335.1589,9077.1451,407869.9073,27.5993,279902.7481,404041.7162,19.8608,0.816327
gold_mine,miner,6,38,12498784.68,709890.3562,153889.732,10528.1052,474561.0915,26.3376,326549.5817,470712.8307,18.6209,0.811224
gold_mine,miner,6,39,13889653.38,828237.5759,178415.7829,12268.5625,554671.3106,25.0412,382697.8239,550878.7777,17.3619,0.806122
gold_mine,miner,6,40,17627023.95,1108094.9178,237190.8174,16384.2463,743432.2731,23.7103,514305.4619,739292.468,19.7995,0.80102
gold_mine,miner,6,41,19371729.65,1289890.771,274346.0951,19057.802,866943.5803,22.3449,601335.6722,863209.4401,14.1259,0.795918
gold_mine,miner,6,42,21325800.03,1512235.7099,319574.7373,22327.6875,1018189.958,20.9448,708098.7744,1015083.7603,12.9198,0.790816
gold_mine,miner,6,43,23514358.85,1786868.3854,375175.5587,26366.5353,1205233.8735,19.5102,840364.835,1203065.8672,11.7008,0.785714
gold_mine,miner,6,44,25965544.73,2130050.7941,444326.9343,31413.5003,1439250.0128,18.041,1006136.7336,1438456.1717,10.4744,0.780612
gold_mine,miner,6,45,28710872.92,2564900.3415,531539.2425,37808.5557,1736130.7127,16.5373,1216802.8538,1737330.5841,9.2472,0.77551
gold_mine,miner,6,46,31785640.49,3125317.2693,643416.6749,46050.2506,2119189.7991,14.999,1489078.5525,2123278.2868,8.0269,0.770408
gold_mine,miner,6,47,35229380.17,3862942.3461,790006.6321,56898.0327,2623952.7827,13.4261,1848445.896,2632252.1693,6.8225,0.765306
gold_mine,miner,6,48,39086368.61,4860271.6683,987343.0327,71565.12,3307186.2586,11.8186,2335637.6657,3321711.9078,5.6452,0.760204
gold_mine,miner,6,49,43406195.67,6257380.4865,1262628.334,92111.5096,4265297.3593,10.1766,3019850.3786,4289255.3346,4.5087,0.755102
gold_mine,miner,6,50,56446008.27,9725225.9897,1949118.7002,143110.9046,6640706.8549,8.5,4713391.8369,6686113.8045,5.4895,0.75
nickel_gok,miner,7,1,772135.1,20090.7689,5698.4,525.0,12064.6109,64.0,7000.0151,11092.3689,,1.0
nickel_gok,miner,7,2,809635.1,21019.5049,5931.4019,541.9884,12655.1197,63.9769,7376.5127,11657.6476,63.5046,0.994898
nickel_gok,miner,7,3,851635.1,22076.2793,6197.6653,561.319,13326.0467,63.9076,7803.2065,12299.1634,62.6,0.989796
nickel_gok,miner,7,4,898675.1,23276.984,6501.0595,583.282,14087.5989,63.7919,8286.7159,13026.7643,61.7686,0.984693
nickel_gok,miner,7,5,951359.9,24639.7409,6846.0122,608.2097,14951.4016,63.6301,8834.5648,13851.6562,60.9917,0.979592
nickel_gok,miner,7,6,1010366.88,26185.3237,7237.5549,636.4817,15930.8198,63.4222,9455.4449,14786.7513,60.247,0.97449
nickel_gok,miner,7,7,1076454.69,27937.52,7681.4261,668.5327,17041.1783,63.1679,10159.3442,15846.8696,59.5193,0.969388
nickel_gok,miner,7,8,1150473.04,29923.5327,8184.1731,704.8607,18300.014,62.8673,10957.7058,17048.9801,58.7991,0.964285
nickel_gok,miner,7,9,1233373.59,32174.5628,8753.2837,746.0367,19727.4608,62.5206,11863.6879,18412.5787,58.0761,0.959184
nickel_gok,miner,7,10,1341746.27,35130.3769,9506.5894,800.1042,21596.6045,62.1276,13044.3132,20194.1758,57.9799,0.954082
nickel_gok,miner,7,11,1445736.72,38026.3608,10235.2381,853.0775,23436.0993,61.6885,14215.154,21953.7012,56.5321,0.948979
nickel_gok,miner,7,12,1562206.03,41312.0855,11059.8479,913.1798,25524.9803,61.203,15546.7168,23953.1464,55.7568,0.943878
nickel_gok,miner,7,13,1692651.65,45042.0975,11993.2458,981.4094,27898.6747,60.6714,17062.3998,26226.9858,54.9547,0.938776
nickel_gok,miner,7,14,1838750.75,49279.4215,13050.1908,1058.9182,30598.1719,60.0935,18789.3329,28815.1463,54.1209,0.933673
nickel_gok,miner,7,15,2002381.74,54096.7459,14247.6354,1147.0366,33670.8042,59.4694,20758.9069,31763.7774,53.2543,0.928571
nickel_gok,miner,7,16,2185648.45,59578.2711,15605.1083,1247.3047,37171.4965,58.799,23007.6497,35126.5011,52.3516,0.923469
nickel_gok,miner,7,17,2390907.17,65821.6181,17145.1522,1361.5078,41164.0136,58.0825,25578.0584,38965.6325,51.4109,0.918367
nickel_gok,miner,7,18,2620796.93,72940.1191,18893.8202,1491.7193,45722.4843,57.3197,28519.6457,43353.6897,50.4313,0.913265
nickel_gok,miner,7,19,2878273.46,81065.6899,20881.291,1640.3522,50933.3206,56.5106,31890.2632,48375.3006,49.4117,0.908163
nickel_gok,miner,7,20,3269383.61,93276.4575,23891.6247,1863.7115,58743.3755,55.6554,36920.0175,55886.4066,50.0778,0.903061
nickel_gok,miner,7,21,3592362.17,103945.9215,26474.0541,2058.877,65609.3016,54.7539,41386.779,62520.6872,47.0408,0.897959
nickel_gok,miner,7,22,3954098.16,116170.8329,29419.5115,2282.4951,73487.8789,53.8061,46524.904,70142.1479,45.9139,0.892857
nickel_gok,miner,7,23,4359242.47,130199.0917,32783.6645,2539.0994,82542.4052,52.8122,52444.6773,78911.3782,44.7449,0.887755
nickel_gok,miner,7,24,4813004.1,146322.6369,36631.7712,2834.0311,92965.4461,51.772,59276.4217,89017.9386,43.5345,0.882653
nickel_gok,miner,7,25,5321217.12,164886.5275,41040.6176,3173.6014,104984.9084,50.6855,67174.6942,100686.3978,42.2825,0.877551
nickel_gok,miner,7,26,5890415.71,186299.7712,46100.831,3565.2922,118871.2738,49.5529,76323.2783,114183.5207,40.9897,0.872449
nickel_gok,miner,7,27,6527918.13,211049.0269,51919.7464,4018.0051,134946.8096,48.374,86941.5968,129827.4595,39.6567,0.867347
nickel_gok,miner,7,28,7241920.84,239715.4802,58625.0309,4542.3714,153596.8277,47.1489,99292.4664,147998.9306,38.2843,0.862245
nickel_gok,miner,7,29,8041603.87,272996.2407,66369.1451,5151.1424,175284.0793,45.8775,113692.1325,169155.5865,36.8734,0.857143
nickel_gok,miner,7,30,9890521.21,344958.6425,83365.0106,6467.4776,221959.7542,44.56,144451.9205,214529.1614,39.612,0.852041
nickel_gok,miner,7,31,10893643.6,391147.1796,93961.2082,7312.3575,252190.0441,43.1962,164663.5738,244116.4973,33.1827,0.846939
nickel_gok,miner,7,32,12017140.68,445149.0769,106289.3433,8300.1591,287586.8298,41.7861,188385.0874,278798.9175,31.7401,0.841837
nickel_gok,miner,7,33,13275457.41,508496.537,120679.1253,9458.91,329171.8965,40.3299,216319.6316,319590.3259,30.2589,0.836735
nickel_gok,miner,7,34,14684772.15,583079.3577,137535.739,10823.1776,378206.7838,38.8274,249336.7001,367743.4518,28.7411,0.831633
nickel_gok,miner,7,35,16263204.65,671246.0295,157360.9798,12435.9209,436260.742,37.2786,288519.4329,424817.6675,27.1891,0.826531
nickel_gok,miner,7,36,18031049.06,775940.1111,180781.6659,14350.9831,505302.492,35.6837,335228.6069,492770.6231,25.6054,0.821429
nickel_gok,miner,7,37,20011034.79,900886.2905,208588.4561,16636.4967,587825.3637,34.0425,391189.8515,574083.1814,23.9932,0.816327
nickel_gok,miner,7,38,22228618.81,1050849.0733,241789.6823,19379.6131,687021.4069,32.3551,458615.1222,671933.3284,22.3556,0.811224
nickel_gok,miner,7,39,24712312.92,1231998.2545,281687.4401,22693.1908,807027.3325,30.6214,540374.2526,790441.8117,20.6964,0.806122
nickel_gok,miner,7,40,31290549.43,1652967.0464,375546.8692,30393.5448,1084913.1702,28.8415,728659.7885,1064143.2683,23.6724,0.80102
nickel_gok,miner,7,41,34406095.32,1936657.2217,437197.4941,35582.8008,1273572.9262,27.0154,857946.7353,1250971.0152,16.5141,0.795918
nickel_gok,miner,7,42,37895506.71,2287497.5172,513088.9164,42000.3654,1507195.1647,25.1431,1018364.2737,1482544.81,14.9361,0.790816
nickel_gok,miner,7,43,41803647.47,2726614.4814,607637.7664,50032.6854,1799981.3057,23.2245,1219802.2501,1773037.3186,13.3481,0.785714
nickel_gok,miner,7,44,46180765.12,3284180.4511,727141.1865,60231.6726,2172222.605,21.2597,1476400.9085,2142705.2488,11.7588,0.780612
nickel_gok,miner,7,45,51083136.89,4004693.2248,880872.6844,73411.2799,2653856.0567,19.2486,1809034.2734,2621442.9368,10.1786,0.77551
nickel_gok,miner,7,46,56573793.27,4956417.5987,1083041.6023,90820.2056,3290823.538,17.1914,2249751.4699,3255137.4898,8.62,0.770408
nickel_gok,miner,7,47,62723328.42,6249391.1359,1356529.5805,114471.2556,4157199.5608,15.0879,2850247.2824,4117789.1511,7.098,0.765306
nickel_gok,miner,7,48,69610807.78,8072664.5965,1740618.0379,147822.5423,5380274.8942,12.9382,3699382.0781,5336579.9311,5.6313,0.760204
nickel_gok,miner,7,49,77324784.67,10779929.5177,2308755.4756,197343.7858,7198232.323,10.7422,4963466.6149,7149515.2828,4.2432,0.755102
nickel_gok,miner,7,50,100474861.37,17668808.9635,3758589.6377,323355.0506,11820571.9195,8.5,8173807.6637,11756510.7998,5.0083,0.75
diamond_mine,miner,8,1,1226260.0,23379.5782,4920.9,840.0,15328.25,80.0,10482.3125,15218.6782,,1.0
diamond_mine,miner,8,2,1286260.0,24481.9954,5126.6477,867.7261,16084.2308,79.9703,11027.8986,15987.2752,79.3671,0.994899
diamond_mine,miner,8,3,1353460.0,25736.1695,5361.6355,899.2686,16943.4809,79.8809,11647.2138,16860.3118,78.2077,0.989796
diamond_mine,miner,8,4,1428724.0,27161.0613,5629.3226,935.1052,17919.0712,79.732,12349.76,17851.1247,77.1471,0.984695
diamond_mine,miner,8,5,1513019.68,28778.4605,5933.6311,975.7824,19026.0709,79.5235,13146.5394,18975.1222,76.1479,0.979592
diamond_mine,miner,8,6,1607430.84,30613.1963,6279.0487,1021.9264,20281.6324,79.2555,14050.0575,20249.8308,75.1944,0.97449
diamond_mine,miner,8,7,1713171.34,32693.8151,6670.6933,1074.2543,21705.5147,78.9279,15074.7578,21695.4658,74.2621,0.969388
diamond_mine,miner,8,8,1831600.7,35053.0249,7114.4109,1133.5889,23320.3719,78.5408,16237.2147,23335.2155,73.3374,0.964285
diamond_mine,miner,8,9,1964241.58,37728.3734,7616.8938,1200.8745,25152.2265,78.0941,17556.4835,25195.7267,72.408,0.959184
diamond_mine,miner,8,10,2144517.46,41370.0934,8307.6799,1292.4642,27639.8559,77.5879,19342.0907,27718.1638,72.4689,0.954081
diamond_mine,miner,8,11,2310902.19,44817.2953,8951.8011,1379.1621,30003.1089,77.0221,21046.9725,30120.3985,70.405,0.94898
diamond_mine,miner,8,12,2497253.08,48731.2004,9681.231,1477.5973,32687.9636,76.3967,22985.5164,32850.684,69.4082,0.943877
diamond_mine,miner,8,13,2705966.08,53177.8091,10507.519,1589.4302,35740.348,75.7118,25191.5385,35956.1782,68.377,0.938776
diamond_mine,miner,8,14,2939724.64,58233.4091,11443.9269,1716.5791,39213.4256,74.9673,27704.2577,39491.5206,67.3059,0.933673
diamond_mine,miner,8,15,3201534.23,63986.2582,12505.7538,1861.2641,43168.7391,74.1633,30569.1118,43519.9883,66.1919,0.928571
diamond_mine,miner,8,16,3494760.97,70538.6655,13710.6362,2026.0585,47677.7146,73.2997,33838.9196,48115.0788,65.0318,0.923469
diamond_mine,miner,8,17,3823174.92,78009.4929,15078.9761,2213.951,52823.4122,72.3765,37575.1791,53362.3129,63.823,0.918368
diamond_mine,miner,8,18,4190998.54,86537.007,16634.384,2428.4192,58702.5573,71.3938,41849.6104,59361.3542,62.5641,0.913265
diamond_mine,miner,8,19,4602960.99,96282.4334,18404.2792,2673.5178,65428.0337,70.3515,46746.0102,66228.5812,61.254,0.908163
diamond_mine,miner,8,20,5237568.12,111097.5811,21116.8761,3046.1215,75633.0876,69.2497,54156.6292,76635.5523,62.1856,0.903061
diamond_mine,miner,8,21,5754333.82,123933.7411,23423.6218,3368.9528,84512.8148,68.0883,60642.6074,85717.0993,58.1961,0.897959
diamond_mine,miner,8,22,6333111.41,138661.5193,26058.2815,3739.3585,94711.575,66.8673,68102.4347,96154.8473,56.7498,0.892857
diamond_mine,miner,8,23,6981342.31,155586.6505,29071.8948,4165.0281,106444.263,65.5868,76696.4501,108170.9092,55.25,0.887755
diamond_mine,miner,8,24,7707360.91,175070.2792,32524.477,4655.0443,119964.9594,64.2468,86614.4636,122028.0612,53.6968,0.882653
diamond_mine,miner,8,25,8520501.75,197540.3216,36486.8201,5220.1695,135574.9989,62.8471,98081.8577,138038.1385,52.0909,0.877551
diamond_mine,miner,8,26,9431219.49,223505.6577,41042.7468,5873.2016,153633.0471,61.388,111367.2044,156572.519,50.4328,0.872449
diamond_mine,miner,8,27,10451223.35,253573.6656,46291.8856,6629.4167,174567.5562,59.8692,126791.6875,178075.0858,48.7236,0.867347
diamond_mine,miner,8,28,11593627.68,288472.3386,52353.1352,7507.1239,198892.5091,58.2909,144741.0441,203078.6354,46.9643,0.862245
diamond_mine,miner,8,29,12873120.53,329078.2003,59369.0641,8528.3676,227227.2687,56.6531,165680.5965,232225.5462,45.1563,0.857143
diamond_mine,miner,8,30,15784571.41,415322.1209,74482.3438,10697.4152,287223.8548,54.9556,209836.7658,293816.1563,48.5269,0.852041
diamond_mine,miner,8,31,17389567.24,471983.1832,84136.8839,12122.45,326879.7489,53.1987,239258.7707,334688.9733,40.4731,0.846939
diamond_mine,miner,8,32,19187162.57,538413.3087,95400.6911,13793.1777,373420.9127,51.3821,273836.4326,382691.0287,38.6238,0.841837
diamond_mine,miner,8,33,21200469.34,616577.3172,108588.339,15759.0145,428240.0684,49.506,314620.3308,439269.7301,36.7263,0.836735
diamond_mine,miner,8,34,23455372.92,708913.3947,124088.8,18081.2812,493066.6828,47.5704,362916.2346,506223.2624,34.7836,0.831633
diamond_mine,miner,8,35,25980864.93,818472.2723,142387.1469,20836.7042,570066.1264,45.5752,420360.3932,585803.9796,32.7988,0.826531
diamond_mine,miner,8,36,28809415.98,949106.8576,164094.0291,24122.1839,661974.8608,43.5204,489022.2585,680859.4166,30.7757,0.821429
diamond_mine,miner,8,37,31977393.15,1105734.4839,189986.4517,28061.3927,772287.3764,41.4061,571546.5169,795027.2715,28.7182,0.816327
diamond_mine,miner,8,38,35525527.59,1294706.5174,221065.1337,32814.0686,905519.7641,39.2322,671353.4447,933010.3871,26.6312,0.811224
diamond_mine,miner,8,39,39499438.16,1524339.4716,258636.9581,38589.3731,1067588.4322,36.9988,792926.767,1100971.8452,24.5199,0.806122
diamond_mine,miner,8,40,49942442.03,2051844.0796,345936.037,51856.1952,1439025.1073,34.7057,1070715.013,1485333.4242,28.1152,0.80102
diamond_mine,miner,8,41,54927315.45,2417459.2067,404981.8423,61051.4723,1697740.5261,32.3532,1265443.1296,1753909.9049,19.2678,0.795918
diamond_mine,miner,8,42,60510373.68,2873850.3388,478352.0528,72529.7795,2020982.6006,29.9411,1509022.4123,2089668.7185,17.2721,0.790816
diamond_mine,miner,8,43,66763398.89,3451489.5764,570793.5853,87057.4956,2430465.4911,27.4694,1817943.7876,2515253.5243,15.2705,0.785714
diamond_mine,miner,8,44,73766787.13,4194990.4619,689245.9225,105756.6578,2957989.457,24.9382,2216366.828,3063831.8504,13.276,0.780612
diamond_mine,miner,8,45,81610581.96,5172179.3725,844245.9069,130333.1099,3651912.3094,22.3474,2741041.5277,3785848.4045,11.3036,0.77551
diamond_mine,miner,8,46,90395632.17,6491140.4021,1052566.9972,163505.1833,4589309.3528,19.697,3450556.6425,4761714.812,9.3717,0.770408
diamond_mine,miner,8,47,100234888.4,8334806.6858,1342575.0964,209873.6746,5900651.3859,16.9871,4444109.0295,6127563.0132,7.5032,0.765306
diamond_mine,miner,8,48,111254855.38,11038524.372,1766237.4378,277872.592,7825140.4778,14.2176,5903590.749,8132992.6815,5.7262,0.760204
diamond_mine,miner,8,49,123597218.4,15289114.0893,2429941.5912,384775.5799,10852725.3189,11.3886,8201603.3048,11289276.347,4.0766,0.755102
diamond_mine,miner,8,50,160520458.04,26569294.4571,4194200.1727,668473.8572,18884759.7717,8.5,14295661.4494,19661043.3144,4.597,0.75
lithium_quarry_v2,miner,9,1,1830538.6,30166.3417,7436.2667,1260.0,18678.9653,98.0,11718.6734,17861.7417,,1.0
lithium_quarry_v2,miner,9,2,1920538.6,31580.8415,7745.2287,1301.3566,19604.8029,97.9627,12345.4736,18776.0039,97.2093,0.994897
lithium_quarry_v2,miner,9,3,2021338.6,33190.8192,8098.3398,1348.4297,20657.3232,97.8509,13056.7159,19814.4555,95.7701,0.989796
lithium_quarry_v2,miner,9,4,2134234.6,35020.7999,8500.7905,1401.9337,21852.7258,97.6645,13863.5204,20993.1986,94.4418,0.984693
lithium_quarry_v2,miner,9,5,2260678.12,37098.6576,8958.5076,1462.6863,23209.3934,97.4036,14778.4783,22330.4864,93.2016,0.979592
lithium_quarry_v2,miner,9,6,2402294.86,39456.489,9478.2432,1531.624,24748.561,97.0681,15816.2024,23847.4509,92.0087,0.974489
lithium_quarry_v2,miner,9,7,2560905.61,42130.9765,10067.7235,1609.8207,26494.4862,96.6581,16993.3753,25568.2253,90.8462,0.969388
lithium_quarry_v2,miner,9,8,2738549.65,45164.2927,10735.7679,1698.5081,28475.1145,96.1734,18329.2742,27520.6514,89.6907,0.964285
lithium_quarry_v2,miner,9,9,2937510.98,48604.764,11492.4601,1799.1009,30722.4866,95.6144,19846.0201,29736.6645,88.5307,0.959184
lithium_quarry_v2,miner,9,10,3206901.05,53274.0008,12529.4847,1935.6188,33763.7407,94.9806,21889.3548,32729.1588,88.5786,0.954082
lithium_quarry_v2,miner,9,11,3456478.14,57708.6039,13499.8729,2065.2773,36664.8047,94.2724,23851.7965,35592.8493,86.0295,0.948979
lithium_quarry_v2,miner,9,12,3736004.48,62744.5428,14599.0274,2212.5181,39961.7076,93.4896,26084.575,38849.0451,84.7845,0.943878
lithium_quarry_v2,miner,9,13,4049073.98,68467.0978,15844.4088,2379.8329,43711.2848,92.6322,28627.2322,42554.602,83.4946,0.938776
lithium_quarry_v2,miner,9,14,4399711.82,74974.7319,17256.0873,2570.1025,47979.2316,91.7003,31525.552,46775.2927,82.1561,0.933674
lithium_quarry_v2,miner,9,15,4792426.2,82381.5643,18857.2196,2786.6626,52841.7834,90.6939,34832.7594,51587.508,80.763,0.928571
lithium_quarry_v2,miner,9,16,5232266.31,90819.9347,20674.5465,3033.3826,58387.4448,89.6129,38610.7453,57080.0017,79.3125,0.923469
lithium_quarry_v2,miner,9,17,5724887.23,100443.6614,22738.9955,3314.7598,64719.2184,88.4573,42931.6761,63356.1605,77.8014,0.918367
lithium_quarry_v2,miner,9,18,6276622.66,111431.8419,25086.4166,3636.0312,71957.1728,87.2272,47879.8173,70536.5985,76.2281,0.913265
lithium_quarry_v2,miner,9,19,6894566.34,123993.5591,27758.4606,4003.3093,80241.6566,85.9225,53553.8471,78762.4257,74.5905,0.908163
lithium_quarry_v2,miner,9,20,7799086.39,142233.6074,31662.9765,4536.6094,92249.5987,84.5433,61755.8118,90670.0521,75.3268,0.903061
lithium_quarry_v2,miner,9,21,8574234.94,158779.2124,35146.5402,5020.3681,103192.7045,83.0895,69283.1915,101557.9892,70.8344,0.897959
lithium_quarry_v2,miner,9,22,9442401.32,177772.7556,39127.263,5575.6991,115770.7204,81.5612,77951.6109,114083.8946,69.0225,0.892857
lithium_quarry_v2,miner,9,23,10414747.66,199612.4329,43683.0621,6214.2451,130252.1594,79.9583,87951.1082,128518.5958,67.1443,0.887755
lithium_quarry_v2,miner,9,24,11503775.57,224769.2916,48905.6786,6949.7783,146955.0362,78.2809,99507.1371,145183.111,65.2,0.882653
lithium_quarry_v2,miner,9,25,12723486.82,253802.4045,54903.5482,7798.6451,166257.1838,76.5289,112887.9562,164459.114,63.1904,0.877551
lithium_quarry_v2,miner,9,26,14089563.42,287377.7842,61805.2737,8780.3184,188609.2072,74.7024,128413.9985,186802.1395,61.1165,0.872449
lithium_quarry_v2,miner,9,27,15619569.22,326292.003,69764.0347,9918.0877,214550.5961,72.8013,146469.4627,212757.9623,58.9793,0.867347
lithium_quarry_v2,miner,9,28,17333175.71,371501.877,78963.061,11239.9289,244730.0318,70.8257,167516.9812,242983.2836,56.7806,0.862245
lithium_quarry_v2,miner,9,29,19252414.98,424162.2643,89622.6072,12779.6074,279931.2432,68.7755,192116.2932,278272.0663,54.522,0.857143
lithium_quarry_v2,miner,9,30,23575700.95,534952.4379,112359.0,16018.8769,353719.8681,66.6508,243404.5735,352054.0949,58.5901,0.852041
lithium_quarry_v2,miner,9,31,25983194.69,608623.1996,127067.0133,18172.8547,403143.4985,64.4515,278125.185,401726.0296,48.7114,0.846939
lithium_quarry_v2,miner,9,32,28679587.68,695131.0971,144253.6831,20702.1625,461252.4688,62.1776,319022.1905,460178.3839,46.4024,0.841837
lithium_quarry_v2,miner,9,33,31699547.83,797099.4257,164411.6471,23683.5006,529833.7219,59.8292,367378.5694,529226.0704,44.0348,0.836735
lithium_quarry_v2,miner,9,34,35081903.2,917797.4628,188152.8059,27212.4561,611116.0147,57.4063,424796.3053,611133.9632,41.6125,0.831633
lithium_quarry_v2,miner,9,35,38870141.21,1061335.7645,216243.9948,31409.212,707903.8252,54.9088,493293.4074,708753.5054,39.1396,0.826531
lithium_quarry_v2,miner,9,36,43112967.78,1232934.2845,249656.0184,36426.3896,823761.1326,52.3367,575437.0104,825710.1567,36.6211,0.821429
lithium_quarry_v2,miner,9,37,47864933.54,1439297.2207,289632.109,42460.0054,963268.4425,49.6901,674529.6077,966665.6071,34.0625,0.816327
lithium_quarry_v2,miner,9,38,53187135.19,1689146.6277,337785.2745,49765.073,1132388.7638,46.969,794874.3174,1137691.2025,31.4699,0.811224
lithium_quarry_v2,miner,9,39,59148001.04,1993998.7782,396239.9077,58678.3052,1339000.0918,44.1733,942160.8558,1346811.2814,28.8506,0.806122
lithium_quarry_v2,miner,9,40,74735174.57,2690005.1819,531164.4522,79028.0591,1809437.0234,41.303,1276229.4081,1822073.3392,33.1334,0.80102
lithium_quarry_v2,miner,9,41,82212484.69,3181056.0902,624125.839,93385.3489,2143284.065,38.3582,1515270.7647,2160697.4964,22.3974,0.795918
lithium_quarry_v2,miner,9,42,90587072.03,3798308.7941,740454.2066,111432.5122,2563387.2056,35.3388,1816533.2132,2587128.1292,19.9346,0.790816
lithium_quarry_v2,miner,9,43,99966609.85,4586241.2116,888288.1174,134469.9885,3100230.3019,32.2449,2202090.8046,3132455.0418,17.4717,0.785714
lithium_quarry_v2,miner,9,44,110471692.21,5611282.0404,1079766.2954,164440.0134,3799355.8865,29.0764,2704936.1759,3843135.8448,15.026,0.780612
lithium_quarry_v2,miner,9,45,122237384.45,6976955.4081,1333784.8219,204369.4124,4731757.0212,25.8334,3376517.6812,4791602.7275,12.6187,0.77551
lithium_quarry_v2,miner,9,46,135414959.76,8853515.4716,1681391.8431,259236.0585,6014212.1859,22.5158,4301488.5541,6097018.1955,10.2753,0.770408
lithium_quarry_v2,miner,9,47,150173844.11,11541304.7547,2177320.7206,337821.3297,7852761.5528,19.1237,5629241.3931,7969651.5159,8.0275,0.765306
lithium_quarry_v2,miner,9,48,166703794.58,15623068.5924,2927715.3195,457163.4672,10647225.131,15.657,7649718.4275,10817561.2496,5.9152,0.760204
lithium_quarry_v2,miner,9,49,185217339.11,22395419.7923,4168666.5766,655172.6854,15287275.0613,12.1158,11008163.2835,15548799.5787,3.9899,0.755102
lithium_quarry_v2,miner,9,50,240493387.02,41382188.8835,7650803.2054,1210305.6383,28293339.6346,8.5,20419240.6604,28808646.1707,4.25,0.75
cobalt_mine_v2,miner,10,1,2845980.6,37787.3904,8105.0,1960.0,24118.4797,118.0,16112.4123,23912.3904,,1.0
cobalt_mine_v2,miner,10,2,2985980.6,39564.8337,8442.9461,2024.5366,25314.6954,117.9544,16962.9112,25128.4892,117.0357,0.994898
cobalt_mine_v2,miner,10,3,3142780.6,41588.0839,8829.1817,2097.9965,26674.9879,117.8175,17928.698,26510.4821,115.2693,0.989795
cobalt_mine_v2,miner,10,4,3318396.6,43887.8623,9269.4048,2181.499,28220.1538,117.5896,19024.6836,28079.5948,113.6551,0.984694
cobalt_mine_v2,miner,10,5,3515086.52,46499.5756,9770.1317,2276.3261,29974.2124,117.2704,20268.1368,29860.3723,112.1342,0.979592
cobalt_mine_v2,miner,10,6,3735379.23,49463.6563,10338.7866,2383.9469,31964.6027,116.8599,21678.7981,31880.8638,110.6781,0.97449
cobalt_mine_v2,miner,10,7,3982107.07,52826.5073,10983.8798,2506.0467,34222.8253,116.3582,23279.3394,34173.2764,109.2575,0.969388
cobalt_mine_v2,miner,10,8,4258442.25,56641.4089,11715.0967,2644.5599,36785.1245,115.7653,25095.9222,36774.7173,107.8466,0.964286
cobalt_mine_v2,miner,10,9,4567937.65,60969.6143,12543.5736,2801.7095,39693.1682,115.0812,27158.6216,39727.8457,106.4274,0.959184
cobalt_mine_v2,miner,10,10,4978051.37,66722.48,13654.1207,3010.5867,43550.2623,114.3059,29886.2164,43639.241,106.3271,0.954081
cobalt_mine_v2,miner,10,11,5366282.4,72304.4333,14717.294,3213.2589,47305.2759,113.4394,32554.3467,47455.5719,103.39,0.94898
cobalt_mine_v2,miner,10,12,5801101.15,78645.6109,15921.9483,3443.4971,51573.744,112.4817,35590.0692,51795.5729,101.8676,0.943877
cobalt_mine_v2,miner,10,13,6288098.15,85854.1602,17287.3814,3705.2274,56429.5497,111.4327,39047.0286,56735.0957,100.2917,0.938776
cobalt_mine_v2,miner,10,14,6833534.79,94055.1576,18835.785,4002.9927,61958.2505,110.2926,42987.4559,62362.0504,98.6555,0.933673
cobalt_mine_v2,miner,10,15,7444423.83,103393.5931,20592.7869,4342.0574,68259.1115,109.0612,47483.6368,68778.4876,96.9533,0.928572
cobalt_mine_v2,miner,10,16,8128619.55,114037.8854,22587.9947,4728.5339,75447.5804,107.7386,52619.7824,76103.1878,95.1796,0.923469
cobalt_mine_v2,miner,10,17,8894918.76,126183.7729,24855.7089,5169.5324,83657.9225,106.3249,58493.9226,84474.3551,93.3334,0.918368
cobalt_mine_v2,miner,10,18,9753173.87,140059.605,27435.6925,5673.3415,93046.9968,104.8199,65220.8038,94053.5953,91.41,0.913265
cobalt_mine_v2,miner,10,19,10714419.59,155932.0472,30374.2413,6249.6445,103798.1004,103.2237,72934.6314,105029.8321,89.409,0.908163
cobalt_mine_v2,miner,10,20,12070727.05,178225.7006,34521.821,7059.0921,118880.9651,101.5362,83738.7369,120416.7631,89.9237,0.903061
cobalt_mine_v2,miner,10,21,13276513.7,199150.128,38356.8801,7818.8238,133087.7489,99.7576,93965.9584,134943.6143,84.874,0.897959
cobalt_mine_v2,miner,10,22,14626994.72,223188.3119,42742.4632,8691.6128,149426.1852,97.8878,105745.3419,151661.8504,82.6567,0.892857
cobalt_mine_v2,miner,10,23,16139533.48,250850.7222,47765.5369,9695.991,168248.599,95.9267,119336.2814,170935.5613,80.3584,0.887755
cobalt_mine_v2,miner,10,24,17833576.89,282741.9949,53528.6701,10853.9116,189972.6895,93.8744,135046.6792,193196.6454,77.9799,0.882653
cobalt_mine_v2,miner,10,25,19730905.52,319580.8462,60153.2675,12191.4719,215095.4129,91.7309,153243.3038,218959.2469,75.5224,0.877551
cobalt_mine_v2,miner,10,26,21855913.57,362224.9744,67783.5901,13739.8128,244210.3672,89.4963,174364.7816,248837.8481,72.9868,0.872449
cobalt_mine_v2,miner,10,27,24235922.59,411702.083,76591.7556,15536.247,278029.4499,87.1703,198937.786,283569.8128,70.3747,0.867347
cobalt_mine_v2,miner,10,28,26901532.69,469248.9911,86784.0849,17625.6842,317410.1231,84.7532,227597.3813,324043.7422,67.6883,0.862245
cobalt_mine_v2,miner,10,29,29887016.0,536361.8526,98609.1502,20062.4447,363390.5242,82.2449,261113.3121,371336.0489,64.9295,0.857143
cobalt_mine_v2,miner,10,30,36553607.84,676266.5671,123590.3164,25142.1631,458954.6563,79.6454,330485.6161,469436.7273,69.7604,0.852041
cobalt_mine_v2,miner,10,31,40298598.12,770434.2177,139956.7023,28561.2402,523667.1594,76.9546,377851.0804,536125.4009,57.8712,0.846939
cobalt_mine_v2,miner,10,32,44492987.22,881184.6757,159111.265,32582.4127,599857.1682,74.1726,433698.4303,614695.943,55.0517,0.841837
cobalt_mine_v2,miner,10,33,49190703.01,1011954.8175,181616.378,37330.4682,689916.935,71.2995,499808.8188,707633.7085,52.1622,0.836735
cobalt_mine_v2,miner,10,34,54452144.69,1167043.0722,208173.067,42961.4761,796840.4203,68.3351,578413.3811,818050.4926,49.2075,0.831633
cobalt_mine_v2,miner,10,35,60344959.38,1351875.5202,239663.4316,49672.4489,924409.4865,65.2795,672332.8198,949878.6064,46.1931,0.826531
cobalt_mine_v2,miner,10,36,66944911.83,1573373.9043,277209.3416,57714.7015,1077451.3793,62.1327,785170.4095,1108139.2392,43.1251,0.821429
cobalt_mine_v2,miner,10,37,74336858.56,1840473.3555,322254.9216,67412.658,1262201.0251,58.8946,921583.6441,1299320.1188,40.0106,0.816327
cobalt_mine_v2,miner,10,38,82615838.91,2164866.5393,376684.9812,79190.8585,1486821.9087,55.5654,1087674.9012,1531918.5493,36.8576,0.811224
cobalt_mine_v2,miner,10,39,91888296.9,2562096.3162,442998.8349,93613.6388,1762170.9431,52.1449,1291565.1619,1817238.8628,33.6753,0.806122
cobalt_mine_v2,miner,10,40,116031628.09,3463831.2485,595122.5768,126354.1998,2385848.3906,48.6333,1752026.9339,2462599.1336,38.7112,0.80102
cobalt_mine_v2,miner,10,41,127662999.4,4110158.5638,701670.5096,149821.3152,2835040.0629,45.0304,2085799.7714,2928825.3273,25.894,0.795918
cobalt_mine_v2,miner,10,42,140690135.26,4927415.855,835797.2936,179494.6262,3403547.8236,41.3363,2508742.1174,3519232.1785,22.9146,0.790816
cobalt_mine_v2,miner,10,43,155280527.43,5978234.739,1007496.9285,217648.1873,4135187.9722,37.551,3053694.2111,4279485.2681,19.942,0.785714
cobalt_mine_v2,miner,10,44,171621766.66,7357688.0257,1231920.9663,267733.9411,5096488.8129,33.6745,3770535.03,5278931.4672,16.9991,0.780612
cobalt_mine_v2,miner,10,45,189923954.59,9216988.1172,1533142.9914,335242.1676,6393284.5735,29.7068,4738633.8389,6627902.798,14.1134,0.77551
cobalt_mine_v2,miner,10,46,210422405.07,11811433.4626,1951774.3302,429442.3492,8204288.6014,25.6479,6092042.9256,8512726.3207,11.3188,0.770408
cobalt_mine_v2,miner,10,47,233380669.61,15607485.2505,2561971.1777,567270.9472,10856071.5193,21.4977,8075760.4867,11273911.2087,8.6577,0.765306
cobalt_mine_v2,miner,10,48,259093925.9,21556031.4571,3514836.4753,783253.1919,15014409.3572,17.2564,11189317.2608,15605686.7657,6.1835,0.760204
cobalt_mine_v2,miner,10,49,287892772.94,31937702.9751,5172677.9473,1160195.1605,22276201.9846,12.9238,16630950.2987,23173256.3968,3.9658,0.755102
cobalt_mine_v2,miner,10,50,373732025.21,62951575.7861,10126840.9124,2286259.5169,43968473.5604,8.5,32884739.7433,45778047.9815,3.9571,0.75
rare_earth_complex_v2,miner,11,1,4851944.3,54329.5057,11134.1667,3360.0,34656.745,140.0,23402.3546,34627.0057,,1.0
rare_earth_complex_v2,miner,11,2,5091944.3,56893.2065,11600.0759,3470.9863,36385.2656,139.9452,24643.4651,36395.8683,138.8471,0.994898
rare_earth_complex_v2,miner,11,3,5360744.3,59811.5702,12132.5674,3597.3254,38351.0594,139.7809,26053.0797,38406.3128,136.7387,0.989796
rare_earth_complex_v2,miner,11,4,5661800.3,63129.0928,12739.5131,3740.947,40584.3105,139.5071,27653.0576,40689.3515,134.8062,0.984694
rare_earth_complex_v2,miner,11,5,5998983.02,66896.9527,13429.9205,3904.0619,43119.7841,139.1237,29468.6195,43280.7307,132.9861,0.979592
rare_earth_complex_v2,miner,11,6,6376627.67,71173.6084,14214.0664,4089.2049,45997.1932,138.6308,31528.5821,46221.2901,131.2447,0.97449
rare_earth_complex_v2,miner,11,7,6799589.67,76026.2655,15103.6975,4299.2841,49262.257,138.0284,33866.1821,49558.086,129.5417,0.969388
rare_earth_complex_v2,miner,11,8,7273307.11,81532.1263,16112.2637,4537.6391,52967.5344,137.3163,36519.6664,53345.2391,127.8494,0.964286
rare_earth_complex_v2,miner,11,9,7803870.65,87779.8021,17255.1303,4808.1092,57173.4095,136.4948,39533.0371,57644.9689,126.1482,0.959183
rare_earth_complex_v2,miner,11,10,8485262.43,95842.2465,18739.7823,5157.1441,62592.4284,135.5637,43406.9796,63179.2367,125.7408,0.954082
rare_earth_complex_v2,miner,11,11,9150801.33,103901.4853,20206.9426,5506.0406,68023.9968,134.5231,47304.7337,68736.1115,122.5316,0.94898
rare_earth_complex_v2,miner,11,12,9896204.9,113058.9408,21869.6856,5902.478,74199.4962,133.3729,51740.1462,75056.5897,120.7034,0.943878
rare_earth_complex_v2,miner,11,13,10731056.9,123471.4079,23754.7334,6353.2488,81226.1803,132.1133,56791.7774,82251.4517,118.8117,0.938776
rare_earth_complex_v2,miner,11,14,11666091.14,135320.5645,25892.9054,6866.2158,89228.4556,130.7441,62550.8776,90449.2766,116.846,0.933673
rare_earth_complex_v2,miner,11,15,12713329.49,148817.046,28319.7863,7450.4964,98350.6841,129.2653,69123.4609,99799.3518,114.8007,0.928571
rare_earth_complex_v2,miner,11,16,13886236.44,164205.4438,31076.4946,8116.6819,108760.6725,127.677,76632.9312,110475.3245,112.6713,0.923469
rare_earth_complex_v2,miner,11,17,15199892.22,181770.5534,34210.6958,8877.1011,120653.9982,125.9792,85223.298,122679.6992,110.4532,0.918367
rare_earth_complex_v2,miner,11,18,16671186.7,201844.5994,37777.7487,9746.1347,134259.0229,124.1718,95062.9218,136649.065,108.1435,0.913265
rare_earth_complex_v2,miner,11,19,18319036.51,224815.9294,41842.0536,10740.5958,149842.9536,122.2549,106349.0674,152660.4311,105.7403,0.908163
rare_earth_complex_v2,miner,11,20,20680984.7,257537.2325,47662.7621,12157.1455,172014.0727,120.2284,122378.4974,175421.6687,106.5327,0.903061
rare_earth_complex_v2,miner,11,21,22748047.51,287855.2156,52972.7687,13469.6529,192629.1307,118.0925,137355.3665,196633.2263,100.2696,0.897959
rare_earth_complex_v2,miner,11,22,25063157.85,322700.9653,59047.8595,14978.1737,216347.1909,115.8469,154610.8093,221053.5623,97.6096,0.892857
rare_earth_complex_v2,miner,11,23,27656081.43,362820.3715,66009.5529,16714.9989,243683.3632,113.4919,174526.969,249217.9135,94.8532,0.887755
rare_earth_complex_v2,miner,11,24,30560155.84,409097.9728,74001.2903,18718.4205,275249.088,111.0273,197558.0223,281761.986,92.0009,0.882653
rare_earth_complex_v2,miner,11,25,33812719.18,462586.4035,83193.0793,21034.0099,311772.6034,108.4531,224245.4939,319443.3091,89.054,0.877551
rare_earth_complex_v2,miner,11,26,37455590.12,524543.3372,93787.1609,23716.2121,354124.7688,105.7695,255237.7162,363168.2662,86.0138,0.872449
rare_earth_complex_v2,miner,11,27,41535605.58,596477.6674,106025.18,26830.3499,403351.2596,102.9763,291314.0139,414025.7468,82.8825,0.867347
rare_earth_complex_v2,miner,11,28,46105222.89,680208.1828,120197.2261,30455.1607,460713.5425,100.0735,333415.5463,473330.0147,79.6624,0.862245
rare_earth_complex_v2,miner,11,29,51223194.28,777938.3252,136653.3686,34686.0343,527741.0624,97.0612,382684.573,542675.2973,76.3563,0.857143
rare_earth_complex_v2,miner,11,30,62582376.5,980387.5034,171190.6851,43450.3417,666199.4346,93.9394,484073.6333,685667.0078,82.0404,0.852041
rare_earth_complex_v2,miner,11,31,69002359.81,1117790.7352,194014.6356,49398.7183,760708.3217,90.708,553811.9164,783621.3395,67.9299,0.846939
rare_earth_complex_v2,miner,11,32,76192741.12,1279571.2902,220756.9221,56402.4238,872098.3916,87.3671,636119.2252,899146.4131,64.5514,0.841837
rare_earth_complex_v2,miner,11,33,84245968.19,1470834.2948,252216.4989,64682.4656,1003923.7374,83.9167,733660.222,1035953.6585,61.0901,0.836735
rare_earth_complex_v2,miner,11,34,93265582.5,1697982.0466,289392.0451,74516.0087,1160644.3737,80.3567,849781.5609,1198702.3678,57.5522,0.831633
rare_earth_complex_v2,miner,11,35,103367550.53,1969121.3771,333544.2044,86254.0077,1347911.1536,76.6872,988726.7874,1393298.0713,53.9443,0.826531
rare_earth_complex_v2,miner,11,36,114681754.73,2294629.711,386281.9197,100345.7161,1572961.8054,72.9082,1155935.1731,1627307.3668,50.274,0.821429
rare_earth_complex_v2,miner,11,37,127353663.43,2687956.7519,449684.7415,117373.3926,1845181.7975,69.0196,1358464.8968,1910545.3783,46.5503,0.816327
rare_earth_complex_v2,miner,11,38,141546201.17,3166783.6572,526479.4271,138102.4757,2176915.5263,65.0214,1605605.3094,2255925.5461,42.7829,0.811224
rare_earth_complex_v2,miner,11,39,157441843.44,3754738.6007,620301.2933,163555.8654,2584666.8545,60.9138,1909783.0752,2680717.3014,38.9837,0.806122
rare_earth_complex_v2,miner,11,40,198640372.23,5082457.7854,834332.8224,221034.6797,3503568.5466,56.6966,2593432.3151,3636806.6115,44.8345,0.80102
rare_earth_complex_v2,miner,11,41,218579865.9,6046471.1908,986262.4012,262768.1613,4173773.3466,52.3698,3095015.1895,4336087.4355,29.7513,0.795918
rare_earth_complex_v2,miner,11,42,240912098.81,7271176.254,1178425.8592,315787.3503,5025957.8487,47.9336,3733514.8641,5225719.7528,26.2059,0.790816
rare_earth_complex_v2,miner,11,43,265924199.66,8855065.9039,1425865.01,384356.1413,6129014.9347,43.3878,4560899.0667,6377854.5337,22.6753,0.785714
rare_earth_complex_v2,miner,11,44,293937752.62,10949638.0758,1751689.34,475033.0885,7588936.6131,38.7324,5657143.3621,7903511.5327,19.1884,0.780612
rare_earth_complex_v2,miner,11,45,325312931.93,13799915.092,2193238.6687,598425.5512,9577178.2587,33.9675,7151648.5193,9982299.096,15.7804,0.77551
rare_earth_complex_v2,miner,11,46,360453132.76,17828713.0712,2814899.1209,772837.8286,12389649.2259,29.0931,9267783.9471,12924224.4186,12.4944,0.770408
rare_earth_complex_v2,miner,11,47,399810157.69,23831839.5846,3737788.462,1032721.5403,16583356.7366,24.1091,12426067.4344,17312869.2959,9.3848,0.765306
rare_earth_complex_v2,miner,11,48,443890025.61,33502410.6567,5219491.7855,1451374.0359,23343444.0068,19.0156,17521316.8113,24389974.3197,6.5206,0.760204
rare_earth_complex_v2,miner,11,49,493259477.68,51184629.4313,7920765.778,2216861.9227,35710891.5056,13.8126,26849692.9553,37341831.0014,3.9919,0.755102
rare_earth_complex_v2,miner,11,50,640188712.18,107809363.5467,16570656.3014,4668225.5569,75316319.0689,8.5,56723280.8284,78819070.7249,3.7098,0.75
uranium_complex_v2,miner,12,1,7558062.4,71602.1222,13380.0,5250.0,46085.7463,164.0,31961.6978,46722.1222,,1.0
uranium_complex_v2,miner,12,2,7933062.4,74987.1126,13941.0502,5423.7368,48391.4233,163.9353,33654.378,49110.2506,162.642,0.994898
uranium_complex_v2,miner,12,3,8353062.4,78840.4524,14582.2599,5621.5079,51013.9156,163.7409,35577.4641,51825.0908,160.153,0.989796
uranium_complex_v2,miner,12,4,8823462.4,83220.9986,15313.1424,5846.3412,53993.5181,163.4171,37760.7441,54908.515,157.8734,0.984694
uranium_complex_v2,miner,12,5,9350310.4,88196.4153,16144.5622,6101.7067,57376.6273,162.9638,40238.5822,58408.7776,155.7289,0.979592
uranium_complex_v2,miner,12,6,9940380.16,93844.2475,17088.9494,6391.584,61216.4312,162.3809,43050.3899,62381.2078,153.6718,0.97449
uranium_complex_v2,miner,12,7,10601258.29,100253.4966,18160.4733,6720.5406,65574.0599,161.6685,46241.5467,66889.4515,151.66,0.969388
uranium_complex_v2,miner,12,8,11341441.8,107526.4106,19375.4174,7093.8234,70519.7377,160.8265,49864.1789,72006.6197,149.6627,0.964286
uranium_complex_v2,miner,12,9,12170447.33,115780.4884,20752.3532,7517.4664,76134.2818,159.855,53978.3945,77816.9313,147.6532,0.959184
uranium_complex_v2,miner,12,10,13258561.59,126651.3374,22580.0746,8075.4159,83516.3868,158.754,59375.5421,85448.3532,147.3989,0.954081
uranium_complex_v2,miner,12,11,14298466.12,137304.3728,24348.4557,8622.1879,90770.3444,157.5235,64698.6268,92960.198,143.3569,0.94898
uranium_complex_v2,miner,12,12,15463159.2,149411.5756,26353.0072,9243.5947,99019.0272,156.1635,70756.1551,101505.0863,141.1975,0.943878
uranium_complex_v2,miner,12,13,16767615.45,163181.3082,28626.122,9950.3297,108406.2252,154.6739,77655.5339,111233.1628,138.9612,0.938776
uranium_complex_v2,miner,12,14,18228606.45,178854.7979,31205.117,10754.7766,119098.5668,153.0548,85521.3863,122318.5231,136.639,0.933673
uranium_complex_v2,miner,12,15,19864916.37,196712.0092,34133.156,11671.3019,131289.5696,151.3061,94498.5714,134963.4387,134.2228,0.928572
uranium_complex_v2,miner,12,16,21697583.48,217078.2304,37460.1064,12716.6039,145204.3225,149.4279,104755.8208,149403.3389,131.7068,0.923469
uranium_complex_v2,miner,12,17,23750170.64,240332.3801,41243.8232,13910.1295,161105.2317,147.4202,116490.0397,165912.8148,129.0862,0.918367
uranium_complex_v2,miner,12,18,26049068.26,266916.6728,45551.5142,15274.5765,179298.8064,145.283,129931.4904,184812.7821,126.3577,0.913265
uranium_complex_v2,miner,12,19,28623833.59,297348.434,50461.4658,16836.4972,200143.9097,143.0163,145350.0512,206479.1584,123.519,0.908163
uranium_complex_v2,miner,12,20,32298394.56,340522.652,57463.6881,19052.4271,229685.687,140.62,167170.1624,237164.3806,124.3852,0.903061
uranium_complex_v2,miner,12,21,35528180.19,380717.5774,63883.6529,21115.4431,257275.0787,138.0941,187633.1394,265877.4626,117.0662,0.897959
uranium_complex_v2,miner,12,22,39145540.1,426934.9572,71231.8018,23487.5624,289027.5659,135.4388,211212.7007,298942.143,113.9237,0.892857
uranium_complex_v2,miner,12,23,43196983.2,480171.2067,79656.1976,26219.9302,325636.7186,132.6539,238432.7387,337086.4664,110.6675,0.887755
uranium_complex_v2,miner,12,24,47734599.47,541609.1213,89331.8376,29373.2492,367926.51,129.7395,269916.2914,381175.7845,107.2981,0.882653
uranium_complex_v2,miner,12,25,52816729.69,612657.5443,100466.299,33019.8293,416879.132,126.6955,306406.7577,432242.091,103.8173,0.877551
uranium_complex_v2,miner,12,26,58508715.54,695001.3453,113306.7772,37246.1484,473670.1251,123.5221,348794.762,491521.1134,100.2269,0.872449
uranium_complex_v2,miner,12,27,64883739.69,790664.2867,128148.9838,42156.077,539712.5266,120.2191,398151.8767,560498.9009,96.5293,0.867347
uranium_complex_v2,miner,12,28,72023766.74,902088.6452,145348.3449,47874.9669,616712.8401,116.7866,455773.4319,640970.9272,92.7272,0.862245
uranium_complex_v2,miner,12,29,80020597.04,1032237.2451,165334.3051,54554.8818,706742.8107,113.2245,523233.4566,735117.9082,88.8241,0.857143
uranium_complex_v2,miner,12,30,97580217.6,1299082.6022,206836.6032,68250.7981,890875.8248,109.5329,660760.3789,927378.7009,95.3638,0.852041
uranium_complex_v2,miner,12,31,107611441.52,1482337.7802,234600.7588,77656.4238,1017970.1199,105.7118,756312.6621,1060495.0413,78.9274,0.846939
uranium_complex_v2,miner,12,32,118846412.32,1698313.1231,267162.7282,88741.422,1167895.8064,101.7611,869164.9841,1217613.2291,74.9369,0.841837
uranium_complex_v2,miner,12,33,131429579.61,1953919.8827,305509.5139,101860.5122,1345498.3753,97.681,1003011.1232,1403841.7504,70.8501,0.836735
uranium_complex_v2,miner,12,34,145522726.98,2257844.542,350877.7087,117459.5341,1556871.3503,93.4713,1162499.5364,1625607.0242,66.6743,0.831633
uranium_complex_v2,miner,12,35,161307052.03,2621113.6846,404832.1841,136104.433,1809754.0487,89.132,1353538.2386,1891073.8425,62.4176,0.826531
uranium_complex_v2,miner,12,36,178985496.09,3057882.5489,469375.9393,158521.722,2114086.8522,84.6633,1583720.4082,2210732.3001,58.0892,0.821429
uranium_complex_v2,miner,12,37,198785353.43,3586556.0308,547106.3402,185656.0449,2482800.4717,80.065,1862929.2694,2598232.0144,53.6998,0.816327
uranium_complex_v2,miner,12,38,220961193.65,4231419.422,641441.9231,218753.8459,2932964.5781,75.3372,2204218.807,3071596.4468,49.2617,0.811224
uranium_complex_v2,miner,12,39,245798134.7,5025066.0803,756960.1468,259487.996,3487497.6056,70.4798,2625124.6481,3655030.425,44.7889,0.806122
uranium_complex_v2,miner,12,40,310052294.94,6812476.3734,1019714.9945,351227.3535,4734134.602,65.4929,3569181.2534,4965209.7566,51.542,0.80102
uranium_complex_v2,miner,12,41,341207753.79,8122261.846,1208024.4723,418452.4803,5651332.8573,60.3765,4267320.2881,5931498.4247,33.9681,0.795918
uranium_complex_v2,miner,12,42,376101867.71,9792729.047,1447136.7932,504189.7009,6822020.221,55.1306,5159288.3469,7165423.1091,29.8065,0.790816
uranium_complex_v2,miner,12,43,415183275.3,11963558.3223,1756528.6478,615608.1516,8344536.7248,49.7551,6320445.5344,8770920.4728,25.669,0.785714
uranium_complex_v2,miner,12,44,458954451.8,14851948.194,2166451.6677,763855.6139,10371827.5938,44.2501,7868025.4397,10909658.6311,21.591,0.780612
uranium_complex_v2,miner,12,45,507978169.48,18814083.4906,2726470.4973,967213.373,13154747.6696,38.6156,9994347.6735,13846824.089,17.6159,0.77551
uranium_complex_v2,miner,12,46,562884733.28,24475929.5122,3523629.9175,1257809.287,17134206.5678,32.8515,13037489.4466,18048549.5765,13.7975,0.770408
uranium_complex_v2,miner,12,47,624380084.73,33045654.4291,4725848.1655,1697652.9423,23161273.3895,26.9579,17650098.3526,24414638.2962,10.2032,0.765306
uranium_complex_v2,miner,12,48,693254878.36,47190470.0165,6703702.2841,2423639.7638,33114921.3327,20.9348,25273182.8233,34931727.4249,6.9196,0.760204
uranium_complex_v2,miner,12,49,770394647.22,74179849.4699,10466990.0384,3808877.611,52116464.1838,14.7822,39834516.9073,55014692.7517,4.0597,0.755102
uranium_complex_v2,miner,12,50,999782609.9,167216405.5268,23435291.827,8584006.2359,117621483.4936,8.5,90036180.4451,124250128.8452,3.5018,0.75
grain_farm_v2,agrarian,1,1,10000.0,1645.892,488.4667,8.0,1000.0,10.0,576.0136,906.092,,1.0
grain_farm_v2,agrarian,1,2,10500.0,1724.3911,509.1527,8.2671,1050.065,9.9994,607.5167,953.333,9.987,0.994898
grain_farm_v2,agrarian,1,3,11060.0,1812.6027,532.4541,8.5672,1106.2758,9.9975,642.8338,1006.3354,9.9625,0.989797
grain_farm_v2,agrarian,1,4,11687.2,1911.6788,558.6632,8.9043,1169.3768,9.9944,682.4439,1065.809,9.9396,0.984695
grain_farm_v2,agrarian,1,5,12389.66,2022.9131,588.1065,9.2828,1240.2057,9.99,726.8879,1132.5541,9.9177,0.979592
grain_farm_v2,agrarian,1,6,13176.42,2147.7573,621.1494,9.7076,1319.7034,9.9844,776.7743,1207.4702,9.8966,0.97449
grain_farm_v2,agrarian,1,7,14057.59,2287.8392,658.1981,10.1842,1408.9275,9.9775,832.7901,1291.5706,9.8759,0.969388
grain_farm_v2,agrarian,1,8,15044.5,2444.989,699.707,10.7189,1509.0699,9.9694,895.7118,1385.9988,9.8551,0.964286
grain_farm_v2,agrarian,1,9,16149.84,2621.2558,746.1822,11.3186,1621.4668,9.96,966.4128,1492.0388,9.8343,0.959184
grain_farm_v2,agrarian,1,10,20186.14,3272.0727,926.4928,13.5329,2028.8809,9.9494,1214.386,1870.5076,9.9071,0.954082
grain_farm_v2,agrarian,1,11,21572.68,3493.3514,983.8588,14.2858,2170.8299,9.9375,1304.607,2005.0901,9.7679,0.94898
grain_farm_v2,agrarian,1,12,23125.6,3741.6029,1048.1098,15.1305,2330.1755,9.9244,1405.9872,2156.2389,9.7456,0.943877
grain_farm_v2,agrarian,1,13,24864.87,4020.0862,1120.0331,16.078,2509.0583,9.91,1519.9413,2326.0222,9.723,0.938776
grain_farm_v2,agrarian,1,14,26812.86,4332.4715,1200.506,17.1408,2709.8975,9.8944,1648.0774,2516.7836,9.6993,0.933673
grain_farm_v2,agrarian,1,15,28994.61,4682.8704,1290.5089,18.333,2935.4047,9.8776,1792.1999,2731.1517,9.6749,0.928571
grain_farm_v2,agrarian,1,16,31438.17,5075.9094,1391.1374,19.6703,3188.6384,9.8594,1954.351,2972.0961,9.6494,0.92347
grain_farm_v2,agrarian,1,17,34174.95,5516.7829,1503.6127,21.1704,3473.0399,9.8401,2136.8369,3242.9639,9.6229,0.918367
grain_farm_v2,agrarian,1,18,37240.15,6011.3373,1629.3021,22.853,3792.4885,9.8194,2342.2637,3547.5331,9.5953,0.913265
grain_farm_v2,agrarian,1,19,40673.17,6566.1345,1769.7313,24.7407,4151.3464,9.7976,2573.5699,3890.0576,9.5665,0.908163
grain_farm_v2,agrarian,1,20,53165.4,8584.2334,2300.6594,31.6071,5439.2112,9.7745,3384.7905,5105.8762,9.7,0.903061
grain_farm_v2,agrarian,1,21,57471.78,9283.1746,2473.9259,33.9852,5894.4793,9.7501,3681.6657,5542.8588,9.459,0.897959
grain_farm_v2,agrarian,1,22,62294.93,10067.5754,2667.7216,36.654,6405.9838,9.7245,4015.8239,6034.2543,9.4293,0.892857
grain_farm_v2,agrarian,1,23,67696.85,10947.9433,2884.4255,39.6494,6980.7655,9.6976,4392.0671,6586.9703,9.3982,0.887755
grain_farm_v2,agrarian,1,24,73747.01,11936.0957,3126.6976,43.0115,7626.7563,9.6695,4815.8186,7208.7987,9.3657,0.882653
grain_farm_v2,agrarian,1,25,80523.18,13045.3281,3397.5123,46.7856,8352.8963,9.6402,5293.2084,7908.534,9.3318,0.877551
grain_farm_v2,agrarian,1,26,88112.49,14290.6133,3700.1941,51.0225,9169.2751,9.6095,5831.1769,8696.1172,9.2963,0.872449
grain_farm_v2,agrarian,1,27,96612.52,15688.7952,4038.4626,55.7797,10087.2609,9.5777,6437.5625,9582.7624,9.2594,0.867347
grain_farm_v2,agrarian,1,28,106132.56,17258.8477,4416.4777,61.1217,11119.686,9.5446,7121.2399,10581.1468,9.221,0.862245
grain_farm_v2,agrarian,1,29,116795.0,19022.1263,4838.8915,67.1211,12281.019,9.5102,7892.2428,11705.5837,9.1812,0.857143
grain_farm_v2,agrarian,1,30,161408.61,26332.0724,6658.5407,91.9925,17035.939,9.4746,10985.8543,16264.5372,9.3826,0.852041
grain_farm_v2,agrarian,1,31,174783.58,28566.9764,7180.4209,99.5966,18519.6542,9.4377,11983.3531,17709.9783,9.0145,0.846939
grain_farm_v2,agrarian,1,32,189763.54,31077.6446,7764.4297,108.1389,20188.4161,9.3996,13107.3322,19337.1671,8.9767,0.841837
grain_farm_v2,agrarian,1,33,206541.1,33898.5076,8417.8653,117.7366,22065.728,9.3603,14374.2716,21169.483,8.937,0.836735
grain_farm_v2,agrarian,1,34,225331.96,37068.3786,9148.8967,128.5218,24178.1353,9.3197,15802.8361,23233.3687,8.8955,0.831633
grain_farm_v2,agrarian,1,35,246377.73,40631.0138,9966.6734,140.6434,26555.6164,9.2778,17414.1576,25558.724,8.8521,0.826531
grain_farm_v2,agrarian,1,36,269948.99,44635.7603,10881.4396,154.2692,29232.0448,9.2347,19232.1797,28179.3808,8.807,0.821429
grain_farm_v2,agrarian,1,37,296348.8,49138.2755,11904.6722,169.5886,32245.6928,9.1903,21284.0235,31133.6129,8.7601,0.816327
grain_farm_v2,agrarian,1,38,325916.59,54201.3551,13049.2273,186.8153,35639.822,9.1447,23600.4279,34464.7422,8.7115,0.811224
grain_farm_v2,agrarian,1,39,359032.51,59895.8549,14329.5121,206.1903,39463.3327,9.0979,26216.2255,38221.7986,8.6611,0.806122
grain_farm_v2,agrarian,1,40,466246.15,78038.3162,18551.7584,267.9184,51520.2163,9.0498,34335.097,49976.9419,8.8923,0.80102
grain_farm_v2,agrarian,1,41,507786.76,85286.7898,20145.7716,292.5807,56418.1406,9.0004,37718.1937,54812.6703,8.4813,0.795918
grain_farm_v2,agrarian,1,42,554312.25,93441.1426,21930.4417,320.3251,61935.6268,8.9498,41536.9263,60265.5617,8.4324,0.790816
grain_farm_v2,agrarian,1,43,606420.79,102616.6166,23928.5264,351.5439,68152.7953,8.898,45848.9599,66416.3715,8.3814,0.785714
grain_farm_v2,agrarian,1,44,664782.36,112943.4233,26165.5528,386.6799,75160.3359,8.8449,50719.7296,73356.6243,8.3284,0.780612
grain_farm_v2,agrarian,1,45,730147.32,124568.712,28670.1588,426.2339,83060.9179,8.7905,56223.4976,81190.0648,8.2734,0.77551
grain_farm_v2,agrarian,1,46,803356.07,137658.8347,31474.4806,470.7719,91970.8166,8.7349,62444.5751,90034.3338,8.2166,0.770408
grain_farm_v2,agrarian,1,47,885349.87,152401.8938,34614.5876,520.9338,102021.744,8.6781,69478.6999,100022.8561,8.1578,0.765306
grain_farm_v2,agrarian,1,48,977182.93,169010.6554,38130.9731,577.4436,113362.9476,8.6199,77434.621,111307.0084,8.0973,0.760204
grain_farm_v2,agrarian,1,49,1080035.96,187725.8475,42069.1101,641.1204,126163.5868,8.5606,86435.8925,124058.5744,8.035,0.755102
grain_farm_v2,agrarian,1,50,1441347.15,251818.3895,56050.8647,859.1895,169570.2517,8.5,116519.2251,166986.1767,8.3239,0.75
dairy_farm_v2,agrarian,2,1,26493.55,3096.0016,903.3333,17.5,1892.3964,14.0,1104.3013,1843.5016,,1.0
dairy_farm_v2,agrarian,2,2,27743.55,3235.4146,939.1939,18.0516,1982.0071,13.9977,1161.4893,1933.336,13.9492,0.994898
dairy_farm_v2,agrarian,2,3,29143.55,3392.8122,979.8339,18.6744,2083.0444,13.9908,1225.8245,2034.5494,13.8563,0.989796
dairy_farm_v2,agrarian,2,4,30711.55,3570.3648,1025.7955,19.3769,2196.9174,13.9794,1298.2217,2148.5627,13.7697,0.984694
dairy_farm_v2,agrarian,2,5,32467.71,3770.5089,1077.6857,20.1688,2325.2093,13.9633,1379.7098,2276.9728,13.6888,0.979592
dairy_farm_v2,agrarian,2,6,34434.61,3996.0031,1136.1883,21.0611,2469.7158,13.9427,1471.459,2421.5924,13.6112,0.974491
dairy_farm_v2,agrarian,2,7,36637.54,4249.9681,1202.0711,22.0659,2632.4731,13.9175,1574.802,2584.4803,13.5351,0.969388
dairy_farm_v2,agrarian,2,8,39104.82,4535.921,1276.1977,23.1974,2815.7776,13.8878,1691.2429,2767.9589,13.46,0.964285
dairy_farm_v2,agrarian,2,9,41868.17,4857.8402,1359.5393,24.4711,3022.232,13.8534,1822.4922,2974.6632,13.3848,0.959183
dairy_farm_v2,agrarian,2,10,46598.92,5409.879,1505.9831,26.6554,3373.1992,13.8145,2042.2731,3324.3057,13.4792,0.954082
dairy_farm_v2,agrarian,2,11,50065.27,5818.0372,1610.9432,28.2703,3635.5766,13.7709,2209.7446,3587.3519,13.2113,0.94898
dairy_farm_v2,agrarian,2,12,53947.58,6277.5861,1728.8418,30.0886,3931.2304,13.7228,2398.7175,3883.8964,13.1313,0.943878
dairy_farm_v2,agrarian,2,13,58295.77,6795.0518,1861.2352,32.1361,4264.462,13.6701,2612.0525,4218.3118,13.0486,0.938775
dairy_farm_v2,agrarian,2,14,63165.74,7377.8276,2009.8814,34.442,4640.1487,13.6129,2852.998,4595.5588,12.9628,0.933674
dairy_farm_v2,agrarian,2,15,68620.11,8034.2945,2176.7569,37.0394,5063.8334,13.551,3125.2608,5021.283,12.8737,0.928571
dairy_farm_v2,agrarian,2,16,74729.0,8773.9541,2364.0938,39.966,5541.808,13.4846,3433.0565,5501.8967,12.7808,0.923469
dairy_farm_v2,agrarian,2,17,81570.96,9607.5866,2574.4088,43.2645,6081.2246,13.4136,3781.1916,6044.6968,12.684,0.918367
dairy_farm_v2,agrarian,2,18,89233.95,10547.4274,2810.5437,46.9832,6690.2135,13.338,4175.1432,6657.9851,12.5831,0.913265
dairy_farm_v2,agrarian,2,19,97816.5,11607.3777,3075.7064,51.1771,7378.0299,13.2578,4621.1655,7351.2219,12.478,0.908163
dairy_farm_v2,agrarian,2,20,113353.23,13508.883,3559.4549,58.7008,8604.9328,13.1731,5409.2232,8583.8426,12.6634,0.903061
dairy_farm_v2,agrarian,2,21,124119.18,14861.9813,3893.8581,64.0546,9486.5396,13.0837,5984.7432,9474.4048,12.2117,0.897959
dairy_farm_v2,agrarian,2,22,136177.05,16389.6909,4269.7215,70.0994,10483.3869,12.9898,6637.0711,10482.2047,12.096,0.892857
dairy_farm_v2,agrarian,2,23,149681.86,18115.2908,4692.2954,76.9271,11611.0794,12.8913,7376.8624,11623.2513,11.9756,0.887755
dairy_farm_v2,agrarian,2,24,164807.25,20065.3136,5167.5274,84.6427,12887.4348,12.7882,8216.3171,12915.841,11.8505,0.882653
dairy_farm_v2,agrarian,2,25,181747.68,22270.0011,5702.1607,93.3661,14332.7927,12.6805,9169.3938,14380.8766,11.7206,0.877551
dairy_farm_v2,agrarian,2,26,200720.97,24763.8676,6303.843,103.2336,15970.4081,12.5683,10252.096,16042.2803,11.5859,0.872449
dairy_farm_v2,agrarian,2,27,221971.05,27586.3282,6981.2563,114.4013,17826.8835,12.4515,11482.7768,17927.4418,11.4465,0.867347
dairy_farm_v2,agrarian,2,28,245771.14,30782.4205,7744.2658,127.0473,19932.6634,12.3301,12882.4903,20067.733,11.3023,0.862245
dairy_farm_v2,agrarian,2,29,272427.24,34403.6588,8604.0856,141.3755,22322.632,12.2041,14475.4231,22499.133,11.1533,0.857143
dairy_farm_v2,agrarian,2,30,363649.61,46325.4819,11516.6771,188.5468,30119.6245,12.0735,19596.8231,30391.8102,11.6997,0.852041
dairy_farm_v2,agrarian,2,31,397087.02,51055.3333,12616.5324,207.2615,33261.4394,11.9384,21712.2067,33599.2702,10.6427,0.846939
dairy_farm_v2,agrarian,2,32,434536.92,56419.2305,13858.043,228.4849,36829.4513,11.7986,24119.835,37244.602,10.496,0.841837
dairy_farm_v2,agrarian,2,33,476480.81,62506.431,15260.169,252.5702,40884.5119,11.6543,26862.3211,41390.7885,10.3436,0.836735
dairy_farm_v2,agrarian,2,34,523457.97,69419.5086,16844.5696,279.9233,45496.6637,11.5054,29988.8292,46110.3859,10.1855,0.831633
dairy_farm_v2,agrarian,2,35,576072.39,77276.4734,18636.0169,311.0111,50746.6176,11.3519,33556.1423,51487.0703,10.0219,0.826531
dairy_farm_v2,agrarian,2,36,635000.54,86213.2494,20662.872,346.3714,56727.4852,11.1939,37629.9202,57617.4534,9.8528,0.821429
dairy_farm_v2,agrarian,2,37,701000.06,96386.5993,22957.6494,386.6244,63546.8232,11.0312,42286.181,64613.2255,9.6783,0.816327
dairy_farm_v2,agrarian,2,38,774919.53,107977.5372,25557.674,432.4865,71329.0178,10.864,47613.0323,72603.6551,9.4985,0.811224
dairy_farm_v2,agrarian,2,39,857709.33,121195.393,28505.8495,484.7858,80218.1391,10.6922,53712.7543,81738.5878,9.3136,0.806122
dairy_farm_v2,agrarian,2,40,1093826.2,156842.5392,36656.7789,625.8314,104017.1381,10.5158,69863.0316,106101.0746,9.9213,0.80102
dairy_farm_v2,agrarian,2,41,1197677.73,174399.4536,40500.511,695.2992,115887.1698,10.3349,78073.4973,118333.5297,8.7491,0.795918
dairy_farm_v2,agrarian,2,42,1313991.44,194454.6216,44868.4167,774.6518,129466.0512,10.1493,87486.4205,132337.7249,8.5658,0.790816
dairy_farm_v2,agrarian,2,43,1444262.8,217389.8451,49836.8702,865.3999,145018.1902,9.9592,98291.1709,148389.5359,8.3764,0.785714
dairy_farm_v2,agrarian,2,44,1590166.72,243650.2146,55494.3809,969.3048,162852.2802,9.7645,110709.2956,166811.2858,8.1812,0.780612
dairy_farm_v2,agrarian,2,45,1753579.11,273755.6355,61943.7419,1088.4234,183329.4191,9.5652,125000.4722,187980.2883,7.9802,0.77551
dairy_farm_v2,agrarian,2,46,1936600.99,308314.7043,69304.5852,1225.1638,206872.9111,9.3613,141469.7219,212339.1759,7.7738,0.770408
dairy_farm_v2,agrarian,2,47,2141585.49,348041.4612,77716.4631,1382.3513,233980.1027,9.1529,160476.1229,240408.3734,7.562,0.765306
dairy_farm_v2,agrarian,2,48,2371168.14,393775.7398,87342.5782,1563.3089,265236.7719,8.9398,182443.4156,272801.2677,7.3451,0.760204
dairy_farm_v2,agrarian,2,49,2628300.7,446507.9079,98374.299,1771.9551,301334.6388,8.7222,207872.9228,310242.6769,7.1232,0.755102
dairy_farm_v2,agrarian,2,50,3464241.95,602746.9806,131899.5039,2390.1488,407557.8753,8.5,281958.1798,420029.2813,7.8697,0.75
poultry_farm_v2,agrarian,3,1,50509.2,3986.4276,1050.0,33.6,2525.46,20.0,1580.5421,2527.8276,,1.0
poultry_farm_v2,agrarian,3,2,52909.2,4168.5236,1092.3612,34.6744,2646.0946,19.9952,1661.6027,2651.3591,19.8948,0.994898
poultry_farm_v2,agrarian,3,3,55597.2,4374.7096,1140.5131,35.8909,2782.5259,19.9808,1753.1071,2790.9795,19.7022,0.989796
poultry_farm_v2,agrarian,3,4,58607.76,4607.9276,1195.1216,37.2669,2936.7191,19.9569,1856.3929,2948.7101,19.5246,0.984693
poultry_farm_v2,agrarian,3,5,61979.59,4871.5062,1256.9382,38.822,3110.899,19.9234,1972.9757,3126.8395,19.3583,0.979592
poultry_farm_v2,agrarian,3,6,65756.04,5169.2325,1326.8104,40.5786,3307.6039,19.8803,2104.5918,3327.9826,19.1986,0.97449
poultry_farm_v2,agrarian,3,7,69985.66,5505.404,1405.698,42.562,3529.7153,19.8276,2253.2142,3555.109,19.0428,0.969387
poultry_farm_v2,agrarian,3,8,74722.83,5884.892,1494.6855,44.801,3780.5028,19.7653,2421.0843,3811.5892,18.8892,0.964286
poultry_farm_v2,agrarian,3,9,80028.47,6313.2575,1594.9994,47.3283,4063.709,19.6935,2610.7787,4101.2872,18.7342,0.959183
poultry_farm_v2,agrarian,3,10,92769.35,7333.2169,1842.8308,53.3461,4730.2248,19.612,3048.9811,4778.8861,19.1156,0.954082
poultry_farm_v2,agrarian,3,11,99424.74,7880.6531,1969.8105,56.576,5093.2119,19.521,3293.2307,5150.7628,18.3351,0.948979
poultry_farm_v2,agrarian,3,12,106878.78,8498.9161,2112.9276,60.2238,5503.4153,19.4204,3569.5177,5571.1478,18.1716,0.943878
poultry_farm_v2,agrarian,3,13,115227.3,9197.3342,2274.2034,64.3445,5967.1442,19.3103,3882.2178,6046.5709,18.003,0.938776
poultry_farm_v2,agrarian,3,14,124577.64,9986.5592,2455.9321,69.0009,6491.6148,19.1905,4236.3482,6584.5075,17.8281,0.933674
poultry_farm_v2,agrarian,3,15,135050.02,10878.7376,2660.721,74.2648,7085.0641,19.0612,4637.6438,7193.4944,17.6466,0.928572
poultry_farm_v2,agrarian,3,16,146779.09,11887.7583,2891.531,80.218,7756.9281,18.9223,5092.6922,7883.3197,17.4575,0.923469
poultry_farm_v2,agrarian,3,17,159915.65,13029.4951,3151.7335,86.9543,8518.0023,18.7738,5609.0414,8665.1881,17.2606,0.918367
poultry_farm_v2,agrarian,3,18,174628.59,14322.1261,3445.1644,94.5808,9380.6713,18.6158,6195.3734,9551.9649,17.0551,0.913265
poultry_farm_v2,agrarian,3,19,191107.09,15786.4845,3776.199,103.2206,10359.1464,18.4482,6861.6685,10558.4224,16.841,0.908163
poultry_farm_v2,agrarian,3,20,233590.99,19445.3034,4625.2731,124.8077,12784.8437,18.2709,8493.5254,13043.3394,17.5141,0.903061
poultry_farm_v2,agrarian,3,21,254261.62,21345.4023,5048.547,136.0183,14059.9282,18.0841,9367.483,14357.7845,16.2112,0.897959
poultry_farm_v2,agrarian,3,22,277412.72,23501.5653,5526.9323,148.7397,15508.5272,17.8878,10362.1141,15851.9889,15.9817,0.892857
poultry_farm_v2,agrarian,3,23,303341.96,25950.1806,6067.908,163.1866,17155.6048,17.6818,11495.0959,17551.976,15.7426,0.887755
poultry_farm_v2,agrarian,3,24,332382.7,28733.1934,6680.0444,179.6064,19029.9821,17.4663,12786.8818,19487.8125,15.4935,0.882653
poultry_farm_v2,agrarian,3,25,364908.33,31899.0148,7373.184,198.2848,21164.965,17.2411,14261.1511,21694.266,15.2346,0.877551
poultry_farm_v2,agrarian,3,26,401337.04,35503.5945,8158.6397,219.5519,23599.1006,17.0065,15945.3642,24211.6031,14.9658,0.872449
poultry_farm_v2,agrarian,3,27,442137.19,39611.6958,9049.4397,243.7898,26377.0657,16.7622,17871.4073,27086.5236,14.6871,0.867347
poultry_farm_v2,agrarian,3,28,487833.36,44298.4191,10060.6086,271.4415,29550.741,16.5083,20076.3809,30373.2945,14.3985,0.862245
poultry_farm_v2,agrarian,3,29,539013.07,49650.9795,11209.505,303.0217,33180.454,16.2449,22603.5044,34135.0582,14.1002,0.857143
poultry_farm_v2,agrarian,3,30,694676.27,64965.9214,14579.795,393.3802,43493.6892,15.9719,29709.6645,44785.6766,15.0935,0.852041
poultry_farm_v2,agrarian,3,31,758876.1,72120.7656,16088.5819,435.5939,48369.0331,15.6893,33128.1456,49850.6676,13.1683,0.846939
poultry_farm_v2,agrarian,3,32,830779.91,80310.9568,17807.7102,483.9162,53956.8175,15.3971,37053.284,55659.4339,12.868,0.841837
poultry_farm_v2,agrarian,3,33,911312.18,89699.3326,19768.896,539.3078,60370.2821,15.0954,41566.8143,62330.8088,12.5567,0.836735
poultry_farm_v2,agrarian,3,34,1001508.32,100477.0024,22009.1676,602.8963,67742.4965,14.784,46764.9543,70004.5215,12.2346,0.831633
poultry_farm_v2,agrarian,3,35,1102528.0,112868.7926,24571.8721,676.0081,76230.1938,14.4631,52761.2178,78845.2438,11.9019,0.826531
poultry_farm_v2,agrarian,3,36,1215670.04,127139.9761,27507.8947,760.2083,86018.5296,14.1327,59689.9305,89047.6249,11.5589,0.821429
poultry_farm_v2,agrarian,3,37,1342389.13,143604.4562,30877.1526,857.3491,97326.8605,13.7926,67710.487,100842.4001,11.2058,0.816327
poultry_farm_v2,agrarian,3,38,1484314.51,162634.9041,34750.4336,969.6291,110415.9121,13.4429,77012.6439,114503.9724,10.8431,0.811224
poultry_farm_v2,agrarian,3,39,1643270.93,184675.3081,39211.6641,1099.6679,125596.6592,13.0837,87823.0825,130359.8104,10.4709,0.806122
poultry_farm_v2,agrarian,3,40,2130071.22,245899.74,51880.8486,1460.8932,167525.4584,12.7149,117437.6259,174029.1237,11.6102,0.80102
poultry_farm_v2,agrarian,3,41,2329466.16,276690.0735,58005.2802,1642.5568,188826.7458,12.3365,132701.5817,196326.065,9.3607,0.795918
poultry_farm_v2,agrarian,3,42,2552788.49,312524.1149,65097.5399,1853.9783,213648.1592,11.9486,150519.0039,222323.4754,8.9972,0.790816
poultry_farm_v2,agrarian,3,43,2802909.5,354347.11,73332.9177,2100.7348,242654.708,11.551,171377.5767,252723.1298,8.6229,0.785714
poultry_farm_v2,agrarian,3,44,3083045.03,403311.0846,82924.1322,2389.6232,276657.6764,11.1439,195873.0461,288381.5676,8.2386,0.780612
poultry_farm_v2,agrarian,3,45,3396796.82,460828.6371,94130.9397,2728.9779,316652.786,10.7272,224737.5222,330350.5267,7.8448,0.77551
poultry_farm_v2,agrarian,3,46,3748198.83,528643.6942,107272.7345,3129.088,363870.4283,10.3009,258876.7656,379930.1808,7.4422,0.770408
poultry_farm_v2,agrarian,3,47,4141769.08,608925.5222,122745.2751,3602.7524,419842.4204,9.8651,299419.7527,438739.8964,7.0316,0.765306
poultry_farm_v2,agrarian,3,48,4582567.76,704395.3602,141043.1841,4166.0263,486491.9504,9.4196,347785.4858,508813.5841,6.6137,0.760204
poultry_farm_v2,agrarian,3,49,5076262.28,818499.483,162790.656,4839.2428,566256.5382,8.9646,405774.3596,592730.0641,6.1894,0.755102
poultry_farm_v2,agrarian,3,50,6589986.53,1118756.7344,221005.1256,6610.7664,775292.5328,8.5,556886.9327,812210.4403,7.2415,0.75
vegetable_farm_v2,agrarian,4,1,92902.08,4575.6143,702.4,59.5,3317.9314,28.0,2547.3914,3513.7143,,1.0
vegetable_farm_v2,agrarian,4,2,97152.08,4780.8718,730.1645,61.3684,3470.7249,27.9919,2668.0823,3677.4805,27.8153,0.994898
vegetable_farm_v2,agrarian,4,3,101912.08,5013.7339,761.8013,63.488,3643.9468,27.9675,2804.7972,3863.074,27.4792,0.989795
vegetable_farm_v2,agrarian,4,4,107243.28,5277.6096,797.762,65.89,3840.1431,27.9269,2959.5547,4073.2278,27.1728,0.984693
vegetable_farm_v2,agrarian,4,5,113214.22,5576.3835,838.5574,68.6096,4062.2183,27.87,3134.6611,4311.0627,26.887,0.979592
vegetable_farm_v2,agrarian,4,6,119901.68,5914.4802,884.7669,71.6872,4313.4827,27.797,3332.7466,4580.1359,26.6152,0.97449
vegetable_farm_v2,agrarian,4,7,127391.63,6296.9421,937.0494,75.1686,4597.71,27.7076,3556.811,4884.5037,26.352,0.969388
vegetable_farm_v2,agrarian,4,8,135780.38,6729.5298,996.1514,79.1062,4919.2168,27.602,3810.2905,5228.8089,26.092,0.964285
vegetable_farm_v2,agrarian,4,9,145175.78,7218.8048,1062.9237,83.5599,5282.9195,27.4802,4097.0984,5618.339,25.8326,0.959183
vegetable_farm_v2,agrarian,4,10,163996.82,8185.3896,1198.8367,92.3583,5997.9493,27.3421,4657.6984,6382.163,26.322,0.954082
vegetable_farm_v2,agrarian,4,11,175782.4,8813.6031,1283.9422,98.0767,6465.4782,27.1878,5026.8924,6883.2034,25.2082,0.94898
vegetable_farm_v2,agrarian,4,12,188982.25,9524.6948,1380.0727,104.5495,6994.8631,27.0173,5445.0972,7450.6337,24.9343,0.943878
vegetable_farm_v2,agrarian,4,13,203766.09,10329.9297,1488.6553,111.8792,7594.5738,26.8305,5919.0815,8093.5799,24.6516,0.938775
vegetable_farm_v2,agrarian,4,14,220323.99,11242.2157,1611.3211,120.1834,8274.3187,26.6274,6456.6075,8822.5046,24.359,0.933674
vegetable_farm_v2,agrarian,4,15,238868.84,12276.3823,1749.9306,129.5971,9045.2636,26.4082,7066.6129,9649.447,24.0547,0.928571
vegetable_farm_v2,agrarian,4,16,259639.07,13449.4737,1906.6149,140.2752,9920.2477,26.1726,7759.3813,10588.2548,23.7378,0.92347
vegetable_farm_v2,agrarian,4,17,282901.72,14781.0964,2083.8101,152.3964,10914.0542,25.9209,8546.7656,11654.8799,23.4076,0.918367
vegetable_farm_v2,agrarian,4,18,308955.89,16293.8403,2284.3123,166.1664,12043.7246,25.6529,9442.4374,12867.7157,23.0635,0.913265
vegetable_farm_v2,agrarian,4,19,338136.56,18013.7771,2511.3301,181.8222,13328.9435,25.3686,10462.2043,14248.018,22.7048,0.908163
vegetable_farm_v2,agrarian,4,20,402285.46,21663.923,3003.2355,215.0481,16047.7063,25.0681,12611.237,17162.9363,23.5949,0.903061
vegetable_farm_v2,agrarian,4,21,438889.7,23913.4231,3296.3513,235.5244,17731.9463,24.7514,13950.6872,18973.6526,21.7334,0.897959
vegetable_farm_v2,agrarian,4,22,479886.45,26477.1673,3629.0135,258.8611,19652.6846,24.4184,15479.3524,21039.3153,21.3443,0.892857
vegetable_farm_v2,agrarian,4,23,525802.81,29402.1699,4006.8921,285.4863,21845.5186,24.0691,17225.9115,23398.4196,20.9393,0.887755
vegetable_farm_v2,agrarian,4,24,577229.13,32743.1279,4436.5495,315.8977,24351.8922,23.7037,19223.7804,26095.7991,20.5182,0.882653
vegetable_farm_v2,agrarian,4,25,634826.61,36563.7795,4925.5933,350.6756,27220.1342,23.322,21511.958,29183.7549,20.0811,0.877551
vegetable_farm_v2,agrarian,4,26,699335.78,40938.5609,5482.867,390.4975,30506.721,22.924,24136.0508,32723.4253,19.628,0.872449
vegetable_farm_v2,agrarian,4,27,771586.05,45954.5964,6118.6682,436.1565,34277.8014,22.5098,27149.5183,36786.4453,19.159,0.867347
vegetable_farm_v2,agrarian,4,28,852506.36,51714.1097,6845.0208,488.583,38611.0402,22.0793,30615.1736,41456.9492,18.6743,0.862245
vegetable_farm_v2,agrarian,4,29,943137.1,58337.3388,7675.9993,548.8716,43597.8471,21.6327,34607.0005,46833.9944,18.1741,0.857143
vegetable_farm_v2,agrarian,4,30,1199590.24,75747.4551,9907.4876,707.349,56665.3781,21.1697,45029.3837,60901.0606,19.6252,0.852041
vegetable_farm_v2,agrarian,4,31,1313277.44,84766.9883,11020.819,789.4502,63472.3457,20.6905,50492.912,68249.6496,16.7016,0.846939
vegetable_farm_v2,agrarian,4,32,1440607.11,95177.5541,12299.7847,884.2135,71334.3937,20.1951,56808.1528,76740.231,16.1955,0.841837
vegetable_farm_v2,agrarian,4,33,1583216.34,107218.3243,13771.8374,993.8158,80433.8238,19.6835,64123.0875,86570.6221,15.6723,0.836735
vegetable_farm_v2,agrarian,4,34,1742938.68,121175.1649,15469.6414,1120.8594,90988.6578,19.1556,72614.8104,97977.471,15.1326,0.831633
vegetable_farm_v2,agrarian,4,35,1921827.7,137391.1694,17432.2264,1268.4673,103260.7139,18.6114,82496.1286,111245.0487,14.5769,0.826531
vegetable_farm_v2,agrarian,4,36,2122183.4,156280.0007,19706.4459,1440.4048,117565.8405,18.051,94023.9269,126716.3878,14.0059,0.821429
vegetable_farm_v2,agrarian,4,37,2346581.78,178342.8669,22348.8276,1641.2343,134286.9404,17.4744,107509.8178,144807.4629,13.4201,0.816327
vegetable_farm_v2,agrarian,4,38,2597907.97,204190.3977,25427.9568,1876.5141,153890.7563,16.8815,123333.8689,166025.4669,12.8203,0.811224
vegetable_farm_v2,agrarian,4,39,2879393.3,234571.0306,29027.5573,2153.057,176949.6622,16.2724,141962.4316,190992.5417,12.2072,0.806122
vegetable_farm_v2,agrarian,4,40,3707602.36,313822.7062,38588.9569,2874.4535,236952.5873,15.647,190300.2761,255877.6798,13.8028,0.80102
vegetable_farm_v2,agrarian,4,41,4060697.56,358080.189,43750.5904,3277.3118,270615.4895,15.0054,217560.9538,292366.1007,10.4891,0.795918
vegetable_farm_v2,agrarian,4,42,4456164.18,410597.3007,49845.5983,3755.3542,310586.8229,14.3476,249954.0889,335706.9412,9.8938,0.790816
vegetable_farm_v2,agrarian,4,43,4899086.8,473233.5893,57078.8622,4325.5075,358291.4211,13.6735,288643.0707,387450.4345,9.2847,0.785714
vegetable_farm_v2,agrarian,4,44,5395160.13,548366.3014,65711.4748,5009.4107,415551.5119,12.9831,335116.4183,449579.5811,8.6635,0.780612
vegetable_farm_v2,agrarian,4,45,5950762.26,639071.5312,76080.2769,5835.0644,484725.8852,12.2766,391301.7452,524661.7664,8.0319,0.77551
vegetable_farm_v2,agrarian,4,46,6573036.65,749385.2905,88625.9971,6839.2067,568910.4754,11.5537,459730.03,616067.2975,7.3918,0.770408
vegetable_farm_v2,agrarian,4,47,7269983.97,884688.447,103934.7173,8070.8176,672234.1335,10.8147,543777.864,728291.6603,6.7453,0.765306
vegetable_farm_v2,agrarian,4,48,8050564.96,1052289.7757,122800.644,9596.426,800306.654,10.0594,648034.4286,867443.6835,6.0948,0.760204
vegetable_farm_v2,agrarian,4,49,8924815.67,1262336.525,146324.1085,11508.3981,960918.496,9.2878,778874.6591,1042007.9584,5.4433,0.755102
vegetable_farm_v2,agrarian,4,50,11665300.14,1801253.8123,207382.1018,16413.9482,1372388.2532,8.5,1113515.9489,1488883.4022,6.6602,0.75
livestock_v2,agrarian,5,1,160515.06,6633.5983,1673.3333,105.0,4224.0805,38.0,2691.8786,4258.5983,,1.0
livestock_v2,agrarian,5,2,168015.06,6931.6724,1739.6024,108.3027,4422.8776,37.9877,2827.6317,4463.4709,37.7269,0.994898
livestock_v2,agrarian,5,3,176415.06,7270.437,1815.2621,112.0562,4648.5133,37.9509,2981.4003,4695.844,37.2282,0.989796
livestock_v2,agrarian,5,4,185823.06,7654.9071,1901.4036,116.3161,4904.353,37.8894,3155.5042,4959.1969,36.773,0.984694
livestock_v2,agrarian,5,5,196360.02,8090.8008,1999.2635,121.1457,5194.2407,37.8034,3352.5997,5257.5068,36.3484,0.979592
livestock_v2,agrarian,5,6,208161.42,8584.6457,2110.2457,126.6176,5522.5707,37.6928,3575.7305,5595.3243,35.9437,0.97449
livestock_v2,agrarian,5,7,221378.98,9143.9111,2235.9532,132.8141,5894.3751,37.5577,3828.385,5977.8617,35.5498,0.969388
livestock_v2,agrarian,5,8,236182.65,9777.1013,2378.2049,139.8299,6315.3879,37.398,4114.5438,6411.0612,35.162,0.964286
livestock_v2,agrarian,5,9,252762.76,10493.9744,2539.0725,147.7728,6792.2023,37.2137,4438.798,6901.7626,34.7727,0.959184
livestock_v2,agrarian,5,10,276938.5,11538.4079,2776.9285,159.3451,7483.8569,37.0048,4905.9886,7611.9547,34.9535,0.954082
livestock_v2,agrarian,5,11,297736.59,12458.8131,2982.4071,169.5432,8096.9706,36.7714,5323.8966,8243.4148,33.9221,0.94898
livestock_v2,agrarian,5,12,321030.45,13501.6877,3214.6741,181.0981,8792.1464,36.5133,5798.2408,8959.6472,33.5079,0.943877
livestock_v2,agrarian,5,13,347119.57,14683.8612,3477.2452,194.1966,9580.8049,36.2307,6337.0246,9772.5252,33.0804,0.938776
livestock_v2,agrarian,5,14,376339.39,16024.7038,3774.1431,209.0531,10476.1117,35.9236,6949.4953,10695.7475,32.6367,0.933674
livestock_v2,agrarian,5,15,409065.59,17546.5176,4109.9777,225.9147,11493.2439,35.5918,7646.3328,11745.1152,32.175,0.928571
livestock_v2,agrarian,5,16,445718.93,19274.9945,4490.0386,245.0661,12649.7041,35.2355,8439.8716,12938.8601,31.6944,0.923469
livestock_v2,agrarian,5,17,486770.67,21239.8,4920.3965,266.8361,13965.7336,34.8546,9344.4091,14298.0834,31.1936,0.918367
livestock_v2,agrarian,5,18,532748.62,23475.243,5408.046,291.6047,15464.7653,34.4492,10376.5207,15847.2253,30.6718,0.913265
livestock_v2,agrarian,5,19,584243.93,26021.0456,5961.0392,319.8121,17173.9691,34.0192,11555.4656,17614.6445,30.1282,0.908163
livestock_v2,agrarian,5,20,665140.27,29968.0963,6826.6813,363.5453,19816.7467,33.5646,13370.9099,20343.6547,30.6103,0.903061
livestock_v2,agrarian,5,21,729735.98,33293.6783,7541.3954,400.3926,22056.1446,33.0854,14922.4569,22662.827,28.8451,0.897959
livestock_v2,agrarian,5,22,802083.18,37092.8462,8354.2104,442.4872,24617.6493,32.5816,16700.4742,25317.2569,28.244,0.892857
livestock_v2,agrarian,5,23,883112.04,41438.4767,9279.6223,490.6367,27551.3494,32.0533,18740.7113,28359.3484,27.62,0.887755
livestock_v2,agrarian,5,24,973864.37,46415.8247,10334.4983,545.7854,30915.9206,31.5004,21085.1268,31850.5306,26.9729,0.882653
livestock_v2,agrarian,5,25,1075506.97,52124.832,11538.5252,609.041,34780.2213,30.9229,23783.0368,35862.9311,26.303,0.877551
livestock_v2,agrarian,5,26,1189346.69,58682.9931,12914.7381,681.7052,39225.2983,30.3209,26892.5821,40481.4937,25.6103,0.872449
livestock_v2,agrarian,5,27,1316847.17,66228.8106,14490.158,765.3126,44346.8058,29.6943,30482.4989,45806.5307,24.8951,0.867347
livestock_v2,agrarian,5,28,1459647.71,74926.0551,16296.5917,861.6777,50257.9736,29.0431,34634.2789,51956.8497,24.1578,0.862245
livestock_v2,agrarian,5,29,1619584.32,84968.9912,18371.5986,972.9529,57093.2625,28.3673,39444.8421,59073.6107,23.3987,0.857143
livestock_v2,agrarian,5,30,2038198.61,109443.5527,23522.5219,1244.1301,73668.9035,27.667,51026.9291,76289.3878,25.2548,0.852041
livestock_v2,agrarian,5,31,2238823.09,123240.7472,26329.3194,1397.0025,83097.5501,26.9421,57701.6163,86126.0825,21.2782,0.846939
livestock_v2,agrarian,5,32,2463522.51,139253.63,29571.1149,1574.4246,94054.0388,26.1926,65471.8071,97563.8085,20.5083,0.841837
livestock_v2,agrarian,5,33,2715185.86,157885.8288,33324.5438,1780.8686,106818.9623,25.4186,74540.9788,110897.7604,19.7152,0.836735
livestock_v2,agrarian,5,34,2997048.81,179626.2599,37682.0611,2021.7517,121732.529,24.62,85156.1646,126486.015,18.8998,0.831633
livestock_v2,agrarian,5,35,3312735.31,205070.5008,42755.8387,2303.6728,139209.5607,23.7968,97618.9698,144765.3815,18.0629,0.826531
livestock_v2,agrarian,5,36,3666304.19,234948.4863,48682.8221,2634.7197,159758.9217,22.949,112299.8362,166271.9302,17.2058,0.821429
livestock_v2,agrarian,5,37,4062301.34,270160.9396,55631.3706,3024.8722,184009.0862,22.0766,129656.8235,191668.0128,16.3297,0.816327
livestock_v2,agrarian,5,38,4505818.14,311827.7911,63810.0617,3486.5392,212742.1355,21.1797,150260.6011,221778.2001,15.4358,0.811224
livestock_v2,agrarian,5,39,5002556.96,361353.3737,73479.5388,4035.2807,246939.5421,20.2582,174828.11,257637.6828,14.5256,0.806122
livestock_v2,agrarian,5,40,6410894.46,484960.0435,97990.2427,5404.8376,331961.518,19.3122,235577.8332,346624.2193,16.5644,0.80102
livestock_v2,agrarian,5,41,7034003.64,559333.4667,112298.1563,6228.8921,383501.5839,18.3415,272790.6468,400763.8486,12.0898,0.795918
livestock_v2,agrarian,5,42,7731885.92,649036.2401,129472.5988,7222.7952,445736.5362,17.3463,317797.2988,466174.3219,11.2137,0.790816
livestock_v2,agrarian,5,43,8513514.07,758043.8791,150242.3217,8430.5954,521452.737,16.3265,372641.0254,545798.5008,10.3231,0.785714
livestock_v2,agrarian,5,44,9388937.6,891663.4415,175577.8048,9911.0947,614371.8515,15.2822,440052.9512,643568.1135,9.4214,0.780612
livestock_v2,agrarian,5,45,10369411.95,1057115.274,206796.4871,11744.2944,729559.8085,14.2132,523753.1942,764836.303,8.512,0.77551
livestock_v2,agrarian,5,46,11467543.23,1264444.7207,245727.6429,14041.4962,874067.756,13.1197,628922.816,917055.5655,7.5991,0.770408
livestock_v2,agrarian,5,47,12697450.26,1528004.0425,294980.2802,16961.7228,1057973.9743,12.0017,762971.0908,1110879.828,6.6877,0.765306
livestock_v2,agrarian,5,48,14074946.13,1868968.3619,358397.8867,20739.5936,1296152.867,10.859,936838.2659,1362035.6192,5.7835,0.760204
livestock_v2,agrarian,5,49,15617741.51,2319836.3006,441871.7921,25735.1921,1611439.5053,9.6918,1167326.1603,1694669.4543,4.8933,0.755102
livestock_v2,agrarian,5,50,20378897.59,3445904.2534,651925.1898,38211.9793,2397517.3633,8.5,1740623.6387,2523307.7038,6.0569,0.75
oilseed_farm,agrarian,6,1,273277.8,7151.1816,686.9333,182.0,5465.556,50.0,4508.5453,6015.5816,,1.0
oilseed_farm,agrarian,6,2,286277.8,7486.8652,715.5091,187.9803,5727.537,49.9827,4728.2483,6305.6162,49.6219,0.994898
oilseed_farm,agrarian,6,3,300837.8,7868.2663,748.1034,194.775,6025.0875,49.9309,4977.683,6634.9751,48.9329,0.989796
oilseed_farm,agrarian,6,4,317145.0,8301.1202,785.1902,202.4864,6362.6959,49.8444,5260.6244,7008.6337,48.3021,0.984694
oilseed_farm,agrarian,6,5,335409.06,8791.9773,827.3109,211.2312,6745.4886,49.7235,5581.3843,7432.2741,47.7127,0.979592
oilseed_farm,agrarian,6,6,355864.81,9348.3393,875.0816,221.1429,7179.3398,49.5679,5944.906,7912.4091,47.1492,0.97449
oilseed_farm,agrarian,6,7,378775.25,9978.7874,929.2058,232.3744,7670.9703,49.3777,6356.8468,8456.4907,46.6009,0.969387
oilseed_farm,agrarian,6,8,404434.94,10693.1404,990.4844,245.1008,8228.073,49.1531,6823.685,9073.0504,46.0592,0.964285
oilseed_farm,agrarian,6,9,433173.8,11502.6685,1059.8323,259.5228,8859.4826,48.8938,7352.8634,9771.8877,45.5154,0.959184
oilseed_farm,agrarian,6,10,480105.07,12811.871,1174.1806,282.8465,9878.7142,48.6,8205.3794,10899.0284,46.0457,0.954082
oilseed_farm,agrarian,6,11,516155.09,13854.9138,1262.9833,301.4286,10692.7367,48.2716,8888.0275,11800.2134,44.2863,0.94898
oilseed_farm,agrarian,6,12,556531.12,15038.3271,1363.4899,322.5114,11616.5235,47.9086,9662.9155,12823.0208,43.7071,0.943877
oilseed_farm,agrarian,6,13,601752.27,16381.791,1477.2701,346.4455,12665.5256,47.511,10543.0822,13984.601,43.1087,0.938775
oilseed_farm,agrarian,6,14,652399.96,17908.0104,1606.1243,373.6355,13857.578,47.0789,11543.5864,15304.7552,42.4878,0.933674
oilseed_farm,agrarian,6,15,709125.37,19643.2089,1752.1224,404.5484,15213.2882,46.6122,12681.8352,16806.3664,41.8418,0.928571
oilseed_farm,agrarian,6,16,772657.83,21617.6859,1917.6465,439.7243,16756.4741,46.111,13977.9547,18515.8871,41.1697,0.92347
oilseed_farm,agrarian,6,17,843814.18,23866.5823,2105.4431,479.7889,18514.7748,45.5752,15455.3124,20464.02,40.4688,0.918367
oilseed_farm,agrarian,6,18,923509.3,26430.6385,2318.683,525.4681,20520.244,45.0048,17141.0182,22686.3775,39.7389,0.913265
oilseed_farm,agrarian,6,19,1012767.83,29357.231,2561.0365,577.606,22810.1719,44.3998,19066.6239,25224.3972,38.9788,0.908163
oilseed_farm,agrarian,6,20,1158491.33,34043.6649,2953.182,661.0959,26473.5666,43.7603,22144.0629,29282.9653,39.7783,0.903061
oilseed_farm,agrarian,6,21,1270457.23,37890.3355,3268.2997,729.6253,29486.3972,43.0862,24680.1936,32623.6607,37.163,0.897959
oilseed_farm,agrarian,6,22,1395859.04,42296.2357,3627.6091,808.1175,32938.643,42.3776,27587.4575,36452.2758,36.3247,0.892857
oilseed_farm,agrarian,6,23,1536309.07,47349.8542,4037.8353,898.1489,36900.0669,41.6343,30924.9815,40846.3873,35.4544,0.887755
oilseed_farm,agrarian,6,24,1693613.1,53155.2049,4506.8446,1001.5726,41452.7053,40.8565,34762.3245,45897.2363,34.5523,0.882653
oilseed_farm,agrarian,6,25,1869793.61,59834.9091,5043.8685,1120.5731,46693.3068,40.0441,39181.5515,51712.4441,33.6184,0.877551
oilseed_farm,agrarian,6,26,2067115.79,67533.9427,5659.7715,1257.7332,52736.3011,39.1972,44279.7637,58419.3217,32.653,0.872449
oilseed_farm,agrarian,6,27,2288116.63,76424.2631,6367.3822,1416.1164,59717.4651,38.3157,50172.2207,66168.9546,31.6567,0.867347
oilseed_farm,agrarian,6,28,2535637.57,86710.5513,7181.9004,1599.3691,67798.4752,37.3996,56996.2214,75141.2771,30.63,0.862245
oilseed_farm,agrarian,6,29,2812861.02,98637.3492,8121.4088,1811.8478,77172.5606,36.449,64915.9184,85551.3719,29.5734,0.857143
oilseed_farm,agrarian,6,30,3517336.84,126681.1084,10368.3354,2311.454,99181.1475,35.4638,83480.9295,109976.344,32.0091,0.852041
oilseed_farm,agrarian,6,31,3865085.94,143241.2283,11653.5121,2606.4766,112213.6785,34.444,94506.2379,124457.3607,26.6832,0.846939
oilseed_farm,agrarian,6,32,4254564.93,162557.7355,13145.3548,2950.6047,127421.7451,33.3896,107377.5515,141358.7656,25.61,0.841837
oilseed_farm,agrarian,6,33,4690781.4,185157.5075,14882.1572,3353.225,145222.249,32.3007,122449.5452,161144.8904,24.5058,0.836735
oilseed_farm,agrarian,6,34,5179343.84,211685.8025,16910.6397,3825.8328,166125.9171,31.1772,140156.8496,184384.6406,23.3721,0.831633
oilseed_farm,agrarian,6,35,5726533.78,242938.1896,19288.1916,4382.6016,190762.6349,30.0192,161035.6628,211779.7445,22.2103,0.826531
oilseed_farm,agrarian,6,36,6339386.51,279902.8404,22085.8381,5041.1356,219915.004,28.8265,185752.3795,244202.1718,21.0224,0.821429
oilseed_farm,agrarian,6,37,7025781.56,323817.3814,25392.2303,5823.4836,254563.4507,27.5993,215142.076,282744.4352,19.8103,0.816327
oilseed_farm,agrarian,6,38,7794544.02,376246.4267,29319.0717,6757.5195,295947.7569,26.3376,250261.0144,328788.2083,18.5762,0.811224
oilseed_farm,agrarian,6,39,8655557.98,439188.9032,34008.6316,7878.8546,345652.2328,25.0412,292459.3205,384099.3084,17.3227,0.806122
oilseed_farm,agrarian,6,40,11028188.48,590647.0966,45447.3369,10577.1184,465121.698,23.7103,393769.5535,516980.0416,19.8597,0.80102
oilseed_farm,agrarian,6,41,12108244.39,687739.1399,52581.0255,12306.8362,541880.612,22.3449,459012.9374,602439.3893,14.0708,0.795918
oilseed_farm,agrarian,6,42,13317907.01,806564.3534,61270.5014,14423.7356,635857.0013,20.9448,538921.995,707084.9839,12.872,0.790816
oilseed_farm,agrarian,6,43,14672729.14,953430.0437,71959.8531,17040.1829,752054.1067,19.5102,637764.0724,836495.2821,11.6597,0.785714
oilseed_farm,agrarian,6,44,16190129.93,1137076.6925,85263.2534,20311.8915,897406.3464,18.041,761454.5823,998402.4585,10.4395,0.780612
oilseed_farm,agrarian,6,45,17889618.81,1369932.7744,102052.4784,24460.278,1081775.4156,16.5373,918407.2239,1203803.3726,9.2179,0.77551
oilseed_farm,agrarian,6,46,19793046.35,1670228.2032,123604.2698,29810.1124,1319628.0242,14.999,1120966.0454,1468830.7969,8.0026,0.770408
oilseed_farm,agrarian,6,47,21924885.2,2065738.397,151861.3632,36856.2205,1633008.1076,13.4261,1387942.4524,1818068.4208,6.8027,0.765306
oilseed_farm,agrarian,6,48,24312544.71,2600841.8871,189924.4738,46389.2163,2057139.5314,11.8186,1749397.5827,2290799.7522,5.6295,0.760204
oilseed_farm,agrarian,6,49,26986723.36,3350901.4079,243054.7307,59751.705,2651842.6257,10.1766,2256387.3252,2953741.4276,4.4967,0.755102
oilseed_farm,agrarian,6,50,35142251.5,5221410.6019,376171.5043,93075.2709,4134382.5293,8.5,3519795.9542,4606134.5161,5.5011,0.75
sugar_farm,agrarian,7,1,442135.1,9172.7781,938.1333,294.0,6908.3609,64.0,5637.0225,7573.9781,,1.0
sugar_farm,agrarian,7,2,463135.1,9601.3761,976.958,303.6161,7239.0978,63.9769,5912.0479,7938.9609,63.4946,0.994898
sugar_farm,agrarian,7,3,486655.1,10088.6892,1021.2782,314.5493,7614.9897,63.9075,6224.4847,8353.6981,62.5712,0.989796
sugar_farm,agrarian,7,4,512997.5,10642.0737,1071.7442,326.965,8041.7271,63.792,6579.0777,8824.4764,61.7298,0.984694
sugar_farm,agrarian,7,5,542500.99,11269.9779,1129.0988,341.0526,8525.849,63.6301,6981.2814,9358.5215,60.9423,0.979592
sugar_farm,agrarian,7,6,575544.9,11982.0515,1194.1865,357.0288,9074.8275,63.4221,7437.3326,9964.0919,60.1916,0.97449
sugar_farm,agrarian,7,7,612554.08,12789.3752,1267.9744,375.1418,9697.2453,63.1678,7954.3967,10650.6748,59.4603,0.969388
sugar_farm,agrarian,7,8,654004.36,13704.6258,1351.564,395.6763,10402.9254,62.8674,8540.6783,11429.1306,58.7381,0.964286
sugar_farm,agrarian,7,9,700428.67,14742.3697,1446.2151,418.9592,11203.16,62.5206,9205.614,12311.9465,58.0134,0.959184
sugar_farm,agrarian,7,10,771646.98,16323.4998,1592.8041,454.4332,12420.3484,62.1276,10215.1606,13653.7198,58.5105,0.954081
sugar_farm,agrarian,7,11,829881.63,17661.5788,1714.1554,484.4544,13452.7831,61.6885,11073.5757,14792.9965,56.4052,0.94898
sugar_farm,agrarian,7,12,895104.44,19180.6459,1851.5806,518.5361,14625.1604,61.2031,12048.6097,16086.8443,55.633,0.943878
sugar_farm,agrarian,7,13,968153.99,20906.2748,2007.2526,557.2522,15957.3399,60.6714,13156.8887,17557.2412,54.8346,0.938775
sugar_farm,agrarian,7,14,1049969.49,22867.9926,2183.6686,601.2652,17472.2612,60.0935,14417.626,19229.5784,54.0064,0.933673
sugar_farm,agrarian,7,15,1141602.85,25099.9588,2383.703,651.3415,19196.4755,59.4694,15853.0711,21133.251,53.145,0.928572
sugar_farm,agrarian,7,16,1244232.21,27641.7448,2610.6684,708.3688,21160.7556,58.799,17489.0244,23302.3355,52.2478,0.92347
sugar_farm,agrarian,7,17,1359177.09,30539.2603,2868.3924,773.3773,23400.8168,58.0825,19355.4423,25776.3878,51.3133,0.918367
sugar_farm,agrarian,7,18,1487915.36,33845.8817,3161.3058,847.5646,25958.1998,57.3197,21487.1821,28601.4242,50.3398,0.913265
sugar_farm,agrarian,7,19,1632102.22,37623.8096,3494.5429,932.3259,28881.3385,56.5106,23924.9074,31831.1089,49.326,0.908163
sugar_farm,agrarian,7,20,1868936.97,43703.4811,4036.4247,1068.7291,33580.5447,55.6554,27839.4187,37020.7025,50.3989,0.903061
sugar_farm,agrarian,7,21,2049804.97,48681.9788,4470.8339,1180.4265,37436.7251,54.7539,31058.9057,41283.3061,46.9034,0.897959
sugar_farm,agrarian,7,22,2252377.12,54391.3819,4966.7893,1308.5224,41860.9811,53.8061,34754.3992,46174.8151,45.7867,0.892857
sugar_farm,agrarian,7,23,2479257.93,60949.0285,5533.8018,1455.6494,46944.8323,52.8122,39002.8707,51796.7071,44.6277,0.887755
sugar_farm,agrarian,7,24,2733364.44,68493.2532,6183.0323,1624.9114,52796.2193,51.772,43895.1428,58268.6895,43.4267,0.882653
sugar_farm,agrarian,7,25,3017963.73,77187.6985,6927.6212,1819.9794,59542.8851,50.6855,49538.7475,65732.4574,42.1837,0.877551
sugar_farm,agrarian,7,26,3336714.94,87226.4969,7783.0919,2045.2094,67336.4302,49.5529,56061.3504,74356.197,40.8994,0.872449
sugar_farm,agrarian,7,27,3693716.29,98840.8208,8767.8448,2305.7878,76357.4537,48.374,63615.1017,84340.3017,39.5744,0.867347
sugar_farm,agrarian,7,28,4093557.8,112307.0094,9903.7845,2607.9146,86821.92,47.1489,72382.0162,95924.4452,38.2095,0.862245
sugar_farm,agrarian,7,29,4541380.3,127956.7687,11217.0886,2959.0317,98989.1641,45.8775,82580.7503,109396.4821,36.8056,0.857143
sugar_farm,agrarian,7,30,5616462.35,162804.6205,14187.0076,3740.8766,126042.7605,44.56,105222.3084,139331.7859,39.739,0.852041
sugar_farm,agrarian,7,31,6178210.89,184620.7523,15991.7585,4230.3422,143026.8269,43.1962,119478.6219,158148.3196,33.075,0.846939
sugar_farm,agrarian,7,32,6807369.25,210149.0615,18093.3507,4803.0941,162909.7765,41.7861,136176.129,180180.8835,31.6431,0.841837
sugar_farm,agrarian,7,33,7512026.62,240121.4258,20548.6061,5475.5526,186264.6224,40.3299,155798.6789,206065.9046,30.1718,0.836735
sugar_farm,agrarian,7,34,8301242.87,275441.0977,23427.3921,6267.983,213798.7788,38.8274,178943.8071,236589.1951,28.6632,0.831633
sugar_farm,agrarian,7,35,9185165.07,317231.3116,26816.289,7205.5862,246392.2096,37.2786,206355.0296,272728.3683,27.1196,0.826531
sugar_farm,agrarian,7,36,10175157.94,366900.7583,30823.5105,8319.9675,285148.8339,35.6837,238965.3734,315710.0015,25.5438,0.821429
sugar_farm,agrarian,7,37,11283949.95,426233.0021,35585.631,9651.1428,331466.7186,34.0425,277956.8124,367087.6886,23.9387,0.816327
sugar_farm,agrarian,7,38,12525797.0,497510.7347,41276.9107,11250.3264,387135.6429,32.3551,324842.8953,428850.5379,22.3077,0.811224
sugar_farm,agrarian,7,39,13916665.7,583691.4707,48122.4847,13183.8732,454475.0482,30.6214,381585.5764,503576.5806,20.6546,0.806122
sugar_farm,agrarian,7,40,17659492.97,785889.2196,64382.6122,17720.372,612294.0248,28.8415,514417.0854,678622.48,23.716,0.80102
sugar_farm,agrarian,7,41,19404198.67,921349.6601,74999.2091,20759.5558,718264.0788,27.0154,603821.3586,796277.6739,16.4641,0.795918
sugar_farm,agrarian,7,42,21358269.05,1089000.7913,88078.012,24520.9684,849469.5754,25.1431,714562.6466,941976.7777,14.8932,0.790816
sugar_farm,agrarian,7,43,23546827.87,1298995.3006,104384.474,29232.3949,1013879.2357,23.2245,853387.1347,1124580.0658,13.3116,0.785714
sugar_farm,agrarian,7,44,25998013.75,1565837.1849,125010.2556,35219.2464,1222878.6841,21.2597,1029935.1181,1356747.7905,11.7282,0.780612
sugar_farm,agrarian,7,45,28743341.94,1910922.1692,151563.3503,42961.5563,1493265.6184,19.2486,1258431.1535,1657159.1708,10.1533,0.77551
sugar_farm,agrarian,7,46,31818109.51,2367080.7636,186508.0721,53195.9081,1850817.8016,17.1914,1560706.5946,2054480.6495,8.5995,0.770408
sugar_farm,agrarian,7,47,35261849.19,2987242.3377,233813.3601,67109.8227,2337097.6648,15.0879,1971964.0073,2594933.8877,7.0818,0.765306
sugar_farm,agrarian,7,48,39118837.63,3862354.8395,300293.5802,86743.804,3023526.1861,12.9382,2552699.6973,3357948.5887,5.6189,0.760204
sugar_farm,agrarian,7,49,43438664.69,5162588.2267,398691.3479,115915.7767,4043743.5589,10.7422,3416117.7828,4492153.7561,4.2342,0.755102
sugar_farm,agrarian,7,50,56514904.69,8483461.5557,650725.8212,190422.728,6648812.3156,8.5,5620257.7847,7387978.7244,5.0195,0.75
greenhouse_v2,agrarian,8,1,806260.0,17163.5287,5033.3333,546.0,10078.25,80.0,5634.823,9192.5287,,1.0
greenhouse_v2,agrarian,8,2,845260.0,17949.5497,5236.982,563.5032,10569.6861,79.9702,5940.6635,9660.631,79.3593,0.994898
greenhouse_v2,agrarian,8,3,888940.0,18844.5076,5469.8995,583.4323,11128.323,79.8809,6287.3246,10192.0679,78.1903,0.989795
greenhouse_v2,agrarian,8,4,937861.6,19861.9101,5735.4984,606.0879,11762.6817,79.732,6680.1925,10795.0124,77.1198,0.984693
greenhouse_v2,agrarian,8,5,992653.79,21017.2044,6037.6645,631.8141,12482.5213,79.5235,7125.4525,11478.8354,76.1172,0.979591
greenhouse_v2,agrarian,8,6,1054021.05,22328.086,6380.8372,661.0049,13299.0322,79.2555,7630.2081,12254.2898,75.1579,0.974489
greenhouse_v2,agrarian,8,7,1122752.38,23814.7909,6770.0749,694.1114,14225.026,78.928,8202.6089,13133.6981,74.2244,0.969388
greenhouse_v2,agrarian,8,8,1199731.46,25500.5755,7211.156,731.6506,15275.2589,78.5408,8852.0758,14131.2759,73.2971,0.964286
greenhouse_v2,agrarian,8,9,1285948.03,27412.0777,7710.6791,774.2161,16466.6488,78.0941,9589.4274,15263.3334,72.3664,0.959183
greenhouse_v2,agrarian,8,10,1412253.35,30211.209,8452.8441,836.5477,18201.9809,77.5879,10653.1533,16905.3167,72.7845,0.954082
greenhouse_v2,agrarian,8,11,1520403.42,32673.8321,9092.9784,891.3858,19739.8371,77.0221,11608.2123,18368.7977,70.3252,0.94898
greenhouse_v2,agrarian,8,12,1641531.5,35469.0672,9817.8086,953.6305,21486.9364,76.3967,12694.9103,20032.5435,69.331,0.943878
greenhouse_v2,agrarian,8,13,1777194.95,38643.6849,10638.7201,1024.3234,23473.1581,75.7118,13932.5444,21925.488,68.3023,0.938775
greenhouse_v2,agrarian,8,14,1929138.01,42251.699,11568.7996,1104.6669,25733.0622,74.9673,15343.4929,24081.1373,67.2343,0.933673
greenhouse_v2,agrarian,8,15,2099314.24,46355.5502,12623.1017,1196.0521,28306.6648,74.1632,16953.7355,26538.3331,66.1237,0.928571
greenhouse_v2,agrarian,8,16,2289911.62,51027.6172,13819.0066,1300.0905,31240.4125,73.2997,18793.4933,29342.204,64.9672,0.923469
greenhouse_v2,agrarian,8,17,2503380.68,56351.9154,15176.5922,1418.6528,34588.3033,72.3765,20897.9912,32545.2764,63.7623,0.918367
greenhouse_v2,agrarian,8,18,2742466.03,62426.1397,16719.0874,1553.9144,38413.23,71.3938,23308.3662,36208.8033,62.5072,0.913265
greenhouse_v2,agrarian,8,19,3010241.62,69364.1358,18473.4507,1708.4109,42788.5785,70.3515,26072.7217,40404.3266,61.201,0.908163
greenhouse_v2,agrarian,8,20,3425097.15,79975.1785,21179.7835,1944.6993,49460.1053,69.2497,30265.7683,46786.792,62.183,0.903061
greenhouse_v2,agrarian,8,21,3760994.86,89102.3998,23463.6283,2147.9455,55237.0186,68.0883,33938.5319,52341.7179,58.1448,0.897959
greenhouse_v2,agrarian,8,22,4137200.29,99568.7711,26070.7892,2381.012,61871.7638,66.8673,38167.821,58729.0286,56.7023,0.892857
greenhouse_v2,agrarian,8,23,4558550.37,111589.7805,29051.3732,2648.6977,69504.0474,65.5868,43046.067,66085.4976,55.2063,0.887755
greenhouse_v2,agrarian,8,24,5030462.46,125419.8602,32464.2551,2956.6678,78299.0755,64.2468,48682.8377,74573.0413,53.6567,0.882653
greenhouse_v2,agrarian,8,25,5559004.0,141360.3331,36378.8596,3311.6329,88452.7613,62.8472,55208.3441,84383.8592,52.0542,0.877551
greenhouse_v2,agrarian,8,26,6150970.53,159769.4019,40877.3509,3721.5686,100198.3197,61.388,62777.9265,95746.9729,50.3992,0.872449
greenhouse_v2,agrarian,8,27,6813973.04,181074.37,46057.3506,4195.9908,113814.2949,59.8692,71577.4794,108936.1617,48.693,0.867347
greenhouse_v2,agrarian,8,28,7556535.85,205787.2082,52035.3047,4746.2999,129634.8751,58.2909,81830.5097,124280.2188,46.9365,0.862245
greenhouse_v2,agrarian,8,29,8388206.2,234524.0529,58950.7976,5386.2162,148062.7239,56.6531,93806.8296,142175.65,45.1312,0.857143
greenhouse_v2,agrarian,8,30,10336598.6,297251.7901,74273.5176,6783.0469,188089.8463,54.9556,119608.1088,180903.0078,48.6768,0.852041
greenhouse_v2,agrarian,8,31,11379845.89,337336.422,83784.6301,7675.6574,213912.237,53.1987,136516.535,206064.5635,40.4009,0.846939
greenhouse_v2,agrarian,8,32,12548282.85,384303.1139,94874.805,8721.5187,244214.9075,51.3821,156408.765,235625.5502,38.5589,0.841837
greenhouse_v2,agrarian,8,33,13856932.25,439531.6592,107851.7148,9951.3562,279903.8718,49.506,179896.399,270481.1675,36.6682,0.836735
greenhouse_v2,agrarian,8,34,15322619.58,504733.6565,123095.7084,11403.2838,322104.1579,47.5704,207740.0788,311743.8227,34.7317,0.831633
greenhouse_v2,agrarian,8,35,16964189.39,582049.9469,141080.9308,13124.9746,372224.3161,45.5752,240893.5868,360807.2416,32.7527,0.826531
greenhouse_v2,agrarian,8,36,18802747.57,674183.4602,162404.1039,15176.617,432044.3832,43.5204,280563.9954,419433.9019,30.7348,0.821429
greenhouse_v2,agrarian,8,37,20861932.73,784582.7784,187824.3046,17635.0055,503837.4175,41.4061,328294.7604,489875.8269,28.6822,0.816327
greenhouse_v2,agrarian,8,38,23168220.11,917700.9962,218318.9156,20599.3016,590541.0177,39.2322,386083.1219,575045.1485,26.5997,0.811224
greenhouse_v2,agrarian,8,39,25751261.98,1079367.4143,255164.0179,24199.3136,696003.552,36.9988,456548.5909,678758.9285,24.4925,0.806122
greenhouse_v2,agrarian,8,40,32611162.54,1454199.6244,341599.1007,32546.1325,939647.3203,34.7057,618414.916,917738.2622,28.1555,0.80102
greenhouse_v2,agrarian,8,41,35851330.26,1711447.0736,399467.1881,38274.5569,1108123.636,32.3532,731682.32,1083892.2774,19.2322,0.795918
greenhouse_v2,agrarian,8,42,39480318.11,2032392.5488,471337.8678,45421.4184,1318600.9384,29.9411,873485.8189,1291669.7393,17.2417,0.790816
greenhouse_v2,agrarian,8,43,43544784.5,2438389.6421,561845.4508,54462.2219,1585211.3134,27.4694,1053481.3156,1555112.3596,15.245,0.785714
greenhouse_v2,agrarian,8,44,48096986.86,2960697.07,677763.9178,66093.0409,1928650.8969,24.9382,1285818.7385,1894790.0379,13.2547,0.780612
greenhouse_v2,agrarian,8,45,53195453.5,3646831.8386,829377.7227,81371.9917,2380391.448,22.3474,1592026.8951,2341990.3917,11.2863,0.77551
greenhouse_v2,agrarian,8,46,58905736.13,4572506.6841,1033057.1229,101985.0561,2990594.1194,19.697,2006434.6068,2946591.3358,9.358,0.770408
greenhouse_v2,agrarian,8,47,65301252.68,5865855.7587,1316484.2789,130785.5447,3844169.7635,16.9871,2587172.6439,3793037.9416,7.4926,0.765306
greenhouse_v2,agrarian,8,48,72464231.22,7761755.8601,1730371.2321,173003.7293,5096791.3819,14.2176,3440844.1106,5036168.0781,5.7184,0.760204
greenhouse_v2,agrarian,8,49,80486767.18,10741236.9191,2378532.2844,239351.2546,7067317.4407,11.3886,4785839.8541,6993156.7483,4.0713,0.755102
greenhouse_v2,agrarian,8,50,104426823.37,18635059.3876,4098653.0376,415132.0626,12285508.63,8.5,8344935.8911,12173735.5096,4.5878,0.75
food_processing_v2,agrarian,9,1,1280538.6,19614.2189,3720.0,875.0,13066.7204,98.0,9236.3751,13699.2189,,1.0
food_processing_v2,agrarian,9,2,1343038.6,20537.2836,3875.1947,903.8249,13709.6897,97.9627,9713.21,14383.195,97.2053,0.994898
food_processing_v2,agrarian,9,3,1413038.6,21587.6643,4052.5048,936.6257,14440.7244,97.8509,10254.7486,15160.5482,95.7547,0.989797
food_processing_v2,agrarian,9,4,1491438.6,22781.366,4254.5417,973.9015,15271.0429,97.6645,10869.3788,16043.2468,94.4216,0.984694
food_processing_v2,agrarian,9,5,1579246.6,24136.6497,4484.2926,1016.2235,16213.4362,97.4036,11566.6574,17044.933,93.1755,0.979592
food_processing_v2,agrarian,9,6,1677591.56,25674.5025,4745.1613,1064.2464,17282.6325,97.0681,12357.6137,18181.3279,91.9803,0.974489
food_processing_v2,agrarian,9,7,1787737.92,27418.9323,5041.039,1118.7208,18495.4801,96.6581,13254.8666,19470.4168,90.8163,0.969388
food_processing_v2,agrarian,9,8,1911101.84,29397.5755,5376.3709,1180.5081,19871.4059,96.1735,14272.9959,20932.9519,89.6588,0.964286
food_processing_v2,agrarian,9,9,2049269.43,31642.0698,5756.2387,1250.5981,21432.6527,95.6144,15428.6996,22592.6966,88.4982,0.959184
food_processing_v2,agrarian,9,10,2237966.81,34710.4005,6280.8331,1346.4138,23562.3436,94.9807,17000.6569,24854.4708,88.6032,0.954082
food_processing_v2,agrarian,9,11,2411284.23,37604.7923,6768.1829,1436.7981,25577.8359,94.2724,18494.7614,26998.1981,85.9926,0.94898
food_processing_v2,agrarian,9,12,2605399.74,40892.3511,7320.3127,1539.4595,27868.3436,93.4896,20193.9523,29435.0486,84.7478,0.943877
food_processing_v2,agrarian,9,13,2822809.11,44628.9383,7946.0316,1656.1436,30473.2839,92.6323,22127.9597,32207.2035,83.4604,0.938776
food_processing_v2,agrarian,9,14,3066307.61,48879.2414,8655.484,1788.8688,33438.3532,91.7003,24331.2984,35363.5879,82.1224,0.933673
food_processing_v2,agrarian,9,15,3339025.93,53718.0888,9460.3618,1939.9732,36816.4458,90.6939,26843.9552,38960.8513,80.7315,0.928571
food_processing_v2,agrarian,9,16,3644470.45,59232.3911,10374.176,2112.1701,40669.0591,89.6129,29712.4787,43064.8857,79.2824,0.923469
food_processing_v2,agrarian,9,17,3986568.31,65523.1418,11412.5582,2308.6137,45067.7138,88.4573,32991.0624,47752.3525,77.7733,0.918367
food_processing_v2,agrarian,9,18,4369717.91,72708.0263,12593.6359,2532.9784,50095.8284,87.2272,36742.9888,53112.7025,76.2014,0.913265
food_processing_v2,agrarian,9,19,4798845.47,80924.403,13938.4754,2789.5542,55850.8449,85.9225,41042.2551,59250.4628,74.5658,0.908163
food_processing_v2,agrarian,9,20,5444590.3,93148.0038,15953.7482,3171.2652,64400.0016,84.5433,47416.5155,68361.9829,75.5332,0.903061
food_processing_v2,agrarian,9,21,5982887.91,103983.2514,17708.9112,3509.6209,72005.3058,83.0895,53113.6134,76480.9121,70.7792,0.897959
food_processing_v2,agrarian,9,22,6585781.23,116425.4134,19715.2225,3898.1568,80746.4696,81.5612,59669.3401,85816.3099,68.9717,0.892857
food_processing_v2,agrarian,9,23,7261021.75,130736.5555,22012.1328,4345.0557,90810.0493,79.9584,67225.9896,96568.6103,67.0974,0.887755
food_processing_v2,agrarian,9,24,8017291.13,147226.7197,24646.1197,4859.9997,102416.9223,78.2809,75952.1965,108975.203,65.157,0.882653
food_processing_v2,agrarian,9,25,8864312.83,166264.0255,27672.1277,5454.484,115829.55,76.5289,86048.5449,123318.2718,63.1511,0.877551
food_processing_v2,agrarian,9,26,9812977.14,188287.1058,31155.3422,6142.2064,131360.9148,74.7024,97754.465,139934.4358,61.0806,0.872449
food_processing_v2,agrarian,9,27,10875481.17,213820.7194,35173.4184,6939.5537,149385.7402,72.8013,111356.8943,159226.857,58.9467,0.867347
food_processing_v2,agrarian,9,28,12065485.68,243495.4046,39819.2743,7866.2155,170354.6259,70.8257,127201.1967,181680.4949,56.751,0.862245
food_processing_v2,agrarian,9,29,13398290.73,278072.3695,45204.6365,8945.9621,194811.9407,68.7755,145704.9788,207881.416,54.4952,0.857143
food_processing_v2,agrarian,9,30,16457664.21,351946.7946,56873.4172,11252.8641,246923.8466,66.6508,184994.4458,263639.6234,58.7078,0.852041
food_processing_v2,agrarian,9,31,18129534.86,400403.9969,64316.4936,12766.0543,281289.6606,64.4515,211082.4028,300499.4674,48.6492,0.846939
food_processing_v2,agrarian,9,32,20002029.99,457320.3803,73016.3906,14543.402,321691.7113,62.1776,241788.3163,343851.5458,46.3465,0.841837
food_processing_v2,agrarian,9,33,22099224.54,524427.4292,83223.3304,16638.9768,369371.6562,59.8292,278067.971,395034.2629,43.9848,0.836735
food_processing_v2,agrarian,9,34,24448082.43,603883.4137,95248.1522,19120.1761,425878.1242,57.4063,321114.3265,455717.3539,41.5679,0.831633
food_processing_v2,agrarian,9,35,27078803.27,698402.4906,109480.4668,22071.7564,493159.7327,54.9088,372429.536,528002.3599,39.1001,0.826531
food_processing_v2,agrarian,9,36,30025210.61,811432.0747,126413.6278,25601.37,573692.8569,52.3367,433923.8481,614560.6284,36.5863,0.821429
food_processing_v2,agrarian,9,37,33325186.83,947400.4878,146679.5033,29847.3027,670660.1031,49.6901,508053.8326,718826.1161,34.0319,0.816327
food_processing_v2,agrarian,9,38,37021160.2,1112069.8577,171098.0446,34989.4903,788204.6209,46.969,598019.329,845270.1135,31.4432,0.811224
food_processing_v2,agrarian,9,39,41160650.38,1313049.4815,200749.2941,41265.5504,931800.1342,44.1733,708050.0937,999801.0166,28.8274,0.806122
food_processing_v2,agrarian,9,40,52055712.27,1773791.7192,269474.78,55653.3078,1260337.3593,41.303,959167.8975,1353043.5481,33.1623,0.80102
food_processing_v2,agrarian,9,41,57248288.75,2097943.9692,316689.9872,65775.7223,1492466.0859,38.3582,1137544.4722,1603104.3933,22.3694,0.795918
food_processing_v2,agrarian,9,42,63063974.4,2505499.4672,375787.0976,78502.5987,1784552.5007,35.3388,1362216.3286,1917865.962,19.9108,0.790816
food_processing_v2,agrarian,9,43,69577542.33,3025871.6566,450907.1036,94752.4414,2157784.5371,32.2449,1649584.2284,2320212.8167,17.4518,0.785714
food_processing_v2,agrarian,9,44,76872738.41,3702993.5632,548226.7714,115897.1615,2643816.5784,29.0764,2024157.5321,2844337.5502,15.0097,0.780612
food_processing_v2,agrarian,9,45,85043358.02,4605335.7378,677361.8544,144074.9131,3291992.1042,25.8334,2524150.8956,3543544.764,12.6056,0.77551
food_processing_v2,agrarian,9,46,94194451.99,5845509.6483,854112.7031,182802.2528,4183477.3824,22.5158,3212436.4113,4505522.443,10.265,0.770408
food_processing_v2,agrarian,9,47,104443677.23,7622178.9499,1106333.978,238282.9198,5461478.9853,19.1237,4199959.2731,5884991.9309,8.0197,0.765306
food_processing_v2,agrarian,9,48,115922809.5,10320815.7271,1488045.2724,322554.1844,7403888.1551,15.657,5702030.4886,7982200.2059,5.9097,0.760204
food_processing_v2,agrarian,9,49,128779437.64,14799114.6806,2119401.8161,462399.5754,10629062.5616,12.1158,8197789.445,11465267.4834,3.9863,0.755102
food_processing_v2,agrarian,9,50,167265757.72,27366285.7366,3892683.0473,854838.9752,19678324.4313,8.5,15199165.0431,21237489.0844,4.253,0.75
agro_holding_v2,agrarian,10,1,3545980.6,42420.615,5429.6,2450.0,30050.6831,118.0,23342.092,32031.015,,1.0
agro_holding_v2,agrarian,10,2,3720980.6,44452.4776,5660.6349,2532.1446,31545.9373,117.9544,24538.8851,33642.8951,117.0369,0.994897
agro_holding_v2,agrarian,10,3,3916980.6,46764.0194,5924.4537,2625.5969,33246.1527,117.8176,25898.9379,35475.2073,115.2795,0.989796
agro_holding_v2,agrarian,10,4,4136500.6,49390.5766,6224.955,2731.7856,35177.4374,117.5896,27443.2433,37556.1587,113.6653,0.984694
agro_holding_v2,agrarian,10,5,4382363.0,52372.7034,6566.6071,2852.3474,37369.7615,117.2703,29195.9046,39918.1322,112.1469,0.979592
agro_holding_v2,agrarian,10,6,4657728.89,55756.7655,6954.4977,2989.1593,39857.4044,116.8598,31184.5065,42598.1775,110.6935,0.97449
agro_holding_v2,agrarian,10,7,4966138.68,59596.0009,7394.4474,3144.3746,42679.7456,116.3582,33440.755,45638.8676,109.2745,0.969388
agro_holding_v2,agrarian,10,8,5311557.65,63951.6648,7893.1127,3320.4665,45882.1345,115.7653,36001.1963,49089.2509,107.8629,0.964285
agro_holding_v2,agrarian,10,9,5698426.9,68894.0058,8458.1223,3520.278,49516.5768,115.0812,38907.7432,53005.5777,106.4453,0.959183
agro_holding_v2,agrarian,10,10,6209444.05,75437.2584,9212.1797,3784.8119,54323.0321,114.3059,42746.7252,58181.6526,106.3189,0.954082
agro_holding_v2,agrarian,10,11,6694732.83,81814.5615,9937.5308,4042.6373,59015.9223,113.4394,46502.7157,63240.4634,103.4094,0.94898
agro_holding_v2,agrarian,10,12,7238256.27,89061.36,10759.5886,4335.6125,64350.5583,112.4816,50774.0927,68992.2075,101.8858,0.943877
agro_holding_v2,agrarian,10,13,7847002.52,97301.9887,11691.6065,4668.7685,70419.2039,111.4327,55635.4127,75536.8081,100.3101,0.938775
agro_holding_v2,agrarian,10,14,8528798.32,106680.508,12748.8474,5047.9283,77328.8471,110.2926,61173.207,82990.1845,98.6731,0.933673
agro_holding_v2,agrarian,10,15,9292409.61,117363.9702,13948.9302,5479.8435,85203.6209,109.0612,67487.9373,91486.8734,96.9693,0.928571
agro_holding_v2,agrarian,10,16,10147654.26,129546.28,15312.2267,5972.3567,94187.676,107.7387,74696.3272,101183.1477,95.1958,0.923469
agro_holding_v2,agrarian,10,17,11105528.27,143453.2847,16862.3395,6534.5948,104449.0248,106.3249,82934.5237,112261.2141,93.3478,0.918367
agro_holding_v2,agrarian,10,18,12178347.16,159348.2043,18626.6609,7177.202,116183.577,104.8199,92361.3701,124933.5931,91.4239,0.913265
agro_holding_v2,agrarian,10,19,13379904.32,177538.8003,20637.0734,7912.6196,129620.5233,103.2237,103162.8105,139448.9838,89.4219,0.908163
agro_holding_v2,agrarian,10,20,15120325.5,203679.4014,23542.6424,8969.4437,148915.5643,101.5362,118660.1137,160284.0029,90.2004,0.903061
agro_holding_v2,agrarian,10,21,16627558.8,227696.1295,26169.9662,9940.4034,166679.6112,99.7576,132961.551,179487.8863,84.8474,0.897959
agro_holding_v2,agrarian,10,22,18315660.09,255299.7752,29175.8361,11056.3768,187108.7791,97.8878,149419.6891,201580.1325,82.6319,0.892857
agro_holding_v2,agrarian,10,23,20206333.54,287080.4515,32620.2767,12341.2193,210643.4914,95.9267,168392.727,227039.227,80.3355,0.887755
agro_holding_v2,agrarian,10,24,22323887.8,323737.3775,36574.1059,13823.202,237805.8605,93.8744,190305.5411,256432.5615,77.9591,0.882653
agro_holding_v2,agrarian,10,25,24695548.57,366102.2094,41121.1788,15535.9465,269217.2232,91.7309,215664.0529,290435.5515,75.5033,0.877551
agro_holding_v2,agrarian,10,26,27351808.63,415167.6744,46361.1771,17519.5878,305619.6113,89.4962,245072.7861,329855.026,72.9694,0.872449
agro_holding_v2,agrarian,10,27,30326819.9,472123.7556,52413.0636,19822.2343,347902.9582,87.1703,279257.1748,375658.9031,70.3589,0.867347
agro_holding_v2,agrarian,10,28,33658832.52,538403.2092,59419.5226,22501.8113,397139.2315,84.7532,319091.4722,429013.369,67.6739,0.862245
agro_holding_v2,agrarian,10,29,37390686.66,615739.7657,67552.477,25628.408,454626.2263,82.2449,365634.6891,491330.6656,64.9165,0.857143
agro_holding_v2,agrarian,10,30,45632223.52,775165.3028,84536.7599,32073.7367,572942.6814,79.6454,461253.3657,619475.0826,69.6567,0.852041
agro_holding_v2,agrarian,10,31,50313461.34,883770.5614,95803.7337,36464.4801,653807.0423,76.9546,526846.3684,707214.1179,57.89,0.846939
agro_holding_v2,agrarian,10,32,55556447.71,1011564.7427,108996.4672,41631.0006,749015.4291,74.1726,604126.0927,810550.2974,55.0685,0.841837
agro_holding_v2,agrarian,10,33,61428592.45,1162535.0028,124504.3984,47734.4969,861557.6135,71.2995,695536.9077,932740.1107,52.1773,0.836735
agro_holding_v2,agrarian,10,34,68005394.55,1341669.7515,142813.0965,54976.638,995175.6148,68.3351,804139.5185,1077860.2601,49.2209,0.831633
agro_holding_v2,agrarian,10,35,75371412.91,1555267.6865,164533.7389,63612.0721,1154596.0317,65.2795,933801.4688,1251061.082,46.205,0.826531
agro_holding_v2,agrarian,10,36,83621353.47,1811365.8176,190443.8064,73965.7246,1345851.9694,62.1327,1089461.22,1458917.7656,43.1356,0.821429
agro_holding_v2,agrarian,10,37,92861286.91,2120341.8817,221544.3489,86457.1503,1576736.1328,58.8946,1277499.8318,1709924.6769,40.0198,0.816327
agro_holding_v2,agrarian,10,38,103210012.34,2495779.3413,259142.1842,101635.5072,1857451.4355,55.5654,1506274.6896,2015205.1857,36.8656,0.811224
agro_holding_v2,agrarian,10,39,114800584.83,2955738.3917,304970.5384,120230.9424,2201567.1124,52.1449,1786903.9633,2389554.8769,33.6822,0.806122
agro_holding_v2,agrarian,10,40,144915378.97,3997155.3271,409812.7643,162333.8209,2979757.6054,48.6333,2420671.2943,3235560.1566,38.6985,0.80102
agro_holding_v2,agrarian,10,41,159454593.09,4746305.8484,483520.7571,192620.8209,3541042.9152,45.0304,2879142.7222,3846641.893,25.9034,0.795918
agro_holding_v2,agrarian,10,42,175738512.93,5693981.4543,576345.025,230933.8825,4251431.2158,41.3363,3459733.7435,4620269.2898,22.9226,0.790816
agro_holding_v2,agrarian,10,43,193976503.14,6912997.9788,695219.5146,280216.8402,5165678.6129,37.551,4207352.271,5616174.9691,19.9486,0.785714
agro_holding_v2,agrarian,10,44,214403052.17,8513899.9388,850657.5821,344938.8359,6366924.0631,33.6745,5190194.742,6925060.8268,17.0045,0.780612
agro_holding_v2,agrarian,10,45,237280787.09,10672523.1167,1059364.7006,432208.6402,7987426.3051,29.7068,6516762.8023,8691225.7818,14.1177,0.77551
agro_holding_v2,agrarian,10,46,262903850.19,13685760.2341,1349524.2023,554029.1655,10250519.9737,25.6479,8370292.7183,11158347.6966,11.3221,0.770408
agro_holding_v2,agrarian,10,47,291601680.87,18096099.1386,1772601.1645,732332.3619,13564314.0826,21.4977,11085645.2022,14771726.0728,8.6601,0.765306
agro_holding_v2,agrarian,10,48,323743251.23,25009451.6688,2433465.7755,1011828.5357,18760816.9011,17.2564,15345534.1361,20439212.7767,6.1852,0.760204
agro_holding_v2,agrarian,10,49,359741810.03,37078325.643,3583576.1247,1499754.4863,27835645.6779,12.9238,22787541.841,30338376.4831,3.9669,0.755102
agro_holding_v2,agrarian,10,50,466949806.8,73120075.5609,7019218.6438,2956866.8142,54935271.3895,8.5,45010365.6687,59899139.8752,3.9561,0.75
diesel_power_station,power_engineer,1,1,11000.0,1311.7011,39.3333,8.0,1100.0,10.0,982.3609,1247.7011,,1.0
diesel_power_station,power_engineer,1,2,11550.0,1377.0291,41.0816,8.2789,1155.0717,9.9994,1031.722,1310.2611,9.987,0.994898
diesel_power_station,power_engineer,1,3,12166.0,1450.3808,43.0481,8.5921,1216.9044,9.9975,1087.1405,1380.4999,9.9624,0.989796
diesel_power_station,power_engineer,1,4,12855.92,1532.7241,45.2576,8.9436,1286.315,9.9944,1149.3493,1459.346,9.9397,0.984694
diesel_power_station,power_engineer,1,5,13628.63,1625.1531,47.7381,9.3382,1364.2268,9.99,1219.1771,1547.8488,9.9177,0.979592
diesel_power_station,power_engineer,1,6,14494.07,1728.8929,50.5209,9.7811,1451.6741,9.9844,1297.5519,1647.1838,9.8967,0.97449
diesel_power_station,power_engineer,1,7,15463.36,1845.3235,53.6409,10.2782,1549.8219,9.9775,1385.5193,1758.6752,9.8758,0.969388
diesel_power_station,power_engineer,1,8,16548.96,1975.9925,57.1369,10.836,1659.977,9.9694,1484.2526,1883.809,9.8552,0.964286
diesel_power_station,power_engineer,1,9,17764.83,2122.646,61.0528,11.4621,1783.614,9.96,1595.0755,2024.2612,9.8342,0.959184
diesel_power_station,power_engineer,1,10,22377.26,2675.5503,76.5463,13.8226,2249.1078,9.9494,2011.7981,2552.7464,9.9087,0.954081
diesel_power_station,power_engineer,1,11,23902.45,2860.6995,81.4057,14.6131,2405.2722,9.9375,2151.838,2730.1868,9.7666,0.94898
diesel_power_station,power_engineer,1,12,25610.67,3068.5281,86.8504,15.5004,2580.5743,9.9244,2309.0466,2929.3764,9.7444,0.943878
diesel_power_station,power_engineer,1,13,27523.87,3301.8273,92.9484,16.4964,2777.3727,9.91,2485.5428,3152.9976,9.7216,0.938775
diesel_power_station,power_engineer,1,14,29666.66,3563.7386,99.7762,17.6145,2998.3226,9.8944,2683.7121,3404.0698,9.6981,0.933674
diesel_power_station,power_engineer,1,15,32066.58,3857.7944,107.4188,18.8699,3246.4099,9.8776,2906.2374,3685.9892,9.6737,0.928571
diesel_power_station,power_engineer,1,16,34754.49,4187.9745,115.9718,20.2796,3524.9991,9.8594,3156.1424,4002.5826,9.6483,0.923469
diesel_power_station,power_engineer,1,17,37764.95,4558.7557,125.5419,21.8625,3837.8756,9.8401,3436.8292,4358.1556,9.6219,0.918367
diesel_power_station,power_engineer,1,18,41136.67,4975.1815,136.2485,23.6404,4189.3045,9.8195,3752.132,4757.5602,9.5943,0.913265
diesel_power_station,power_engineer,1,19,44912.99,5442.9288,148.2253,25.6373,4584.0876,9.7976,4106.3677,5206.2588,9.5656,0.908163
diesel_power_station,power_engineer,1,20,59569.44,7234.2325,195.9005,33.2849,6094.391,9.7745,5460.2504,6922.0385,9.7043,0.903061
diesel_power_station,power_engineer,1,21,64306.46,7827.5819,210.7706,35.818,6595.4641,9.7501,5910.0915,7491.6836,9.4538,0.897959
diesel_power_station,power_engineer,1,22,69611.92,8494.1451,227.4194,38.6638,7158.4139,9.7245,6415.5232,8131.6978,9.4244,0.892857
diesel_power_station,power_engineer,1,23,75554.04,9243.0714,246.0568,41.8611,7790.9835,9.6976,6983.5108,8850.8921,9.3936,0.887755
diesel_power_station,power_engineer,1,24,82209.21,10084.668,266.9178,45.4541,8501.8976,9.6695,7621.9036,9659.1954,9.3614,0.882653
diesel_power_station,power_engineer,1,25,89663.0,11030.558,290.2657,49.4924,9300.9959,9.6402,8339.5554,10567.8059,9.3278,0.877551
diesel_power_station,power_engineer,1,26,98011.25,12093.8439,316.3954,54.0318,10199.3725,9.6095,9146.4502,11589.3508,9.2926,0.872449
diesel_power_station,power_engineer,1,27,107361.29,13289.2956,345.6373,59.1355,11209.5348,9.5777,10053.8449,12738.0662,9.256,0.867347
diesel_power_station,power_engineer,1,28,117833.33,14633.5754,378.3615,64.8746,12345.5952,9.5446,11074.4435,14030.0167,9.2179,0.862245
diesel_power_station,power_engineer,1,29,129562.01,16145.4763,414.9826,71.3293,13623.473,9.5102,12222.5778,15483.3242,9.1782,0.857143
diesel_power_station,power_engineer,1,30,183724.56,22976.366,587.0399,100.4922,19391.2855,9.4746,17400.0407,22040.0882,9.3905,0.852041
diesel_power_station,power_engineer,1,31,198437.02,24909.0737,632.6091,108.7434,21025.9173,9.4377,18869.6018,23899.6664,9.0005,0.846939
diesel_power_station,power_engineer,1,32,214914.98,27082.3801,683.6606,118.0219,22864.207,9.3996,20522.3913,25991.011,8.9637,0.841837
diesel_power_station,power_engineer,1,33,233370.29,29526.7943,740.8494,128.4577,24932.0138,9.3603,22381.7036,28343.5679,8.9251,0.836735
diesel_power_station,power_engineer,1,34,254040.24,32276.7573,804.9099,140.198,27258.535,9.3197,24473.8429,30990.5858,8.8845,0.831633
diesel_power_station,power_engineer,1,35,277190.58,35371.1719,876.6662,153.4089,29876.7542,9.2778,26828.5293,33969.6281,8.842,0.826531
diesel_power_station,power_engineer,1,36,303118.96,38853.9771,957.0423,168.2779,32823.9315,9.2347,29479.3403,37323.1305,8.7977,0.821429
diesel_power_station,power_engineer,1,37,332158.75,42774.8185,1047.0754,185.017,36142.1717,9.1903,32464.2247,41099.0501,8.7516,0.816327
diesel_power_station,power_engineer,1,38,364683.32,47189.7986,1147.929,203.8658,39879.0633,9.1447,35826.0796,45351.5932,8.7036,0.811224
diesel_power_station,power_engineer,1,39,401110.83,52162.3304,1260.9093,225.0948,44088.4038,9.0979,39613.4055,50142.0426,8.654,0.806122
diesel_power_station,power_engineer,1,40,534562.6,69874.7059,1678.3767,300.7136,59069.1855,9.0498,53081.4861,67184.439,8.9082,0.80102
diesel_power_station,power_engineer,1,41,580257.27,76251.3141,1819.8757,327.9371,64470.0462,9.0004,57943.3007,73332.3676,8.4606,0.795918
diesel_power_station,power_engineer,1,42,631435.3,83432.3912,1978.5005,358.595,70552.9073,8.9498,63419.5672,80256.948,8.4135,0.790816
diesel_power_station,power_engineer,1,43,688754.7,91521.7795,2156.3287,393.1307,77405.9185,8.898,69589.7998,88058.6215,8.3641,0.785714
diesel_power_station,power_engineer,1,44,752952.43,100636.9901,2355.6939,432.046,85128.8477,8.8449,76544.0052,96851.0748,8.3126,0.780612
diesel_power_station,power_engineer,1,45,824853.88,110911.0494,2579.2188,475.9087,93834.6521,8.7905,84384.1027,106763.0326,8.259,0.77551
diesel_power_station,power_engineer,1,46,905383.51,122494.5786,2829.8512,525.3618,103651.2481,8.7349,93225.5243,117940.2761,8.2034,0.770408
diesel_power_station,power_engineer,1,47,995576.69,135558.1737,3110.905,581.1338,114723.5374,8.6781,103199.0476,130547.9548,8.1458,0.765306
diesel_power_station,power_engineer,1,48,1096593.05,150295.1086,3426.1068,644.0497,127215.7083,8.62,114452.877,144773.212,8.0864,0.760204
diesel_power_station,power_engineer,1,49,1209731.38,166924.415,3779.648,715.0446,141313.8585,8.5606,127155.0154,160828.1766,8.025,0.755102
diesel_power_station,power_engineer,1,50,1608536.34,223499.8105,5026.4837,956.5799,189239.5698,8.5,170303.5429,215386.8809,8.3213,0.75
small_gas_chp,power_engineer,2,1,33493.55,3130.6143,358.3333,22.4,2392.3964,14.0,1944.5914,2683.2143,,1.0
small_gas_chp,power_engineer,2,2,35093.55,3278.1633,373.3074,23.139,2507.0937,13.9977,2039.4306,2812.2644,13.9498,0.994897
small_gas_chp,power_engineer,2,3,36885.55,3444.5711,390.2461,23.9725,2636.4066,13.9908,2146.3152,2957.7485,13.8579,0.989796
small_gas_chp,power_engineer,2,4,38892.59,3632.1481,409.3761,24.912,2782.1382,13.9794,2266.7423,3121.697,13.7722,0.984694
small_gas_chp,power_engineer,2,5,41140.47,3843.4959,430.9525,25.9705,2946.3184,13.9633,2402.3975,3306.3957,13.6915,0.979592
small_gas_chp,power_engineer,2,6,43658.1,4081.554,455.2611,27.1629,3131.2432,13.9427,2555.1887,3514.4303,13.6143,0.97449
small_gas_chp,power_engineer,2,7,46477.85,4349.6567,482.6256,28.5057,3339.5171,13.9175,2727.2813,3748.7347,13.5387,0.969388
small_gas_chp,power_engineer,2,8,49635.97,4651.5669,513.4078,30.0178,3574.0829,13.8878,2921.1239,4012.6235,13.4637,0.964285
small_gas_chp,power_engineer,2,9,53173.06,4991.5422,548.0171,31.7206,3838.2699,13.8534,3139.4875,4309.8478,13.3886,0.959184
small_gas_chp,power_engineer,2,10,61849.22,5817.2699,635.2759,35.8564,4477.1397,13.8144,3665.0457,5027.9467,13.5805,0.954082
small_gas_chp,power_engineer,2,11,66286.15,6249.6015,678.8392,38.0218,4813.4842,13.7709,3943.4006,5406.4448,13.1916,0.94898
small_gas_chp,power_engineer,2,12,71255.51,6736.6374,727.8076,40.4611,5192.4807,13.7228,4257.1374,5832.9626,13.1119,0.943878
small_gas_chp,power_engineer,2,13,76821.19,7285.3996,782.8397,43.2097,5619.6347,13.6701,4610.8505,6313.7056,13.0297,0.938776
small_gas_chp,power_engineer,2,14,83054.75,7903.8525,844.6784,46.3072,6101.1942,13.6129,5009.7572,6855.7174,12.9445,0.933673
small_gas_chp,power_engineer,2,15,90036.34,8601.0278,914.1624,49.7991,6644.2476,13.551,5459.7794,7466.9895,12.8562,0.928572
small_gas_chp,power_engineer,2,16,97855.72,9387.1876,992.2375,53.7367,7256.8557,13.4846,5967.6571,8156.6111,12.7641,0.923469
small_gas_chp,power_engineer,2,17,106613.43,10273.9811,1079.973,58.1783,7948.172,13.4136,6541.0472,8934.9047,12.6682,0.918367
small_gas_chp,power_engineer,2,18,116422.06,11274.6506,1178.5763,63.1902,8728.6092,13.338,7188.6659,9813.6142,12.5681,0.913265
small_gas_chp,power_engineer,2,19,127407.73,12404.2545,1289.4138,68.848,9610.0137,13.2578,7920.435,10806.1019,12.4638,0.908163
small_gas_chp,power_engineer,2,20,154969.16,15173.0387,1568.3662,82.7157,11764.1024,13.1731,9703.1659,13230.1677,12.7949,0.903061
small_gas_chp,power_engineer,2,21,168749.58,16623.4836,1708.5839,89.9804,12897.6798,13.0837,10645.9307,14507.0433,12.1566,0.897959
small_gas_chp,power_engineer,2,22,184183.65,18262.3758,1866.3663,98.189,14179.1039,12.9898,11712.1623,15950.5897,12.0445,0.892857
small_gas_chp,power_engineer,2,23,201469.81,20115.0608,2043.9588,107.4683,15628.3614,12.8913,12918.6422,17583.3623,11.9276,0.887755
small_gas_chp,power_engineer,2,24,220830.31,22210.4561,2243.9088,117.9633,17268.2681,12.7882,14284.5384,19431.1126,11.8059,0.882653
small_gas_chp,power_engineer,2,25,242514.07,24581.574,2469.1059,129.8393,19124.8871,12.6805,15831.7611,21523.2603,11.6792,0.877551
small_gas_chp,power_engineer,2,26,266799.88,27266.107,2722.832,143.2851,21227.9912,12.5683,17585.3525,23893.4165,11.5476,0.872449
small_gas_chp,power_engineer,2,27,293999.98,30307.1638,3008.8171,158.5165,23611.6523,12.4515,19573.9888,26580.0503,11.4111,0.867347
small_gas_chp,power_engineer,2,28,324464.1,33754.0516,3331.3032,175.7806,26314.862,12.3301,21830.5059,29627.1905,11.2696,0.862245
small_gas_chp,power_engineer,2,29,358583.91,37663.2308,3695.119,195.3601,29382.294,12.2041,24392.5461,33085.2877,11.1232,0.857143
small_gas_chp,power_engineer,2,30,470209.67,49886.8333,4865.2368,256.5833,38945.5615,12.0735,32355.0282,43859.8529,11.6723,0.852041
small_gas_chp,power_engineer,2,31,513009.56,55007.2817,5332.4873,282.2296,42971.5313,11.9384,35724.8648,48400.4741,10.631,0.846939
small_gas_chp,power_engineer,2,32,560945.44,60819.1794,5860.384,311.339,47543.287,11.7986,39553.4285,53557.1524,10.4852,0.841837
small_gas_chp,power_engineer,2,33,614633.62,67420.7652,6457.1237,344.4038,52738.7369,11.6543,43906.5229,59417.9125,10.3337,0.836735
small_gas_chp,power_engineer,2,34,674764.38,74925.0481,7132.08,381.9897,58647.5512,11.5054,48859.9288,66084.0798,10.1765,0.831633
small_gas_chp,power_engineer,2,35,742110.83,83462.18,7895.985,424.7488,65373.0582,11.3519,54501.0177,73672.4257,10.0136,0.826531
small_gas_chp,power_engineer,2,36,817538.86,93182.2333,8761.1389,473.4327,73034.4657,11.1939,60930.6456,82317.6824,9.8452,0.821429
small_gas_chp,power_engineer,2,37,902018.25,104258.4468,9741.6565,528.909,81769.4568,11.0312,68265.3638,92175.4802,9.6714,0.816327
small_gas_chp,power_engineer,2,38,996635.17,116891.086,10853.7569,592.1809,91737.2789,10.864,76640.0526,103425.8446,9.4922,0.811224
small_gas_chp,power_engineer,2,39,1102606.12,131311.9632,12116.1032,664.4093,103122.3621,10.6922,86211.0065,116277.292,9.3079,0.806122
small_gas_chp,power_engineer,2,40,1427081.98,172691.1832,15833.2984,871.6614,135708.0144,10.5158,113531.3376,153040.4935,9.9576,0.80102
small_gas_chp,power_engineer,2,41,1560011.94,191957.6409,17487.655,968.1594,150946.5891,10.3349,126366.4709,170248.3094,8.7233,0.795918
small_gas_chp,power_engineer,2,42,1708893.49,213982.4798,19369.1916,1078.473,168375.2892,10.1493,141053.7234,189931.2446,8.5423,0.790816
small_gas_chp,power_engineer,2,43,1875640.83,239190.474,21511.2764,1204.7298,188332.787,9.9592,157880.7348,212472.3699,8.3551,0.785714
small_gas_chp,power_engineer,2,44,2062397.85,268077.2625,23952.6179,1349.4122,211214.4522,9.7645,177183.4709,238318.9314,8.1619,0.780612
small_gas_chp,power_engineer,2,45,2271565.71,301222.3313,26738.2102,1515.4227,237482.7676,9.5652,199355.1271,267994.1477,7.9627,0.77551
small_gas_chp,power_engineer,2,46,2505833.72,339304.645,29920.4643,1706.1618,267679.8764,9.3613,224856.8578,302111.4209,7.758,0.770408
small_gas_chp,power_engineer,2,47,2768213.89,383121.5271,33560.5744,1925.6231,302442.7367,9.1529,254230.7369,341391.5017,7.5477,0.765306
small_gas_chp,power_engineer,2,48,3062079.68,433611.5765,37730.1658,2178.5077,342521.5256,8.9398,288115.5048,386683.3373,7.3322,0.760204
small_gas_chp,power_engineer,2,49,3391209.36,491882.63,42513.2963,2470.3642,388802.1035,8.7222,327265.7954,438989.5191,7.1116,0.755102
small_gas_chp,power_engineer,2,50,4449977.55,661897.9519,56821.1406,3321.9032,523526.77,8.5,440964.7474,591183.5331,7.8588,0.75
wind_park_v2,power_engineer,3,1,77509.2,4507.0517,0,52.5,3875.46,20.0,3553.1414,4454.5517,,1.0
wind_park_v2,power_engineer,3,2,81259.2,4725.468,0,54.2809,4063.9327,19.9952,3726.0934,4671.187,19.8968,0.994898
wind_park_v2,power_engineer,3,3,85459.2,4972.4544,0,56.2948,4277.0588,19.9808,3921.6687,4916.1596,19.7066,0.989796
wind_park_v2,power_engineer,3,4,90163.2,5251.5581,0,58.5706,4517.8991,19.9569,4142.6759,5192.9875,19.5316,0.984693
wind_park_v2,power_engineer,3,5,95431.68,5566.8173,0,61.1412,4789.9382,19.9234,4392.3127,5505.6761,19.3666,0.979592
wind_park_v2,power_engineer,3,6,101332.38,5922.8203,0,64.044,5097.1354,19.8803,4674.2122,5858.7763,19.2082,0.97449
wind_park_v2,power_engineer,3,7,107941.16,6324.7862,0,67.3216,5443.9942,19.8276,4992.5074,6257.4647,19.0532,0.969387
wind_park_v2,power_engineer,3,8,115343.0,6778.6418,0,71.0223,5835.629,19.7653,5351.8912,6707.6196,18.8999,0.964286
wind_park_v2,power_engineer,3,9,123633.06,7291.1477,0,75.2012,6277.8735,19.6935,5757.717,7215.9465,18.7454,0.959184
wind_park_v2,power_engineer,3,10,140457.8,8315.5285,0,83.5539,7161.8179,19.612,6568.8689,8231.9746,19.0337,0.954081
wind_park_v2,power_engineer,3,11,150856.85,8971.5614,0,88.9031,7727.9127,19.521,7088.346,8882.6583,18.3698,0.94898
wind_park_v2,power_engineer,3,12,162503.78,9712.9534,0,94.9483,8367.6644,19.4204,7675.4144,9618.005,18.2054,0.943878
wind_park_v2,power_engineer,3,13,175548.34,10551.1208,0,101.7827,9090.9241,19.3103,8339.1139,10449.3381,18.0358,0.938776
wind_park_v2,power_engineer,3,14,190158.25,11499.116,0,109.5125,9908.955,19.1905,9089.7803,11389.6035,17.8599,0.933673
wind_park_v2,power_engineer,3,15,206521.35,12571.8574,0,118.2595,10834.6301,19.0612,9939.2264,12453.5979,17.6769,0.928571
wind_park_v2,power_engineer,3,16,224848.02,13786.4222,0,128.163,11882.6856,18.9223,10900.9748,13658.2593,17.4864,0.923469
wind_park_v2,power_engineer,3,17,245373.89,15162.353,0,139.3822,13069.9846,18.7738,11990.5002,15022.9708,17.2879,0.918368
wind_park_v2,power_engineer,3,18,268362.87,16722.0723,0,152.0999,14415.876,18.6158,13225.5579,16569.9724,17.0809,0.913265
wind_park_v2,power_engineer,3,19,294110.52,18491.2974,0,166.526,15942.5512,18.4481,14626.512,18324.7715,16.8652,0.908163
wind_park_v2,power_engineer,3,20,348429.23,22115.7828,0,196.0797,19070.1417,18.2709,17496.5466,21919.7032,17.3676,0.903061
wind_park_v2,power_engineer,3,21,380727.09,24413.7888,0,214.8173,21053.1052,18.0841,19316.2137,24198.9715,16.2877,0.897959
wind_park_v2,power_engineer,3,22,416900.69,27025.1745,0,236.1103,23306.4859,17.8878,21384.0294,26789.0643,16.053,0.892857
wind_park_v2,power_engineer,3,23,457415.12,29995.1143,0,260.3268,25869.2651,17.6818,23735.7646,29734.7875,15.8088,0.887755
wind_park_v2,power_engineer,3,24,502791.28,33375.7366,0,287.892,28786.4248,17.4663,26412.6972,33087.8446,15.5549,0.882653
wind_park_v2,power_engineer,3,25,553612.58,37227.2963,0,319.2972,32109.9591,17.2411,29462.5398,36907.999,15.2913,0.877551
wind_park_v2,power_engineer,3,26,610532.44,41619.5263,0,355.111,35900.0413,17.0065,32940.5101,41264.4153,15.0181,0.872449
wind_park_v2,power_engineer,3,27,674282.68,46633.2608,0,395.9925,40226.4235,16.7622,36910.6162,46237.2684,14.7352,0.867347
wind_park_v2,power_engineer,3,28,745682.95,52362.3635,0,442.7069,45170.1013,16.5083,41447.1839,51919.6566,14.4427,0.862245
wind_park_v2,power_engineer,3,29,825651.25,58915.9908,0,496.1444,50825.2664,16.2449,46636.6482,58419.8464,14.1408,0.857143
wind_park_v2,power_engineer,3,30,1055965.12,76633.7024,0,640.6127,66113.9881,15.9719,60666.3492,75993.0897,15.0643,0.852041
wind_park_v2,power_engineer,3,31,1156277.36,85423.1834,0,712.2812,73698.485,15.6893,67626.2656,84710.9023,13.226,0.846939
wind_park_v2,power_engineer,3,32,1268627.07,95499.9145,0,794.4457,82393.7578,15.3971,75605.4859,94705.4688,12.9208,0.841837
wind_park_v2,power_engineer,3,33,1394458.74,107068.7095,0,888.7764,92376.5418,15.0954,84766.1912,106179.9331,12.6049,0.836735
wind_park_v2,power_engineer,3,34,1535390.21,120370.245,0,997.2356,103854.5182,14.784,95298.9604,119373.0094,12.2784,0.831633
wind_park_v2,power_engineer,3,35,1693233.46,135688.0237,0,1122.1351,117072.3231,14.4631,107428.2839,134565.8886,11.9417,0.826531
wind_park_v2,power_engineer,3,36,1870017.9,153356.96,0,1266.2056,132318.9563,14.1327,121419.3623,152090.7543,11.595,0.821429
wind_park_v2,power_engineer,3,37,2068016.47,173773.8502,0,1432.6827,149936.8157,13.7926,137586.3975,172341.1675,11.2385,0.816327
wind_park_v2,power_engineer,3,38,2289774.87,197410.3393,0,1625.412,170332.8867,13.4429,156302.8594,195784.9273,10.8726,0.811224
wind_park_v2,power_engineer,3,39,2538144.28,224829.011,0,1848.9808,193992.6263,13.0837,178014.228,222980.0302,10.4976,0.806122
wind_park_v2,power_engineer,3,40,3264886.98,297587.3566,0,2442.2443,256776.2477,12.7149,235627.641,295145.1123,11.5754,0.80102
wind_park_v2,power_engineer,3,41,3576441.57,335981.3888,0,2755.305,289906.6929,12.3365,266029.8061,333226.0838,9.4039,0.795918
wind_park_v2,power_engineer,3,42,3925382.71,380733.3251,0,3120.2073,328523.4125,11.9486,301466.4528,377613.1178,9.036,0.790816
wind_park_v2,power_engineer,3,43,4316196.79,433045.2367,0,3546.7528,373663.681,11.551,342889.4365,429498.4839,8.6578,0.785714
wind_park_v2,power_engineer,3,44,4753908.55,494383.6326,0,4046.8993,426592.958,11.1439,391460.0068,490336.7333,8.2697,0.780612
wind_park_v2,power_engineer,3,45,5244145.73,566548.5347,0,4635.3239,488864.4934,10.7272,448603.5038,561913.2108,7.8726,0.77551
wind_park_v2,power_engineer,3,46,5793211.37,651764.2721,0,5330.1636,562397.6744,10.3009,516081.254,646434.1085,7.4669,0.770408
wind_park_v2,power_engineer,3,47,6408164.88,752800.2027,0,6153.9994,649582.1969,9.8651,596086.1628,746646.2033,7.0535,0.765306
wind_park_v2,power_engineer,3,48,7096912.82,873133.3637,0,7135.1826,753418.4175,9.4196,691371.5083,865998.1811,6.633,0.760204
wind_park_v2,power_engineer,3,49,7868310.51,1017170.836,0,8309.6482,877709.2333,8.9646,805427.0206,1008861.1877,6.2064,0.755102
wind_park_v2,power_engineer,3,50,10280686.75,1401666.1115,0,11444.7801,1209492.5583,8.5,1109888.1091,1390221.3314,7.2709,0.75
solar_park_v2,power_engineer,4,1,117902.08,4916.9869,0,77.0,4210.7886,28.0,3856.5895,4839.9869,,1.0
solar_park_v2,power_engineer,4,2,123402.08,5146.7577,0,79.5187,4408.4979,27.9919,4037.8874,5067.2389,27.8186,0.994897
solar_park_v2,power_engineer,4,3,129562.08,5407.1908,0,82.3736,4632.5909,27.9675,4243.379,5324.8172,27.4886,0.989796
solar_park_v2,power_engineer,4,4,136461.28,5702.1264,0,85.6067,4886.3721,27.9269,4476.0944,5616.5197,27.1856,0.984694
solar_park_v2,power_engineer,4,5,144188.38,6035.9259,0,89.2658,5173.5943,27.8701,4739.4749,5946.6601,26.9029,0.979592
solar_park_v2,power_engineer,4,6,152842.74,6413.5702,0,93.4055,5498.5432,27.797,5037.4506,6320.1646,26.633,0.97449
solar_park_v2,power_engineer,4,7,162535.62,6840.7285,0,98.0881,5866.0972,27.7076,5374.4947,6742.6404,26.3713,0.969388
solar_park_v2,power_engineer,4,8,173391.64,7323.8913,0,103.3845,6281.8409,27.602,5755.7285,7220.5068,26.1123,0.964286
solar_park_v2,power_engineer,4,9,185550.39,7870.4635,0,109.376,6752.1462,27.4802,6186.9948,7761.0875,25.8529,0.959183
solar_park_v2,power_engineer,4,10,209394.68,8923.5789,0,120.9202,7658.313,27.3421,7017.9429,8802.6586,26.3134,0.954082
solar_park_v2,power_engineer,4,11,224646.61,9626.0491,0,128.6207,8262.7627,27.1878,7572.2186,9497.4284,25.2328,0.948979
solar_park_v2,power_engineer,4,12,241728.78,10421.4652,0,137.3401,8947.1888,27.0173,8199.832,10284.1251,24.9584,0.943878
solar_park_v2,power_engineer,4,13,260860.8,11322.5669,0,147.2179,9722.5536,26.8305,8910.8356,11175.349,24.6749,0.938775
solar_park_v2,power_engineer,4,14,282288.67,12343.9529,0,158.4144,10601.4185,26.6274,9716.748,12185.5386,24.3813,0.933673
solar_park_v2,power_engineer,4,15,306287.88,13502.4098,0,171.1134,11598.2279,26.4082,10630.8144,13331.2964,24.076,0.928571
solar_park_v2,power_engineer,4,16,333167.0,14817.2416,0,185.5266,12729.592,26.1726,11668.2667,14631.715,23.7582,0.92347
solar_park_v2,power_engineer,4,17,363271.61,16310.678,0,201.8976,14014.6389,25.9209,12846.6448,16108.7804,23.4269,0.918368
solar_park_v2,power_engineer,4,18,396988.78,18008.3513,0,220.5075,15475.4241,25.6529,14186.1735,17787.8438,23.0815,0.913265
solar_park_v2,power_engineer,4,19,434752.0,19939.8519,0,241.6806,17137.409,25.3686,15710.2009,19698.1713,22.7218,0.908163
solar_park_v2,power_engineer,4,20,505130.51,23441.3661,0,280.0642,20150.3326,25.0681,18473.0287,23161.3019,23.3589,0.903061
solar_park_v2,power_engineer,4,21,552500.7,25965.2456,0,307.731,22322.0377,24.7514,20464.4655,25657.5146,21.8124,0.897959
solar_park_v2,power_engineer,4,22,605555.31,28844.0873,0,339.2888,24799.1747,24.4184,22735.9811,28504.7985,21.4177,0.892857
solar_park_v2,power_engineer,4,23,664976.48,32131.3733,0,375.3241,27627.7629,24.0691,25329.7746,31756.0493,21.0074,0.887755
solar_park_v2,power_engineer,4,24,731528.19,35889.3871,0,416.5194,30861.3949,23.7037,28294.9902,35472.8677,20.5811,0.882653
solar_park_v2,power_engineer,4,25,806066.1,40190.7426,0,463.6708,34562.5524,23.3219,31688.9232,39727.0717,20.1391,0.877551
solar_park_v2,power_engineer,4,26,889548.56,45120.312,0,517.7088,38804.2648,22.924,35578.5409,44602.6033,19.6813,0.872449
solar_park_v2,power_engineer,4,27,983048.91,50777.4972,0,579.7228,43672.0637,22.5098,40042.2749,50197.7743,19.2079,0.867347
solar_park_v2,power_engineer,4,28,1087769.31,57279.0175,0,650.9925,49266.3817,22.0793,45172.2215,56628.025,18.7191,0.862245
solar_park_v2,power_engineer,4,29,1205056.15,64762.2486,0,733.0236,55705.4257,21.6327,51076.7752,64029.225,18.2149,0.857143
solar_park_v2,power_engineer,4,30,1535428.22,84314.5387,0,947.3558,72529.4491,21.1697,66504.2751,83367.1829,19.6369,0.852041
solar_park_v2,power_engineer,4,31,1682552.84,94530.4787,0,1059.3429,81319.8882,20.6905,74565.0401,93471.1358,16.7369,0.846939
solar_park_v2,power_engineer,4,32,1847332.41,106331.4242,0,1188.7049,91474.1658,20.1951,83876.4345,105142.7193,16.2276,0.841837
solar_park_v2,power_engineer,4,33,2031885.53,119991.3644,0,1338.4451,103228.0398,19.6835,94654.6464,118652.9193,15.7015,0.836735
solar_park_v2,power_engineer,4,34,2238585.02,135837.9723,0,1512.1556,116863.4605,19.1556,107158.2223,134325.8167,15.159,0.831633
solar_park_v2,power_engineer,4,35,2470088.45,154264.7542,0,1714.1499,132719.0257,18.6114,121697.6535,152550.6043,14.6008,0.826531
solar_park_v2,power_engineer,4,36,2729372.3,175746.4306,0,1949.632,151203.2148,18.051,138647.5125,173796.7986,14.0273,0.821429
solar_park_v2,power_engineer,4,37,3019770.21,200858.5151,0,2224.9107,172811.2359,17.4744,158461.9014,198633.6045,13.4394,0.816327
solar_park_v2,power_engineer,4,38,3345015.87,230302.5584,0,2547.6762,198146.7475,16.8815,181694.3706,227754.8822,12.8375,0.811224
solar_park_v2,power_engineer,4,39,3709291.01,264938.8907,0,2927.3596,227950.0321,16.2724,209023.753,262011.5312,12.2227,0.806122
solar_park_v2,power_engineer,4,40,4763585.36,353833.2929,0,3901.8198,304440.3816,15.647,279164.8145,349931.4731,13.7834,0.80102
solar_park_v2,power_engineer,4,41,5220532.09,404352.0336,0,4455.6062,347909.8919,15.0054,319026.0208,399896.4275,10.5119,0.795918
solar_park_v2,power_engineer,4,42,5732312.43,464345.572,0,5113.2552,399532.1156,14.3476,366363.2024,459232.3168,9.914,0.790816
solar_park_v2,power_engineer,4,43,6305506.41,535954.5282,0,5898.2324,461148.9773,13.6735,422865.3901,530056.2957,9.3026,0.785714
solar_park_v2,power_engineer,4,44,6947483.67,621916.5869,0,6840.5484,535116.1535,12.9831,490692.7212,615076.0385,8.6792,0.780612
solar_park_v2,power_engineer,4,45,7666498.2,725775.6518,0,7979.0512,624483.0425,12.2766,572641.4702,717796.6005,8.0456,0.77551
solar_park_v2,power_engineer,4,46,8471794.47,852183.1776,0,9364.7303,733252.0491,11.5537,672381.8118,842818.4473,7.4037,0.770408
solar_park_v2,power_engineer,4,47,9373726.29,1007342.6317,0,11065.5879,866761.0281,10.8147,794808.5175,996277.0438,6.7556,0.765306
solar_park_v2,power_engineer,4,48,10383889.93,1199682.6244,0,13174.0185,1032262.4871,10.0594,946572.081,1186508.6059,6.1037,0.760204
solar_park_v2,power_engineer,4,49,11515273.21,1440908.3281,0,15818.3342,1239828.2947,9.2878,1136908.3283,1425089.994,5.4507,0.755102
solar_park_v2,power_engineer,4,50,15037042.78,2055967.341,0,22560.6098,1769063.8561,8.5,1622213.2629,2033406.7311,6.6544,0.75
coal_tpp_v2,power_engineer,5,1,250515.06,8618.9214,873.3333,168.0,6592.5016,38.0,5417.1371,7410.9214,,1.0
coal_tpp_v2,power_engineer,5,2,262515.06,9026.6825,909.9836,173.5636,6910.5277,37.9877,5682.8069,7769.4743,37.7328,0.994897
coal_tpp_v2,power_engineer,5,3,275955.06,9489.5272,951.7377,179.8788,7271.3823,37.9508,5984.1364,8176.2813,37.2449,0.989796
coal_tpp_v2,power_engineer,5,4,291007.86,10014.342,999.1964,187.0397,7680.4521,37.8894,6325.6393,8637.4196,36.7976,0.984694
coal_tpp_v2,power_engineer,5,5,307867.0,10608.9958,1053.0444,195.1534,8143.8943,37.8034,6712.4767,9159.8354,36.3781,0.979592
coal_tpp_v2,power_engineer,5,6,326749.23,11282.4697,1114.0598,204.3425,8668.7387,37.6928,7150.5436,9751.4606,35.9768,0.97449
coal_tpp_v2,power_engineer,5,7,347897.33,12045.0202,1183.1291,214.747,9263.0153,37.5577,7646.5754,10421.356,35.5863,0.969388
coal_tpp_v2,power_engineer,5,8,371583.2,12908.3861,1261.261,226.5272,9935.9202,37.398,8208.2902,11179.8993,35.1994,0.964286
coal_tpp_v2,power_engineer,5,9,398111.38,13886.0131,1349.6039,239.8663,10697.9924,37.2137,8844.5384,12038.985,34.8106,0.959183
coal_tpp_v2,power_engineer,5,10,441927.92,15485.728,1497.0776,261.6934,11942.4526,37.0048,9881.2726,13441.2552,35.2093,0.954082
coal_tpp_v2,power_engineer,5,11,475204.87,16743.1252,1609.9804,278.8499,12923.2366,36.7714,10700.6797,14547.0468,33.9289,0.94898
coal_tpp_v2,power_engineer,5,12,512475.05,18168.4535,1737.6443,298.2977,14035.2851,36.5133,11629.9988,15800.9001,33.5149,0.943878
coal_tpp_v2,power_engineer,5,13,554217.65,19785.0098,1882.0246,320.3546,15296.8886,36.2307,12684.6163,17223.4656,33.0869,0.938776
coal_tpp_v2,power_engineer,5,14,600969.36,21619.6075,2045.3606,345.3866,16729.1085,35.9236,13882.2585,18838.5243,32.6428,0.933673
coal_tpp_v2,power_engineer,5,15,653331.28,23703.1283,2230.2226,373.815,18356.209,35.5918,15243.3538,20673.4758,32.1811,0.928572
coal_tpp_v2,power_engineer,5,16,711976.63,26071.2201,2439.5571,406.1261,20206.2171,35.2355,16791.5143,22759.9725,31.7001,0.923469
coal_tpp_v2,power_engineer,5,17,777659.42,28765.0381,2676.7544,442.8817,22311.4997,34.8546,18554.0171,25134.571,31.199,0.918367
coal_tpp_v2,power_engineer,5,18,851224.14,31832.2364,2945.7184,484.7318,24709.554,34.4492,20562.4797,27839.6262,30.6768,0.913265
coal_tpp_v2,power_engineer,5,19,933616.63,35328.0364,3250.9519,532.4298,27443.8496,34.0192,22853.5715,30924.2441,30.133,0.908163
coal_tpp_v2,power_engineer,5,20,1079419.62,41364.8324,3785.0843,614.7983,32159.5063,33.5646,26799.4411,36242.6054,30.9189,0.903061
coal_tpp_v2,power_engineer,5,21,1182772.76,45949.0815,4180.8117,677.3476,35749.1023,33.0854,29810.7,40293.0573,28.7924,0.897959
coal_tpp_v2,power_engineer,5,22,1298528.28,51189.9545,4631.2037,748.8562,39854.6083,32.5816,33256.3019,44926.0771,28.1952,0.892857
coal_tpp_v2,power_engineer,5,23,1428174.46,57189.1547,5144.391,830.7116,44556.2254,32.0533,37204.0258,50232.2982,27.5748,0.887755
coal_tpp_v2,power_engineer,5,24,1573378.18,64065.7094,5729.8439,924.5381,49947.8549,31.5004,41733.2636,56317.8458,26.9313,0.882653
coal_tpp_v2,power_engineer,5,25,1736006.35,71959.3054,6398.6216,1032.2414,56139.7449,30.9229,46937.2705,63307.3314,26.2647,0.877551
coal_tpp_v2,power_engineer,5,26,1918149.9,81034.2453,7163.673,1156.0636,63261.6226,30.3209,52925.8232,71347.3956,25.5752,0.872449
coal_tpp_v2,power_engineer,5,27,2122150.67,91484.3858,8040.2019,1298.6494,71466.615,29.6943,59828.5564,80611.1448,24.863,0.867347
coal_tpp_v2,power_engineer,5,28,2350631.54,103539.0764,9046.1133,1463.1284,80935.9562,29.0431,67798.9628,91303.4772,24.1285,0.862245
coal_tpp_v2,power_engineer,5,29,2606530.11,117470.5802,10202.5665,1653.2154,91884.8745,28.3673,77019.399,103667.7436,23.372,0.857143
coal_tpp_v2,power_engineer,5,30,3258187.79,150454.0373,12989.4683,2103.2549,117764.3432,27.667,98775.7724,132882.4079,25.1805,0.852041
coal_tpp_v2,power_engineer,5,31,3579186.96,169619.2346,14556.4091,2364.7525,132847.3235,26.9421,111496.0215,149920.1323,21.2822,0.846939
coal_tpp_v2,power_engineer,5,32,3938706.03,191880.4949,16367.6308,2668.494,150374.602,26.1926,126284.4557,169720.7765,20.512,0.841837
coal_tpp_v2,power_engineer,5,33,4341367.38,217804.7882,18466.4036,3022.2154,170795.0672,25.4186,143522.0097,192792.0463,19.7185,0.836735
coal_tpp_v2,power_engineer,5,34,4792348.1,248079.3787,20904.959,3435.294,194653.0393,24.62,163670.7704,219749.6297,18.9027,0.831633
coal_tpp_v2,power_engineer,5,35,5297446.5,283541.922,23746.7045,3919.1591,222612.1708,23.7968,187294.3218,251344.2446,18.0656,0.826531
coal_tpp_v2,power_engineer,5,36,5863156.71,325219.6815,27069.095,4487.827,255486.6008,22.949,215084.2757,288496.9017,17.2082,0.821429
coal_tpp_v2,power_engineer,5,37,6496752.14,374380.966,30967.4035,5158.6032,294281.8146,22.0766,247895.0643,332345.1495,16.3318,0.816327
coal_tpp_v2,power_engineer,5,38,7206379.03,432603.6242,35559.7194,5953.0164,340249.0729,21.1797,286790.3038,384304.6824,15.4377,0.811224
coal_tpp_v2,power_engineer,5,39,8001161.14,501867.1983,40993.6842,6898.0762,394958.631,20.2582,333105.1562,446152.2157,14.5273,0.806122
coal_tpp_v2,power_engineer,5,40,10124315.76,665751.2647,54035.9385,9134.1757,524245.6009,19.3122,442412.9283,592268.9484,16.422,0.80102
coal_tpp_v2,power_engineer,5,41,11121290.44,769562.8196,62063.994,10550.622,606344.9371,18.3415,512003.6427,685103.9299,12.1435,0.795918
coal_tpp_v2,power_engineer,5,42,12237902.09,894894.5284,71709.1537,12260.6978,705504.4688,17.3463,596091.1943,797239.7238,11.2608,0.790816
coal_tpp_v2,power_engineer,5,43,13488507.13,1047346.6212,83383.9008,14340.815,826171.0577,16.3265,698460.6308,933708.9473,10.3641,0.785714
coal_tpp_v2,power_engineer,5,44,14889184.78,1234397.9432,97637.7287,16893.0178,974284.4611,15.2822,824168.7436,1101234.0423,9.4568,0.780612
coal_tpp_v2,power_engineer,5,45,16457943.75,1466227.1644,115216.8231,20056.1881,1157930.1133,14.2132,980100.3089,1308966.2099,8.5423,0.77551
coal_tpp_v2,power_engineer,5,46,18214953.79,1756999.7926,137157.5458,24023.6058,1388362.2176,13.1197,1175839.9095,1569643.5367,7.6248,0.770408
coal_tpp_v2,power_engineer,5,47,20182805.04,2126960.3896,164938.3735,29071.4957,1681666.9528,12.0017,1425089.2557,1901473.7316,6.7092,0.765306
coal_tpp_v2,power_engineer,5,48,22386798.44,2605984.4555,200737.7889,35607.4911,2061586.0828,10.859,1748073.3901,2331330.4373,5.8012,0.760204
coal_tpp_v2,power_engineer,5,49,24855271.04,3239932.6158,247895.5558,44257.3326,2564568.3629,9.6918,2175845.4264,2900471.4153,4.9077,0.755102
coal_tpp_v2,power_engineer,5,50,32386480.93,4810801.1563,365599.6653,65690.8895,3810174.2233,8.5,3234550.5375,4309739.673,6.0462,0.75
gas_turbine_v2,power_engineer,6,1,433277.8,11084.4092,830.0,294.0,8665.556,50.0,7328.5274,9860.4092,,1.0
gas_turbine_v2,power_engineer,6,2,454277.8,11616.0175,865.3688,303.8702,9088.6973,49.9827,7690.8906,10342.5172,49.6288,0.994898
gas_turbine_v2,power_engineer,6,3,477797.8,12219.8296,905.6835,315.0809,9569.1866,49.9309,8102.2574,10889.9466,48.9501,0.989796
gas_turbine_v2,power_engineer,6,4,504140.2,12904.9347,951.5303,327.8009,10114.2751,49.8444,8568.8515,11510.9613,48.3268,0.984694
gas_turbine_v2,power_engineer,6,5,533643.69,13681.6969,1003.5771,342.2229,10732.2303,49.7235,9097.769,12214.984,47.7437,0.979592
gas_turbine_v2,power_engineer,6,6,566687.6,14562.0207,1062.5867,358.5675,11432.5538,49.5679,9697.1689,13012.8439,47.1838,0.97449
gas_turbine_v2,power_engineer,6,7,603696.78,15559.4845,1129.4275,377.0871,12226.0838,49.3778,10376.3593,13916.8943,46.6387,0.969388
gas_turbine_v2,power_engineer,6,8,645147.06,16689.673,1205.0886,398.0708,13125.2668,49.1531,11146.0347,14941.3222,46.0977,0.964285
gas_turbine_v2,power_engineer,6,9,691571.37,17970.4321,1290.7015,421.8502,14144.356,48.8938,12018.4433,16102.3743,45.5547,0.959184
gas_turbine_v2,power_engineer,6,10,763325.93,19935.8198,1424.246,458.3407,15706.3129,48.5999,13353.9462,17881.6373,45.9389,0.954081
gas_turbine_v2,power_engineer,6,11,821560.58,21585.5457,1533.8591,488.9705,17019.563,48.2715,14478.6774,19377.9138,44.3439,0.94898
gas_turbine_v2,power_engineer,6,12,886783.39,23457.392,1657.9101,523.7244,18509.9091,47.9086,15755.3241,21076.0094,43.7635,0.943878
gas_turbine_v2,power_engineer,6,13,959832.94,25582.5726,1798.3386,563.1819,20202.3153,47.511,17205.3683,23004.3848,43.1631,0.938775
gas_turbine_v2,power_engineer,6,14,1041648.44,27997.0783,1957.3716,608.0111,22125.5752,47.0789,18853.5942,25195.8677,42.54,0.933673
gas_turbine_v2,power_engineer,6,15,1133281.8,30742.487,2137.5679,658.984,24312.9635,46.6122,20728.6537,27688.3968,41.8917,0.928572
gas_turbine_v2,power_engineer,6,16,1235911.16,33866.8605,2341.8716,716.9932,26802.9563,46.111,22863.6879,30525.8426,41.2167,0.92347
gas_turbine_v2,power_engineer,6,17,1350856.04,37425.9091,2573.6789,783.0727,29640.167,45.5752,25297.1362,33759.0757,40.5133,0.918367
gas_turbine_v2,power_engineer,6,18,1479594.31,41484.266,2836.9126,858.4227,32876.3697,45.0048,28073.6212,37447.134,39.7807,0.913265
gas_turbine_v2,power_engineer,6,19,1623781.17,46117.0835,3136.1102,944.4383,36571.7855,44.3998,31245.0632,41658.6904,39.0178,0.908163
gas_turbine_v2,power_engineer,6,20,1862186.77,53622.7471,3626.0334,1083.7931,42554.2408,43.7603,36375.3544,48476.049,39.8508,0.903061
gas_turbine_v2,power_engineer,6,21,2043054.77,59715.3813,4015.2105,1196.9126,47417.8346,43.0862,40552.5767,54019.4979,37.1881,0.897959
gas_turbine_v2,power_engineer,6,22,2245626.92,66694.6463,4459.0107,1326.4941,52990.9531,42.3776,45340.7069,60371.9113,36.3481,0.892857
gas_turbine_v2,power_engineer,6,23,2472507.73,74701.0037,4965.753,1475.145,59386.2919,41.6343,50837.0284,67661.8221,35.476,0.887755
gas_turbine_v2,power_engineer,6,24,2726614.24,83899.5337,5545.1736,1645.9307,66736.3336,40.8565,57155.936,76040.3363,34.5721,0.882653
gas_turbine_v2,power_engineer,6,25,3011213.53,94484.8895,6208.6938,1842.4649,75197.3458,40.0441,64432.406,85685.6955,33.6366,0.877551
gas_turbine_v2,power_engineer,6,26,3329964.74,106687.2057,6969.7615,2069.0207,84954.1285,39.1972,72826.1017,96808.6933,32.6697,0.872449
gas_turbine_v2,power_engineer,6,27,3686966.09,120779.5024,7844.2536,2330.6669,96225.9862,38.3157,82526.5545,109659.491,31.6719,0.867347
gas_turbine_v2,power_engineer,6,28,4086807.6,137086.7522,8850.9864,2633.4375,109274.0257,37.3996,93759.4847,124535.9444,30.6438,0.862245
gas_turbine_v2,power_engineer,6,29,4534630.1,155997.2863,10012.3448,2984.5421,124410.3475,36.449,106794.7698,141794.0929,29.586,0.857143
gas_turbine_v2,power_engineer,6,30,5624004.13,198738.8568,12679.6925,3778.1086,158584.5185,35.4638,136193.4381,180753.3819,31.8771,0.852041
gas_turbine_v2,power_engineer,6,31,6185752.67,224955.114,14266.3679,4264.8558,179588.7846,34.444,154299.6837,204705.0509,26.7445,0.846939
gas_turbine_v2,power_engineer,6,32,6814911.03,255541.987,16108.5221,4832.7508,204102.6212,33.3896,175438.0556,232659.9283,25.6654,0.841837
gas_turbine_v2,power_engineer,6,33,7519568.4,291335.7722,18253.5409,5497.3202,232798.8726,32.3007,200190.9861,265385.6893,24.5557,0.836735
gas_turbine_v2,power_engineer,6,34,8308784.65,333360.7357,20759.2429,6277.5816,266501.8027,31.1772,229272.1426,303822.7976,23.4168,0.831633
gas_turbine_v2,power_engineer,6,35,9192706.85,382879.835,23696.6519,7196.984,306227.9932,30.0192,263561.9061,349131.1808,22.2504,0.826531
gas_turbine_v2,power_engineer,6,36,10182699.72,441461.9573,27153.6766,8284.6559,353240.5536,28.8265,304154.3951,402752.0975,21.0581,0.821429
gas_turbine_v2,power_engineer,6,37,11291491.73,511072.1801,31240.0488,9577.0824,409121.8925,27.5993,352420.5885,466491.1876,19.8419,0.816327
gas_turbine_v2,power_engineer,6,38,12533338.78,594194.9627,36094.0448,11120.3913,475873.0582,26.3376,410094.5117,542631.8465,18.6041,0.811224
gas_turbine_v2,power_engineer,6,39,13924207.48,694004.614,41891.7899,12973.5191,556051.1953,25.0412,479392.4872,634092.1014,17.3472,0.806122
gas_turbine_v2,power_engineer,6,40,17661578.05,929274.9125,55738.2508,17341.6931,744889.6227,23.7103,642470.8608,849479.5167,19.7914,0.80102
gas_turbine_v2,power_engineer,6,41,19406283.75,1083005.6144,64545.3227,20195.9524,868489.9752,22.3449,749390.5551,990487.7944,14.1157,0.795918
gas_turbine_v2,power_engineer,6,42,21360354.13,1271195.0178,75275.4481,23689.9933,1019839.7315,20.9448,880352.8488,1163160.2453,12.911,0.790816
gas_turbine_v2,power_engineer,6,43,23548912.95,1503849.4622,88477.8489,28009.5997,1207004.9518,19.5102,1042353.1967,1376702.0318,11.6932,0.785714
gas_turbine_v2,power_engineer,6,44,26000098.83,1794836.2307,104912.1361,33412.2401,1441165.3134,18.041,1245088.5403,1643871.8381,10.468,0.780612
gas_turbine_v2,power_engineer,6,45,28745427.02,2163874.8309,125656.5685,40264.0391,1738220.1743,16.5373,1502350.9729,1982814.8777,9.2418,0.77551
gas_turbine_v2,power_engineer,6,46,31820194.59,2639890.7491,152290.3455,49102.0451,2121493.5718,14.999,1834375.0358,2420150.124,8.0224,0.770408
gas_turbine_v2,power_engineer,6,47,35263934.27,3266956.9596,187216.509,60744.5444,2626526.4384,13.4261,2271996.2598,2996439.7003,6.8188,0.765306
gas_turbine_v2,power_engineer,6,48,39120922.71,4115493.634,234270.5378,76499.0015,3310109.9624,11.8186,2864490.099,3776498.7287,5.6423,0.760204
gas_turbine_v2,power_engineer,6,49,43440749.77,5305089.6319,299960.3923,98585.7768,4268692.8126,10.1766,3695545.3402,4870403.6565,4.5065,0.755102
gas_turbine_v2,power_engineer,6,50,56507734.87,8258566.0651,463800.7572,153421.8478,6647968.8103,8.5,5757729.8685,7585463.8508,5.492,0.75
hydro_station_v2,power_engineer,7,1,872135.1,16258.3459,0,595.0,13627.1109,64.0,12411.6767,15663.3459,,1.0
hydro_station_v2,power_engineer,7,2,914635.1,17047.8024,0,615.2238,14296.3434,63.9769,13023.0181,16432.5786,63.5056,0.994898
hydro_station_v2,power_engineer,7,3,962235.1,17944.7266,0,638.201,15056.6772,63.9075,13717.5803,17306.5256,62.6041,0.989795
hydro_station_v2,power_engineer,7,4,1015547.1,18962.7592,0,664.2805,15919.6765,63.7919,14505.9269,18298.4787,61.7753,0.984694
hydro_station_v2,power_engineer,7,5,1075256.54,20117.4757,0,693.8615,16898.5443,63.6301,15400.119,19423.6142,60.9985,0.979591
hydro_station_v2,power_engineer,7,6,1142131.11,21426.7115,0,727.4013,18008.3998,63.4221,16413.9679,20699.3102,60.2552,0.97449
hydro_station_v2,power_engineer,7,7,1217030.63,22910.9521,0,765.4241,19266.6094,63.1679,17563.3376,22145.5281,59.5287,0.969388
hydro_station_v2,power_engineer,7,8,1300918.09,24593.6584,0,808.5309,20693.0609,62.8674,18866.3958,23785.1275,58.8085,0.964286
hydro_station_v2,power_engineer,7,9,1394872.05,26501.7704,0,857.4121,22310.5917,62.5206,20344.0042,25644.3583,58.0848,0.959184
hydro_station_v2,power_engineer,7,10,1525297.47,29144.6784,0,925.1172,24551.0182,62.1277,22390.6255,28219.5612,58.2146,0.954082
hydro_station_v2,power_engineer,7,11,1643153.32,31604.5823,0,988.1341,26636.31,61.6885,24295.5318,30616.4483,56.5177,0.94898
hydro_station_v2,power_engineer,7,12,1775151.87,34397.9775,0,1059.6941,29004.3066,61.203,26458.6879,33338.2834,55.7427,0.943878
hydro_station_v2,power_engineer,7,13,1922990.24,37572.2407,0,1141.0113,31695.1696,60.6714,28916.7813,36431.2295,54.9409,0.938776
hydro_station_v2,power_engineer,7,14,2088569.22,41182.13,0,1233.488,34755.3186,60.0935,31712.216,39948.642,54.1081,0.933673
hydro_station_v2,power_engineer,7,15,2274017.68,45291.0043,0,1338.7472,38238.4636,59.4694,34894.0562,43952.257,53.2417,0.928571
hydro_station_v2,power_engineer,7,16,2481719.95,49972.2373,0,1458.6696,42206.8039,58.799,38519.1203,48513.5677,52.3398,0.923469
hydro_station_v2,power_engineer,7,17,2714346.49,55311.1041,0,1595.4385,46732.6291,58.0825,42653.4448,53715.6656,51.3998,0.918367
hydro_station_v2,power_engineer,7,18,2974888.22,61406.7319,0,1751.5937,51899.9703,57.3197,47373.7919,59655.1383,50.4208,0.913265
hydro_station_v2,power_engineer,7,19,3266694.96,68374.62,0,1930.0947,57806.737,56.5106,52769.6013,66444.5253,49.4021,0.908163
hydro_station_v2,power_engineer,7,20,3717857.99,78985.1905,0,2201.9118,66801.4525,55.6553,60986.2406,76783.2787,50.1587,0.903061
hydro_station_v2,power_engineer,7,21,4083900.36,88168.831,0,2437.1749,74586.5408,54.7539,68097.8899,85731.6561,47.0184,0.897959
hydro_station_v2,power_engineer,7,22,4493867.82,98706.7104,0,2707.1303,83519.6347,53.8061,76258.238,95999.5801,45.8931,0.892857
hydro_station_v2,power_engineer,7,23,4953031.37,110817.1458,0,3017.3708,93785.8042,52.8122,85636.3458,107799.775,44.7259,0.887755
hydro_station_v2,power_engineer,7,24,5467294.55,124757.6857,0,3374.4938,105603.3769,51.772,96431.6547,121383.1918,43.5168,0.882653
hydro_station_v2,power_engineer,7,25,6043269.31,140832.9951,0,3786.3051,119230.6204,50.6855,108880.091,137046.6901,42.2664,0.877551
hydro_station_v2,power_engineer,7,26,6688361.04,159404.8061,0,4262.0703,134974.1801,49.5529,123261.7745,155142.7358,40.975,0.872449
hydro_station_v2,power_engineer,7,27,7410863.78,180903.9648,0,4812.8274,153199.2895,48.374,139910.3444,176091.1374,39.6433,0.867347
hydro_station_v2,power_engineer,7,28,8220066.85,205845.7144,0,5451.7755,174342.7268,47.1489,159224.796,200393.9389,38.2721,0.862245
hydro_station_v2,power_engineer,7,29,9126374.28,234848.7663,0,6194.7645,198928.9816,45.8775,181684.2486,228654.0018,36.8624,0.857143
hydro_station_v2,power_engineer,7,30,11235634.42,297626.3532,0,7802.9764,252146.3378,44.56,230298.1061,289823.3768,39.6348,0.852041
hydro_station_v2,power_engineer,7,31,12372506.46,338064.2087,0,8838.8977,286426.0205,43.1962,261612.4692,329225.311,33.1646,0.846939
hydro_station_v2,power_engineer,7,32,13645803.15,385411.5685,0,10051.824,326562.9777,41.7861,298277.4308,375359.7445,31.7238,0.841837
hydro_station_v2,power_engineer,7,33,15071895.44,441034.8166,0,11476.7591,373715.5101,40.3299,341351.0942,429558.0575,30.2442,0.836735
hydro_station_v2,power_engineer,7,34,16669118.81,506620.9352,0,13156.9186,429313.6945,38.8274,392139.8296,493464.0167,28.728,0.831633
hydro_station_v2,power_engineer,7,35,18458008.98,584268.3728,0,15146.0605,495136.4117,37.2786,452268.6377,569122.3122,27.1774,0.826531
hydro_station_v2,power_engineer,7,36,20461565.97,676609.7294,0,17511.6255,573415.3504,35.6837,523776.158,659098.1039,25.5951,0.821429
hydro_station_v2,power_engineer,7,37,22705549.8,786979.1529,0,20339.0269,666976.9097,34.0425,609244.2955,766640.1261,23.984,0.816327
hydro_station_v2,power_engineer,7,38,25218811.69,919645.0606,0,23737.6107,779439.4815,32.3551,711978.4378,895907.4499,22.3475,0.811225
hydro_station_v2,power_engineer,7,39,28033665.01,1080139.1596,0,27849.0861,915492.364,30.6214,836262.2416,1052290.0735,20.6894,0.806122
hydro_station_v2,power_engineer,7,40,35464967.66,1450733.1156,0,37342.8183,1229649.5587,28.8415,1123243.6742,1413390.2973,23.6547,0.80102
hydro_station_v2,power_engineer,7,41,38995919.66,1702964.6875,0,43804.3889,1443469.4597,27.0154,1318567.3611,1659160.2986,16.5137,0.795918
hydro_station_v2,power_engineer,7,42,42950585.9,2015309.1197,0,51805.9073,1708247.7948,25.1431,1560441.3884,1963503.2124,14.9358,0.790816
hydro_station_v2,power_engineer,7,43,47379812.09,2406753.0548,0,61833.7664,2040079.7809,23.2245,1863568.6774,2344919.2884,13.3478,0.785714
hydro_station_v2,power_engineer,7,44,52340545.43,2904424.99,0,74582.9331,2461962.5895,21.2597,2248957.0589,2829842.0569,11.7586,0.780612
hydro_station_v2,power_engineer,7,45,57896566.77,3548349.266,0,91078.7353,3007825.3617,19.2486,2747600.6775,3457270.5307,10.1784,0.77551
hydro_station_v2,power_engineer,7,46,64119310.67,4399948.0114,0,112894.6616,3729736.4143,17.1914,3407063.7475,4287053.3498,8.6198,0.770408
hydro_station_v2,power_engineer,7,47,71088783.83,5558255.3959,0,142567.7309,4711648.2685,15.0879,4304036.5858,5415687.665,7.0979,0.765306
hydro_station_v2,power_engineer,7,48,78894593.77,7193453.1353,0,184457.5927,6097826.1221,12.9382,5570304.9156,7008995.5426,5.6312,0.760204
hydro_station_v2,power_engineer,7,49,87637100.91,9623980.4279,0,246721.8982,8158214.9208,10.7422,7452462.4441,9377258.5297,4.2431,0.755102
hydro_station_v2,power_engineer,7,50,113871556.59,15803478.4228,0,405025.8814,13396653.711,8.5,12237756.8569,15398452.5414,5.0081,0.75
storage_park,power_engineer,8,1,1426260.0,21822.2414,350.0,980.0,17828.25,80.0,15952.7931,20492.2414,,1.0
storage_park,power_engineer,8,2,1496260.0,22884.5481,365.1655,1013.3947,18710.2095,79.9702,16746.4956,21505.9879,79.3687,0.994898
storage_park,power_engineer,8,3,1574660.0,24091.9727,382.4608,1051.3509,19712.6001,79.8809,17648.5361,22658.1611,78.213,0.989796
storage_park,power_engineer,8,4,1662468.0,25462.9114,402.1406,1094.4475,20850.7013,79.732,18672.6708,23966.3233,77.1531,0.984694
storage_park,power_engineer,8,5,1760812.96,27018.4662,424.4968,1143.3474,22142.0411,79.5235,19834.6804,25450.622,76.1573,0.979592
storage_park,power_engineer,8,6,1870959.32,28782.7726,449.8613,1198.8103,23606.6679,79.2555,21152.6159,27134.101,75.2044,0.97449
storage_park,power_engineer,8,7,1994323.24,30783.5884,478.6141,1261.7073,25267.6423,78.928,22647.2422,29043.267,74.272,0.969388
storage_park,power_engineer,8,8,2132490.83,33052.7087,511.189,1333.0386,27151.3786,78.5408,24342.3449,31208.4811,73.3476,0.964286
storage_park,power_engineer,8,9,2287238.53,35626.6639,548.0821,1413.9533,29288.2268,78.0941,26265.2546,33664.6285,72.4187,0.959184
storage_park,power_engineer,8,10,2501460.39,39183.2092,599.5899,1525.7566,32240.3406,77.5879,28921.426,37057.8627,72.5656,0.954082
storage_park,power_engineer,8,11,2695575.9,42504.0306,646.9274,1630.1488,34997.4503,77.0221,31402.6846,40226.9544,70.4054,0.948979
storage_park,power_engineer,8,12,2912985.27,46276.5724,700.5603,1748.7418,38129.7252,76.3967,34221.6756,43827.2703,69.4094,0.943878
storage_park,power_engineer,8,13,3156483.77,50565.363,761.3483,1883.5632,41690.7927,75.7118,37426.7046,47920.4514,68.378,0.938775
storage_park,power_engineer,8,14,3429202.09,55444.9907,830.2826,2036.9584,45742.6423,74.9673,41073.6103,52577.7498,67.3071,0.933673
storage_park,power_engineer,8,15,3734646.61,61001.8717,908.5045,2211.6436,50357.0996,74.1633,45227.0972,57881.7237,66.1929,0.928571
storage_park,power_engineer,8,16,4076744.47,67336.2792,997.333,2410.7707,55617.5127,73.2997,49962.2531,63928.1755,65.0325,0.923469
storage_park,power_engineer,8,17,4459894.07,74564.7439,1098.294,2638.0034,61620.7484,72.3765,55366.3507,70828.4465,63.8238,0.918367
storage_park,power_engineer,8,18,4889021.63,82823.0002,1213.156,2897.6087,68479.6449,71.3938,61541.0574,78712.2355,62.5651,0.913265
storage_park,power_engineer,8,19,5369644.49,92269.4775,1343.9734,3194.5666,76325.9156,70.3515,68605.0553,87730.9375,61.2549,0.908163
storage_park,power_engineer,8,20,6091240.6,106278.3526,1539.3263,3634.9469,87960.5491,69.2497,79078.7458,101104.0794,62.0214,0.903061
storage_park,power_engineer,8,21,6694133.92,118743.2387,1710.15,4026.791,98315.479,68.0883,88402.5749,113006.2977,58.2228,0.897959
storage_park,power_engineer,8,22,7369374.44,133059.1092,1905.4403,4476.8222,110208.8566,66.8674,99112.3048,126676.8467,56.7745,0.892857
storage_park,power_engineer,8,23,8125643.82,149527.4382,2129.0346,4994.5172,123891.3812,65.5868,111433.8815,142403.8864,55.2726,0.887755
storage_park,power_engineer,8,24,8972665.52,168504.583,2385.4506,5591.079,139659.4065,64.2468,125634.4116,160528.0535,53.7177,0.882653
storage_park,power_engineer,8,25,9921329.83,190413.1968,2680.0203,6279.7945,157864.4423,62.8471,142030.7324,181453.382,52.11,0.877551
storage_park,power_engineer,8,26,10983833.86,215756.3259,3019.0636,7076.4763,178924.8839,61.388,160999.989,205660.786,50.4502,0.872449
storage_park,power_engineer,8,27,12173838.37,245134.8457,3410.0959,8000.0142,203340.5201,59.8692,182992.7186,233724.7357,48.7394,0.867347
storage_park,power_engineer,8,28,13506643.42,279269.5667,3862.0949,9073.0671,231710.932,58.2909,208549.4438,266334.4046,46.9787,0.862245
storage_park,power_engineer,8,29,14999385.08,319028.9922,4385.8328,10322.9374,264758.5931,56.6531,238321.5071,304320.2219,45.1694,0.857143
storage_park,power_engineer,8,30,18391412.76,403142.0578,5509.183,12967.1,334659.224,54.9556,301282.7716,384665.7747,48.5264,0.852041
storage_park,power_engineer,8,31,20263907.89,458775.549,6231.9072,14715.9847,380910.0618,53.1987,342956.5938,437827.6572,40.4856,0.846939
storage_park,power_engineer,8,32,22361102.44,524065.2293,7075.9034,16768.4188,435192.1892,51.3821,391869.9095,500220.9071,38.6351,0.841837
storage_park,power_engineer,8,33,24709960.33,600963.6873,8065.0062,19185.785,499130.2196,49.506,449487.6555,573712.8961,36.7365,0.836735
storage_park,power_engineer,8,34,27340681.17,691895.5487,9228.7048,22044.3024,574741.6112,47.5704,517629.0794,660622.5416,34.7927,0.831633
storage_park,power_engineer,8,35,30287088.51,799896.4182,10603.7964,25439.3976,664552.3051,45.5752,598572.0424,763853.2242,32.8069,0.826531
storage_park,power_engineer,8,36,33587064.73,928802.2529,12236.6279,29491.6585,771754.3508,43.5204,695195.2019,887073.9664,30.7828,0.821429
storage_park,power_engineer,8,37,37283038.1,1083511.6442,14186.2035,34355.0746,900424.2185,41.4061,811174.9355,1034970.3661,28.7245,0.816327
storage_park,power_engineer,8,38,41422528.28,1270354.8969,16528.5519,40228.6448,1055829.9992,39.2322,951262.4449,1213597.7002,26.6367,0.811224
storage_park,power_engineer,8,39,46058757.28,1497624.9429,19363.0056,47373.0645,1244873.3194,36.9988,1121682.3815,1430888.8729,24.5247,0.806122
storage_park,power_engineer,8,40,58207667.87,2017420.9125,25918.4359,63713.2758,1677176.6047,34.7057,1511345.8004,1927789.2008,28.1027,0.80102
storage_park,power_engineer,8,41,64023353.52,2380081.3596,30382.8858,75113.8037,1978888.663,32.3532,1783376.9553,2274584.6701,19.2756,0.795918
storage_park,power_engineer,8,42,70536921.45,2833175.7717,35935.0156,89357.1971,2355858.6964,29.9411,2123280.897,2707883.5591,17.2787,0.790816
storage_park,power_engineer,8,43,77832117.53,3407132.515,42936.0771,107399.9961,2833412.9044,27.4694,2553901.9003,3256796.4419,15.2762,0.785714
storage_park,power_engineer,8,44,86002737.14,4146512.8682,51914.3075,130643.0223,3448641.3184,24.9382,3108695.811,3963955.5384,13.2806,0.780612
storage_park,power_engineer,8,45,95153831.11,5119079.1242,63671.9349,161216.438,4257945.9537,22.3474,3838538.959,4894190.7513,11.3074,0.77551
storage_park,power_engineer,8,46,105403056.35,6432833.2219,79486.2222,202515.3721,5351223.516,19.697,4824521.8722,6150831.6276,9.3748,0.770408
storage_park,power_engineer,8,47,116882188.62,8270595.9201,101517.4451,260286.9448,6880648.6314,16.9871,6203913.6238,7908791.5303,7.5055,0.765306
storage_park,power_engineer,8,48,129738816.76,10967544.1678,133723.6674,345067.7181,9125214.9207,14.2176,8228382.1152,10488752.7824,5.7279,0.760204
storage_park,power_engineer,8,49,144138240.28,15210204.9587,184208.3869,478439.229,12656374.8882,11.3886,11413412.1575,14547557.3428,4.0778,0.755102
storage_park,power_engineer,8,50,187203380.39,26465469.8799,318353.4505,832257.6842,22023927.1084,8.5,19862588.0441,25314858.7453,4.5973,0.75
combined_tpp,power_engineer,9,1,2630538.6,34376.472,1703.3333,1820.0,26842.2306,98.0,23126.1776,30586.472,,1.0
combined_tpp,power_engineer,9,2,2760538.6,36049.2998,1777.1081,1881.9958,28179.4705,97.9628,24291.7819,32111.9794,97.2152,0.994898
combined_tpp,power_engineer,9,3,2906138.6,37951.3157,1861.2749,1952.4841,29699.6743,97.8509,25616.6561,33846.1633,95.7766,0.989795
combined_tpp,power_engineer,9,4,3069210.6,40111.5332,1957.0806,2032.5425,31426.0618,97.6645,27121.0631,35815.5178,94.4585,0.984694
combined_tpp,power_engineer,9,5,3251851.24,42563.2975,2065.9457,2123.4057,33385.3331,97.4036,28828.3137,38050.5103,93.2187,0.979592
combined_tpp,power_engineer,9,6,3456408.76,45344.801,2189.4919,2226.4892,35608.0733,97.0681,30765.1138,40586.0423,92.0294,0.97449
combined_tpp,power_engineer,9,7,3685513.18,48499.8736,2329.5741,2343.4168,38129.388,96.6581,32962.121,43462.1745,90.867,0.969388
combined_tpp,power_engineer,9,8,3942110.13,52078.8425,2488.3145,2476.0534,40989.5929,96.1734,35454.5488,46724.9146,89.7128,0.964285
combined_tpp,power_engineer,9,9,4229498.71,56139.4945,2668.1405,2626.5428,44234.9857,95.6143,38282.842,50427.0984,88.5528,0.959184
combined_tpp,power_engineer,9,10,4615156.45,61591.431,2911.6831,2828.5925,48590.5053,94.9806,42077.0277,55395.3147,88.5446,0.954081
combined_tpp,power_engineer,9,11,4975656.69,66831.471,3142.5069,3022.79,52779.5715,94.2724,45728.6264,60174.1965,86.0574,0.94898
combined_tpp,power_engineer,9,12,5379416.96,72785.7854,3404.0861,3243.4585,57540.2695,93.4896,49879.0406,65605.3114,84.8111,0.943877
combined_tpp,power_engineer,9,13,5831628.46,79556.6784,3700.6382,3494.3888,62954.6368,92.6322,54599.9967,71782.2952,83.5207,0.938775
combined_tpp,power_engineer,9,14,6338105.34,87262.474,4037.0209,3779.9679,69117.5721,91.7003,59974.4799,78813.4662,82.1811,0.933674
combined_tpp,power_engineer,9,15,6905359.44,96040.4374,4418.835,4105.2809,76139.1996,90.6939,66098.8164,86824.5273,80.7867,0.928571
combined_tpp,power_engineer,9,16,7540684.04,106049.8691,4852.5599,4476.2326,84147.3366,89.6129,73084.8228,95961.3803,79.3349,0.923469
combined_tpp,power_engineer,9,17,8252247.59,117476.1271,5345.697,4899.6922,93290.7419,88.4573,81062.6639,106393.8381,77.8226,0.918367
combined_tpp,power_engineer,9,18,9049198.76,130535.2675,5906.9488,5383.6677,103742.8464,87.2272,90184.1231,118319.8841,76.2479,0.913265
combined_tpp,power_engineer,9,19,9941784.08,145479.7856,6546.4346,5937.5141,115706.3781,85.9225,100626.6624,131970.9547,74.6088,0.908163
combined_tpp,power_engineer,9,20,11246219.52,167117.4714,7477.8616,6739.4119,133023.1723,84.5433,115737.7729,151729.4956,75.3278,0.903061
combined_tpp,power_engineer,9,21,12365878.54,186848.4319,8313.5101,7470.6463,148825.9197,83.0895,129537.8341,169762.7475,70.8522,0.897959
combined_tpp,power_engineer,9,22,13619896.64,209522.7059,9269.3952,8310.9602,166989.845,81.5612,145403.1118,190491.1732,69.0389,0.892857
combined_tpp,power_engineer,9,23,15024396.91,235622.9735,10364.5193,9278.242,187902.7847,79.9584,163673.3579,214357.5869,67.1594,0.887755
combined_tpp,power_engineer,9,24,16597437.22,265720.7435,11621.2761,10393.6717,212024.0422,78.2809,184751.0089,241886.4178,65.2139,0.882653
combined_tpp,power_engineer,9,25,18359242.36,300494.9169,13066.1559,11682.411,239899.3245,76.5289,209114.2887,273700.7679,63.2031,0.877551
combined_tpp,power_engineer,9,26,20332464.12,340755.0252,14730.6072,13174.4605,272179.463,74.7024,237333.6488,310543.7959,61.128,0.872449
combined_tpp,power_engineer,9,27,22542472.49,387470.1067,16652.1154,14905.7323,309643.6653,72.8013,270092.18,353305.2742,58.9899,0.867347
combined_tpp,power_engineer,9,28,25017681.87,441805.1802,18875.5565,16919.4016,353228.8933,70.8257,308211.4079,403055.1448,56.7901,0.862245
combined_tpp,power_engineer,9,29,27789916.37,505167.412,21454.9192,19267.6209,404067.0386,68.7755,352683.9299,461085.9805,54.5306,0.857143
combined_tpp,power_engineer,9,30,34011469.32,637641.6845,26920.0234,24177.1478,510293.7266,66.6508,445556.1647,582330.0282,58.5686,0.852041
combined_tpp,power_engineer,9,31,37488960.28,726537.7628,30489.3771,27471.6577,581661.7534,64.4515,508024.4869,663803.44,48.7262,0.846939
combined_tpp,power_engineer,9,32,41383750.16,831035.2591,34664.5588,31344.3594,665572.9167,62.1776,581487.0097,759599.4042,46.4156,0.841837
combined_tpp,power_engineer,9,33,45745914.82,954340.5358,39566.6687,35914.081,764608.0139,59.8292,668208.3446,872665.3957,44.0467,0.836735
combined_tpp,power_engineer,9,34,50631539.24,1100452.1609,45346.2149,41329.0114,881985.9331,57.4063,771013.3949,1006677.7229,41.623,0.831633
combined_tpp,power_engineer,9,35,56103438.59,1274400.8561,52191.9286,47775.5903,1021757.0034,54.9088,893457.2016,1166262.3895,39.149,0.826531
combined_tpp,power_engineer,9,36,62231965.86,1482579.0639,60342.8777,55490.7233,1189068.5527,52.3367,1040058.2112,1357298.437,36.6294,0.821429
combined_tpp,power_engineer,9,37,69095916.41,1733201.5234,70105.376,64778.8497,1390536.049,49.6901,1216624.305,1587341.8964,34.0698,0.816327
combined_tpp,power_engineer,9,38,76783541.02,2036961.1395,81877.0411,76036.2503,1634771.6278,46.969,1430717.0996,1866229.5246,31.4763,0.811224
combined_tpp,power_engineer,9,39,85393680.58,2407983.3763,96181.7861,89786.4203,1933153.1979,44.1733,1692327.6016,2206957.3561,28.8561,0.806122
combined_tpp,power_engineer,9,40,107805135.3,3250113.0918,128997.2335,120995.9422,2610104.327,41.303,2285598.681,2979924.6545,33.1065,0.80102
combined_tpp,power_engineer,9,41,118605694.37,3849079.5608,151797.1984,143193.7787,3092057.0678,38.3582,2708374.0723,3530323.856,22.41,0.795918
combined_tpp,power_engineer,9,42,130702320.53,4602680.9231,180353.609,171122.4191,3698548.2586,35.3388,3240491.9059,4222969.4963,19.9453,0.790816
combined_tpp,power_engineer,9,43,144250541.83,5565542.8019,216675.8552,206806.3028,4473592.7602,32.2449,3920614.1559,5108138.7879,17.4806,0.785714
combined_tpp,power_engineer,9,44,159424549.68,6819271.0916,263761.6538,253269.7638,5482948.5164,29.0764,4806504.6288,6260946.2644,15.0334,0.780612
combined_tpp,power_engineer,9,45,176419438.47,8491069.9796,326278.3664,315227.017,6829121.1986,25.8334,5988211.417,7798483.8343,12.6246,0.77551
combined_tpp,power_engineer,9,46,195453713.92,10790173.9594,411896.086,400432.3421,8680725.6123,22.5158,7613862.6965,9913360.8213,10.2799,0.770408
combined_tpp,power_engineer,9,47,216772102.42,14085739.3818,534137.6337,522566.7581,11335260.4413,19.1237,9944818.2968,12945412.6599,8.0309,0.765306
combined_tpp,power_engineer,9,48,240648697.54,19094098.5975,719229.8445,708177.7098,15370021.2076,15.657,13488256.4015,17554091.459,5.9177,0.760204
combined_tpp,power_engineer,9,49,267390484.08,27409200.2642,1025511.064,1016337.2999,22069596.1533,12.1158,19372756.3155,25206802.223,3.9916,0.755102
combined_tpp,power_engineer,9,50,347128713.73,50704988.1741,1884301.0553,1879684.5862,40838672.2034,8.5,35857854.3701,46646004.3243,4.2484,0.75
nuclear_station_v2,power_engineer,10,1,6545980.6,69473.6918,1160.0,4550.0,55474.4119,118.0,49288.9534,63263.6918,,1.0
nuclear_station_v2,power_engineer,10,2,6870980.6,72871.6501,1210.5284,4705.7791,58251.148,117.9544,51775.7483,66433.563,117.0439,0.994899
nuclear_station_v2,power_engineer,10,3,7234980.6,76735.36,1268.1746,4882.9094,61408.32,117.8176,54603.1166,70037.6489,115.2931,0.989797
nuclear_station_v2,power_engineer,10,4,7642660.6,81124.0825,1333.7935,5084.1092,64994.3764,117.5896,57814.4665,74131.2688,113.6848,0.984694
nuclear_station_v2,power_engineer,10,5,8099262.2,86105.8326,1408.3653,5312.4941,69064.9267,117.2703,61459.624,78777.9192,112.172,0.979592
nuclear_station_v2,power_engineer,10,6,8610655.99,91758.4205,1493.0035,5571.6379,73683.5879,116.8599,65595.5933,84050.2431,110.7234,0.97449
nuclear_station_v2,power_engineer,10,7,9183417.04,98171.537,1588.9877,5865.6428,78923.7087,116.3582,70288.1052,90031.998,109.303,0.969387
nuclear_station_v2,power_engineer,10,8,9824909.41,105447.7947,1697.7783,6199.2224,84869.1908,115.7653,75612.3459,96818.993,107.8958,0.964286
nuclear_station_v2,power_engineer,10,9,10543380.87,113705.5766,1821.0469,6577.7979,91616.8567,115.0812,81655.0931,104521.7979,106.477,0.959184
nuclear_station_v2,power_engineer,10,10,11475675.23,124448.7104,1982.5015,7070.3119,100394.4304,114.3059,89514.9042,114541.3706,106.2132,0.954082
nuclear_station_v2,power_engineer,10,11,12376925.83,135109.1011,2140.8148,7559.0357,109106.048,113.4394,97317.023,124486.4856,103.4539,0.94898
nuclear_station_v2,power_engineer,10,12,13386326.5,147226.7719,2320.2772,8114.5648,119008.979,112.4817,106186.4369,135791.8104,101.9295,0.943877
nuclear_station_v2,power_engineer,10,13,14516855.25,161011.2555,2523.8039,8746.5104,130274.6188,111.4327,116276.7881,148653.0947,100.3519,0.938776
nuclear_station_v2,power_engineer,10,14,15783047.45,176705.3625,2754.7518,9466.0033,143101.6084,110.2926,127766.159,163297.2144,98.7131,0.933674
nuclear_station_v2,power_engineer,10,15,17201182.71,194590.8086,3016.9999,10285.9553,157720.4325,109.0612,140861.1917,179987.4224,97.0075,0.928572
nuclear_station_v2,power_engineer,10,16,18789494.2,214994.8151,3315.0352,11221.3716,174398.8151,107.7387,155801.9275,199029.5137,95.2317,0.923469
nuclear_station_v2,power_engineer,10,17,20568403.07,238298.5839,3654.058,12289.7245,193448.6772,106.3249,172868.0556,220779.7764,93.3817,0.918367
nuclear_station_v2,power_engineer,10,18,22560781.01,264946.7468,4040.1095,13511.4004,215233.8561,104.8199,192385.8328,245653.8104,91.4557,0.913265
nuclear_station_v2,power_engineer,10,19,24792244.3,295459.2449,4480.2181,14910.2393,240179.8451,103.2237,214736.8294,274137.659,89.4518,0.908163
nuclear_station_v2,power_engineer,10,20,27974534.06,338679.8012,5106.7446,16891.6718,275512.8048,101.5362,246392.0524,314480.2019,90.0658,0.903061
nuclear_station_v2,power_engineer,10,21,30773681.61,379002.6793,5682.4618,18740.262,308484.5612,99.7576,275938.1886,352130.6184,84.8953,0.897959
nuclear_station_v2,power_engineer,10,22,33908726.87,425373.3117,6341.4683,20866.1075,346404.1902,97.8878,309920.3394,395432.3444,82.6761,0.892857
nuclear_station_v2,power_engineer,10,23,37419977.56,478790.5218,7097.025,23315.0043,390089.2885,95.9267,349071.8757,445319.43,80.3764,0.887755
nuclear_station_v2,power_engineer,10,24,41352578.33,540438.8359,7964.7874,26141.2509,440509.5339,93.8744,394262.6368,502899.6996,77.9965,0.882653
nuclear_station_v2,power_engineer,10,25,45757091.19,611727.3194,8963.2991,29409.451,498818.4753,91.7309,446527.4559,569491.0783,75.5375,0.877551
nuclear_station_v2,power_engineer,10,26,50690145.59,694339.0421,10114.6119,33196.759,566394.074,89.4962,507102.5569,646667.9248,73.0005,0.872449
nuclear_station_v2,power_engineer,10,27,56215166.52,790292.0758,11445.06,37595.6969,644888.6475,87.1703,577470.3738,736318.1034,70.3873,0.867347
nuclear_station_v2,power_engineer,10,28,62403189.96,902017.5133,12986.2336,42717.714,736292.8021,84.7532,659416.9461,840716.0511,67.6996,0.862245
nuclear_station_v2,power_engineer,10,29,69333776.22,1032457.9822,14776.2157,48697.719,843016.1213,82.2449,755104.3432,962614.989,64.9398,0.857143
nuclear_station_v2,power_engineer,10,30,84655723.01,1301267.5358,18512.4806,61021.2103,1062908.4451,79.6454,952224.0975,1213754.3274,69.6793,0.852041
nuclear_station_v2,power_engineer,10,31,93349450.41,1484733.6611,20996.0777,69432.157,1213045.721,76.9546,1086860.6553,1385255.3929,57.9052,0.846939
nuclear_station_v2,power_engineer,10,32,103086425.1,1700731.5373,23905.6883,79334.5133,1389817.4621,74.1726,1245392.1841,1587187.1597,55.0822,0.841837
nuclear_station_v2,power_engineer,10,33,113991836.75,1956039.8515,27327.7011,91039.046,1598775.6009,71.2995,1432801.2836,1825893.923,52.1895,0.836735
nuclear_station_v2,power_engineer,10,34,126205897.8,2259142.1057,31369.8684,104934.6736,1846868.6804,68.3351,1655324.2083,2109316.0687,49.2318,0.831633
nuclear_station_v2,power_engineer,10,35,139885646.18,2620753.5747,36167.8546,121512.6414,2142873.5784,65.2795,1920838.4364,2447483.4861,46.2146,0.826531
nuclear_station_v2,power_engineer,10,36,155206964.36,3054551.1273,41894.2886,141399.9569,2497993.4872,62.1327,2239399.5121,2853198.9988,43.1441,0.821429
nuclear_station_v2,power_engineer,10,37,172366840.72,3578199.7003,48771.4982,165406.4623,2926698.9136,58.8946,2623996.0506,3342999.5423,40.0272,0.816327
nuclear_station_v2,power_engineer,10,38,191585902.25,4214826.9466,57089.7863,194592.4441,3447935.9032,55.5654,3091634.4338,3938537.0498,36.872,0.811224
nuclear_station_v2,power_engineer,10,39,213111251.16,4995190.6066,67234.2693,230367.9743,4086901.8758,52.1449,3664933.107,4668608.0745,33.6878,0.806122
nuclear_station_v2,power_engineer,10,40,268818029.35,6754768.9314,90342.4136,311035.3016,5527450.3582,48.6333,4957266.2232,6314450.5208,38.6705,0.80102
nuclear_station_v2,power_engineer,10,41,295819427.02,8026983.6114,106673.984,369359.5902,6569326.5324,45.0304,5892216.323,7504969.8718,25.9161,0.795918
nuclear_station_v2,power_engineer,10,42,326060992.41,9637094.9852,127250.4642,443174.65,7888002.7878,41.3363,7075625.6419,9011820.533,22.9333,0.790816
nuclear_station_v2,power_engineer,10,43,359931545.65,11709176.7441,153613.2297,538168.5998,9585133.5757,37.551,8598752.951,10951182.3156,19.9575,0.785714
nuclear_station_v2,power_engineer,10,44,397866565.28,14431613.0562,188099.5889,662977.8557,11815065.9821,33.6745,10600163.2059,13499458.2026,17.0117,0.780612
nuclear_station_v2,power_engineer,10,45,440353787.27,18104085.152,234423.8049,831341.207,14823338.5219,29.7068,13300291.2073,16937275.3966,14.1235,0.77551
nuclear_station_v2,power_engineer,10,46,487939475.89,23232635.1648,298852.5458,1066458.0026,19024572.4163,25.6479,17071371.3105,21738508.8639,11.3266,0.770408
nuclear_station_v2,power_engineer,10,47,541235447.15,30741969.5344,392829.8553,1410721.1237,25176424.1432,21.4977,22593609.7209,28769095.3419,8.6634,0.765306
nuclear_station_v2,power_engineer,10,48,600926934.96,42517268.8373,539676.0777,1950556.0926,34823521.9003,17.2564,31253744.8607,39794417.668,6.1875,0.760204
nuclear_station_v2,power_engineer,10,49,667781401.31,63080226.9147,795310.1079,2893258.5713,51670742.6649,12.9238,46377957.7986,59048852.1545,3.9683,0.755102
nuclear_station_v2,power_engineer,10,50,866615019.83,124454789.5209,1558513.2162,5706956.4875,101954708.241,8.5,91519105.305,116517546.8793,3.9542,0.75
forest_management_v2,forester,1,1,10000.0,1379.8253,222.4,8.0,1000.0,10.0,762.2602,1039.4253,,1.0
forest_management_v2,forester,1,2,10500.0,1447.3374,232.0913,8.274,1050.0657,9.9994,801.459,1092.1787,9.9869,0.994898
forest_management_v2,forester,1,3,11060.0,1523.1615,242.9978,8.5817,1106.2764,9.9975,845.4508,1151.3943,9.9625,0.989796
forest_management_v2,forester,1,4,11687.2,1608.2968,255.2572,8.9272,1169.3778,9.9944,894.8244,1217.8611,9.9396,0.984693
forest_management_v2,forester,1,5,12389.66,1703.8621,269.0235,9.3151,1240.2054,9.99,950.2393,1292.4633,9.9179,0.979592
forest_management_v2,forester,1,6,13176.42,1811.12,284.4692,9.7504,1319.7034,9.9844,1012.4419,1376.2008,9.8966,0.97449
forest_management_v2,forester,1,7,14057.59,1931.4822,301.7859,10.2389,1408.9279,9.9775,1082.268,1470.1928,9.8759,0.969388
forest_management_v2,forester,1,8,15044.5,2066.5381,321.1883,10.787,1509.0696,9.9694,1160.661,1575.7017,9.8551,0.964285
forest_management_v2,forester,1,9,16149.84,2218.0733,342.9166,11.402,1621.4666,9.96,1248.6818,1694.1467,9.8343,0.959184
forest_management_v2,forester,1,10,20186.14,2771.9669,426.2694,13.65,2028.8813,9.9494,1564.5194,2121.2128,9.9071,0.954081
forest_management_v2,forester,1,11,21572.68,2962.8119,453.1809,14.4245,2170.8296,9.9375,1676.0536,2271.0612,9.7679,0.94898
forest_management_v2,forester,1,12,23125.6,3176.9829,483.327,15.2937,2330.175,9.9244,1801.302,2439.3065,9.7456,0.943877
forest_management_v2,forester,1,13,24864.87,3417.3264,517.0813,16.2692,2509.059,9.91,1941.9699,2628.2252,9.7229,0.938775
forest_management_v2,forester,1,14,26812.86,3687.0505,554.8618,17.3638,2709.8976,9.8944,2099.9839,2840.3879,9.6993,0.933673
forest_management_v2,forester,1,15,28994.61,3989.7552,597.1347,18.5924,2935.4045,9.8776,2277.5098,3078.6828,9.6749,0.928572
forest_management_v2,forester,1,16,31438.17,4329.4957,644.422,19.9712,3188.6392,9.8594,2476.9924,3346.3686,9.6494,0.923469
forest_management_v2,forester,1,17,34174.95,4710.827,697.3074,21.5188,3473.0407,9.8401,2701.1817,3647.1095,9.6229,0.918367
forest_management_v2,forester,1,18,37240.15,5138.8806,756.4429,23.2561,3792.488,9.8195,2953.184,3985.0417,9.5953,0.913265
forest_management_v2,forester,1,19,40673.17,5619.4282,822.5584,25.2064,4151.3472,9.7976,3236.4986,4364.8225,9.5665,0.908163
forest_management_v2,forester,1,20,50802.5,7027.9856,1022.9604,30.923,5197.4689,9.7745,4057.0249,5468.1416,9.6827,0.903061
forest_management_v2,forester,1,21,55108.88,7635.1487,1105.0573,33.3871,5652.1327,9.7501,4417.1458,5950.1381,9.4716,0.897959
forest_management_v2,forester,1,22,59932.03,8316.9618,1196.8985,36.1543,6163.0008,9.7245,4822.0674,6491.9178,9.4411,0.892857
forest_management_v2,forester,1,23,65333.95,9082.6903,1299.626,39.262,6737.108,9.6976,5277.4513,7101.0017,9.4093,0.887755
forest_management_v2,forester,1,24,71384.11,9942.7754,1414.5176,42.7526,7382.3895,9.6695,5789.6913,7785.8787,9.376,0.882653
forest_management_v2,forester,1,25,78160.28,10908.9732,1543.0036,46.6739,8107.7873,9.6401,6365.9992,8556.1194,9.3413,0.877551
forest_management_v2,forester,1,26,85749.59,11994.5273,1686.6845,51.0796,8923.384,9.6095,7014.5155,9422.5218,9.3052,0.872449
forest_management_v2,forester,1,27,94249.62,13214.3632,1847.3525,56.0303,9840.553,9.5777,7744.4316,10397.272,9.2677,0.867347
forest_management_v2,forester,1,28,103769.66,14585.2983,2027.0134,61.5942,10872.1209,9.5446,8566.1243,11494.1211,9.2287,0.862245
forest_management_v2,forester,1,29,114432.1,16126.2913,2227.9138,67.8483,12032.5604,9.5102,9491.3141,12728.5935,9.1883,0.857143
forest_management_v2,forester,1,30,159045.71,22475.0317,3086.5364,93.6146,16786.5462,9.4746,13256.6062,17768.2665,9.3845,0.852041
forest_management_v2,forester,1,31,172420.68,24436.5817,3335.8241,101.5755,18269.2884,9.4377,14443.9537,19349.2691,9.0204,0.846939
forest_management_v2,forester,1,32,187400.64,26641.5728,3614.9176,110.5244,19937.0338,9.3996,15780.3574,21128.1769,8.9822,0.841837
forest_management_v2,forester,1,33,204178.2,29120.687,3927.3543,120.5859,21813.2898,9.3603,17284.9323,23130.2605,8.942,0.836735
forest_management_v2,forester,1,34,222969.06,31908.5329,4277.0965,131.9003,23924.5964,9.3197,18979.2813,25384.0657,8.9001,0.831633
forest_management_v2,forester,1,35,244014.83,35044.1721,4668.5868,144.6262,26300.9344,9.2778,20887.8313,27921.8559,8.8564,0.826531
forest_management_v2,forester,1,36,267586.09,38571.694,5106.804,158.9426,28976.1743,9.2347,23038.2067,30780.1002,8.8109,0.821429
forest_management_v2,forester,1,37,293985.9,42540.8732,5597.331,175.0515,31988.587,9.1903,25461.6507,34000.0267,8.7637,0.816327
forest_management_v2,forester,1,38,323553.69,47007.9224,6146.4279,193.1809,35381.4328,9.1447,28193.5151,37628.2638,8.7147,0.811224
forest_management_v2,forester,1,39,356669.61,52036.33,6761.1155,213.5887,39203.6145,9.0979,31273.8022,41717.549,8.6641,0.806122
forest_management_v2,forester,1,40,481630.97,70573.0809,9111.5728,288.8198,53220.2389,9.0498,42502.2858,56666.0651,8.9152,0.80102
forest_management_v2,forester,1,41,523171.58,77007.0613,9878.9266,314.932,58127.4864,9.0004,46472.3272,61927.043,8.4652,0.795918
forest_management_v2,forester,1,42,569697.07,84249.2965,10738.7219,344.3245,63654.6376,8.9498,50947.0299,67854.8319,8.4176,0.790816
forest_management_v2,forester,1,43,621805.61,92403.4444,11702.0915,377.418,69881.8234,8.898,55992.2003,74536.0299,8.3679,0.785714
forest_management_v2,forester,1,44,680167.18,101586.7336,12781.5357,414.6882,76899.7434,8.8449,61682.3951,82068.7069,8.3161,0.780612
forest_management_v2,forester,1,45,745532.14,111931.764,13991.0899,456.6734,84811.0806,8.7905,68102.1029,90563.9472,8.2622,0.77551
forest_management_v2,forester,1,46,818740.89,123588.5694,15346.5185,503.9823,93732.1196,8.7349,75347.0954,100147.6143,8.2063,0.770408
forest_management_v2,forester,1,47,900734.69,136726.9581,16865.531,557.3043,103794.5869,8.6781,83525.9657,110962.3584,8.1485,0.765306
forest_management_v2,forester,1,48,992567.75,151539.1701,18568.0281,617.4194,115147.7386,8.62,92761.8745,123169.8957,8.0888,0.760204
forest_management_v2,forester,1,49,1095420.78,168242.9128,20476.3765,685.2113,127960.7527,8.5606,103194.5542,136953.6208,8.0272,0.755102
forest_management_v2,forester,1,50,1456731.96,225118.1934,27213.3835,916.0388,171380.2309,8.5,138358.4407,183528.9142,8.3214,0.75
sawmill_v2,forester,2,1,26493.55,3342.6683,1150.0,17.5,1892.3964,14.0,931.6346,1900.1683,,1.0
sawmill_v2,forester,2,2,27743.55,3491.1764,1194.9639,18.0442,1982.0064,13.9977,982.4511,1992.4161,13.9493,0.994898
sawmill_v2,forester,2,3,29143.55,3658.9215,1245.9583,18.659,2083.0447,13.9908,1039.5408,2096.3577,13.8561,0.989796
sawmill_v2,forester,2,4,30711.55,3848.2034,1303.6584,19.3527,2196.9174,13.9794,1103.7225,2213.448,13.7698,0.984694
sawmill_v2,forester,2,5,32467.71,4061.6161,1368.8277,20.1348,2325.2086,13.9634,1175.9165,2345.3252,13.6889,0.979592
sawmill_v2,forester,2,6,34434.61,4302.091,1442.3197,21.016,2469.7171,13.9427,1257.1773,2493.8528,13.611,0.97449
sawmill_v2,forester,2,7,36637.54,4572.9374,1525.0966,22.0086,2632.4739,13.9175,1348.6963,2661.1351,13.5351,0.969388
sawmill_v2,forester,2,8,39104.82,4877.889,1618.2375,23.1262,2815.7771,13.8878,1451.8289,2849.5556,13.4601,0.964286
sawmill_v2,forester,2,9,41868.17,5221.171,1722.9553,24.3842,3022.2334,13.8534,1568.1196,3061.8205,13.3847,0.959183
sawmill_v2,forester,2,10,48126.42,6001.5102,1969.9293,27.244,3483.7732,13.8145,1819.0703,3533.2669,13.5595,0.954082
sawmill_v2,forester,2,11,51592.77,6436.6053,2101.4468,28.8385,3746.4985,13.7709,1968.2757,3803.8002,13.1938,0.94898
sawmill_v2,forester,2,12,55475.08,6926.4466,2249.2137,30.6336,4042.5414,13.7228,2136.7031,4108.7439,13.114,0.943878
sawmill_v2,forester,2,13,59823.27,7477.9468,2415.1748,32.6547,4376.202,13.6701,2326.9405,4452.5755,13.0318,0.938775
sawmill_v2,forester,2,14,64693.24,8098.9343,2601.5208,34.9305,4752.3603,13.6129,2541.9358,4840.3803,12.9466,0.933673
sawmill_v2,forester,2,15,70147.61,8798.2774,2810.7196,37.4934,5176.556,13.551,2785.0491,5277.9358,12.8581,0.928571
sawmill_v2,forester,2,16,76256.5,9586.0273,3045.5496,40.3803,5655.0848,13.4846,3060.1172,5771.8138,12.766,0.923469
sawmill_v2,forester,2,17,83098.46,10473.5893,3309.1503,43.6329,6195.1013,13.4136,3371.513,6329.4875,12.6699,0.918367
sawmill_v2,forester,2,18,90761.45,11473.8928,3605.058,47.2988,6804.7364,13.338,3724.2285,6959.457,12.5698,0.913265
sawmill_v2,forester,2,19,99344.0,12601.6255,3937.2688,51.4316,7493.2448,13.2578,4123.9656,7671.4043,12.4654,0.908163
sawmill_v2,forester,2,20,121351.77,15450.8993,4800.3783,61.8735,9212.1233,13.1731,5098.2785,9440.731,12.8036,0.903061
sawmill_v2,forester,2,21,132117.72,16892.532,5218.6229,67.1567,10097.8745,13.0837,5618.9345,10358.8208,12.1546,0.897959
sawmill_v2,forester,2,22,144175.59,18519.4855,5688.7315,73.119,11099.1425,12.9898,6209.3722,11397.2862,12.0426,0.892857
sawmill_v2,forester,2,23,157680.4,20356.3252,6217.2324,79.8506,12231.5408,12.8913,6879.3611,12572.5128,11.9258,0.887755
sawmill_v2,forester,2,24,172805.79,22431.0359,6811.5179,87.4538,13512.8958,12.7882,7640.0981,13903.2229,11.8042,0.882653
sawmill_v2,forester,2,25,189746.22,24775.5099,7479.9646,96.0457,14963.5646,12.6805,8504.4153,15410.8124,11.6777,0.877551
sawmill_v2,forester,2,26,208719.51,27426.1222,8232.0691,105.7595,16606.8153,12.5683,9487.0345,17119.7552,11.5462,0.872449
sawmill_v2,forester,2,27,229969.59,30424.3887,9078.6083,116.7474,18469.2587,12.4515,10604.8511,19058.0614,11.4098,0.867347
sawmill_v2,forester,2,28,253769.68,33817.7452,10031.8226,129.1831,20581.3633,12.3301,11877.2791,21257.8253,11.2684,0.862245
sawmill_v2,forester,2,29,280425.78,37660.4199,11105.6225,143.2655,22978.0327,12.2041,13326.6367,23755.8396,11.1221,0.857143
sawmill_v2,forester,2,30,367900.5,49815.2677,14602.5068,187.8099,30471.7074,12.0735,17760.6441,31533.0472,11.6731,0.852041
sawmill_v2,forester,2,31,401337.91,54820.4288,15973.4597,206.1525,33617.5104,11.9384,19690.001,34821.0762,10.6292,0.846939
sawmill_v2,forester,2,32,438787.81,60494.284,17520.5111,226.9456,37189.7398,11.7986,21887.715,38557.1399,10.4836,0.841837
sawmill_v2,forester,2,33,480731.7,66930.6119,19267.1345,250.5331,41249.2616,11.6543,24393.2547,42805.5861,10.3322,0.836735
sawmill_v2,forester,2,34,527708.86,74237.14,21240.1366,277.3096,45866.1336,11.5054,27252.1975,47640.5307,10.1751,0.831633
sawmill_v2,forester,2,35,580323.28,82537.7609,23470.1672,307.7292,51121.0822,11.3519,30517.2288,53147.4333,10.0124,0.826531
sawmill_v2,forester,2,36,639251.43,91975.1197,25992.3,342.3146,57107.2394,11.1939,34249.3311,59424.955,9.8441,0.821429
sawmill_v2,forester,2,37,705250.95,102713.6589,28846.7357,381.6685,63932.1715,11.0312,38519.155,66587.1222,9.6704,0.816327
sawmill_v2,forester,2,38,779170.42,114943.2153,32079.5996,426.4866,71720.3023,10.864,43408.6862,74765.9205,9.4913,0.811224
sawmill_v2,forester,2,39,861960.22,128883.2052,35743.8963,477.573,80615.7101,10.6922,49013.1466,84114.2823,9.307,0.806122
sawmill_v2,forester,2,40,1126778.45,170886.0921,47092.8369,631.5026,107150.7247,10.5158,65438.1157,111900.422,9.98,0.80102
sawmill_v2,forester,2,41,1230629.98,189441.9926,51873.9516,699.5051,119075.6263,10.3349,73043.1616,124463.8954,8.7088,0.795918
sawmill_v2,forester,2,42,1346943.69,210625.3608,57304.7795,777.1365,132712.797,10.1493,81765.9829,138840.128,8.5292,0.790816
sawmill_v2,forester,2,43,1477215.05,234836.1804,63479.6056,865.8628,148326.9194,9.9592,91783.6731,155310.8063,8.3432,0.785714
sawmill_v2,forester,2,44,1623118.97,262540.5596,70507.6638,967.3921,166226.9882,9.7645,103303.5599,174204.9754,8.151,0.780612
sawmill_v2,forester,2,45,1786531.36,294282.7518,78515.767,1083.7189,186774.4414,9.5652,116568.8321,195907.7564,7.9529,0.77551
sawmill_v2,forester,2,46,1969553.24,330699.6188,87651.4544,1217.1771,210392.959,9.3613,131865.3363,220870.8569,7.7491,0.770408
sawmill_v2,forester,2,47,2174537.74,372538.1033,98086.7729,1370.5041,237580.3188,9.1529,149529.8191,249625.2936,7.5397,0.765306
sawmill_v2,forester,2,48,2404120.39,420676.4245,110022.8586,1546.9184,268922.7833,8.9398,169959.9332,282796.8334,7.325,0.760204
sawmill_v2,forester,2,49,2661252.95,476149.8536,123695.487,1750.214,305112.6128,8.7222,193626.4385,321124.7971,7.1051,0.755102
sawmill_v2,forester,2,50,3497194.2,640543.8955,165277.8735,2352.6749,411434.612,8.5,262165.6313,433390.3774,7.8624,0.75
pulp_plant_v2,forester,3,1,52509.2,4456.1034,1403.3333,35.0,2625.46,20.0,1424.8828,2566.1034,,1.0
pulp_plant_v2,forester,3,2,55009.2,4657.6263,1459.3151,36.108,2751.1168,19.9952,1501.0204,2692.5186,19.8955,0.994899
pulp_plant_v2,forester,3,3,57809.2,4885.9035,1522.9871,37.3631,2893.2314,19.9808,1586.879,2835.3757,19.7024,0.989796
pulp_plant_v2,forester,3,4,60945.2,5144.1748,1595.2265,38.7831,3053.8438,19.9569,1683.717,2996.7372,19.5253,0.984693
pulp_plant_v2,forester,3,5,64457.52,5436.1165,1677.0254,40.3882,3235.2715,19.9234,1792.9668,3178.9476,19.3593,0.979592
pulp_plant_v2,forester,3,6,68391.32,5765.9127,1769.5009,42.2014,3440.163,19.8803,1916.2774,3384.6917,19.1994,0.974489
pulp_plant_v2,forester,3,7,72797.17,6138.2959,1873.9201,44.2488,3671.5104,19.8276,2055.5077,3617.0006,19.0443,0.969388
pulp_plant_v2,forester,3,8,77731.73,6558.6579,1991.7103,46.56,3932.7372,19.7653,2212.8009,3879.3502,18.8899,0.964285
pulp_plant_v2,forester,3,9,83258.43,7033.1037,2124.4895,49.1686,4227.7177,19.6935,2390.5802,4175.6729,18.7358,0.959184
pulp_plant_v2,forester,3,10,95433.68,8074.0317,2425.9479,54.8917,4866.0771,19.612,2765.4118,4812.3941,19.0727,0.954081
pulp_plant_v2,forester,3,11,102366.38,8679.6696,2593.9733,58.2215,5243.9031,19.521,2994.5543,5192.5975,18.3489,0.948979
pulp_plant_v2,forester,3,12,110131.0,9363.5389,2783.3082,61.9815,5670.8768,19.4205,3253.8874,5622.4339,18.1852,0.943878
pulp_plant_v2,forester,3,13,118827.37,10135.9197,2996.612,66.2281,6153.5793,19.3103,3547.5897,6108.6119,18.016,0.938776
pulp_plant_v2,forester,3,14,128567.31,11008.5139,3236.9006,71.0257,6699.5113,19.1906,3880.4346,6658.7824,17.8409,0.933674
pulp_plant_v2,forester,3,15,139476.04,11994.6986,3507.6022,76.4478,7317.2643,19.0612,4257.9078,7281.7173,17.6587,0.928572
pulp_plant_v2,forester,3,16,151693.82,13109.736,3812.6069,82.5783,8016.6592,18.9223,4686.3002,7987.4529,17.4691,0.923469
pulp_plant_v2,forester,3,17,165377.73,14371.0762,4156.3436,89.5133,8808.9409,18.7738,5172.8324,8787.4888,17.2715,0.918368
pulp_plant_v2,forester,3,18,180703.71,15798.7004,4543.8488,97.3625,9707.0155,18.6158,5725.8246,9695.039,17.0654,0.913265
pulp_plant_v2,forester,3,19,197868.81,17415.4816,4980.8664,106.2516,10725.6763,18.4481,6354.834,10725.2581,16.8507,0.908163
pulp_plant_v2,forester,3,20,236888.7,21001.3348,5972.6863,125.967,12965.3329,18.2709,7716.0714,12980.3561,17.4223,0.903061
pulp_plant_v2,forester,3,21,258420.6,23093.1278,6530.4776,137.4678,14289.9087,18.0841,8541.318,14323.3303,16.2557,0.897959
pulp_plant_v2,forester,3,22,282536.33,25466.3059,7160.6683,150.5157,15794.956,17.8878,9481.5265,15850.4412,16.0232,0.892857
pulp_plant_v2,forester,3,23,309545.95,28160.7691,7873.0536,165.3301,17506.4753,17.6818,10553.7047,17588.4215,15.7811,0.887755
pulp_plant_v2,forester,3,24,339796.73,31222.4775,8678.8659,182.1636,19454.4598,17.4663,11777.5196,19568.1314,15.5293,0.882653
pulp_plant_v2,forester,3,25,373677.6,34704.4679,9590.9876,201.3078,21673.59,17.2411,13175.785,21825.2868,15.2676,0.877551
pulp_plant_v2,forester,3,26,411624.17,38668.0159,10624.2311,223.0997,24203.996,17.0065,14774.9664,24401.2473,14.9962,0.872449
pulp_plant_v2,forester,3,27,454124.33,43184.0272,11795.6412,247.9291,27092.1976,16.7622,16605.831,27343.9977,14.7151,0.867347
pulp_plant_v2,forester,3,28,501724.51,48334.6857,13124.8743,276.2478,30392.2003,16.5083,18704.1893,30709.2869,14.4243,0.862245
pulp_plant_v2,forester,3,29,555036.71,54215.4321,14634.628,308.5806,34166.8345,16.2449,21111.8231,34562.0286,14.1238,0.857143
pulp_plant_v2,forester,3,30,700587.06,69444.2682,18633.8417,392.3099,43863.7614,15.9719,27212.342,44420.7637,15.0099,0.852041
pulp_plant_v2,forester,3,31,767461.89,77270.6697,20609.728,435.3401,48916.2734,15.6893,30466.6036,49592.3043,13.236,0.846939
pulp_plant_v2,forester,3,32,842361.7,86229.1131,22860.5863,484.5943,54709.0213,15.3971,34207.8168,55526.1904,12.9299,0.841837
pulp_plant_v2,forester,3,33,926249.48,96497.3702,25427.8036,541.05,61359.8095,15.0954,38515.1408,62344.5086,12.6132,0.836735
pulp_plant_v2,forester,3,34,1020203.8,108284.009,28359.6869,605.8538,69007.0674,14.784,43481.823,70190.8256,12.286,0.831633
pulp_plant_v2,forester,3,35,1125432.63,121834.3333,31712.7723,680.3546,77813.8497,14.4631,49217.9537,79234.3641,11.9486,0.826531
pulp_plant_v2,forester,3,36,1243288.92,137437.7048,35553.4107,766.1431,87972.7914,14.1327,55853.9047,89675.1887,11.6012,0.821429
pulp_plant_v2,forester,3,37,1375287.97,155436.4369,39959.709,865.1015,99712.115,13.7926,63544.4846,101750.485,11.2442,0.816327
pulp_plant_v2,forester,3,38,1523126.9,176236.8416,45023.9222,979.4637,113303.1064,13.4429,72474.1263,115742.3833,10.8777,0.811224
pulp_plant_v2,forester,3,39,1688706.51,200322.8605,50855.4037,1111.8905,129069.3427,13.0837,82863.2924,131987.6157,10.5022,0.806122
pulp_plant_v2,forester,3,40,2157959.14,262838.4003,66303.7321,1455.6058,169718.7844,12.7149,109359.5164,173739.0252,11.5439,0.80102
pulp_plant_v2,forester,3,41,2365662.2,296330.8972,74276.4336,1639.7501,191760.8007,12.3365,124010.3172,196508.6404,9.4231,0.795918
pulp_plant_v2,forester,3,42,2598289.63,335312.2707,83508.4935,1854.0727,217456.243,11.9486,141133.0037,223072.2678,9.0533,0.790816
pulp_plant_v2,forester,3,43,2858832.35,380810.2411,94227.7555,2104.224,247496.0875,11.551,161202.3356,254150.801,8.6732,0.785714
pulp_plant_v2,forester,3,44,3150640.19,434077.1114,106710.6637,2397.0894,282723.3417,11.1439,184798.6041,290624.2397,8.2836,0.780612
pulp_plant_v2,forester,3,45,3477464.97,496648.2054,121294.7394,2741.1101,324172.7496,10.7272,212635.3451,333573.3127,7.8849,0.77551
pulp_plant_v2,forester,3,46,3843508.73,570418.6326,138394.9216,3146.7056,373122.9947,10.3009,245595.818,384334.2218,7.4779,0.770408
pulp_plant_v2,forester,3,47,4253477.74,657745.3241,158525.2822,3626.8345,431166.0905,9.8651,284781.5015,444571.4123,7.0632,0.765306
pulp_plant_v2,forester,3,48,4712643.03,761584.4946,182328.2096,4197.7502,500300.9253,9.4196,331577.531,516375.7025,6.6416,0.760204
pulp_plant_v2,forester,3,49,5226908.16,885679.4359,210614.265,4880.0338,583061.0693,8.9646,387742.1175,602398.3607,6.2139,0.755102
pulp_plant_v2,forester,3,50,6862528.0,1223783.6337,289049.0068,6738.9567,807356.2331,8.5,538714.4401,834964.4578,7.2923,0.75
paper_mill_v2,forester,4,1,97902.08,6408.6355,2326.6667,63.0,3496.5029,28.0,1573.9084,3440.6355,,1.0
paper_mill_v2,forester,4,2,102402.08,6684.1107,2414.2982,64.8956,3658.2776,27.9919,1660.9455,3604.8011,27.8165,0.994898
paper_mill_v2,forester,4,3,107442.08,6997.1853,2514.4194,67.05,3841.6729,27.9675,1759.0692,3790.7134,27.4816,0.989796
paper_mill_v2,forester,4,4,113086.88,7352.416,2628.4493,69.4945,4049.3908,27.9269,1869.7644,4001.1256,27.1753,0.984693
paper_mill_v2,forester,4,5,119409.06,7754.968,2757.9958,72.2646,4284.4957,27.87,1994.7162,4239.16,26.8909,0.979591
paper_mill_v2,forester,4,6,126489.9,8210.7309,2904.8759,75.4008,4550.4952,27.797,2135.8701,4508.3969,26.6198,0.97449
paper_mill_v2,forester,4,7,134420.44,8726.4146,3071.1558,78.9494,4851.3892,27.7076,2295.4486,4812.9204,26.3566,0.969387
paper_mill_v2,forester,4,8,143302.64,9309.6581,3259.1784,82.9629,5191.7396,27.602,2475.996,5157.3915,26.0972,0.964286
paper_mill_v2,forester,4,9,153250.71,9969.1772,3471.5984,87.5013,5576.7674,27.4802,2680.4429,5547.1516,25.8373,0.959183
paper_mill_v2,forester,4,10,172777.4,11259.9277,3900.2262,96.3834,6319.0867,27.3421,3061.2194,6293.8492,26.305,0.954082
paper_mill_v2,forester,4,11,185256.25,12104.7396,4170.4313,102.1968,6813.937,27.1878,3325.9478,6795.4784,25.2174,0.94898
paper_mill_v2,forester,4,12,199232.57,13060.4466,4475.5062,108.7734,7374.2653,27.0173,3626.3246,7363.7024,24.9431,0.943877
paper_mill_v2,forester,4,13,214886.04,14141.8846,4819.8971,116.2151,8009.022,26.8305,3967.4469,8007.7034,24.6606,0.938776
paper_mill_v2,forester,4,14,232417.93,15366.075,5208.6668,124.6392,8728.509,26.6274,4355.2206,8738.0646,24.3672,0.933673
paper_mill_v2,forester,4,15,252053.65,16752.5064,5647.5971,134.1797,9544.5347,26.4082,4796.4297,9566.9214,24.0626,0.928571
paper_mill_v2,forester,4,16,274045.66,18323.5577,6143.2888,144.9906,10470.6921,26.1726,5298.9223,10508.2574,23.7454,0.923469
paper_mill_v2,forester,4,17,298676.71,20104.9469,6703.2895,157.249,11522.6353,25.9209,5871.7742,11578.1896,23.4148,0.918367
paper_mill_v2,forester,4,18,326263.48,22126.2626,7336.2406,171.1583,12718.4114,25.6528,6525.4908,12795.3139,23.0702,0.913265
paper_mill_v2,forester,4,19,357160.66,24421.5858,8052.0489,186.9533,14078.8478,25.3686,7272.2421,14181.1074,22.7112,0.908163
paper_mill_v2,forester,4,20,420401.12,29003.9396,9509.1751,218.486,16770.3624,25.0681,8720.9031,16912.6083,23.4962,0.903061
paper_mill_v2,forester,4,21,459158.55,31991.152,10429.2973,239.042,18550.8471,24.7514,9709.9337,18730.4301,21.7679,0.897959
paper_mill_v2,forester,4,22,502566.87,35391.683,11472.335,262.4422,20581.508,24.4184,10842.4017,20805.258,21.3764,0.892857
paper_mill_v2,forester,4,23,551184.19,39266.69,12655.6963,289.1074,22900.0411,24.0691,12140.7002,23176.0937,20.969,0.887755
paper_mill_v2,forester,4,24,605635.59,43687.1873,13999.5045,319.5264,25550.2961,23.7037,13630.9668,25888.337,20.5457,0.882653
paper_mill_v2,forester,4,25,666621.15,48735.8463,15527.0705,354.2679,28583.4218,23.322,15343.8033,28994.9853,20.1065,0.877551
paper_mill_v2,forester,4,26,734924.98,54509.104,17265.4395,393.9957,32059.2119,22.924,17315.1283,32558.0445,19.6513,0.872449
paper_mill_v2,forester,4,27,811425.27,61119.6692,19246.0866,439.4852,36047.6647,22.5098,19587.1202,36650.1488,19.1804,0.867347
paper_mill_v2,forester,4,28,897105.59,68699.643,21505.7057,491.6456,40630.9937,22.0793,22209.5102,41356.6757,18.6939,0.862245
paper_mill_v2,forester,4,29,993067.55,77404.2105,24087.2052,551.5447,45905.9507,21.6327,25241.0159,46778.1682,18.192,0.857143
paper_mill_v2,forester,4,30,1268658.83,100765.2698,31170.2184,712.3001,59927.9936,21.1697,33144.5882,61134.8532,19.6541,0.852041
paper_mill_v2,forester,4,31,1389033.52,112573.0076,34614.2458,793.5531,67133.7315,20.6905,37343.4842,68561.2378,16.7054,0.846939
paper_mill_v2,forester,4,32,1523853.17,126184.6673,38565.8634,887.2196,75456.4783,20.1951,42211.7191,77145.3704,16.1989,0.841837
paper_mill_v2,forester,4,33,1674851.18,141907.5367,43108.3939,995.414,85089.244,19.6835,47868.0245,87088.3902,15.6755,0.836735
paper_mill_v2,forester,4,34,1843968.95,160108.4972,48340.8765,1120.661,96262.855,19.1556,54454.822,98630.9969,15.1355,0.831633
paper_mill_v2,forester,4,35,2033380.85,181227.4312,54381.536,1265.9876,109254.5197,18.6114,62143.6534,112062.4342,14.5795,0.826531
paper_mill_v2,forester,4,36,2245522.18,205794.1214,61372.1549,1435.0393,124398.6266,18.051,71142.0254,127731.8142,14.0082,0.821429
paper_mill_v2,forester,4,37,2483120.47,234449.8671,69483.6315,1632.2293,142100.5855,17.4744,81702.2171,146062.6452,13.4221,0.816327
paper_mill_v2,forester,4,38,2749230.55,267975.2016,78923.1229,1862.9285,162854.5606,16.8815,94132.5484,167571.4398,12.8221,0.811224
paper_mill_v2,forester,4,39,3047273.84,307325.9344,89943.3028,2133.7143,187266.5581,16.2724,108812.0791,192891.9503,12.2089,0.806122
paper_mill_v2,forester,4,40,3918027.46,409843.6392,119187.4088,2839.1735,250400.8395,15.647,146254.6247,258190.9603,13.7921,0.80102
paper_mill_v2,forester,4,41,4291892.97,466912.852,134918.9514,3231.8861,286022.9526,15.0054,167919.9684,295225.5703,10.4953,0.795918
paper_mill_v2,forester,4,42,4710622.34,534553.2052,153474.1227,3697.3424,328322.1139,14.3476,193734.0377,339233.0864,9.8992,0.790816
paper_mill_v2,forester,4,43,5179599.23,615130.7093,175469.1032,4251.8236,378806.5108,13.6735,224649.0891,391793.8951,9.2895,0.785714
paper_mill_v2,forester,4,44,5704853.35,711667.9844,201688.617,4916.1294,439405.017,12.9831,261885.3326,454930.0359,8.6678,0.780612
paper_mill_v2,forester,4,45,6293137.96,828073.6443,233144.4477,5717.1563,512614.4751,12.2766,307025.0876,531259.9463,8.0356,0.77551
paper_mill_v2,forester,4,46,6952016.73,969472.8737,271159.6961,6690.1725,601712.0144,11.5537,362148.5823,624221.562,7.395,0.770408
paper_mill_v2,forester,4,47,7689960.95,1142694.8362,317492.9245,7882.1718,711068.1737,10.8147,430034.3104,738401.3697,6.7481,0.765306
paper_mill_v2,forester,4,48,8516458.47,1357010.7957,374526.109,9356.9527,846621.1286,10.0594,514462.5204,880032.7771,6.0972,0.760204
paper_mill_v2,forester,4,49,9442135.7,1625286.793,445558.0022,11203.0511,1016617.3935,9.2878,620689.38,1057774.5744,5.4453,0.755102
paper_mill_v2,forester,4,50,12318712.51,2310996.734,629258.6496,15921.6544,1449260.294,8.5,888987.7583,1509403.2842,6.6488,0.75
packaging_factory_v2,forester,5,1,170515.06,7629.7453,2360.0,112.0,4487.2384,38.0,2451.7962,4607.7453,,1.0
packaging_factory_v2,forester,5,2,178515.06,7969.475,2452.5073,115.4909,4699.2848,37.9877,2581.3282,4829.9179,37.7276,0.994898
packaging_factory_v2,forester,5,3,187475.06,8355.7461,2558.1904,119.4601,4939.9432,37.9509,2727.8511,5081.9071,37.2312,0.989796
packaging_factory_v2,forester,5,4,197510.26,8794.2657,2678.5693,123.9661,5212.8053,37.8894,2893.5924,5367.4874,36.7775,0.984694
packaging_factory_v2,forester,5,5,208749.68,9291.5496,2815.3667,129.076,5521.983,37.8034,3081.1137,5690.9833,36.3526,0.979591
packaging_factory_v2,forester,5,6,221337.83,9855.0063,2970.5438,134.8658,5872.1491,37.6928,3293.3236,6057.309,35.9491,0.974489
packaging_factory_v2,forester,5,7,235436.56,10493.1124,3146.326,141.4227,6268.6664,37.5577,3533.5782,6472.1097,35.5564,0.969388
packaging_factory_v2,forester,5,8,251227.14,11215.5578,3345.2481,148.8462,6717.6732,37.3979,3805.7278,6941.8505,35.1678,0.964285
packaging_factory_v2,forester,5,9,268912.59,12033.3978,3570.1962,157.2501,7226.1778,37.2137,4114.1739,7473.9143,34.7793,0.959184
packaging_factory_v2,forester,5,10,300024.62,13464.8143,3973.6335,171.9587,8107.7233,37.0048,4639.4425,8393.1635,35.2926,0.954082
packaging_factory_v2,forester,5,11,322209.25,14515.3616,4260.7558,182.7536,8762.5114,36.7713,5038.4019,9078.8794,33.8806,0.948979
packaging_factory_v2,forester,5,12,347056.04,15705.4874,4585.3124,194.9828,9504.9171,36.5133,5491.4384,9856.5812,33.4679,0.943877
packaging_factory_v2,forester,5,13,374884.44,17054.2967,4952.1933,208.8427,10347.1368,36.2307,6006.3047,10739.1478,33.0417,0.938776
packaging_factory_v2,forester,5,14,406052.25,18583.7554,5366.9869,224.5588,11303.2225,35.9236,6591.9652,11741.4289,32.5994,0.933674
packaging_factory_v2,forester,5,15,440960.19,20319.1333,5836.0959,242.3907,12389.3626,35.5918,7258.772,12880.5396,32.1394,0.928571
packaging_factory_v2,forester,5,16,480057.09,22289.5456,6366.8646,262.6378,13624.2375,35.2355,8018.7017,14176.2399,31.6606,0.923469
packaging_factory_v2,forester,5,17,523845.62,24528.5783,6967.723,285.6452,15029.4328,34.8547,8885.6329,15651.3763,31.1619,0.918368
packaging_factory_v2,forester,5,18,572888.77,27075.0821,7648.3659,311.8119,16629.9667,34.4492,9875.7049,17332.4461,30.6417,0.913265
packaging_factory_v2,forester,5,19,627817.1,29973.9962,8419.9702,341.5999,18454.8106,34.0192,11007.6416,19250.1448,30.1003,0.908163
packaging_factory_v2,forester,5,20,729697.71,35223.0931,9838.9014,395.5374,21740.1293,33.5646,13024.585,22695.69,31.0109,0.903061
packaging_factory_v2,forester,5,21,798599.8,39015.4656,10836.6574,434.5062,24137.5427,33.0854,14522.8801,25218.8097,28.7402,0.897959
packaging_factory_v2,forester,5,22,875770.14,43345.6818,11970.982,479.0017,26879.2573,32.5816,16241.0707,28105.8506,28.1467,0.892857
packaging_factory_v2,forester,5,23,962200.93,48296.1657,13261.961,529.8707,30018.7706,32.0533,18214.1204,31413.6228,27.53,0.887755
packaging_factory_v2,forester,5,24,1059003.41,53963.2659,14732.9679,588.1035,33618.7093,31.5004,20483.0574,35208.6639,26.89,0.882653
packaging_factory_v2,forester,5,25,1167422.19,60459.933,16411.263,654.8604,37752.6143,30.9229,23096.1915,39569.1508,26.2267,0.877551
packaging_factory_v2,forester,5,26,1288851.22,67918.8788,18328.7347,731.5053,42507.0158,30.3209,26110.4957,44587.1117,25.5403,0.872449
packaging_factory_v2,forester,5,27,1424851.74,76496.4827,20522.7842,819.6451,47984.0264,29.6943,29593.3647,50371.2011,24.8312,0.867347
packaging_factory_v2,forester,5,28,1577172.32,86377.5903,23037.4114,921.1792,54304.5297,29.0431,33624.7759,57050.1115,24.0994,0.862245
packaging_factory_v2,forester,5,29,1747771.37,97781.412,25924.5646,1038.36,61612.0841,28.3673,38299.9227,64776.7457,23.3456,0.857143
packaging_factory_v2,forester,5,30,2202876.59,126074.3846,33226.853,1329.0865,79621.0472,27.667,49690.1417,83774.8989,25.271,0.852041
packaging_factory_v2,forester,5,31,2416876.03,141729.7674,37129.1531,1489.9545,89706.2741,26.9421,56200.1298,94457.6792,21.2191,0.846939
packaging_factory_v2,forester,5,32,2656555.41,159889.8736,41634.2562,1676.56,101423.7799,26.1926,63783.9545,106876.1587,20.4548,0.841837
packaging_factory_v2,forester,5,33,2924996.31,181009.6419,46848.0414,1893.5777,115073.1798,25.4186,72642.0737,121350.047,19.6669,0.836735
packaging_factory_v2,forester,5,34,3225650.12,205639.9857,52898.22,2146.6686,131017.7345,24.62,83017.99,138267.1221,18.8562,0.831633
packaging_factory_v2,forester,5,35,3562382.39,234451.8038,59939.6883,2442.7264,149700.3685,23.7968,95209.1842,158100.3939,18.0238,0.826531
packaging_factory_v2,forester,5,36,3939522.53,268267.0868,68161.5035,2790.1979,171664.3853,22.949,109581.2163,181430.2893,17.1708,0.821429
packaging_factory_v2,forester,5,37,4361919.49,308099.927,77796.0359,3199.5031,197580.8176,22.0766,126586.3847,208973.9559,16.2984,0.816327
packaging_factory_v2,forester,5,38,4835004.08,355210.8195,89131.0876,3683.5945,228284.6395,21.1797,146788.4297,241624.0619,15.408,0.811224
packaging_factory_v2,forester,5,39,5364858.82,411180.0293,102526.2305,4258.7101,264823.7272,20.2582,170895.9676,280501.2638,14.501,0.806122
packaging_factory_v2,forester,5,40,6844015.34,549058.1792,136039.1485,5675.487,354388.883,19.3122,229512.3336,375639.5048,16.5149,0.80102
packaging_factory_v2,forester,5,41,7508665.13,632904.2506,155814.726,6537.0534,409380.6499,18.3415,266064.258,434239.7172,12.0864,0.795918
packaging_factory_v2,forester,5,42,8253072.89,733996.5906,179544.3042,7575.8351,475782.5126,17.3463,310304.9811,505033.4991,11.2106,0.790816
packaging_factory_v2,forester,5,43,9086809.59,856801.7743,208231.7586,8837.7286,556567.0898,16.3265,364256.053,591203.6993,10.3205,0.785714
packaging_factory_v2,forester,5,44,10020594.69,1007281.4175,243213.7601,10383.9931,655704.788,15.2822,430620.5008,697002.4915,9.4191,0.780612
packaging_factory_v2,forester,5,45,11066434.0,1193545.2683,286304.6319,12297.9608,778600.1277,14.2132,513081.3059,828219.1384,8.51,0.77551
packaging_factory_v2,forester,5,46,12237774.03,1426874.6068,340023.2752,14695.5532,932775.5271,13.1197,616769.2193,992913.0659,7.5975,0.770408
packaging_factory_v2,forester,5,47,13549674.86,1723385.7289,407961.9334,17742.3747,1128982.8361,12.0017,749023.3084,1202605.5465,6.6863,0.765306
packaging_factory_v2,forester,5,48,15019003.79,2106854.0808,495412.1086,21682.7316,1383090.5393,10.859,920682.3702,1474303.0289,5.7823,0.760204
packaging_factory_v2,forester,5,49,16664652.19,2613766.2259,610484.0849,26891.5439,1719459.8195,9.6918,1148395.3094,1834116.7637,4.8924,0.755102
packaging_factory_v2,forester,5,50,21730876.25,3878154.9459,899680.6561,39883.8618,2556573.6724,8.5,1713119.1108,2728919.0887,6.052,0.75
furniture_factory_v2,forester,6,1,293277.8,8788.0184,1850.0,196.0,5865.556,50.0,4059.4147,6082.0184,,1.0
furniture_factory_v2,forester,6,2,307277.8,9194.2973,1925.652,202.3429,6147.6831,49.9827,4264.6169,6379.313,49.623,0.994898
furniture_factory_v2,forester,6,3,322957.8,9656.1692,2012.0156,209.5537,6468.1019,49.9308,4497.3583,6716.7997,48.9359,0.989796
furniture_factory_v2,forester,6,4,340519.4,10180.5502,2110.3431,217.7404,6831.6461,49.8444,4761.1851,7099.5876,48.3066,0.984693
furniture_factory_v2,forester,6,5,360188.39,10775.3409,2222.0646,227.0263,7243.8374,49.7234,5060.1494,7533.5134,47.7181,0.979591
furniture_factory_v2,forester,6,6,382217.66,11449.5664,2348.8063,237.5526,7710.9906,49.5679,5398.8912,8025.2551,47.1564,0.97449
furniture_factory_v2,forester,6,7,406890.44,12213.5792,2492.4199,249.4804,8240.3606,49.3777,5782.7531,8582.4913,46.6078,0.969388
furniture_factory_v2,forester,6,8,434523.96,13079.1814,2655.0164,262.9944,8840.2184,49.1531,6217.8261,9213.9756,46.0668,0.964286
furniture_factory_v2,forester,6,9,465473.5,14059.9506,2839.0063,278.3062,9520.0951,48.8938,6711.1448,9929.8034,45.5223,0.959184
furniture_factory_v2,forester,6,10,515227.37,15626.907,3138.6249,302.7698,10601.3957,48.6,7490.8184,11065.7866,46.013,0.954082
furniture_factory_v2,forester,6,11,554050.47,16889.385,3374.0503,322.4799,11477.7836,48.2716,8127.9526,11989.1395,44.299,0.94898
furniture_factory_v2,forester,6,12,597532.34,18321.2959,3640.4282,344.8351,12472.3484,47.9086,8851.5594,13037.2853,43.7195,0.943877
furniture_factory_v2,forester,6,13,646232.04,19946.2532,3941.8838,370.2042,13601.7237,47.511,9673.9726,14227.8715,43.1209,0.938775
furniture_factory_v2,forester,6,14,700775.7,21791.4998,4283.1459,399.0125,14885.127,47.0789,10609.4685,15581.3002,42.4992,0.933673
furniture_factory_v2,forester,6,15,761864.6,23888.444,4669.6461,431.7503,16344.7314,46.6122,11674.5358,17121.1199,41.8531,0.928571
furniture_factory_v2,forester,6,16,830284.17,26273.4068,5107.6336,468.9848,18006.2059,46.111,12888.2903,18874.6056,41.18,0.92347
furniture_factory_v2,forester,6,17,906914.09,28988.4387,5604.3086,511.3723,19899.2993,45.5752,14272.9157,20873.3828,40.4787,0.918367
furniture_factory_v2,forester,6,18,992739.6,32082.2869,6167.9814,559.674,22058.5294,45.0048,15854.1834,23154.1624,39.7482,0.913265
furniture_factory_v2,forester,6,19,1088864.17,35611.6078,6808.2627,614.7744,24524.0565,44.3998,17662.1178,25759.677,38.9874,0.908163
furniture_factory_v2,forester,6,20,1247420.47,41325.4719,7856.2581,703.9801,28505.7534,43.7603,20572.0103,29962.4606,39.8213,0.903061
furniture_factory_v2,forester,6,21,1367999.13,45958.5592,8687.6796,776.3127,31750.2732,43.0862,22959.0153,33395.1786,37.1638,0.897959
furniture_factory_v2,forester,6,22,1503047.23,51262.1019,9635.1645,859.1124,35468.0078,42.3775,25697.8224,37330.415,36.3254,0.892857
furniture_factory_v2,forester,6,23,1654301.11,57341.6618,10716.2841,954.0275,39734.0747,41.6343,28844.8758,41848.2434,35.4551,0.887755
furniture_factory_v2,forester,6,24,1823705.45,64321.2818,11951.5846,1062.9945,44636.8313,40.8565,32466.654,47042.8941,34.5529,0.882653
furniture_factory_v2,forester,6,25,2013438.31,72347.089,13365.1622,1188.2948,50280.4598,40.0442,36641.6331,53025.5201,33.6189,0.877551
furniture_factory_v2,forester,6,26,2225939.12,81591.7855,14985.3626,1332.6245,56788.2047,39.1972,41462.7601,59927.6691,32.6535,0.872449
furniture_factory_v2,forester,6,27,2463940.02,92260.0708,16845.6357,1499.1796,64306.2723,38.3157,47040.4236,67905.4612,31.6572,0.867347
furniture_factory_v2,forester,6,28,2730501.03,104595.5046,18985.6047,1691.7624,73008.7797,37.3996,53506.2343,77144.8948,30.6304,0.862245
furniture_factory_v2,forester,6,29,3029049.36,118888.9177,21452.3743,1914.9135,83103.818,36.449,61017.6592,87868.3505,29.5738,0.857143
furniture_factory_v2,forester,6,30,3780098.72,152264.9679,27311.2244,2435.986,106590.4491,35.4638,78409.1518,112774.2937,31.9777,0.852041
furniture_factory_v2,forester,6,31,4154597.75,172065.6037,30677.9858,2745.1167,120618.9761,34.444,88890.3876,127697.9225,26.6955,0.846939
furniture_factory_v2,forester,6,32,4574036.66,195148.9422,34583.9703,3105.4976,136989.7426,33.3896,101137.7007,145121.4092,25.6212,0.841837
furniture_factory_v2,forester,6,33,5043808.24,222140.2597,39128.7358,3526.8906,156151.631,32.3007,115492.2135,165525.1925,24.5159,0.836735
furniture_factory_v2,forester,6,34,5569952.41,253805.0279,44433.7052,4021.2462,178654.5666,31.1772,132372.2184,189498.052,23.3811,0.831633
furniture_factory_v2,forester,6,35,6159233.88,291086.6141,50647.9588,4603.2925,205176.7657,30.0192,152294.0607,217766.3614,22.2184,0.826531
furniture_factory_v2,forester,6,36,6819229.12,335156.3029,57955.9416,5291.3157,236560.8697,28.8265,175899.8142,251232.8718,21.0296,0.821429
furniture_factory_v2,forester,6,37,7558423.79,387480.5335,66587.7844,6108.2103,273862.5487,27.5993,203994.5399,291028.8968,19.8167,0.816327
furniture_factory_v2,forester,6,38,8386321.83,449912.5056,76833.3712,7082.9086,318416.7164,26.3376,237597.0391,338585.4015,18.5818,0.811224
furniture_factory_v2,forester,6,39,9313567.63,524819.061,89061.7843,8252.3622,371929.2757,25.0412,278010.2102,395731.5212,17.3276,0.806122
furniture_factory_v2,forester,6,40,11856811.36,704680.217,118827.3555,11060.3844,500069.455,23.7103,374442.7559,532400.0151,19.8474,0.80102
furniture_factory_v2,forester,6,41,13019948.49,820003.5369,137393.1323,12860.8312,582682.1288,22.3449,437052.2998,620733.6451,14.0794,0.795918
furniture_factory_v2,forester,6,42,14322662.08,961069.8099,159996.8134,15063.1813,683828.5392,20.9448,513797.4465,728929.871,12.8795,0.790816
furniture_factory_v2,forester,6,43,15781701.3,1135336.944,187789.0193,17783.8686,808894.7288,19.5102,608802.1576,862769.0546,11.6661,0.785714
furniture_factory_v2,forester,6,44,17415825.22,1353137.6978,222360.7463,21184.2101,965345.6851,18.041,727784.8287,1030264.0428,10.445,0.780612
furniture_factory_v2,forester,6,45,19246044.01,1629161.9999,265969.9434,25493.5472,1163797.703,16.5373,878881.1375,1242811.9348,9.2225,0.77551
furniture_factory_v2,forester,6,46,21295889.06,1984953.361,321922.9622,31048.2209,1419824.4947,14.999,1074030.0245,1517133.9859,8.0064,0.770408
furniture_factory_v2,forester,6,47,23591715.51,2453331.4354,395250.2763,38360.6171,1757156.8715,13.4261,1331429.1167,1878712.3353,6.8058,0.765306
furniture_factory_v2,forester,6,48,26163041.14,3086728.4585,493980.0329,48249.3165,2213714.2249,11.8186,1680163.401,2368268.3947,5.632,0.760204
furniture_factory_v2,forester,6,49,29042925.84,3974176.0467,631732.9328,62104.2953,2853894.7721,10.1766,2169637.1428,3054963.8263,4.4986,0.755102
furniture_factory_v2,forester,6,50,37808750.54,6186072.6622,976690.6983,96636.7919,4448088.2996,8.5,3387185.2904,4764304.1661,5.4986,0.75
engineered_wood_plant_v2,forester,7,1,542135.1,12455.6218,2355.0,364.0,8470.8609,64.0,6067.9974,8856.6218,,1.0
engineered_wood_plant_v2,forester,7,2,568135.1,13035.1071,2451.9907,375.8543,8880.3181,63.9769,6374.2454,9291.0193,63.4987,0.994898
engineered_wood_plant_v2,forester,7,3,597255.1,13694.1714,2562.7557,389.3366,9345.6088,63.9076,6721.8669,9784.4463,62.5845,0.989797
engineered_wood_plant_v2,forester,7,4,629869.5,14442.7668,2688.9155,404.6503,9873.8048,63.792,7116.1899,10344.4258,61.7468,0.984694
engineered_wood_plant_v2,forester,7,5,666397.63,15292.2651,2832.3208,422.0281,10472.9871,63.6301,7563.3027,10979.5542,60.9633,0.979592
engineered_wood_plant_v2,forester,7,6,707309.13,16255.67,2995.0749,441.7361,11152.4074,63.4221,8070.1876,11699.6804,60.2153,0.97449
engineered_wood_plant_v2,forester,7,7,753130.01,17347.8911,3179.5797,464.0793,11922.6819,63.1678,8644.864,12516.1089,59.4864,0.969388
engineered_wood_plant_v2,forester,7,8,804449.4,18586.0048,3388.5765,489.407,12795.9785,62.8674,9296.532,13441.8015,58.7651,0.964286
engineered_wood_plant_v2,forester,7,9,861927.12,19989.6288,3625.1999,518.1203,13786.2885,62.5206,10035.7829,14491.6692,58.0401,0.959184
engineered_wood_plant_v2,forester,7,10,947258.42,22066.4044,3980.5458,560.6041,15246.9714,62.1276,11121.7007,16037.8319,58.4188,0.954082
engineered_wood_plant_v2,forester,7,11,1019358.47,23874.7614,4283.7238,597.5972,16524.2932,61.6885,12076.6263,17392.7284,56.4463,0.94898
engineered_wood_plant_v2,forester,7,12,1100110.52,25927.2112,4626.9721,639.5833,17974.7706,61.203,13161.7276,18931.6811,55.6727,0.943877
engineered_wood_plant_v2,forester,7,13,1190552.82,28258.0816,5015.6814,687.2651,19622.9676,60.6714,14395.6781,20680.9102,54.8735,0.938776
engineered_wood_plant_v2,forester,7,14,1291848.2,30907.0436,5456.0452,741.4538,21497.3038,60.0935,15800.1133,22670.7676,54.0433,0.933673
engineered_wood_plant_v2,forester,7,15,1405299.02,33919.9214,5955.1898,803.0871,23630.6308,59.4694,17400.0654,24936.3507,53.1802,0.928571
engineered_wood_plant_v2,forester,7,16,1532363.94,37349.8011,6521.3318,873.2508,26061.0401,58.799,19224.5924,27518.3727,52.2813,0.923469
engineered_wood_plant_v2,forester,7,17,1674676.65,41258.2382,7163.95,953.2043,28832.7429,58.0825,21307.4612,30464.1089,51.3449,0.918367
engineered_wood_plant_v2,forester,7,18,1834066.88,45716.7903,7894.0189,1044.4112,31997.1734,57.3197,23687.9927,33828.5782,50.3693,0.913265
engineered_wood_plant_v2,forester,7,19,2012583.94,50808.7606,8724.2482,1148.5757,35614.2649,56.5106,26412.0604,37675.9203,49.3538,0.908163
engineered_wood_plant_v2,forester,7,20,2297480.98,58800.7234,10039.8077,1312.0645,41280.5005,55.6554,30668.8026,43697.2458,50.2798,0.903061
engineered_wood_plant_v2,forester,7,21,2521412.78,65500.7145,11120.5973,1449.1236,46049.9645,54.7538,34270.5521,48775.5263,46.9511,0.897959
engineered_wood_plant_v2,forester,7,22,2772216.4,73181.2993,12354.0003,1606.2426,51522.3191,53.8061,38407.7964,54604.6996,45.831,0.892857
engineered_wood_plant_v2,forester,7,23,3053116.45,81999.4062,13763.5173,1786.6313,57810.8541,52.8122,43167.6177,61306.2023,44.6686,0.887755
engineered_wood_plant_v2,forester,7,24,3367724.51,92139.9638,15376.7158,1994.0729,65049.1823,51.772,48652.8244,69023.311,43.4642,0.882653
engineered_wood_plant_v2,forester,7,25,3720085.54,103821.6057,17226.0455,2233.0397,73395.3928,50.6855,54985.1766,77925.6117,42.2181,0.877551
engineered_wood_plant_v2,forester,7,26,4114729.89,117303.633,19349.8222,2508.8365,83037.1276,49.5529,62309.3366,88214.4675,40.9308,0.872449
engineered_wood_plant_v2,forester,7,27,4556731.56,132894.7084,21793.4526,2827.7774,94197.9262,48.374,70797.8104,100129.8528,39.6031,0.867347
engineered_wood_plant_v2,forester,7,28,5051773.44,150963.6554,24610.9605,3197.4072,107145.1003,47.1489,80657.0764,113958.8354,38.2355,0.862245
engineered_wood_plant_v2,forester,7,29,5606220.34,171953.0347,27866.8916,3626.7789,122199.6468,45.8775,92135.3114,130046.2582,36.8292,0.857143
engineered_wood_plant_v2,forester,7,30,6932654.17,218630.0911,35220.5251,4581.634,155580.3008,44.56,117491.6512,165666.9714,39.7366,0.852041
engineered_wood_plant_v2,forester,7,31,7628152.36,247848.5385,39688.4264,5179.3448,176593.2675,43.1962,133566.8463,188150.2724,33.0985,0.846939
engineered_wood_plant_v2,forester,7,32,8407110.34,282024.7842,44889.0742,5878.4757,201193.7938,41.7861,152407.7403,214483.3976,31.6643,0.841837
engineered_wood_plant_v2,forester,7,33,9279543.27,322133.9041,50962.3813,6698.973,230091.1183,40.3299,174564.5783,245429.282,30.1908,0.836735
engineered_wood_plant_v2,forester,7,34,10256668.15,369378.912,58080.3359,7665.4463,264160.8229,38.8274,200717.1795,281930.0744,28.6802,0.831633
engineered_wood_plant_v2,forester,7,35,11351048.02,425255.3668,66456.0088,8808.4902,304492.055,37.2786,231711.7901,325158.0493,27.1348,0.826531
engineered_wood_plant_v2,forester,7,36,12576753.47,491638.4251,76355.6398,10166.4635,352451.1999,35.6837,268610.8168,376584.278,25.5573,0.821429
engineered_wood_plant_v2,forester,7,37,13949543.58,570901.5927,88115.1651,11787.9204,409768.7012,34.0425,312760.6061,438072.2459,23.9506,0.816327
engineered_wood_plant_v2,forester,7,38,15487068.5,666081.8492,102163.1216,13734.9875,478659.8539,32.3551,365885.8094,512008.1363,22.3182,0.811224
engineered_wood_plant_v2,forester,7,39,17209096.41,781113.1159,119053.0286,16088.1392,561995.5949,30.6214,430222.8107,601485.0415,20.6637,0.806122
engineered_wood_plant_v2,forester,7,40,21825472.26,1050512.8321,159100.0956,21599.1484,756737.8216,28.8415,580160.9739,810362.1723,23.7051,0.80102
engineered_wood_plant_v2,forester,7,41,23985584.07,1231065.0038,185257.1654,25292.6368,887848.2255,27.0154,681673.6183,951289.5943,16.4755,0.795918
engineered_wood_plant_v2,forester,7,42,26404909.3,1454442.3061,217469.1333,29862.1827,1050186.5614,25.1431,807487.9623,1125848.6389,14.903,0.790816
engineered_wood_plant_v2,forester,7,43,29114553.56,1734136.0954,257616.2925,35583.7741,1253614.345,23.2245,965300.6635,1344671.7666,13.3199,0.785714
engineered_wood_plant_v2,forester,7,44,32149355.13,2089417.4232,308379.9048,42851.6315,1512221.7217,21.2597,1166112.45,1622952.6317,11.7352,0.780612
engineered_wood_plant_v2,forester,7,45,35548332.89,2548710.853,373709.0225,52247.2255,1846796.5064,19.2486,1426157.9233,1983109.6201,10.1591,0.77551
engineered_wood_plant_v2,forester,7,46,39355187.98,3155628.0131,459655.1996,64662.703,2289239.7961,17.1914,1770356.9081,2459549.3565,8.6042,0.770408
engineered_wood_plant_v2,forester,7,47,43618865.68,3980474.0751,575964.1963,81536.2707,2890987.039,15.0879,2238896.6949,3107751.3181,7.0855,0.765306
engineered_wood_plant_v2,forester,7,48,48394184.7,5144046.1251,739367.8307,105339.0294,3740425.1606,12.9382,2900846.1247,4023057.4429,5.6217,0.760204
engineered_wood_plant_v2,forester,7,49,53742542.01,6872353.5624,981152.7793,140694.3686,5002940.5806,10.7422,3885459.3123,5383876.0766,4.2363,0.755102
engineered_wood_plant_v2,forester,7,50,69871459.8,11278658.2921,1599352.5324,230832.4981,8220171.7376,8.5,6393065.337,8850838.3451,5.0133,0.75
wood_composite_plant_v2,forester,8,1,976260.0,17521.7241,2830.0,665.0,12203.25,80.0,9107.3793,12926.7241,,1.0
wood_composite_plant_v2,forester,8,2,1023760.0,18350.4141,2948.7242,687.0157,12801.7665,79.9702,9570.2293,13568.527,79.3629,0.994898
wood_composite_plant_v2,forester,8,3,1076960.0,19292.9777,3084.2868,712.057,13482.0715,79.8809,10095.895,14297.7945,78.2002,0.989796
wood_composite_plant_v2,forester,8,4,1136544.0,20363.7303,3238.6803,740.5036,14254.5553,79.732,10692.4601,15125.6953,77.133,0.984694
wood_composite_plant_v2,forester,8,5,1203278.08,21579.0371,3414.1828,772.7907,15131.0953,79.5235,11369.1648,16064.9961,76.1335,0.979592
wood_composite_plant_v2,forester,8,6,1278020.25,22957.6463,3613.3864,809.4163,16125.3139,79.2555,12136.6211,17130.3471,75.1768,0.97449
wood_composite_plant_v2,forester,8,7,1361731.48,24521.0572,3839.2487,850.9513,17252.8457,78.9279,13007.0213,18338.5696,74.2429,0.969388
wood_composite_plant_v2,forester,8,8,1455488.06,26293.9052,4095.1572,898.0509,18531.6065,78.5408,13994.3375,19708.94,73.3183,0.964286
wood_composite_plant_v2,forester,8,9,1560495.43,28304.5406,4384.9775,951.4671,19982.2435,78.0941,15114.6992,21263.6878,72.3871,0.959183
wood_composite_plant_v2,forester,8,10,1708218.84,31129.9712,4797.0453,1026.5307,22016.5638,77.5879,16681.8783,23441.8193,72.6156,0.954082
wood_composite_plant_v2,forester,8,11,1839940.08,33722.1175,5168.7007,1095.3961,23888.478,77.0221,18129.2469,25448.9851,70.3671,0.94898
wood_composite_plant_v2,forester,8,12,1987467.87,36665.6621,5589.6519,1173.5973,26015.0992,76.3967,19774.4545,27729.7567,69.3719,0.943877
wood_composite_plant_v2,forester,8,13,2152698.99,40010.4365,6066.5918,1262.4582,28432.8063,75.7118,21646.0034,30323.3474,68.3421,0.938776
wood_composite_plant_v2,forester,8,14,2337757.85,43814.0524,6607.2095,1363.5087,31183.7008,74.9673,23776.919,33275.1609,67.2723,0.933674
wood_composite_plant_v2,forester,8,15,2545023.77,48143.1448,7220.3686,1478.5198,34316.503,74.1633,26205.4431,36637.7527,66.1599,0.928571
wood_composite_plant_v2,forester,8,16,2777161.6,53075.0195,7916.2996,1609.545,37887.7822,73.2997,28976.0212,40472.168,65.0013,0.923469
wood_composite_plant_v2,forester,8,17,3037155.97,58699.4579,8706.8318,1758.9697,41963.2811,72.3765,32140.349,44849.3755,63.7945,0.918367
wood_composite_plant_v2,forester,8,18,3328349.67,65120.9771,9605.6652,1929.5703,46619.5952,71.3938,35758.7136,49852.0908,62.5374,0.913265
wood_composite_plant_v2,forester,8,19,3654486.61,72461.4406,10628.7102,2124.5847,51946.0867,70.3515,39901.5024,55576.8448,61.2292,0.908163
wood_composite_plant_v2,forester,8,20,4151048.03,83496.5173,12178.5399,2417.7539,59943.1945,69.2497,46111.6501,64166.5154,62.0926,0.903061
wood_composite_plant_v2,forester,8,21,4560154.21,93169.0522,13512.5651,2674.7239,66974.134,68.0883,51591.6702,71729.5294,58.1866,0.897959
wood_composite_plant_v2,forester,8,22,5018353.13,104269.9406,15036.6362,2969.6415,75049.3867,66.8673,57891.3567,80419.034,56.7411,0.892857
wood_composite_plant_v2,forester,8,23,5531535.92,117030.5567,16780.3888,3308.6531,84339.1179,65.5868,65145.2091,90419.1022,55.2419,0.887755
wood_composite_plant_v2,forester,8,24,6106300.65,131724.2395,18778.6914,3699.0203,95044.4792,64.2468,73512.3342,101947.3898,53.6894,0.882653
wood_composite_plant_v2,forester,8,25,6750037.14,148674.9482,21072.6781,4149.3502,107404.0403,62.8471,83181.5912,115262.1263,52.0841,0.877551
wood_composite_plant_v2,forester,8,26,7471022.01,168268.0029,23711.0729,4669.8796,121701.7338,61.388,94377.9133,130670.7323,50.4267,0.872449
wood_composite_plant_v2,forester,8,27,8278525.07,190963.4892,26751.7862,5272.8307,138276.8189,59.8692,107370.2813,148540.6515,48.7179,0.867347
wood_composite_plant_v2,forester,8,28,9182928.5,217312.8682,30263.9549,5972.8554,157536.1704,58.2909,122481.5068,169312.6832,46.9592,0.862245
wood_composite_plant_v2,forester,8,29,10195860.34,247980.336,34330.4951,6787.5988,179970.1506,56.6531,140100.9273,193518.2334,45.1517,0.857143
wood_composite_plant_v2,forester,8,30,12540127.82,314043.3511,43217.496,8542.6962,228186.3482,54.9556,177865.7407,245484.8389,48.6199,0.852041
wood_composite_plant_v2,forester,8,31,13810749.52,356901.611,48821.3884,9681.3126,259607.0517,53.1987,202607.8936,279422.3986,40.439,0.846939
wood_composite_plant_v2,forester,8,32,15233845.82,407160.6617,55360.9185,11016.5457,296481.3819,51.3821,231670.606,319264.8194,38.5931,0.841837
wood_composite_plant_v2,forester,8,33,16827713.68,466311.0587,63019.2296,12587.9956,339912.3352,49.506,265932.0071,366208.7267,36.6989,0.836735
wood_composite_plant_v2,forester,8,34,18612845.68,536202.7983,72022.835,14444.8106,391269.5829,47.5704,306483.1756,421740.4112,34.7591,0.831633
wood_composite_plant_v2,forester,8,35,20612193.52,619150.9908,82654.2365,16648.497,452267.9839,45.5752,354690.9409,487721.1689,32.7771,0.826531
wood_composite_plant_v2,forester,8,36,22851463.1,718079.9594,95269.1313,19276.7448,525074.6525,43.5204,412283.5258,566503.6789,30.7564,0.821429
wood_composite_plant_v2,forester,8,37,25359445.03,836722.4972,110320.1778,22428.7234,612457.0285,41.4061,481469.0076,661092.9615,28.7012,0.816327
wood_composite_plant_v2,forester,8,38,28168384.79,979900.6352,128390.441,26232.54,717991.5592,39.2322,565102.3067,775373.2425,26.6163,0.811224
wood_composite_plant_v2,forester,8,39,31314397.32,1153929.1853,150241.4512,30855.9601,846363.6435,36.9988,666925.2115,914434.0369,24.507,0.806122
wood_composite_plant_v2,forester,8,40,39624735.86,1555034.0062,201183.8284,41512.1199,1141734.1104,34.7057,900739.3425,1234139.3967,28.1353,0.80102
wood_composite_plant_v2,forester,8,41,43571093.98,1832409.2772,235559.4903,48881.1542,1346732.7105,32.3532,1063707.0321,1456408.4068,19.2507,0.795918
wood_composite_plant_v2,forester,8,42,47991015.08,2178720.0222,278282.9815,58081.599,1602849.2343,29.9411,1267469.9466,1734188.9119,17.2575,0.790816
wood_composite_plant_v2,forester,8,43,52941326.71,2617120.4287,332122.2372,69728.5915,1927284.552,27.4694,1525784.3956,2086176.1509,15.2582,0.785714
wood_composite_plant_v2,forester,8,44,58485675.73,3181512.2994,401123.9227,84722.8018,2345229.0502,24.9382,1858801.1538,2539751.6828,13.2658,0.780612
wood_composite_plant_v2,forester,8,45,64695346.64,3923439.8861,491432.7743,104433.607,2894988.9491,22.3474,2297169.1404,3136557.232,11.2952,0.77551
wood_composite_plant_v2,forester,8,46,71650178.05,4925044.9964,612830.9306,131043.2703,3637618.5921,19.697,2889746.331,3942967.9604,9.3651,0.770408
wood_composite_plant_v2,forester,8,47,79439589.23,6325358.5339,781861.6856,168245.4282,4676468.7355,16.9871,3719248.8705,5071347.5847,7.4981,0.765306
wood_composite_plant_v2,forester,8,48,88163729.76,8379253.9861,1028833.6235,222811.3105,6201019.8754,14.2176,4937341.4432,6727709.0572,5.7224,0.760204
wood_composite_plant_v2,forester,8,49,97934767.15,11608746.8463,1415795.6743,308609.3124,8599377.4179,11.3886,6854694.6532,9334032.5869,4.0741,0.755102
wood_composite_plant_v2,forester,8,50,127226625.92,20186153.9582,2445256.6098,536485.4611,14967838.342,8.5,11944552.7908,16253958.7882,4.5995,0.75
timber_module_factory_v2,forester,9,1,1630538.6,24680.3092,4436.0,1120.0,16638.149,98.0,11970.2473,17584.3092,,1.0
timber_module_factory_v2,forester,9,2,1710538.6,25849.9337,4622.5205,1157.1542,17461.1253,97.9627,12589.012,18465.5066,97.2081,0.994898
timber_module_factory_v2,forester,9,3,1800138.6,27180.6713,4835.5638,1199.4273,18396.7417,97.8509,13291.764,19466.9677,95.7657,0.989797
timber_module_factory_v2,forester,9,4,1900490.6,28692.8338,5078.2663,1247.4626,19459.3813,97.6645,14089.4051,20604.1361,94.4365,0.984694
timber_module_factory_v2,forester,9,5,2012884.84,30409.5715,5354.2209,1301.9966,20665.4179,97.4035,14994.3291,21894.5847,93.1931,0.979592
timber_module_factory_v2,forester,9,6,2138766.39,32357.4402,5667.5134,1363.8735,22033.6663,97.0681,16020.8085,23358.5216,92.002,0.97449
timber_module_factory_v2,forester,9,7,2279753.72,34566.9449,6022.8149,1434.0609,23585.7601,96.6581,17185.2727,25019.191,90.8369,0.969388
timber_module_factory_v2,forester,9,8,2437659.53,37073.0328,6425.4662,1513.6698,25346.4902,96.1735,18506.5572,26903.2346,89.682,0.964285
timber_module_factory_v2,forester,9,9,2614514.04,39915.8836,6881.5845,1603.9763,27344.3808,95.6143,20006.3538,29041.3146,88.5206,0.959184
timber_module_factory_v2,forester,9,10,2855678.13,43796.1218,7510.3831,1727.2372,30065.8963,94.9806,22044.0856,31951.1999,88.6139,0.954082
timber_module_factory_v2,forester,9,11,3077524.43,47462.2583,8095.5492,1843.6964,32645.0211,94.2724,23982.7865,34712.5651,86.0161,0.94898
timber_module_factory_v2,forester,9,12,3325992.29,51626.5175,8758.4916,1975.9787,35576.081,93.4896,26187.4979,37851.4527,84.7707,0.943877
timber_module_factory_v2,forester,9,13,3604276.29,56359.7319,9509.8036,2126.3353,38909.5258,92.6322,28696.7447,41422.1733,83.4824,0.938775
timber_module_factory_v2,forester,9,14,3915954.37,61743.8894,10361.6753,2297.3698,42703.8145,91.7003,31555.2288,45487.6892,82.144,0.933674
timber_module_factory_v2,forester,9,15,4265033.82,67873.9353,11328.1555,2492.098,47026.7031,90.6939,34814.8169,50121.0038,80.7514,0.928571
timber_module_factory_v2,forester,9,16,4656002.8,74860.0176,12425.4889,2714.0198,51956.8428,89.6129,38535.7611,55406.8812,79.3018,0.92347
timber_module_factory_v2,forester,9,17,5093888.06,82830.2767,13672.4529,2967.2043,57585.839,88.4573,42788.3377,61444.0962,77.791,0.918367
timber_module_factory_v2,forester,9,18,5584319.55,91933.9049,15090.8461,3256.3919,64020.4001,87.2272,47654.4627,68347.7346,76.2183,0.913265
timber_module_factory_v2,forester,9,19,6133602.82,102345.1205,16705.9849,3587.1174,71385.2559,85.9225,53230.0017,76252.3752,74.5817,0.908163
timber_module_factory_v2,forester,9,20,6947565.65,117620.9979,19091.6302,4072.374,82177.5846,84.5433,61386.9791,87829.151,75.4205,0.903061
timber_module_factory_v2,forester,9,21,7636586.59,131349.2224,21199.471,4508.4674,91907.9171,83.0895,68771.7041,98281.6841,70.8117,0.897959
timber_module_factory_v2,forester,9,22,8408290.04,147114.609,23609.0618,5009.2743,103091.7574,81.5612,77268.8202,110300.1604,69.0017,0.892857
timber_module_factory_v2,forester,9,23,9272597.9,165249.5521,26367.8324,5585.3531,115967.8389,79.9584,87062.54,124142.5204,67.1251,0.887755
timber_module_factory_v2,forester,9,24,10240622.7,186147.3818,29531.663,6249.1979,130818.8732,78.2809,98371.213,140114.3205,65.1823,0.882653
timber_module_factory_v2,forester,9,25,11324810.48,210275.0742,33166.6101,7015.6428,147980.7545,76.5289,111454.5013,158578.714,63.1742,0.877551
timber_module_factory_v2,forester,9,26,12539100.79,238189.0715,37351.049,7902.3651,167854.0219,74.7024,126622.3185,179968.882,61.1017,0.872449
timber_module_factory_v2,forester,9,27,13899105.94,270555.1745,42178.3575,8930.5139,190918.2837,72.8013,144246.0895,204803.6812,58.9659,0.867347
timber_module_factory_v2,forester,9,28,15422311.71,308173.3706,47760.2605,10125.5018,217750.2192,70.8257,164772.8039,233707.1752,56.7684,0.862245
timber_module_factory_v2,forester,9,29,17128302.17,352009.4992,54231.1158,11518.0095,249046.5253,68.7755,188742.9161,267433.5212,54.5109,0.857143
timber_module_factory_v2,forester,9,30,21002712.59,444783.275,68116.1019,14465.0813,315115.8199,66.6508,239187.3858,338554.9329,58.6416,0.852041
timber_module_factory_v2,forester,9,31,23142707.03,506199.7308,77057.4898,16416.049,359071.7869,64.4515,272957.5008,385974.9443,48.685,0.846939
timber_module_factory_v2,forester,9,32,25539500.8,578344.4948,87509.5442,18707.8152,410750.6078,62.1776,312703.4643,441747.3567,46.3786,0.841837
timber_module_factory_v2,forester,9,33,28223909.82,663414.4355,99773.1413,21410.1656,471741.0819,59.8292,359661.6708,507593.9244,44.0136,0.836735
timber_module_factory_v2,forester,9,34,31230447.92,764148.0799,114222.0627,24610.0919,544024.855,57.4063,415375.2779,585662.6393,41.5935,0.831633
timber_module_factory_v2,forester,9,35,34597770.6,883989.3431,131324.8522,28416.9953,630095.3211,54.9088,481787.2008,678656.8119,39.1229,0.826531
timber_module_factory_v2,forester,9,36,38369172.0,1027312.7358,151674.7937,32969.8366,733121.2517,52.3367,561368.1614,790012.7442,36.6063,0.821429
timber_module_factory_v2,forester,9,37,42593141.57,1199737.6682,176031.8095,38447.1245,857175.0988,49.6901,657295.2958,924147.6011,34.0495,0.816327
timber_module_factory_v2,forester,9,38,47323987.48,1408576.3978,205382.0091,45081.1404,1007558.526,46.969,773706.9642,1086812.9115,31.4586,0.811224
timber_module_factory_v2,forester,9,39,52622534.9,1663485.4902,241024.3819,53178.6373,1191275.7498,44.1733,916073.182,1285608.5423,28.8408,0.806122
timber_module_factory_v2,forester,9,40,66503328.26,2245729.005,323326.9272,71674.3101,1610133.1579,41.303,1239918.5031,1738481.7199,33.1397,0.80102
timber_module_factory_v2,forester,9,41,73149826.15,2656780.2453,380071.3209,84731.8516,1907020.0533,38.3582,1470585.3632,2060031.6638,22.3873,0.795918
timber_module_factory_v2,forester,9,42,80593903.79,3173637.2297,451101.0631,101150.4418,2280605.5806,35.3388,1761107.7473,2464781.6587,19.926,0.790816
timber_module_factory_v2,forester,9,43,88931270.74,3833620.5099,541395.5858,122115.6124,2757995.1012,32.2449,2132687.4168,2982158.6349,17.4645,0.785714
timber_module_factory_v2,forester,9,44,98269121.73,4692474.3402,658382.39,149398.147,3379683.6088,29.0764,2617007.7402,3656130.0339,15.0201,0.780612
timber_module_factory_v2,forester,9,45,108727514.83,5837078.5917,813624.4641,185757.8914,4208795.7255,25.8334,3263468.2858,4555238.6901,12.614,0.77551
timber_module_factory_v2,forester,9,46,120440915.11,7410323.6165,1026121.9813,235733.931,5349166.9027,22.5158,4153341.9903,5792239.6043,10.2716,0.770408
timber_module_factory_v2,forester,9,47,133559923.42,9664291.8712,1329370.8982,307333.9708,6984000.6919,19.1237,5430043.1788,7566083.1286,8.0247,0.765306
timber_module_factory_v2,forester,9,48,148253212.73,13088108.3355,1788331.4754,416095.6597,9468802.6444,15.657,7371893.7956,10262844.755,5.9133,0.760204
timber_module_factory_v2,forester,9,49,164709696.75,18770105.0948,2547494.7061,596591.1886,13594636.7041,12.1158,10598250.8281,14741631.9487,3.9886,0.755102
timber_module_factory_v2,forester,9,50,213880389.08,34703136.0161,4678115.3629,1102723.2691,25162398.7242,8.5,19642612.4995,27298244.7109,4.2507,0.75
artesian_well,water,1,1,9000.0,1262.4828,220.0,8.0,900.0,10.0,671.9862,924.4828,,1.0
artesian_well,water,1,2,9500.0,1331.1,230.7738,8.3044,950.0589,9.9994,710.4148,976.6348,9.9882,0.994898
artesian_well,water,1,3,10060.0,1408.1341,242.8774,8.6461,1006.2513,9.9975,753.5452,1035.172,9.9658,0.989796
artesian_well,water,1,4,10687.2,1494.5965,256.4615,9.0296,1069.3218,9.9944,801.9554,1100.8747,9.9444,0.984693
artesian_well,water,1,5,11389.66,1591.6221,271.6954,9.46,1140.1061,9.99,856.2947,1174.6191,9.9239,0.979592
artesian_well,water,1,6,12176.42,1700.4885,288.7674,9.9429,1219.5471,9.9844,917.2969,1257.3946,9.9037,0.97449
artesian_well,water,1,7,13057.59,1822.6287,307.888,10.4846,1308.7027,9.9775,985.7863,1350.312,9.8835,0.969387
artesian_well,water,1,8,14044.5,1959.6523,329.2927,11.0924,1408.7624,9.9694,1062.6903,1454.6208,9.8632,0.964286
artesian_well,water,1,9,15149.84,2113.3696,353.2437,11.7743,1521.066,9.96,1149.0559,1571.7299,9.8424,0.959183
artesian_well,water,1,10,18861.14,2630.3601,437.3186,14.0675,1895.7074,9.9494,1434.2426,1960.3146,9.9063,0.954082
artesian_well,water,1,11,20247.68,2823.8545,466.9779,14.9258,2037.4972,9.9375,1543.6909,2108.4618,9.7788,0.948979
artesian_well,water,1,12,21800.6,3040.97,500.1786,15.8888,2196.6652,9.9244,1666.6193,2274.8133,9.7565,0.943878
artesian_well,water,1,13,23539.87,3284.5938,537.3293,16.9695,2375.3567,9.91,1804.7116,2461.6304,9.7334,0.938775
artesian_well,water,1,14,25487.86,3557.9706,578.8882,18.1821,2575.9832,9.8944,1959.8621,2671.4562,9.7095,0.933674
artesian_well,water,1,15,27669.61,3864.7501,625.3656,19.5429,2801.2622,9.8776,2134.2088,2907.1588,9.6847,0.928572
artesian_well,water,1,16,30113.17,4209.0342,677.3329,21.07,3054.2492,9.8594,2330.1579,3171.9648,9.6588,0.923469
artesian_well,water,1,17,32849.95,4595.4398,735.429,22.784,3338.3873,9.8401,2550.4243,3469.5123,9.6319,0.918367
artesian_well,water,1,18,35915.15,5029.1581,800.3675,24.7079,3657.552,9.8195,2798.0674,3803.8991,9.6038,0.913265
artesian_well,water,1,19,39348.17,5516.0321,872.9472,26.8675,4016.1091,9.7976,3076.5373,4179.7437,9.5745,0.908163
artesian_well,water,1,20,53114.08,7454.491,1173.0928,35.4659,5433.9611,9.7745,4168.4877,5659.3859,9.709,0.903061
artesian_well,water,1,21,57420.46,8070.2241,1262.8141,38.1971,5889.2152,9.7501,4523.761,6137.8058,9.4593,0.897959
artesian_well,water,1,22,62243.61,8761.6089,1363.2111,41.2639,6400.7065,9.7245,4923.2066,6675.5284,9.4296,0.892857
artesian_well,water,1,23,67645.53,9538.0257,1475.533,44.7079,6975.4728,9.6976,5372.4132,7280.0184,9.3985,0.887755
artesian_well,water,1,24,73695.69,10410.0389,1601.178,48.5759,7621.448,9.6695,5877.6882,7959.696,9.3659,0.882653
artesian_well,water,1,25,80471.86,11389.5425,1741.7103,52.9206,8347.573,9.6402,6446.1479,8724.0564,9.332,0.877551
artesian_well,water,1,26,88061.17,12489.9401,1898.8803,57.8017,9163.9346,9.6095,7085.83,9583.818,9.2965,0.872449
artesian_well,water,1,27,96561.2,13726.3286,2074.6482,63.2859,10081.9032,9.5777,7805.8047,10551.0704,9.2596,0.867347
artesian_well,water,1,28,106081.24,15115.7237,2271.2074,69.4489,11114.3087,9.5446,8616.319,11639.4638,9.2212,0.862245
artesian_well,water,1,29,116743.68,16677.3013,2491.0142,76.3756,12275.623,9.5102,9528.9441,12864.4044,9.1814,0.857143
artesian_well,water,1,30,154962.15,22195.9013,3295.569,100.8544,16355.5457,9.4746,12712.5131,17151.6934,9.3674,0.852041
artesian_well,water,1,31,168337.12,24180.1896,3568.6911,109.6562,17836.6029,9.4377,13881.4589,18717.4969,9.0307,0.846939
artesian_well,water,1,32,183317.08,26410.7366,3874.4103,119.5502,19502.5952,9.3996,15197.4236,20479.5709,8.9916,0.841837
artesian_well,water,1,33,200094.64,28918.5588,4216.5926,130.6742,21377.0241,9.3603,16679.284,22462.9958,8.9508,0.836735
artesian_well,water,1,34,218885.5,31738.6486,4599.5695,143.1833,23486.4294,9.3197,18348.3814,24696.1112,8.9081,0.831633
artesian_well,water,1,35,239931.27,34910.4952,5028.1957,157.2526,25860.7908,9.2778,20228.85,27210.949,8.8638,0.826531
artesian_well,water,1,36,263502.53,38478.6653,5507.9125,173.08,28533.9754,9.2347,22347.9835,30043.7166,8.8177,0.821429
artesian_well,water,1,37,289902.34,42493.4716,6044.8197,190.8885,31544.2542,9.1903,24736.6593,33235.3537,8.7699,0.816327
artesian_well,water,1,38,319470.13,47011.727,6645.7574,210.9301,34934.8844,9.1447,27429.8154,36832.1608,8.7204,0.811224
artesian_well,water,1,39,352586.05,52097.5933,7318.3959,233.4895,38754.7659,9.0979,30466.9913,40886.5099,8.6694,0.806122
artesian_well,water,1,40,474075.36,70346.894,9819.4177,314.438,52385.3432,9.0498,41233.9505,55303.3293,8.913,0.80102
artesian_well,water,1,41,515615.97,76850.4741,10658.8979,343.286,57288.0125,9.0004,45148.7465,60518.8413,8.4731,0.795918
artesian_well,water,1,42,562141.46,84171.0398,11599.4006,375.7578,62810.4168,8.9498,49561.9731,66396.1811,8.4249,0.790816
artesian_well,water,1,43,614250.0,92413.315,12653.0851,412.3181,69032.6833,8.898,54538.7063,73021.3693,8.3745,0.785714
artesian_well,water,1,44,672611.57,101695.7207,13833.6015,453.4921,76045.5056,8.8449,60152.6822,80491.8263,8.3221,0.780612
artesian_well,water,1,45,737976.53,112152.1976,15156.277,499.874,83951.5606,8.7905,66487.4687,88917.9082,8.2677,0.77551
artesian_well,water,1,46,811185.28,123934.2851,16638.3237,552.1358,92867.1283,8.7349,73637.8067,98424.6638,8.2113,0.770408
artesian_well,water,1,47,893179.08,137213.4815,18299.0775,611.0384,102923.9281,8.6781,81711.1305,109153.8268,8.1531,0.765306
artesian_well,water,1,48,985012.14,152183.9276,20160.2639,677.4429,114271.2121,8.62,90829.3034,121266.0889,8.093,0.760204
artesian_well,water,1,49,1087865.17,169065.4607,22246.2986,752.3244,127078.1488,8.5606,101130.5963,134943.6884,8.031,0.755102
artesian_well,water,1,50,1426091.15,222978.9978,29142.2076,991.4689,167775.4296,8.5,133678.418,178274.2176,8.3108,0.75
pump_station_v2,water,2,1,25493.55,2659.8665,550.0,16.8,1820.9679,14.0,1286.0932,1818.0665,,1.0
pump_station_v2,water,2,2,26693.55,2781.5022,572.2173,17.3378,1906.994,13.9977,1349.5381,1905.8385,13.9492,0.994898
pump_station_v2,water,2,3,28037.55,2918.7619,597.3748,17.9446,2003.995,13.9908,1421.0027,2004.7551,13.8555,0.989795
pump_station_v2,water,2,4,29542.83,3073.5343,625.8098,18.6289,2113.3131,13.9794,1501.4838,2116.1906,13.7697,0.984694
pump_station_v2,water,2,5,31228.74,3247.9656,657.899,19.4001,2236.4799,13.9633,1592.1239,2241.717,13.688,0.979591
pump_station_v2,water,2,6,33116.96,3444.4659,694.0681,20.2689,2375.2122,13.9427,1694.2017,2383.0949,13.6105,0.97449
pump_station_v2,water,2,7,35231.77,3665.7748,734.7945,21.2474,2531.4676,13.9175,1809.1807,2542.3357,13.5343,0.969387
pump_station_v2,water,2,8,37600.36,3914.9724,780.6155,22.3492,2707.4467,13.8878,1938.7054,2721.6999,13.4595,0.964286
pump_station_v2,water,2,9,40253.18,4195.559,832.1362,23.5897,2905.6548,13.8534,2084.6531,2923.765,13.384,0.959184
pump_station_v2,water,2,10,46630.3,4866.4811,960.0712,26.556,3375.4729,13.8144,2426.522,3399.8183,13.5736,0.954082
pump_station_v2,water,2,11,49957.99,5222.8713,1024.8706,28.1318,3627.786,13.7709,2612.8595,3657.4337,13.1887,0.94898
pump_station_v2,water,2,12,53685.01,5624.2718,1097.7026,29.9064,3912.0965,13.7228,2822.957,3947.8113,13.109,0.943877
pump_station_v2,water,2,13,57859.27,6076.4225,1179.5399,31.9055,4232.53,13.6701,3059.9226,4275.2071,13.0269,0.938776
pump_station_v2,water,2,14,62534.44,6585.8348,1271.4774,34.1578,4593.7737,13.6129,3327.294,4644.461,12.9419,0.933673
pump_station_v2,water,2,15,67770.63,7159.8925,1374.753,36.6959,5001.1459,13.551,3629.0886,5061.0671,12.8536,0.928571
pump_station_v2,water,2,16,73635.16,7806.9715,1490.7607,39.5568,5460.689,13.4846,3969.8794,5531.2737,12.7617,0.923469
pump_station_v2,water,2,17,80203.44,8536.5862,1621.0766,42.7826,5979.2725,13.4136,4354.8715,6062.1887,12.6658,0.918367
pump_station_v2,water,2,18,87559.91,9359.5356,1767.4784,46.4211,6564.7035,13.338,4789.9899,6661.897,12.5659,0.913265
pump_station_v2,water,2,19,95799.16,10288.0976,1931.9762,50.5265,7225.8676,13.2578,5281.9873,7339.6068,12.4617,0.908163
pump_station_v2,water,2,20,115784.61,12496.7125,2333.5433,60.2914,8789.5037,13.1731,6436.7636,8936.1061,12.7814,0.903061
pump_station_v2,water,2,21,126119.92,13686.7022,2541.3135,65.5527,9639.4573,13.0837,7071.8388,9809.1792,12.1599,0.897959
pump_station_v2,water,2,22,137695.47,15030.738,2775.014,71.495,10600.2792,12.9898,7790.5744,10796.722,12.0475,0.892857
pump_station_v2,water,2,23,150660.09,16549.442,3037.9415,78.2096,11686.9631,12.8913,8604.4317,11914.3201,11.9304,0.887755
pump_station_v2,water,2,24,165180.46,18266.322,3333.8338,85.8004,12916.6184,12.7882,9526.5065,13179.7709,11.8085,0.882653
pump_station_v2,water,2,25,181443.28,20208.2001,3666.932,94.386,14308.7875,12.6805,10571.7762,14613.4162,11.6816,0.877551
pump_station_v2,water,2,26,199657.63,22405.694,4042.0462,104.1017,15885.8051,12.5683,11757.3841,16238.5229,11.5499,0.872449
pump_station_v2,water,2,27,220057.71,24893.789,4464.6426,115.1023,17673.2184,12.4515,13102.965,18081.7228,11.4132,0.867347
pump_station_v2,water,2,28,242905.8,27712.4948,4940.9344,127.5645,19700.2764,12.3301,14631.0297,20173.5287,11.2716,0.862245
pump_station_v2,water,2,29,268495.66,30907.5902,5477.9896,141.6909,22000.4815,12.2041,16367.3969,22548.915,11.125,0.857143
pump_station_v2,water,2,30,354499.01,41193.9271,7257.657,187.1697,29361.7173,12.0735,21881.4865,30120.2719,11.6833,0.852041
pump_station_v2,water,2,31,386598.93,45373.5641,7946.1685,205.649,32382.9196,11.9384,24173.9497,33248.6625,10.6249,0.846939
pump_station_v2,water,2,32,422550.84,50115.3454,8723.7144,226.6137,35813.565,11.7986,26780.0909,36803.16,10.4796,0.841837
pump_station_v2,water,2,33,462816.98,55498.7609,9602.2696,250.4153,39712.0862,11.6543,29745.1891,40844.9413,10.3286,0.836735
pump_station_v2,water,2,34,507915.05,61615.2091,10595.5212,277.4578,44145.7402,11.5054,33121.4277,45444.4695,10.1718,0.831633
pump_station_v2,water,2,35,558424.89,68569.9061,11719.1294,308.2064,49192.0362,11.3519,36969.0244,50683.0057,10.0093,0.826531
pump_station_v2,water,2,36,614995.91,76484.0995,12991.0363,343.1972,54940.3835,11.1939,41357.528,56654.3479,9.8413,0.821429
pump_station_v2,water,2,37,678355.45,85497.6876,14431.8207,383.0487,61494.0518,11.0312,46367.3703,63466.9078,9.6678,0.816327
pump_station_v2,water,2,38,749318.14,95772.313,16065.1166,428.4757,68972.487,10.864,52091.6997,71246.1623,9.489,0.811224
pump_station_v2,water,2,39,828796.35,107494.991,17918.1057,480.3049,77514.025,10.6922,58638.5294,80137.5276,9.3049,0.806122
pump_station_v2,water,2,40,1080569.52,142317.6574,23572.477,634.2654,102756.496,10.5158,77861.145,106324.6765,9.9742,0.80102
pump_station_v2,water,2,41,1180266.99,157968.8944,25998.1804,703.4639,114202.5076,10.3349,86674.381,118268.1599,8.7102,0.795918
pump_station_v2,water,2,42,1291928.15,175851.0412,28755.6654,782.5257,127292.1796,10.1493,96764.8092,131935.0174,8.5305,0.790816
pump_station_v2,water,2,43,1416988.65,196306.178,31893.4479,872.9635,142279.597,9.9592,108331.8071,147593.0427,8.3444,0.785714
pump_station_v2,water,2,44,1557056.41,219733.2714,35467.7818,976.5411,159461.3852,9.7645,121608.4033,165555.0576,8.1521,0.780612
pump_station_v2,water,2,45,1713932.31,246598.5535,39544.027,1095.3199,179184.5097,9.5652,136867.4823,186187.193,7.9539,0.77551
pump_station_v2,water,2,46,1889633.31,277448.0389,44198.2816,1231.7139,201855.6978,9.3613,154429.2948,209918.9026,7.75,0.770408
pump_station_v2,water,2,47,2086418.43,312922.6226,49519.3573,1388.5568,227952.7964,9.1529,174670.5054,237255.0299,7.5405,0.765306
pump_station_v2,water,2,48,2306817.77,353776.4299,55611.1584,1569.1827,258038.5973,8.9398,198035.2237,268790.5097,7.3257,0.760204
pump_station_v2,water,2,49,2553665.03,400899.1435,62595.5731,1777.5252,292777.6593,8.7222,225048.4299,305228.2586,7.1058,0.755102
pump_station_v2,water,2,50,3329154.1,535630.202,83067.1231,2373.2082,391665.1875,8.5,301530.2687,408656.3091,7.8421,0.75
water_treatment,water,3,1,60509.2,7134.8069,3616.6667,40.6,3025.46,20.0,242.2455,1704.2069,,1.0
water_treatment,water,3,2,63409.2,7438.0148,3751.1271,41.8078,3171.2195,19.9952,281.9134,1805.8176,19.8958,0.994898
water_treatment,water,3,3,66657.2,7782.4119,3904.6871,43.1796,3336.0543,19.9808,325.7192,1919.9889,19.7046,0.989796
water_treatment,water,3,4,70294.96,8172.8428,4079.4409,44.7348,3522.3404,19.9569,374.3782,2048.4252,19.5278,0.984694
water_treatment,water,3,5,74369.25,8614.787,4277.7535,46.4952,3732.7683,19.9234,428.7041,2193.0591,19.3619,0.979591
water_treatment,water,3,6,78932.46,9114.4518,4502.2979,48.4855,3970.3915,19.8803,489.6291,2356.0901,19.2036,0.97449
water_treatment,water,3,7,84043.25,9678.8935,4756.083,50.7338,4238.7067,19.8276,558.2564,2540.0618,19.0477,0.969388
water_treatment,water,3,8,89767.34,10316.0817,5042.5122,53.2719,4541.6589,19.7653,635.8252,2747.84,18.8944,0.964286
water_treatment,water,3,9,96178.32,11035.0848,5365.419,56.1359,4883.7709,19.6935,723.8033,2982.7437,18.7394,0.959184
water_treatment,water,3,10,108848.85,12474.1539,6032.8532,61.8682,5550.1063,19.612,868.1752,3421.3884,19.0152,0.954081
water_treatment,water,3,11,116890.78,13388.7577,6440.5564,65.5113,5987.9403,19.521,984.6603,3724.7398,18.3675,0.94898
water_treatment,water,3,12,125897.74,14420.7361,6899.685,69.6219,6482.7434,19.4204,1117.4395,4068.3579,18.2031,0.943877
water_treatment,water,3,13,135985.53,15585.1723,7416.5103,74.2602,7042.1296,19.3103,1269.1122,4457.9193,18.0337,0.938775
water_treatment,water,3,14,147283.86,16899.261,7998.139,79.4946,7674.8159,19.1905,1442.7057,4899.9593,17.8577,0.933673
water_treatment,water,3,15,159937.99,18382.566,8652.6218,85.4031,8390.7507,19.0612,1641.717,5401.9652,17.675,0.928571
water_treatment,water,3,16,174110.62,20057.412,9389.0945,92.0745,9201.3314,18.9223,1870.2133,5972.5579,17.4845,0.92347
water_treatment,water,3,17,189983.96,21949.2702,10217.926,99.6103,10119.6085,18.7738,2132.9168,6621.654,17.286,0.918367
water_treatment,water,3,18,207762.1,24087.2294,11150.903,108.1264,11160.5339,18.6158,2435.3025,7360.6604,17.0792,0.913265
water_treatment,water,3,19,227673.62,26504.559,12201.429,117.7553,12341.276,18.4481,2783.7484,8202.7386,16.8636,0.908163
water_treatment,water,3,20,258718.8,30261.3488,13852.6145,132.7197,14160.1327,18.2709,3297.4375,9483.7648,17.0685,0.903061
water_treatment,water,3,21,283695.81,33362.8279,15186.0795,145.0738,15687.5569,18.0841,3766.0693,10585.5969,16.3524,0.897959
water_treatment,water,3,22,311670.06,36876.171,16689.9112,159.0684,17423.6564,17.8878,4307.0015,11843.7509,16.1133,0.892857
water_treatment,water,3,23,343001.22,40858.9201,18386.8078,174.9329,19398.546,17.6818,4931.9914,13281.7123,15.8648,0.887755
water_treatment,water,3,24,378092.12,45377.2791,20302.7442,192.9308,21646.9955,17.4663,5654.7761,14926.7101,15.6067,0.882653
water_treatment,water,3,25,417393.93,50507.4764,22467.4747,213.3659,24209.1731,17.2411,6491.4031,16810.3256,15.3392,0.877551
water_treatment,water,3,26,461411.95,56337.4627,24915.1552,236.5884,27131.5756,17.0065,7460.6489,18969.2559,15.0623,0.872449
water_treatment,water,3,27,510712.14,62968.8519,27685.0227,263.0031,30468.1186,16.7622,8584.5442,21446.2342,14.7758,0.867347
water_treatment,water,3,28,565928.35,70519.2184,30822.2532,293.0784,34281.3815,16.5083,9888.9165,24291.04,14.48,0.862245
water_treatment,water,3,29,627770.5,79124.8801,34378.9447,327.3573,38644.1629,16.2449,11404.1297,27561.8052,14.1749,0.857143
water_treatment,water,3,30,791950.26,101052.9314,43645.1087,414.7031,49584.014,15.9719,14959.9789,35592.9372,15.0075,0.852041
water_treatment,water,3,31,869525.06,112431.9067,48268.9483,460.0288,55421.5487,15.6893,17082.074,40035.5742,13.289,0.846939
water_treatment,water,3,32,956408.83,125437.7963,53528.1893,511.835,62116.0617,15.3971,19546.1181,45151.6921,12.9784,0.841837
water_treatment,water,3,33,1053718.66,140322.8942,59517.2121,571.1267,69804.0633,15.0954,22411.3706,51051.9225,12.6574,0.836735
water_treatment,water,3,34,1162705.67,157382.7741,66346.0357,639.0811,78645.9618,14.784,25748.0846,57866.6978,12.3262,0.831633
water_treatment,water,3,35,1284771.12,176964.6012,74143.2471,717.0812,88830.7174,14.4631,29639.729,65750.1646,11.9851,0.826531
water_treatment,water,3,36,1421484.42,199477.3,83059.5457,806.7558,100581.5687,14.1327,34185.7657,74885.0277,11.6343,0.821429
water_treatment,water,3,37,1574603.32,225403.9967,93272.1082,910.0293,114163.0175,13.7926,39505.0058,85488.4384,11.2741,0.816327
water_treatment,water,3,38,1746096.48,255317.3667,104989.9346,1029.1829,129889.4768,13.4429,45739.8086,97819.3135,10.9048,0.811224
water_treatment,water,3,39,1938168.82,289898.6199,118460.4627,1166.9301,148135.9675,13.0837,53061.2717,112187.3873,10.5265,0.806122
water_treatment,water,3,40,2503504.68,383623.3697,155766.7989,1540.2629,196895.1878,12.7149,71708.2345,149940.329,11.5944,0.80102
water_treatment,water,3,41,2744440.23,431547.411,174109.8343,1731.1582,222464.5841,12.3365,82342.0192,170336.4353,9.4228,0.795918
water_treatment,water,3,42,3014288.04,487239.9585,195319.1322,1952.9977,252272.0109,11.9486,94860.2708,194198.4476,9.053,0.790816
water_treatment,water,3,43,3316517.59,552141.5225,219908.1472,2211.5194,287119.0146,11.551,109639.4778,222195.9256,8.673,0.785714
water_treatment,water,3,44,3655014.69,628005.4462,248499.2209,2513.7074,327983.4906,11.1439,127141.8182,255147.7386,8.2834,0.780612
water_treatment,water,3,45,4034131.44,716979.021,281851.4193,2868.1149,376065.7536,10.7272,147937.9731,294061.3716,7.8848,0.77551
water_treatment,water,3,46,4458742.2,821710.0167,320897.0466,3285.2887,432849.0828,10.3009,172737.1547,340184.6133,7.4777,0.770408
water_treatment,water,3,47,4934306.25,945488.2284,366790.0728,3778.3332,500180.2455,9.8651,202427.1403,395074.3674,7.0631,0.765306
water_treatment,water,3,48,5466937.99,1092436.0691,420971.3019,4363.6689,580377.9555,9.4196,238128.2335,460689.3632,6.6415,0.760204
water_treatment,water,3,49,6063485.54,1267768.9471,485257.23,5062.0705,676381.1925,8.9646,281267.2422,539517.0693,6.2138,0.755102
water_treatment,water,3,50,7898308.16,1734339.8337,659358.67,6920.5573,929212.7276,8.5,391513.3047,744762.1618,7.2571,0.75
industrial_waterworks,water,4,1,127902.08,6759.4959,1425.0,84.0,4567.9314,28.0,3186.0967,4590.4959,,1.0
industrial_waterworks,water,4,2,133902.08,7067.3774,1482.3049,86.6782,4783.603,27.9919,3343.7663,4811.853,27.8201,0.994898
industrial_waterworks,water,4,3,140622.08,7416.6744,1547.5885,89.7167,5028.0512,27.9675,3522.2401,5062.5914,27.4905,0.989796
industrial_waterworks,water,4,4,148148.48,7812.4834,1621.7754,93.1598,5304.8669,27.9269,3724.1638,5346.4101,27.1892,0.984693
industrial_waterworks,water,4,5,156578.05,8260.6177,1705.9174,97.0581,5618.1488,27.87,3952.56,5667.5332,26.9073,0.979591
industrial_waterworks,water,4,6,166019.17,8767.6948,1801.2057,101.469,5972.5675,27.797,4210.8783,6030.7774,26.6383,0.97449
industrial_waterworks,water,4,7,176593.22,9341.2516,1908.9884,106.4584,6373.4501,27.7076,4503.0602,6441.6417,26.3769,0.969388
industrial_waterworks,water,4,8,188436.16,9989.9063,2030.8031,112.1009,6826.892,27.602,4833.6194,6906.4197,26.1179,0.964286
industrial_waterworks,water,4,9,201700.25,10723.4671,2168.3897,118.4821,7339.8379,27.4802,5207.707,7432.2885,25.8587,0.959183
industrial_waterworks,water,4,10,226591.84,12087.0669,2431.1241,130.3439,8287.2711,27.3422,5892.6235,8399.6046,26.2727,0.954082
industrial_waterworks,water,4,11,243230.31,13027.982,2606.3606,138.5288,8946.2906,27.1878,6374.3159,9075.9361,25.2473,0.948979
industrial_waterworks,water,4,12,261865.4,14092.8527,2804.239,147.7919,9692.515,27.0173,6920.1318,9842.0164,24.9725,0.943877
industrial_waterworks,water,4,13,282736.7,15298.4832,3027.6847,158.2795,10537.8915,26.8305,7538.98,10710.2229,24.6888,0.938775
industrial_waterworks,water,4,14,306112.56,16664.1312,3280.0336,170.1592,11496.1263,26.6275,8241.0953,11694.7648,24.3947,0.933674
industrial_waterworks,water,4,15,332293.52,18211.9273,3565.1006,183.6232,12582.987,26.4082,9038.2677,12811.9989,24.0886,0.928571
industrial_waterworks,water,4,16,361616.19,19967.2535,3887.2404,198.8926,13816.5748,26.1726,9944.0496,14080.7144,23.7702,0.923469
industrial_waterworks,water,4,17,394457.58,21959.3445,4251.4433,216.2216,15217.7612,25.9209,10974.089,15522.5901,23.4383,0.918367
industrial_waterworks,water,4,18,431239.94,24221.8627,4663.4251,235.9029,16810.6052,25.6529,12146.4496,17162.6326,23.0923,0.913265
industrial_waterworks,water,4,19,472436.19,26793.621,5129.7478,258.2744,18622.8711,25.3686,13482.0008,19029.7157,22.7319,0.908164
industrial_waterworks,water,4,20,547011.93,31347.4123,5967.8715,297.8872,21821.0387,25.0681,15828.2354,22317.5868,23.3183,0.903061
industrial_waterworks,water,4,21,598688.5,34697.8646,6568.405,327.0323,24188.1118,24.7514,17578.6519,24760.2187,21.8314,0.897959
industrial_waterworks,water,4,22,656566.26,38515.9997,7249.7616,360.2458,26888.2133,24.4184,19577.9115,27548.2079,21.4354,0.892857
industrial_waterworks,water,4,23,721389.35,42871.7039,8023.511,398.1355,29971.55,24.0691,21863.9612,30733.905,21.0237,0.887755
industrial_waterworks,water,4,24,793991.21,47846.24,8903.0423,441.4084,33496.5567,23.7037,24481.0201,34378.2749,20.5962,0.882653
industrial_waterworks,water,4,25,875305.29,53534.295,9903.8725,490.8881,37531.3949,23.3219,27480.7391,38552.4776,20.153,0.877551
industrial_waterworks,water,4,26,966377.06,60046.4068,11044.0307,547.5361,42155.7108,22.924,30923.5433,43339.71,19.6941,0.872449
industrial_waterworks,water,4,27,1068377.45,67511.9253,12344.5114,612.4777,47462.7945,22.5098,34880.2955,48837.4783,19.2197,0.867347
industrial_waterworks,water,4,28,1182617.88,76082.5876,13829.8174,687.0328,53562.1915,22.0793,39434.3112,55160.3483,18.7298,0.862245
industrial_waterworks,water,4,29,1310567.16,85936.8037,15528.624,772.7534,60582.8209,21.6327,44683.7536,62443.2216,18.2248,0.857143
industrial_waterworks,water,4,30,1628831.0,108988.6585,19576.8253,973.2786,76941.5426,21.1697,56852.4103,79371.3935,19.4553,0.852041
industrial_waterworks,water,4,31,1789330.58,122334.8776,21842.5268,1089.3756,86480.5884,20.6905,64014.7362,89286.4364,16.8255,0.846939
industrial_waterworks,water,4,32,1969090.11,137741.195,24445.1255,1223.3933,97503.2284,20.1951,72301.8746,100750.7234,16.3082,0.841837
industrial_waterworks,water,4,33,2170420.79,155561.5785,27440.4142,1378.4105,110266.1958,19.6835,81910.231,114033.5094,15.7746,0.836735
industrial_waterworks,water,4,34,2395911.15,176219.0035,30894.7595,1558.1068,125076.5393,19.1556,93074.9567,129456.9854,15.2252,0.831633
industrial_waterworks,water,4,35,2648460.35,200221.0541,34887.4514,1766.8976,142303.0335,18.6114,106078.7687,147408.3066,14.6605,0.826531
industrial_waterworks,water,4,36,2931315.45,228179.5797,39513.6483,2010.1053,162390.5687,18.051,121263.086,168354.7679,14.0811,0.821429
industrial_waterworks,water,4,37,3248113.17,260835.8129,44888.1484,2294.1777,185878.5335,17.4744,139042.25,192863.1865,13.4877,0.816327
industrial_waterworks,water,4,38,3602926.61,299092.6332,51150.1997,2626.969,213424.4541,16.8815,159921.838,221624.8456,12.8808,0.811225
industrial_waterworks,water,4,39,4000317.67,344056.5227,58469.7678,3018.1042,245834.7262,16.2724,184522.4623,255487.9162,12.2613,0.806122
industrial_waterworks,water,4,40,5118071.63,457175.8349,77201.7961,4002.1147,327095.5739,15.647,245935.859,340215.3027,13.7551,0.80102
industrial_waterworks,water,4,41,5616558.97,522467.9485,87665.5055,4570.0826,374302.1535,15.0054,281906.0178,389629.3893,10.5597,0.795918
industrial_waterworks,water,4,42,6174864.79,599951.9215,100021.3314,5244.1059,430377.2412,14.3476,324685.4342,448360.8149,9.9564,0.790816
industrial_waterworks,water,4,43,6800167.31,692371.0885,114684.3434,6048.0486,497325.666,13.6735,375822.3071,518521.7375,9.3401,0.785714
industrial_waterworks,water,4,44,7500506.13,803232.1815,132183.4289,7012.4152,577711.6136,12.9831,437298.1867,602814.5388,8.7122,0.780612
industrial_waterworks,water,4,45,8284885.61,937072.3159,153200.8522,8176.6736,674854.4674,12.2766,511679.9008,704738.6059,8.0745,0.77551
industrial_waterworks,water,4,46,9163390.63,1099843.8634,178629.2063,9592.6027,793111.1873,11.5537,602338.6785,828888.5272,7.4288,0.770408
industrial_waterworks,water,4,47,10147316.25,1299481.8569,209655.3565,11329.2283,938292.6267,10.8147,713773.2224,981393.7385,6.7772,0.765306
industrial_waterworks,water,4,48,11249312.95,1546763.434,247887.5123,13480.2995,1118294.1913,10.0594,852099.1792,1170584.5639,6.1222,0.760204
industrial_waterworks,water,4,49,12483549.25,1856650.0155,295553.5942,16175.9637,1344080.7982,9.2878,1025813.6575,1408032.4772,5.4664,0.755102
industrial_waterworks,water,4,50,16232456.09,2634552.6287,416551.4956,22942.8402,1909700.7149,8.5,1459872.0194,2002129.1792,6.628,0.75
water_reservoir,water,5,1,240515.06,7766.1077,330.0,161.0,6329.3437,38.0,5556.8861,7110.1077,,1.0
water_reservoir,water,5,2,252015.06,8135.7356,343.9425,166.3639,6634.1234,37.9877,5826.3108,7453.4579,37.7322,0.994898
water_reservoir,water,5,3,264895.06,8555.2064,359.8211,172.4512,6979.9526,37.9508,6131.9822,7843.0235,37.2438,0.989796
water_reservoir,water,5,4,279320.66,9030.7795,377.8652,179.3526,7371.9987,37.8894,6478.4732,8284.6291,36.7957,0.984694
water_reservoir,water,5,5,295477.33,9569.592,398.3357,187.1718,7816.1535,37.8034,6870.9983,8784.9167,36.3762,0.979592
water_reservoir,water,5,6,313572.8,10179.814,421.5291,196.0271,8319.1642,37.6928,7315.5303,9351.4931,35.9743,0.97449
water_reservoir,water,5,7,333839.73,10870.7568,447.7833,206.054,8888.72,37.5577,7818.8766,9993.0279,35.5837,0.969388
water_reservoir,water,5,8,356538.69,11653.0989,477.4826,217.4071,9533.642,37.398,8388.8481,10719.4679,35.1964,0.964285
water_reservoir,water,5,9,381961.53,12539.0487,511.0657,230.2638,10264.0157,37.2137,9034.3766,11542.1863,34.808,0.959183
water_reservoir,water,5,10,421636.41,13910.7996,563.9598,250.1704,11394.1024,37.0048,10032.5297,12814.6896,35.1078,0.954082
water_reservoir,water,5,11,453526.82,15050.2663,606.8924,266.7061,12333.7009,36.7713,10863.1683,13873.2215,33.9405,0.94898
water_reservoir,water,5,12,489244.07,16342.1039,655.442,285.453,13399.0517,36.5133,11805.0671,15073.4879,33.5263,0.943878
water_reservoir,water,5,13,529247.39,17807.5218,710.3557,306.7188,14607.6892,36.2307,12873.7652,16435.2695,33.0979,0.938776
water_reservoir,water,5,14,574051.11,19470.9211,772.4884,330.8576,15979.7904,35.9236,14087.1467,17981.3309,32.6534,0.933673
water_reservoir,water,5,15,624231.28,21360.4151,842.8217,358.2776,17538.6048,35.5918,15465.8221,19737.9051,32.1912,0.928572
water_reservoir,water,5,16,680433.07,23508.4739,922.4813,389.4497,19310.9923,35.2355,17033.6074,21735.3022,31.7097,0.92347
water_reservoir,water,5,17,743379.08,25952.6,1012.7631,424.9182,21327.9793,34.8546,18818.0172,24008.5372,31.2079,0.918367
water_reservoir,water,5,18,813878.61,28736.1982,1115.1591,465.3132,23625.4816,34.4492,20850.9068,26598.1464,30.6853,0.913265
water_reservoir,water,5,19,892838.08,31909.6007,1231.3907,511.3649,26245.1552,34.0192,23169.2296,29551.1497,30.141,0.908163
water_reservoir,water,5,20,1035736.64,37500.5303,1439.0145,592.4993,30858.0444,33.5646,27249.4033,34749.5093,30.9781,0.903061
water_reservoir,water,5,21,1134783.4,41666.519,1589.8433,652.9551,34298.637,33.0854,30295.4952,38628.799,28.7877,0.897959
water_reservoir,water,5,22,1245715.77,46430.397,1761.5499,722.0874,38233.6809,32.5816,33779.9053,43065.9847,28.1909,0.892857
water_reservoir,water,5,23,1369960.03,51884.9771,1957.2458,801.2431,42740.0447,32.0533,37770.8698,48147.8653,27.5708,0.887755
water_reservoir,water,5,24,1509113.6,58138.9149,2180.5572,891.9988,47907.7322,31.5004,42348.2973,53976.0803,26.9276,0.882653
water_reservoir,water,5,25,1664965.59,65319.7377,2435.7198,996.2052,53842.397,30.9229,47606.0052,60669.9528,26.2613,0.877551
water_reservoir,water,5,26,1839519.82,73577.4788,2727.6929,1116.0398,60668.3591,30.3209,53654.4039,68369.8997,25.5721,0.872449
water_reservoir,water,5,27,2035020.56,83089.2211,3062.3023,1254.072,68532.3767,29.6943,60623.8514,77241.6956,24.8602,0.867347
water_reservoir,water,5,28,2253981.39,94064.5097,3446.4101,1413.3429,77608.1383,29.0431,68668.6497,87481.5517,24.1259,0.862245
water_reservoir,water,5,29,2499217.52,106752.1551,3888.1267,1597.4632,88101.9118,28.3673,77972.0709,99322.502,23.3697,0.857143
water_reservoir,water,5,30,3083341.03,134991.9981,4887.4122,2007.2734,111444.6619,27.667,98655.2068,125653.6064,25.0238,0.852041
water_reservoir,water,5,31,3390965.23,152413.2105,5485.1075,2260.086,125861.1747,26.9421,111442.821,141925.4631,21.3383,0.846939
water_reservoir,water,5,32,3735504.33,172657.2476,6176.2265,2553.863,142616.6275,26.1926,126307.5953,160839.0448,20.5628,0.841837
water_reservoir,water,5,33,4121388.13,196242.2099,6977.3537,2896.1226,162140.7983,25.4186,143631.6148,182880.0568,19.7644,0.836735
water_reservoir,water,5,34,4553577.98,223796.2202,7908.5127,3295.9802,184954.8028,24.6199,163878.227,208637.471,18.9441,0.831633
water_reservoir,water,5,35,5037630.61,256085.0555,8994.017,3764.5485,211694.0463,23.7968,187612.4704,238829.4815,18.1027,0.826531
water_reservoir,water,5,36,5579769.56,294048.0265,10263.5735,4315.4585,243138.0251,22.949,215527.6024,274337.2077,17.2414,0.821429
water_reservoir,water,5,37,6186965.19,338845.1023,11753.7285,4965.5435,280249.4724,22.0766,248479.9456,316248.9661,16.3614,0.816327
water_reservoir,water,5,38,6867024.29,391919.6142,13509.7895,5735.7489,324226.446,21.1797,287535.2582,365919.1811,15.464,0.811224
water_reservoir,water,5,39,7628690.48,455082.7115,15588.4123,6652.3575,376572.4893,20.2582,334031.1933,425047.7356,14.5506,0.806122
water_reservoir,water,5,40,9708337.39,607357.7707,20672.7715,8862.1388,502705.8886,19.3122,446014.9206,567486.4747,16.4877,0.80102
water_reservoir,water,5,41,10663771.46,702266.8368,23750.963,10239.4377,581400.4995,18.3415,515947.5873,656400.9547,12.141,0.795918
water_reservoir,water,5,42,11733857.62,816877.6872,27450.0534,11902.6445,676446.7407,17.3463,600424.4252,763799.9626,11.2586,0.790816
water_reservoir,water,5,43,12932354.12,956322.2589,31928.5685,13926.2326,792106.6883,16.3265,703238.7217,894503.1735,10.3622,0.785714
water_reservoir,water,5,44,14274670.2,1127454.8099,37397.712,16409.6694,934073.2627,15.2822,829457.6105,1054948.5724,9.4552,0.780612
water_reservoir,water,5,45,15778064.21,1339604.944,44144.3158,19488.3442,1110095.887,14.2132,985979.1372,1253900.126,8.5409,0.77551
water_reservoir,water,5,46,17461865.5,1605757.7873,52566.7883,23350.6942,1330961.0651,13.1197,1182405.3531,1503556.9106,7.6237,0.770408
water_reservoir,water,5,47,19347722.94,1944472.5044,63233.5443,28266.0457,1612086.4356,12.0017,1432461.6414,1821356.1423,6.7082,0.765306
water_reservoir,water,5,48,21459883.28,2383139.3961,76982.1746,34631.8805,1976227.0467,10.859,1756406.3745,2233034.2537,5.8004,0.760204
water_reservoir,water,5,49,23825502.86,2963806.7399,95096.8339,43058.3938,2458316.8156,9.6918,2185341.7473,2778103.0953,4.907,0.755102
water_reservoir,water,5,50,30953778.37,4389404.6138,139887.0175,63746.348,3641620.9861,8.5,3237946.8168,4115827.7396,6.024,0.75
deep_water_treatment,water,6,1,443277.8,16461.2943,5970.0,301.0,8865.556,50.0,3913.0354,7310.2943,,1.0
deep_water_treatment,water,6,2,464777.8,17207.6329,6208.8299,310.5528,9298.7777,49.9827,4142.3087,7693.0358,49.6282,0.994897
deep_water_treatment,water,6,3,488857.8,18056.9698,6481.8797,321.4243,9790.6892,49.9309,4401.3319,8126.7288,48.9519,0.989796
deep_water_treatment,water,6,4,515827.4,19021.9638,6793.0839,333.776,10348.7404,49.8445,4694.1692,8618.0383,48.3282,0.984694
deep_water_treatment,water,6,5,546033.35,20117.0185,7146.9258,347.7923,10981.4013,49.7235,5025.4338,9174.5372,47.7443,0.979592
deep_water_treatment,water,6,6,579864.02,21358.5951,7548.4919,363.684,11698.3847,49.5679,5400.4542,9804.9357,47.1847,0.974489
deep_water_treatment,water,6,7,617754.37,22765.4926,8003.5909,381.692,12510.7824,49.3778,5825.3156,10519.1808,46.6402,0.969388
deep_water_treatment,water,6,8,660191.56,24359.2422,8518.8318,402.0916,13431.3373,49.1531,6307.0545,11328.7316,46.0996,0.964286
deep_water_treatment,water,6,9,707721.21,26164.47,9101.7366,425.1981,14474.6557,48.8938,6853.773,12246.7478,45.5562,0.959184
deep_water_treatment,water,6,10,777377.07,28815.1828,9970.5089,459.1263,15995.4264,48.6,7637.2565,13575.6538,45.803,0.954082
deep_water_treatment,water,6,11,836998.26,31134.5627,10715.4396,488.8138,17339.3692,48.2716,8345.6771,14761.0521,44.3629,0.94898
deep_water_treatment,water,6,12,903774.0,33763.6783,11557.8125,522.4657,18864.5581,47.9086,9151.7582,16107.7719,43.7819,0.943877
deep_water_treatment,water,6,13,978562.82,36745.2796,12510.4693,560.6294,20596.5374,47.511,10069.8903,17638.9796,43.1811,0.938775
deep_water_treatment,water,6,14,1062326.3,40128.6024,13588.12,603.935,22564.7962,47.0789,11116.7669,19381.4745,42.5571,0.933673
deep_water_treatment,water,6,15,1156141.4,43970.3886,14807.6477,653.1088,24803.3799,46.6123,12311.7305,21366.2443,41.9082,0.928572
deep_water_treatment,water,6,16,1261214.31,48336.1708,16188.443,708.9896,27351.7021,46.111,13677.2824,23629.2379,41.2322,0.923469
deep_water_treatment,water,6,17,1378895.97,53301.7366,17752.8577,772.5475,30255.4084,45.5752,15239.5553,26212.1388,40.5281,0.918368
deep_water_treatment,water,6,18,1510699.43,58954.8908,19526.6223,844.9063,33567.5251,45.0048,17029.0729,29163.4841,39.7943,0.913265
deep_water_treatment,water,6,19,1658319.31,65397.5286,21539.5033,927.3703,37349.6699,44.3998,19081.3977,32539.7389,39.0307,0.908163
deep_water_treatment,water,6,20,1890339.54,75403.3617,24695.5259,1055.4421,43197.5825,43.7603,22223.9584,37738.9742,39.6757,0.903061
deep_water_treatment,water,6,21,2075513.92,83834.0958,27301.5742,1163.3533,48171.1765,43.0862,24951.5622,42198.5598,37.2315,0.897959
deep_water_treatment,water,6,22,2282909.22,93475.6076,30268.4851,1286.7619,53870.7137,42.3776,28090.9965,47318.4783,36.3881,0.892857
deep_water_treatment,water,6,23,2515191.96,104517.0371,33650.4304,1428.089,60411.5105,41.6343,31709.8952,53205.1443,35.5129,0.887755
deep_water_treatment,water,6,24,2775348.63,117180.3651,37510.704,1590.1762,67929.1519,40.8565,35888.0599,59983.8689,34.6062,0.882653
deep_water_treatment,water,6,25,3066724.1,131726.9475,41923.4832,1776.3685,76583.5733,40.0442,40719.9647,67802.7019,33.6678,0.877551
deep_water_treatment,water,6,26,3393064.62,148465.3182,46975.936,1990.6149,86563.9275,39.1972,46317.7356,76837.0092,32.6983,0.872449
deep_water_treatment,water,6,27,3758566.0,167760.9181,52770.8419,2237.5933,98094.6602,38.3157,52814.8784,87295.1924,31.698,0.867347
deep_water_treatment,water,6,28,4167927.55,190048.1443,59429.8515,2522.8636,111443.0233,37.3996,60370.8745,99425.752,30.6675,0.862245
deep_water_treatment,water,6,29,4626412.49,215845.2969,67097.4748,2853.06,126928.4431,36.449,69176.9654,113526.1311,29.6075,0.857143
deep_water_treatment,water,6,30,5718092.89,273404.8955,84484.5028,3589.8069,161237.6097,35.4638,88407.3554,144574.2428,31.8189,0.852041
deep_water_treatment,water,6,31,6293216.39,308952.0563,94897.2156,4044.8006,182708.7349,34.444,100771.0211,164230.4788,26.7859,0.846939
deep_water_treatment,water,6,32,6937354.72,350357.5448,106966.9735,4574.7794,207769.7389,33.3896,115260.7961,187213.6338,25.7028,0.841837
deep_water_treatment,water,6,33,7658789.64,398731.0662,120998.0018,5193.9471,237109.0321,32.3007,132293.9031,214168.222,24.5894,0.836735
deep_water_treatment,water,6,34,8466796.76,455430.1671,137361.0734,5919.6798,271569.9901,31.1772,152382.8438,245884.7755,23.447,0.831633
deep_water_treatment,water,6,35,9371764.73,522126.8045,156511.1558,6773.3784,312192.7752,30.0192,176161.3316,283339.4013,22.2773,0.826531
deep_water_treatment,water,6,36,10385328.86,600895.612,179010.7843,7781.5972,360269.8105,28.8265,204418.7159,327746.2692,21.0821,0.821429
deep_water_treatment,water,6,37,11520520.68,694332.4203,205561.4638,8977.5623,417420.2529,27.5993,238146.1782,380628.0649,19.8632,0.816327
deep_water_treatment,water,6,38,12791935.52,805715.8089,237046.3603,10403.2389,485691.6025,26.3376,278599.8679,443912.1867,18.623,0.811224
deep_water_treatment,water,6,39,14215920.14,939230.8645,274589.3739,12112.1945,567700.4876,25.0412,327388.4362,520064.0705,17.3638,0.806122
deep_water_treatment,water,6,40,17969543.63,1250496.5557,363275.7716,16096.309,757878.2934,23.7103,439387.2782,695875.8617,19.7374,0.80102
deep_water_treatment,water,6,41,19755789.94,1454928.0686,419972.0676,18712.9757,884131.432,22.3449,515271.3777,813643.4349,14.1481,0.795918
deep_water_treatment,water,6,42,21756385.8,1704826.9766,488952.0684,21911.6124,1038748.0673,20.9448,608521.8662,958086.9211,12.9391,0.790816
deep_water_treatment,water,6,43,23997053.17,2013331.2857,573707.1256,25860.3819,1229974.4871,19.5102,724243.9583,1137000.5418,11.7174,0.785714
deep_water_treatment,water,6,44,26506600.62,2398637.6068,679063.4409,30792.196,1469240.3138,18.041,869522.7281,1361193.5763,10.4885,0.780612
deep_water_treatment,water,6,45,29317293.77,2886608.6415,811868.658,37038.0898,1772800.6475,16.5373,1054445.8364,1646046.6617,9.2591,0.77551
deep_water_treatment,water,6,46,32465270.09,3515164.0345,982147.7442,45083.4245,2164501.5932,14.999,1293826.1868,2014132.949,8.0367,0.770408
deep_water_treatment,water,6,47,35991003.57,4342059.3232,1205150.5212,55667.4548,2680679.972,13.4261,1610254.2219,2499862.2012,6.8305,0.765306
deep_water_treatment,water,6,48,39939825.07,5459548.4732,1505210.6315,69971.006,3379399.1471,11.8186,2039851.8254,3158235.0738,5.6515,0.760204
deep_water_treatment,water,6,49,44362505.15,7024261.012,1923608.2787,89998.8924,4359268.8416,10.1766,2643997.4991,4082682.0079,4.5135,0.755102
deep_water_treatment,water,6,50,57617558.63,10894193.0,2963238.9978,139532.9482,6778536.317,8.5,4130962.9551,6361918.8239,5.479,0.75
desalination_complex,water,7,1,922135.1,22421.3344,5230.0,630.0,14408.3609,64.0,9462.0675,14086.3344,,1.0
desalination_complex,water,7,2,967135.1,23474.1506,5447.6412,650.7076,15116.9475,63.9769,9957.151,14797.8071,63.5067,0.994898
desalination_complex,water,7,3,1017535.1,24671.562,5696.1656,674.2592,15921.9894,63.9075,10518.742,15605.533,62.6054,0.989796
desalination_complex,water,7,4,1073983.1,26031.5953,5979.187,701.0093,16835.7171,63.7919,11155.4864,16521.8601,61.7777,0.984694
desalination_complex,water,7,5,1137204.86,27574.8557,6300.8425,731.3634,17872.1053,63.6302,11877.2574,17560.8935,61.002,0.979592
desalination_complex,water,7,6,1208013.23,29324.953,6665.839,765.7856,19047.1957,63.4221,12695.4183,18738.8444,60.2578,0.97449
desalination_complex,water,7,7,1287318.61,31308.8599,7079.5424,804.8069,20379.3242,63.1679,13622.9674,20074.2491,59.5328,0.969388
desalination_complex,water,7,8,1376140.63,33557.5628,7548.0772,849.0359,21889.5912,62.8674,14674.8985,21588.4628,58.8121,0.964286
desalination_complex,water,7,9,1475621.29,36106.5322,8078.4463,899.1709,23602.156,62.5206,15868.3854,23305.9409,58.0887,0.959184
desalination_complex,water,7,10,1612739.2,39623.9463,8818.2768,968.3544,25958.4641,62.1277,17503.3874,25664.2299,58.1918,0.954082
desalination_complex,water,7,11,1737527.74,42905.2637,9497.4656,1032.8937,28166.1669,61.6885,19045.1189,27880.4059,56.5242,0.94898
desalination_complex,water,7,12,1877290.91,46628.8644,10266.2233,1106.1323,30673.1627,61.203,20797.6243,30398.2101,55.7493,0.943877
desalination_complex,water,7,13,2033825.66,50856.9003,11136.579,1189.2924,33521.9952,60.6714,22791.3594,33260.8505,54.947,0.938775
desalination_complex,water,7,14,2209144.58,55661.0524,12122.345,1283.7844,36761.7829,60.0935,25061.5399,36518.2491,54.1143,0.933673
desalination_complex,water,7,15,2405501.77,61124.2347,13239.4207,1391.2384,40449.4108,59.4694,27649.0183,40228.2666,53.2476,0.928571
desalination_complex,water,7,16,2625421.82,67342.3658,14506.1163,1513.5413,44650.7561,58.799,30601.1769,44457.9591,52.3451,0.923469
desalination_complex,water,7,17,2871732.28,74426.7003,15943.5661,1652.8816,49442.3198,58.0825,33973.1295,49285.2572,51.405,0.918367
desalination_complex,water,7,18,3147599.99,82506.5196,17576.2204,1811.8016,54913.0929,57.3197,37829.0835,54800.879,50.4257,0.913265
desalination_complex,water,7,19,3456571.83,91732.2934,19432.3945,1993.2609,61166.775,56.5106,42243.9821,61110.6195,49.4064,0.908163
desalination_complex,water,7,20,3919775.41,105423.0965,22207.1658,2262.5422,70429.448,55.6553,48765.1863,70444.2613,50.0075,0.903061
desalination_complex,water,7,21,4307349.69,117543.8681,24620.497,2500.9431,78667.5124,54.7539,54603.4059,78771.2368,47.0468,0.897959
desalination_complex,water,7,22,4741432.88,131436.3062,27373.956,2774.1899,88120.6995,53.8061,61313.9211,88333.946,45.9192,0.892857
desalination_complex,water,7,23,5227606.05,147383.4131,30519.8219,3087.8499,98984.8949,52.8122,69039.1477,99332.8045,44.75,0.887755
desalination_complex,water,7,24,5772120.0,165718.7508,34119.4426,3448.4835,111491.2175,51.772,77947.3532,112004.4345,43.5391,0.882653
desalination_complex,water,7,25,6381975.63,186836.5536,38244.9817,3863.8446,125913.1228,50.6855,88237.9258,126629.0027,42.2868,0.877551
desalination_complex,water,7,26,7065013.93,211204.3289,42981.6462,4343.1285,142575.2121,49.5529,100147.8653,143539.2914,40.9936,0.872449
desalination_complex,water,7,27,7830016.83,239378.3948,48430.3962,4897.2778,161864.1271,48.374,113959.8438,163131.9387,39.6602,0.867347
desalination_complex,water,7,28,8686820.08,272023.4093,54711.3124,5539.3651,184242.2766,47.1489,130012.3937,185881.6231,38.2875,0.862245
desalination_complex,water,7,29,9646439.72,309936.7647,61967.8642,6285.0738,210264.9292,45.8775,148712.5416,212358.6902,36.8763,0.857143
desalination_complex,water,7,30,11847655.4,391255.9401,77760.9527,7884.5219,265881.105,44.56,188478.8011,268811.5443,39.5787,0.852041
desalination_complex,water,7,31,13051402.27,443907.4441,87696.9852,8920.1118,302142.6019,43.1962,214660.3656,305789.3837,33.1963,0.846939
desalination_complex,water,7,32,14399598.77,505486.787,99260.8342,10131.3018,344602.3464,41.7861,245366.8765,349121.3117,31.7523,0.841837
desalination_complex,water,7,33,15909578.84,577748.1245,112762.984,11552.5931,394486.3163,40.3299,281501.4305,400069.5674,30.2698,0.836735
desalination_complex,water,7,34,17600756.52,662855.3396,128585.0677,13226.5474,453308.0404,38.8274,324180.1228,460193.2384,28.7509,0.831633
desalination_complex,water,7,35,19494875.53,763498.2524,147199.8039,15206.0692,522950.37,37.2786,374792.8268,531432.8162,27.1978,0.826531
desalination_complex,water,7,36,21616288.82,883048.7626,169197.8063,17557.4802,605775.3242,35.6837,435084.8204,616223.7686,25.6132,0.821429
desalination_complex,water,7,37,23992271.7,1025774.4798,195324.1929,20364.7192,704774.4439,34.0425,507268.5753,717652.0348,24.0,0.816327
desalination_complex,water,7,38,26653372.53,1197135.2903,226529.3749,23735.1752,823777.544,32.3551,594178.9948,839669.9367,22.3616,0.811225
desalination_complex,water,7,39,29633805.46,1404202.7485,264040.8177,27807.9366,967747.975,30.6214,699493.0357,987401.5996,20.7017,0.806122
desalination_complex,water,7,40,37476032.78,1882488.1744,351735.3918,37215.2209,1299377.6787,28.8415,941172.2309,1327085.3447,23.6475,0.80102
desalination_complex,water,7,41,41214687.84,2206877.7089,409719.8736,43595.5634,1525599.1765,27.0154,1107326.7933,1559669.9799,16.5265,0.795918
desalination_complex,water,7,42,45401981.51,2608178.0257,481119.6453,51488.6457,1805745.6691,25.1431,1313374.3068,1847888.8317,14.9468,0.790816
desalination_complex,water,7,43,50091750.42,3110608.1121,570098.8696,61370.8257,2156850.4227,23.2245,1571967.3596,2209349.7549,13.3572,0.785714
desalination_complex,water,7,44,55344291.6,3748760.2308,682595.2387,73922.491,2603250.976,21.2597,1901192.8357,2669217.0297,11.7664,0.780612
desalination_complex,water,7,45,61227137.72,4573654.9802,827353.5792,90147.1537,3180854.1951,19.2486,2327746.4616,3264624.5898,10.1849,0.77551
desalination_complex,water,7,46,67815925.38,5663569.4987,1017773.9777,111584.4283,3944763.6507,17.1914,2892610.2042,4052568.5317,8.6251,0.770408
desalination_complex,water,7,47,75195367.55,7144687.7381,1275436.0049,140716.1976,4983825.916,15.0879,3661879.9855,5124959.2235,7.102,0.765306
desalination_complex,water,7,48,83460342.79,9233810.5493,1637387.1924,181806.667,6450716.5202,12.9382,4749160.9839,6639753.726,5.6344,0.760204
desalination_complex,water,7,49,92717115.05,12336560.2079,2172901.097,242833.9271,8631117.9099,10.7422,6367062.5936,8892540.2478,4.2454,0.755102
desalination_complex,water,7,50,120423879.43,20219725.9847,3537339.6468,397886.0771,14167515.2269,8.5,10471885.2405,14610520.2176,5.0045,0.75
ultrapure_water_plant,water,8,1,1826260.0,32014.3678,4515.0,1260.0,22828.25,80.0,17578.9943,24314.3678,,1.0
ultrapure_water_plant,water,8,2,1916260.0,33552.9463,4707.8447,1302.3883,23962.1606,79.9703,18478.2017,25535.4927,79.3713,0.994898
ultrapure_water_plant,water,8,3,2017060.0,35302.4675,4927.9193,1350.5876,25250.8457,79.8809,19499.5074,26922.9097,78.2193,0.989796
ultrapure_water_plant,water,8,4,2129956.0,37289.4712,5178.4567,1405.3298,26713.9458,79.732,20658.5622,28497.8157,77.1622,0.984694
ultrapure_water_plant,water,8,5,2256399.52,39544.3712,5463.1455,1467.4526,28373.9826,79.5235,21973.3261,30284.525,76.1691,0.979592
ultrapure_water_plant,water,8,6,2398016.26,42101.9991,5786.1937,1537.9158,30256.7639,79.2555,23464.3928,32310.9077,75.2168,0.97449
ultrapure_water_plant,water,8,7,2556627.01,45002.3087,6152.4099,1617.8195,32391.909,78.928,25155.4126,34608.9588,74.2857,0.969388
ultrapure_water_plant,water,8,8,2734271.05,48291.0807,6567.2797,1708.4256,34813.3766,78.5408,27073.5194,37215.3724,73.3621,0.964286
ultrapure_water_plant,water,8,9,2933232.38,52020.9146,7037.0835,1811.1834,37560.2035,78.0942,29249.923,40172.3408,72.4332,0.959184
ultrapure_water_plant,water,8,10,3199226.2,57015.3801,7671.6803,1948.7812,41233.5792,77.5879,32156.0024,44124.0472,72.4113,0.954082
ultrapure_water_plant,water,8,11,3448803.29,61822.9137,8274.0671,2081.229,44776.8273,77.0221,34966.0013,47939.9145,70.4374,0.948979
ultrapure_water_plant,water,8,12,3728329.63,67282.4839,8956.3423,2231.6415,48802.2151,76.3967,38159.8321,52275.9045,69.4408,0.943878
ultrapure_water_plant,water,8,13,4041399.13,73486.7723,9729.3509,2402.5705,53378.7203,75.7118,41792.821,57206.6781,68.408,0.938776
ultrapure_water_plant,water,8,14,4392036.97,80542.803,10605.586,2596.9651,58586.0192,74.9673,45928.8983,62818.4904,67.3358,0.933674
ultrapure_water_plant,water,8,15,4784751.35,88574.5356,11599.4413,2818.2398,64516.4634,74.1633,50642.2266,69211.3562,66.2201,0.928572
ultrapure_water_plant,water,8,16,5224591.46,97725.6506,12727.5231,3070.354,71277.1629,73.2997,56018.8818,76501.3101,65.0584,0.923469
ultrapure_water_plant,water,8,17,5717212.38,108163.1028,14009.0382,3357.9074,78992.6568,72.3765,62159.0176,84823.3115,63.8483,0.918367
ultrapure_water_plant,water,8,18,6268947.81,120081.2516,15466.2499,3686.2545,87808.0101,71.3938,69179.372,94334.6097,62.588,0.913265
ultrapure_water_plant,water,8,19,6886891.49,133706.8227,17124.9932,4061.6407,97892.5643,70.3515,77216.3277,105218.8351,61.2763,0.908163
ultrapure_water_plant,water,8,20,7785815.54,153367.07,19532.6937,4603.2829,112431.0513,69.2497,88791.3326,120903.2008,61.8306,0.903061
ultrapure_water_plant,water,8,21,8560964.09,171313.8124,21695.1078,5097.7182,125733.2582,68.0883,99410.6701,135271.1343,58.2722,0.897959
ultrapure_water_plant,water,8,22,9429130.47,191914.4498,24165.8738,5665.2681,141012.4779,66.8673,111617.481,151780.0284,56.8201,0.892857
ultrapure_water_plant,water,8,23,10401476.81,215599.3514,26993.1397,6317.7899,158590.927,65.5868,125671.9817,170779.7189,55.3147,0.887755
ultrapure_water_plant,water,8,24,11490504.72,242877.0335,30233.5597,7069.2935,178849.5368,64.2468,141881.9937,192683.9028,53.7563,0.882653
ultrapure_water_plant,water,8,25,12710215.97,274350.2944,33953.9739,7936.3864,202240.1427,62.8471,160612.8883,217983.4337,52.1453,0.877551
ultrapure_water_plant,water,8,26,14076292.57,310736.2242,38233.5573,8938.823,229300.5441,61.388,182299.8204,247262.7148,50.4825,0.872449
ultrapure_water_plant,water,8,27,15606298.37,352890.9189,43166.4341,10100.1912,260673.1355,59.8692,207462.8928,281220.0,48.7689,0.867347
ultrapure_water_plant,water,8,28,17319904.86,401840.9833,48864.9736,11448.7712,297128.6975,58.2909,236726.5551,320693.335,47.0054,0.862245
ultrapure_water_plant,water,8,29,19239144.13,458822.6203,55463.9576,13018.6232,339595.8343,56.6531,270843.5365,366692.6156,45.1935,0.857143
ultrapure_water_plant,water,8,30,23551225.5,578401.8225,69502.8896,16313.0454,428549.7221,54.9556,342154.0782,462952.8726,48.4755,0.852041
ultrapure_water_plant,water,8,31,25958719.24,657966.6827,78590.2617,18505.0677,487958.0773,53.1987,389982.8859,527363.8773,40.5245,0.846939
ultrapure_water_plant,water,8,32,28655112.23,751291.7343,89196.8094,21076.1855,557686.3033,51.3821,446161.9878,602989.0919,38.67,0.841837
ultrapure_water_plant,water,8,33,31675072.38,861151.0223,101620.1705,24102.823,639822.385,49.506,512387.739,692101.5995,36.7678,0.836735
ultrapure_water_plant,water,8,34,35057427.75,990987.7241,116228.4982,27679.8405,736959.0653,47.5704,590767.5915,797524.5994,34.8206,0.831633
ultrapure_water_plant,water,8,35,38845665.76,1145111.1016,133480.9814,31925.9599,852342.6194,45.5752,683941.4492,922793.6643,32.8317,0.826531
ultrapure_water_plant,water,8,36,43088492.33,1328964.8458,153955.8246,36991.1549,990075.5436,43.5204,795246.9848,1072377.786,30.8047,0.821429
ultrapure_water_plant,water,8,37,47840458.09,1549498.2196,178388.8961,43066.8772,1155396.9282,41.4061,928948.3542,1251985.1649,28.7438,0.816327
ultrapure_water_plant,water,8,38,53162659.74,1815688.788,207728.1201,50400.4623,1355077.3788,39.2322,1090558.3879,1468993.9527,26.6536,0.811224
ultrapure_water_plant,water,8,39,59123525.59,2139294.2437,243211.6451,59315.8349,1597987.0844,36.9988,1287302.0924,1733071.8763,24.5394,0.806122
ultrapure_water_plant,water,8,40,74599989.42,2875066.9172,324791.2793,79586.4674,2149499.5783,34.7057,1733280.1474,2332212.2685,28.0619,0.80102
ultrapure_water_plant,water,8,41,82077299.54,3390338.1672,380561.0785,93782.2578,2536915.5029,32.3532,2047646.6582,2753740.1075,19.3005,0.795918
ultrapure_water_plant,water,8,42,90451886.88,4033808.1358,449887.2555,111509.9392,3020997.5187,29.9411,2440705.6861,3280598.5453,17.2999,0.790816
ultrapure_water_plant,water,8,43,99831424.7,4848555.3245,537266.5833,133956.3305,3634279.1972,27.4694,2938988.0541,3948265.2627,15.294,0.785714
ultrapure_water_plant,water,8,44,110336507.06,5897657.0337,649273.5294,162859.2188,4424406.1284,24.9382,3581356.114,4808702.2381,13.2954,0.780612
ultrapure_water_plant,water,8,45,122102199.3,7277019.2174,795891.4948,200860.8265,5463832.1996,22.3474,4426917.3053,5940933.3131,11.3194,0.77551
ultrapure_water_plant,water,8,46,135279774.61,9139483.75,993013.9883,252171.9672,6868039.0812,19.697,5569894.0504,7470919.7375,9.3844,0.770408
ultrapure_water_plant,water,8,47,150038658.96,11743752.3669,1267520.2226,323919.9063,8832511.647,16.9871,7169801.6533,9611896.6392,7.5129,0.765306
ultrapure_water_plant,water,8,48,166568609.43,15564088.8262,1668655.646,429170.6731,11715648.3812,14.2176,9519116.9189,12754820.1774,5.7333,0.760204
ultrapure_water_plant,water,8,49,185082153.96,21571861.0708,2297238.4835,594685.5798,16251545.1964,11.3886,13216945.5515,17700494.2431,4.0816,0.755102
ultrapure_water_plant,water,8,50,240296255.42,37493551.602,3965798.723,1033330.2261,28270147.708,8.5,23012812.9709,30803578.236,4.5941,0.75
regional_water_operator,water,9,1,3630538.6,50951.9681,5850.0,2520.0,37046.3122,98.0,29466.5745,39831.9681,,1.0
regional_water_operator,water,9,2,3810538.6,53417.2791,6101.7606,2605.351,38897.8457,97.9627,30975.8313,41841.8185,97.2167,0.994898
regional_water_operator,water,9,3,4012138.6,56220.9111,6389.0775,2702.4145,41002.5946,97.8508,32690.6982,44126.0066,95.7834,0.989795
regional_water_operator,water,9,4,4237930.6,59405.562,6716.1978,2812.671,43392.7231,97.6645,34637.4819,46719.5062,94.4686,0.984694
regional_water_operator,water,9,5,4490817.64,63020.2984,7087.9478,2937.8165,46105.2447,97.4036,36846.5006,49662.5929,93.2295,0.979592
regional_water_operator,water,9,6,4774051.12,67121.2695,7509.8673,3079.7947,49182.4985,97.0681,39352.4199,53001.328,92.041,0.97449
regional_water_operator,water,9,7,5091272.62,71772.8275,7988.2628,3240.835,52673.0449,96.658,42195.0329,56788.5635,90.8802,0.969387
regional_water_operator,water,9,8,5446560.7,77048.8528,8530.353,3423.4969,56632.6525,96.1735,45420.0559,61085.0079,89.7281,0.964286
regional_water_operator,water,9,9,5844483.35,83034.4353,9144.3924,3630.7217,61125.6094,95.6143,49080.2379,65960.6751,88.5659,0.959184
regional_water_operator,water,9,10,6365537.99,90893.114,9956.6064,3902.796,67019.3291,94.9806,53876.7856,72353.2556,88.4085,0.954081
regional_water_operator,water,9,11,6864692.17,98612.9995,10744.4902,4170.0646,72817.6469,94.2724,58603.5997,78647.616,86.086,0.948979
regional_water_operator,water,9,12,7423744.85,107383.5147,11637.1944,4473.708,79407.1727,93.4896,63977.3121,85802.1363,84.8396,0.943878
regional_water_operator,water,9,13,8049883.85,117354.7639,12649.0338,4818.9213,86901.5236,92.6323,70091.3391,93940.6817,83.5481,0.938775
regional_water_operator,water,9,14,8751159.53,128700.3405,13796.523,5211.7147,95432.1294,91.7003,77053.7732,103206.5578,82.207,0.933674
regional_water_operator,water,9,15,9536588.29,141621.4029,15098.6862,5659.0526,105151.3878,90.6939,84990.0404,113765.9911,80.8116,0.928572
regional_water_operator,water,9,16,10416268.5,156351.4641,16577.5135,6169.0197,116236.2898,89.6129,94045.8813,125812.0826,79.3584,0.923469
regional_water_operator,water,9,17,11401510.34,173162.1488,18258.4643,6751.0185,128892.8195,88.4573,104391.0041,139569.6273,77.8445,0.918367
regional_water_operator,water,9,18,12504981.2,192369.8689,20171.0691,7416.0069,143361.0298,87.2272,116223.2846,155300.6664,76.2686,0.913265
regional_water_operator,water,9,19,13740868.56,214344.3827,22349.6618,8176.7824,159921.6066,85.9225,129774.2312,173311.6873,74.6283,0.908163
regional_water_operator,water,9,20,15509139.46,245578.2449,25462.552,9258.1252,183446.0838,84.5433,149010.6426,198887.9919,75.1673,0.903061
regional_water_operator,water,9,21,17059436.56,274561.3038,28306.8045,10261.5434,205313.8717,83.0895,166927.293,222686.3385,70.8941,0.897959
regional_water_operator,water,9,22,18795769.32,307858.5169,31559.3518,11414.3209,230449.8144,81.5612,187533.4648,250049.2514,69.0777,0.892857
regional_water_operator,water,9,23,20740462.01,346175.8236,35284.5675,12740.8986,259390.811,79.9584,211272.909,281563.595,67.1951,0.887755
regional_water_operator,water,9,24,22918517.82,390348.8871,39558.3201,14270.2065,292772.7136,78.2809,238671.423,317924.569,65.2466,0.882653
regional_water_operator,water,9,25,25357940.33,441370.0989,44470.3135,16036.6041,331350.9677,76.5289,270354.0047,359958.333,63.2331,0.877551
regional_water_operator,water,9,26,28090093.54,500422.5128,50127.0061,18081.0483,376026.5788,74.7024,307066.4527,408650.4811,61.1554,0.872449
regional_water_operator,water,9,27,31150105.13,568921.8801,56655.2786,20452.5544,427878.2211,72.8013,349702.0319,465181.2239,59.0147,0.867347
regional_water_operator,water,9,28,34577318.11,648569.8948,64206.9909,23210.0356,488202.9953,70.8257,399335.3938,530970.0947,56.8127,0.862245
regional_water_operator,water,9,29,38415796.65,741421.5514,72964.7861,26424.6384,558567.9504,68.7755,457265.4236,607732.4412,54.551,0.857143
regional_water_operator,water,9,30,46934554.59,933851.3398,91355.1503,33086.7185,704186.2398,66.6508,576961.628,766464.7423,58.5006,0.852041
regional_water_operator,water,9,31,51749542.07,1063949.14,103458.8822,37590.8135,802922.5166,64.4515,658380.1753,874264.9271,48.7661,0.846939
regional_water_operator,water,9,32,57142328.05,1216838.9783,117613.1502,42883.9893,919017.3997,62.1776,754167.468,1001053.6057,46.4515,0.841837
regional_water_operator,water,9,33,63182248.35,1397197.9397,134227.2263,49128.1679,1056043.0147,59.8292,867289.3445,1150744.2768,44.0788,0.836735
regional_water_operator,water,9,34,69946959.09,1610857.4261,153809.6333,56525.24,1218454.621,57.4063,1001446.251,1328218.8791,41.6516,0.831633
regional_water_operator,water,9,35,77523435.11,1865152.8903,176997.9686,65329.163,1411858.4102,54.9088,1161296.1965,1539621.5856,39.1744,0.826531
regional_water_operator,water,9,36,86009088.26,2169403.6512,204599.7369,75862.5791,1643378.9616,52.3367,1352760.7365,1792761.9717,36.6518,0.821429
regional_water_operator,water,9,37,95513019.78,2535583.5741,237649.4114,88540.0371,1922172.8893,49.6901,1583452.7052,2097678.5904,34.0894,0.816327
regional_water_operator,water,9,38,106157423.09,2979276.5733,277489.6429,103901.0612,2260160.7062,46.969,1863285.733,2467442.0199,31.4935,0.811224
regional_water_operator,water,9,39,118079154.79,3521066.1737,325889.302,122658.2731,2673091.1807,44.1733,2205360.7128,2919322.7728,28.871,0.806122
regional_water_operator,water,9,40,149001204.36,4748424.7972,436704.881,165150.4604,3607515.4266,41.303,2978532.0559,3941280.8366,33.0921,0.80102
regional_water_operator,water,9,41,163955824.61,5622204.6328,513771.5817,195401.4546,4274337.489,38.3582,3531704.8792,4671515.0411,22.4267,0.795918
regional_water_operator,water,9,42,180704999.29,6721311.9046,610273.5912,233453.4723,5113498.8117,35.3388,4228185.6645,5590704.093,19.9594,0.790816
regional_water_operator,water,9,43,199464074.93,8125294.3026,732991.0127,282060.5235,6185911.2068,32.2449,5118688.3996,6765674.3417,17.4924,0.785714
regional_water_operator,water,9,44,220474239.65,9952980.2747,892038.1041,345336.5504,7582576.8896,29.0764,6278990.5132,8296271.4687,15.0431,0.780612
regional_water_operator,water,9,45,244005624.13,12389583.6894,1103161.5914,429693.8107,9445353.61,25.8334,7827230.7538,10338148.0521,12.6324,0.77551
regional_water_operator,water,9,46,270360774.75,15739742.3389,1392237.7209,545679.1206,12007588.1827,22.5158,9957758.1691,13147354.7739,10.286,0.770408
regional_water_operator,water,9,47,299878543.45,20540913.5815,1804886.2845,711899.7088,15680991.0018,19.1237,13013501.7297,17175676.7708,8.0355,0.765306
regional_water_operator,water,9,48,332938444.39,27835981.9947,2429582.4716,964461.1137,21264486.4163,15.657,17659950.7748,23299826.9912,5.921,0.760204
regional_water_operator,water,9,49,369965533.44,39945480.6264,3463125.237,1383702.1441,30535828.3235,12.1158,25377994.5016,33470688.3904,3.9937,0.755102
regional_water_operator,water,9,50,480161072.25,73846894.8069,6358993.8341,2557397.6234,56489537.914,8.5,46981627.471,61941232.7436,4.2458,0.75
small_oil_well_v2,oilman,1,1,12000.0,2005.577,617.8667,8.4,1200.0,10.0,669.2616,1070.977,,1.0
small_oil_well_v2,oilman,1,2,12600.0,2101.0104,643.9654,8.6798,1260.0778,9.9994,706.1805,1127.0079,9.9871,0.994899
small_oil_well_v2,oilman,1,3,13272.0,2208.2586,673.3659,8.9942,1327.5317,9.9975,747.5638,1189.8694,9.9624,0.989796
small_oil_well_v2,oilman,1,4,14024.64,2328.7196,706.4379,9.3474,1403.2529,9.9944,793.9715,1260.4014,9.9396,0.984694
small_oil_well_v2,oilman,1,5,14867.6,2463.9657,743.5933,9.7439,1488.2468,9.99,846.0387,1339.554,9.9179,0.979592
small_oil_well_v2,oilman,1,6,15811.71,2615.7618,785.2912,10.189,1583.645,9.9844,904.4836,1428.3986,9.8965,0.974489
small_oil_well_v2,oilman,1,7,16869.12,2786.0834,832.0458,10.6883,1690.7139,9.9775,970.1097,1528.1343,9.876,0.969388
small_oil_well_v2,oilman,1,8,18053.41,2977.1527,884.4273,11.2485,1810.8849,9.9694,1043.8327,1640.1221,9.855,0.964285
small_oil_well_v2,oilman,1,9,19379.82,3191.4607,943.0758,11.8768,1945.762,9.96,1126.678,1765.8859,9.8342,0.959184
small_oil_well_v2,oilman,1,10,23373.38,3843.8709,1129.8211,13.7896,2349.2264,9.9494,1366.5755,2136.4468,9.8982,0.954081
small_oil_well_v2,oilman,1,11,25037.23,4112.9631,1202.4501,14.5785,2519.4631,9.9375,1472.1169,2295.8772,9.7737,0.948979
small_oil_well_v2,oilman,1,12,26900.74,4414.8125,1283.7589,15.4635,2710.5634,9.9244,1590.7482,2474.9574,9.7515,0.943878
small_oil_well_v2,oilman,1,13,28987.87,4753.38,1374.7373,16.4561,2925.1024,9.91,1724.142,2676.153,9.7284,0.938776
small_oil_well_v2,oilman,1,14,31325.46,5133.1099,1476.4919,17.5694,3165.9723,9.8944,1874.1807,2902.2365,9.7048,0.933674
small_oil_well_v2,oilman,1,15,33943.56,5559.0002,1590.2578,18.818,3436.4342,9.8776,2042.9954,3156.3397,9.6801,0.928572
small_oil_well_v2,oilman,1,16,36875.83,6036.6625,1717.4135,20.2184,3740.1565,9.8594,2232.9912,3441.9915,9.6544,0.92347
small_oil_well_v2,oilman,1,17,40159.97,6572.4042,1859.4994,21.7891,4081.2707,9.8401,2446.8852,3763.1717,9.6277,0.918367
small_oil_well_v2,oilman,1,18,43838.21,7173.3112,2018.2368,23.5509,4464.4255,9.8195,2687.7429,4124.3651,9.5999,0.913265
small_oil_well_v2,oilman,1,19,47957.83,7847.3515,2195.5453,25.5271,4894.8629,9.7976,2959.0362,4530.6385,9.5708,0.908163
small_oil_well_v2,oilman,1,20,62684.98,10257.8485,2853.8353,32.5942,6413.1345,9.7745,3892.9317,5947.2727,9.6999,0.903061
small_oil_well_v2,oilman,1,21,67852.64,11106.6528,3072.5237,35.0828,6959.1704,9.7501,4241.454,6465.7683,9.464,0.897959
small_oil_well_v2,oilman,1,22,73640.42,12059.1736,3317.0728,37.8754,7572.6761,9.7245,4633.8543,7048.9101,9.4339,0.892857
small_oil_well_v2,oilman,1,23,80122.73,13128.1501,3590.477,41.0094,8262.0975,9.6976,5075.7952,7704.9119,9.4025,0.887755
small_oil_well_v2,oilman,1,24,87382.92,14327.9124,3896.0843,44.5269,9036.952,9.6695,5573.6765,8443.0424,9.3697,0.882653
small_oil_well_v2,oilman,1,25,95514.33,15674.5871,4237.6385,48.4751,9907.9719,9.6401,6134.7368,9273.7693,9.3355,0.877551
small_oil_well_v2,oilman,1,26,104621.51,17186.3189,4619.3232,52.9073,10887.2569,9.6095,6767.163,10208.9126,9.2998,0.872449
small_oil_well_v2,oilman,1,27,114821.55,18883.5364,5045.818,57.8832,11988.4566,9.5777,7480.2189,11261.8261,9.2627,0.867347
small_oil_well_v2,oilman,1,28,126245.59,20789.2317,5522.357,63.4704,13226.9618,9.5446,8284.3795,12447.5885,9.2241,0.862245
small_oil_well_v2,oilman,1,29,139040.52,22929.2987,6054.7943,69.7447,14620.141,9.5102,9191.5028,13783.2423,9.184,0.857143
small_oil_well_v2,oilman,1,30,190151.54,31407.2919,8244.1585,94.6007,20069.6235,9.4746,12664.9951,18954.4593,9.3791,0.852041
small_oil_well_v2,oilman,1,31,206201.5,34117.9696,8902.0623,102.5479,21848.6227,9.4377,13838.7343,20670.9729,9.0219,0.846939
small_oil_well_v2,oilman,1,32,224177.45,37162.981,9638.1534,111.4753,23849.6165,9.3996,15161.6794,22603.635,8.9835,0.841837
small_oil_well_v2,oilman,1,33,244310.52,40584.0441,10461.6097,121.5053,26100.8084,9.3603,16653.3155,24780.2835,8.9433,0.836735
small_oil_well_v2,oilman,1,34,266859.56,44428.1817,11382.7055,132.7756,28634.0495,9.3197,18335.7115,27232.4014,8.9013,0.831633
small_oil_well_v2,oilman,1,35,292114.48,48748.4012,12412.9426,145.4418,31485.3147,9.2778,20233.8653,29995.5996,8.8574,0.826531
small_oil_well_v2,oilman,1,36,320399.99,53604.4767,13565.2027,159.6789,34695.2477,9.2347,22376.0984,33110.1667,8.8119,0.821429
small_oil_well_v2,oilman,1,37,352079.76,59063.8218,14853.9132,175.6848,38309.7748,9.1903,24794.5029,36621.6917,8.7646,0.816327
small_oil_well_v2,oilman,1,38,387561.1,65202.4899,16295.2361,193.6823,42380.8073,9.1447,27525.4555,40581.7776,8.7156,0.811224
small_oil_well_v2,oilman,1,39,427300.21,72106.2957,17907.2799,213.923,46967.0307,9.0979,30610.1937,45048.8423,8.6649,0.806122
small_oil_well_v2,oilman,1,40,569282.65,96372.8129,23782.283,285.0682,62905.7516,9.0498,41139.7576,60437.4147,8.908,0.80102
small_oil_well_v2,oilman,1,41,619131.38,105165.7278,25786.8433,310.8475,68789.1922,9.0004,45141.4698,66199.6566,8.4727,0.795918
small_oil_well_v2,oilman,1,42,674961.96,115056.5116,28031.2359,339.8455,75416.3242,8.9498,49658.5099,72697.0329,8.4245,0.790816
small_oil_well_v2,oilman,1,43,737492.21,126184.6883,30544.0576,372.4714,82883.2986,8.898,54759.1928,80025.7913,8.3742,0.785714
small_oil_well_v2,oilman,1,44,807526.09,138707.8902,33357.3813,409.1872,91298.9499,8.8449,60521.053,88295.0239,8.3219,0.780612
small_oil_well_v2,oilman,1,45,885964.04,152804.2406,36507.1852,450.5152,100786.49,8.7905,67032.0995,97628.3991,8.2675,0.77551
small_oil_well_v2,oilman,1,46,973814.54,168675.0855,40033.839,497.0458,111485.4546,8.7349,74392.2641,108166.1574,8.2111,0.770408
small_oil_well_v2,oilman,1,47,1072207.1,186548.0859,43982.6515,549.4463,123553.9097,8.6781,82715.0453,120067.3733,8.1529,0.765306
small_oil_well_v2,oilman,1,48,1182406.77,206680.7177,48404.4822,608.4716,137170.9546,8.6199,92129.3793,133512.5276,8.0928,0.760204
small_oil_well_v2,oilman,1,49,1305830.4,229364.2831,53356.4413,674.9758,152539.5933,8.5606,102781.7886,148706.4588,8.0309,0.755102
small_oil_well_v2,oilman,1,50,1723287.33,304220.4254,70291.8633,894.4409,202739.6854,8.5,137044.1045,197956.4488,8.3159,0.75
gas_well_v2,oilman,2,1,31493.55,3333.344,726.6667,21.0,2249.5393,14.0,1555.6752,2222.344,,1.0
gas_well_v2,oilman,2,2,32993.55,3487.3045,756.351,21.679,2357.0689,13.9977,1633.6381,2331.099,13.9497,0.994898
gas_well_v2,oilman,2,3,34673.55,3661.0284,789.9579,22.4451,2478.3041,13.9908,1721.4408,2453.6465,13.8574,0.989796
gas_well_v2,oilman,2,4,36555.15,3856.9157,827.9349,23.3089,2614.9345,13.9794,1820.3212,2591.7043,13.7715,0.984693
gas_well_v2,oilman,2,5,38662.54,4077.6664,870.7872,24.2824,2768.8592,13.9633,1931.6699,2747.2032,13.691,0.979592
gas_well_v2,oilman,2,6,41022.82,4326.3405,919.0793,25.3791,2942.2375,13.9427,2057.0744,2922.3425,13.6135,0.97449
gas_well_v2,oilman,2,7,43666.33,4606.3914,973.4492,26.6141,3137.5054,13.9175,2198.3252,3119.6035,13.5379,0.969387
gas_well_v2,oilman,2,8,46627.06,4921.7258,1034.6135,28.0047,3357.4236,13.8878,2357.4557,3341.8008,13.4629,0.964285
gas_well_v2,oilman,2,9,49943.08,5276.7569,1103.3772,29.5704,3605.1141,13.8534,2536.7693,3592.1207,13.3878,0.959184
gas_well_v2,oilman,2,10,59116.98,6253.2967,1300.6178,33.8769,4279.3577,13.8145,3017.8337,4268.4931,13.6062,0.954082
gas_well_v2,oilman,2,11,63276.6,6704.3915,1386.9836,35.8663,4594.9412,13.7709,3247.1715,4588.0498,13.1807,0.94898
gas_well_v2,oilman,2,12,67935.37,7212.4464,1484.067,38.1068,4950.5372,13.7228,3505.7499,4948.2392,13.1013,0.943878
gas_well_v2,oilman,2,13,73153.19,7784.7283,1593.1636,40.6305,5351.3127,13.6701,3797.4066,5354.3523,13.0193,0.938776
gas_well_v2,oilman,2,14,78997.15,8429.4637,1715.7348,43.4738,5803.1218,13.6129,4126.4948,5812.3876,12.9346,0.933674
gas_well_v2,oilman,2,15,85542.39,9155.986,1853.4273,46.6778,6312.6164,13.551,4497.9701,6329.1673,12.8465,0.928571
gas_well_v2,oilman,2,16,92873.06,9974.8819,2008.0997,50.2891,6887.349,13.4846,4917.4669,6912.4433,12.7549,0.923469
gas_well_v2,oilman,2,17,101083.41,10898.1682,2181.8508,54.3608,7535.9023,13.4136,5391.3976,7571.0312,12.6595,0.918367
gas_well_v2,oilman,2,18,110279.0,11939.4982,2377.0487,58.953,8268.0419,13.338,5927.0725,8314.9721,12.5599,0.913265
gas_well_v2,oilman,2,19,120578.06,13114.3787,2596.3713,64.1342,9094.8696,13.2578,6532.8118,9155.6875,12.4561,0.908163
gas_well_v2,oilman,2,20,143751.75,15711.917,3093.1533,75.5893,10912.5617,13.1731,7854.2143,10996.5977,12.749,0.903061
gas_well_v2,oilman,2,21,156670.89,17216.1485,3370.1383,82.223,11974.4948,13.0837,8635.4883,12078.718,12.1657,0.897959
gas_well_v2,oilman,2,22,171140.33,18915.0372,3681.6654,89.7151,13174.9814,12.9898,9519.8167,13302.8241,12.053,0.892857
gas_well_v2,oilman,2,23,187346.1,20834.6267,4032.1251,98.1804,14532.7594,12.8913,10521.3333,14688.2587,11.9355,0.887755
gas_well_v2,oilman,2,24,205496.57,23004.6103,4426.4951,107.75,16069.2178,12.7882,11656.1956,16257.1177,11.8132,0.882653
gas_well_v2,oilman,2,25,225825.09,25458.8515,4870.4187,118.5732,17808.7779,12.6805,12942.8801,18034.6504,11.686,0.877551
gas_well_v2,oilman,2,26,248593.03,28236.0171,5370.3007,130.8204,19779.3595,12.5683,14402.5422,20049.7457,11.5539,0.872449
gas_well_v2,oilman,2,27,274093.13,31380.2838,5933.4165,144.6866,22012.8972,12.4515,16059.4158,22335.4725,11.4169,0.867347
gas_well_v2,oilman,2,28,302653.24,34942.1586,6568.0355,160.3944,24545.9439,12.3301,17941.2791,24929.7108,11.275,0.862245
gas_well_v2,oilman,2,29,334640.56,38979.4415,7283.5638,178.1988,27420.3806,12.2041,20080.0086,27875.8969,11.1282,0.857143
gas_well_v2,oilman,2,30,434615.97,51099.5036,9491.4417,231.6481,35997.48,12.0735,26410.7923,36630.693,11.6561,0.852041
gas_well_v2,oilman,2,31,474740.87,56370.8072,10407.8585,254.8945,39766.0072,11.9384,29229.9636,40504.125,10.6474,0.846939
gas_well_v2,oilman,2,32,519680.75,62351.433,11442.7234,281.2689,44045.8734,11.7986,32435.7924,44906.079,10.5003,0.841837
gas_well_v2,oilman,2,33,570013.42,69141.6781,12611.9664,311.2138,48910.0932,11.6543,36084.1791,49912.5147,10.3475,0.836735
gas_well_v2,oilman,2,34,626386.01,76856.8628,13933.7912,345.2377,54442.7155,11.5054,40239.5657,55610.9383,10.1891,0.831633
gas_well_v2,oilman,2,35,689523.31,85629.7209,15429.0285,383.9259,60740.5869,11.3519,44976.3081,62102.2523,10.0252,0.826531
gas_well_v2,oilman,2,36,760237.09,95613.2128,17121.5398,427.9529,67915.4365,11.1939,50380.3077,69502.9502,9.8558,0.821429
gas_well_v2,oilman,2,37,839436.52,106983.8226,19038.6928,478.0971,76096.3184,11.0312,56550.9217,77947.6862,9.681,0.816327
gas_well_v2,oilman,2,38,928139.88,119945.4407,21211.9159,535.2577,85432.4924,10.864,63603.221,87592.3091,9.501,0.811224
gas_well_v2,oilman,2,39,1027487.64,134733.9548,23677.355,600.4748,96096.8287,10.6922,71670.6565,98617.4475,9.3159,0.806122
gas_well_v2,oilman,2,40,1330444.78,177144.1039,30933.2379,787.503,126518.3258,10.5158,94527.9233,129956.7441,9.9587,0.80102
gas_well_v2,oilman,2,41,1455066.62,196861.8837,34157.4361,874.4581,140792.0908,10.3349,105378.8947,144751.2714,8.7308,0.795918
gas_well_v2,oilman,2,42,1594643.08,219392.2558,37822.6556,973.8167,157118.3317,10.1493,117806.0046,161684.4557,8.5492,0.790816
gas_well_v2,oilman,2,43,1750968.71,245166.4717,41993.3792,1087.4807,175814.4822,9.9592,132055.6278,181088.9222,8.3614,0.785714
gas_well_v2,oilman,2,44,1926053.42,274687.4829,46744.3724,1217.6679,197251.135,9.7645,148415.7598,203353.2563,8.1675,0.780612
gas_well_v2,oilman,2,45,2122148.29,308543.0246,52162.495,1366.9704,221861.7965,9.5652,167223.7068,228932.3117,7.9679,0.77551
gas_well_v2,oilman,2,46,2341774.55,347421.3658,58348.8772,1538.4233,250154.6368,9.3613,188875.3535,258359.6267,7.7626,0.770408
gas_well_v2,oilman,2,47,2587755.96,392130.3523,65421.5377,1735.5893,282726.706,9.1529,213836.386,292262.4564,7.5519,0.765306
gas_well_v2,oilman,2,48,2863255.13,443620.5038,73518.546,1962.6602,320281.189,8.9398,242655.9239,331380.0247,7.336,0.760204
gas_well_v2,oilman,2,49,3171814.21,503013.1706,82801.8624,2224.581,363648.4528,8.7222,275983.162,376585.7961,7.115,0.755102
gas_well_v2,oilman,2,50,4154091.75,675106.3517,110379.5352,2983.5095,488716.6771,8.5,371532.269,506553.5393,7.8539,0.75
oil_field_v2,oilman,3,1,74509.2,5568.2713,1235.7333,50.4,3725.46,20.0,2550.617,3665.4713,,1.0
oil_field_v2,oilman,3,2,78109.2,5829.2005,1287.0397,52.0532,3906.3935,19.9952,2680.7475,3847.8374,19.8968,0.994898
oil_field_v2,oilman,3,3,82141.2,6124.5193,1345.3083,53.9243,4110.9994,19.9808,2827.7287,4053.939,19.7062,0.989795
oil_field_v2,oilman,3,4,86657.04,6458.4318,1411.3434,56.04,4342.2122,19.9569,2993.6904,4286.7473,19.5311,0.984694
oil_field_v2,oilman,3,5,91714.78,6835.7212,1486.0509,58.4304,4603.3787,19.9234,3181.0702,4549.6575,19.366,0.979591
oil_field_v2,oilman,3,6,97379.45,7261.822,1570.4614,61.1302,4898.3005,19.8803,3392.6354,4846.5248,19.2074,0.97449
oil_field_v2,oilman,3,7,103723.88,7742.8928,1665.7327,64.1782,5231.2943,19.8276,3631.537,5181.7331,19.0527,0.969388
oil_field_v2,oilman,3,8,110829.64,8285.9496,1773.1785,67.6189,5607.2824,19.7653,3901.373,5560.2848,18.8989,0.964286
oil_field_v2,oilman,3,9,118788.09,8898.955,1894.284,71.5029,6031.8562,19.6935,4206.2351,5987.8656,18.7446,0.959184
oil_field_v2,oilman,3,10,136359.44,10239.9061,2168.1337,79.999,6952.8429,19.612,4859.7253,6909.812,19.0788,0.954082
oil_field_v2,oilman,3,11,146342.52,11023.3451,2321.5314,84.9628,7496.6603,19.521,5251.4162,7458.3396,18.3574,0.948979
oil_field_v2,oilman,3,12,157523.57,11908.2158,2494.4031,90.5692,8111.2218,19.4204,5694.3988,8078.4642,18.1935,0.943877
oil_field_v2,oilman,3,13,170046.35,12907.9377,2689.1992,96.9034,8805.9966,19.3103,6195.648,8779.847,18.0242,0.938775
oil_field_v2,oilman,3,14,184071.86,14037.8179,2908.7012,104.0622,9591.7974,19.1905,6763.1402,9573.5284,17.8487,0.933674
oil_field_v2,oilman,3,15,199780.44,15315.3352,3156.0666,112.1564,10480.9876,19.0612,7406.0118,10472.1437,17.6662,0.928571
oil_field_v2,oilman,3,16,217374.04,16760.4575,3434.8901,121.3126,11487.7017,18.9223,8134.7183,11490.1454,17.4763,0.92347
oil_field_v2,oilman,3,17,237078.88,18396.0481,3749.2582,131.6755,12628.1496,18.7738,8961.2757,12644.1262,17.2782,0.918367
oil_field_v2,oilman,3,18,259148.3,20248.2612,4103.8271,143.4109,13920.8901,18.6158,9899.4573,13953.0947,17.0718,0.913265
oil_field_v2,oilman,3,19,283866.05,22347.0985,4503.9069,156.7089,15387.2399,18.4481,10965.1095,15438.9028,16.8567,0.908163
oil_field_v2,oilman,3,20,340168.9,26996.6384,5410.4236,186.168,18618.0408,18.2709,13295.5074,18700.089,17.4269,0.903061
oil_field_v2,oilman,3,21,371174.84,29717.2512,5922.016,203.4055,20524.8919,18.0841,14687.3715,20636.5726,16.2603,0.897959
oil_field_v2,oilman,3,22,405901.5,32805.5592,6500.3058,222.9727,22691.5843,17.8878,16271.016,22838.4402,16.0275,0.892857
oil_field_v2,oilman,3,23,444795.35,36313.9989,7154.3733,245.2018,25155.5487,17.6818,18074.4374,25344.1847,15.7851,0.887755
oil_field_v2,oilman,3,24,488356.47,40303.0249,7894.6344,270.4759,27959.9858,17.4663,20129.9925,28198.2638,15.5329,0.882653
oil_field_v2,oilman,3,25,537144.92,44842.4244,8733.0473,299.237,31154.8219,17.2411,22475.1315,31452.0969,15.271,0.877551
oil_field_v2,oilman,3,26,591787.98,50012.8817,9683.3646,331.9965,34797.8429,17.0065,25153.2619,35165.2416,14.9994,0.872449
oil_field_v2,oilman,3,27,652988.21,55907.8267,10761.427,369.3463,38956.0365,16.7622,28214.7746,39406.7902,14.718,0.867347
oil_field_v2,oilman,3,28,721532.47,62635.6125,11985.5049,411.9729,43707.1773,16.5083,31718.2598,44257.0213,14.4269,0.862245
oil_field_v2,oilman,3,29,798302.04,70322.1099,13376.7157,460.6737,49141.7067,16.2449,35731.9406,49809.3524,14.1263,0.857143
oil_field_v2,oilman,3,30,1011138.98,90460.4366,17105.0146,588.2681,63307.4239,15.9719,46122.5593,64231.257,15.0248,0.852041
oil_field_v2,oilman,3,31,1107438.73,100716.4128,18930.262,653.2489,70585.6246,15.6893,51524.4883,71686.1538,13.2313,0.846939
oil_field_v2,oilman,3,32,1215294.45,112462.4137,21010.6573,727.6704,78929.9548,15.3971,57726.2746,80239.1604,12.9256,0.841837
oil_field_v2,oilman,3,33,1336092.86,125933.5264,23384.7927,813.022,88510.0691,15.0954,64856.61,90066.0239,12.6093,0.836735
oil_field_v2,oilman,3,34,1471387.07,141405.7031,26097.7365,911.0521,99525.3156,14.784,73066.9056,101373.3893,12.2824,0.831633
oil_field_v2,oilman,3,35,1622916.59,159203.6966,29202.2595,1023.8184,112210.5283,14.4631,82535.7497,114404.8468,11.9454,0.826531
oil_field_v2,oilman,3,36,1792629.65,179710.7543,32760.3287,1153.749,126843.1086,14.1327,93474.3614,129448.3252,11.5983,0.821429
oil_field_v2,oilman,3,37,1982708.28,203380.5233,36844.9229,1303.7183,143751.7374,13.7926,106133.316,146845.2001,11.2415,0.816327
oil_field_v2,oilman,3,38,2195596.35,230751.7115,41542.2826,1477.1393,163327.0919,13.4429,120810.8059,167001.4892,10.8753,0.811224
oil_field_v2,oilman,3,39,2434030.98,262466.2738,46954.6809,1678.0796,186035.1565,13.0837,137862.918,190401.7697,10.5,0.806122
oil_field_v2,oilman,3,40,3125485.0,346315.5687,61563.0286,2209.3402,245812.584,12.7149,182498.5719,251821.4685,11.5671,0.80102
oil_field_v2,oilman,3,41,3424577.4,390550.3723,68984.2523,2489.6074,277596.5659,12.3365,206474.3119,284651.3758,9.4102,0.795918
oil_field_v2,oilman,3,42,3759560.89,442059.3148,77581.9238,2815.9628,314645.4425,11.9486,234458.6033,322945.8048,9.0417,0.790816
oil_field_v2,oilman,3,43,4134742.4,502208.8947,87569.6124,3197.0645,357954.7294,11.551,267215.6326,367742.4489,8.6628,0.785714
oil_field_v2,oilman,3,44,4554945.69,572664.9381,99206.5454,3643.4667,408738.9856,11.1439,305678.6657,420307.9911,8.2743,0.780612
oil_field_v2,oilman,3,45,5025573.38,655470.5108,112809.3385,4168.1145,468488.9603,10.7272,350994.2864,482197.9359,7.8766,0.77551
oil_field_v2,oilman,3,46,5552676.39,753148.4348,128767.3714,4786.9918,539046.8423,10.3009,404580.699,555335.4298,7.4705,0.770408
oil_field_v2,oilman,3,47,6143031.76,868837.4613,147563.2127,5519.9857,622706.2087,9.8651,468205.1642,642115.9526,7.0567,0.765306
oil_field_v2,oilman,3,48,6804229.78,1006475.7723,169800.0846,6392.0481,722346.7665,9.4196,544088.4429,745548.4874,6.6358,0.760204
oil_field_v2,oilman,3,49,7544771.56,1171051.7147,196239.3493,7434.7845,841618.4954,8.9646,635047.5633,869448.471,6.2089,0.755102
oil_field_v2,oilman,3,50,9842410.77,1608965.2288,267801.0645,10209.3599,1157930.6798,8.5,875261.2263,1197314.3292,7.2638,0.75
gas_processing_v2,oilman,4,1,147902.08,9744.514,3575.0,98.0,5282.2171,28.0,2335.1112,5521.514,,1.0
gas_processing_v2,oilman,4,2,154902.08,10176.0108,3714.257,101.0377,5533.823,27.9919,2468.3855,5789.292,27.8213,0.994898
gas_processing_v2,oilman,4,3,162742.08,10666.1501,3873.1943,104.4882,5818.9668,27.9675,2618.6404,6092.5915,27.4949,0.989796
gas_processing_v2,oilman,4,4,171522.88,11222.0551,4054.0536,108.4017,6141.8519,27.9269,2788.1621,6435.8993,27.1948,0.984694
gas_processing_v2,oilman,4,5,181357.38,11851.8041,4259.3694,112.835,6507.2517,27.87,2979.5542,6824.3121,26.9144,0.979591
gas_processing_v2,oilman,4,6,192372.02,12564.6055,4492.0233,117.853,6920.6144,27.797,3195.7965,7263.6487,26.6464,0.97449
gas_processing_v2,oilman,4,7,204708.41,13370.9446,4755.2719,123.5295,7388.1645,27.7076,3440.3182,7760.5628,26.3852,0.969387
gas_processing_v2,oilman,4,8,218525.17,14282.7582,5052.8192,129.9486,7916.9917,27.602,3717.0292,8322.6336,26.1272,0.964286
gas_processing_v2,oilman,4,9,233999.94,15313.6693,5388.8585,137.2061,8515.2162,27.4802,4030.4417,8958.5497,25.8678,0.959183
gas_processing_v2,oilman,4,10,263638.13,17283.8736,6049.8188,151.076,9642.1916,27.3421,4601.2948,10152.2375,26.2989,0.954081
gas_processing_v2,oilman,4,11,283049.68,18603.9824,6477.0706,160.3694,10410.8919,27.1878,5007.2106,10970.07,25.2524,0.94898
gas_processing_v2,oilman,4,12,304790.62,20097.261,6959.3452,170.8819,11281.3195,27.0173,5467.909,11896.3654,24.9773,0.943878
gas_processing_v2,oilman,4,13,329140.47,21786.9012,7503.6605,182.7767,12267.4038,26.8305,5991.2536,12946.0548,24.6935,0.938776
gas_processing_v2,oilman,4,14,356412.3,23699.4765,8118.0135,196.241,13385.1432,26.6275,6586.32,14136.2969,24.3991,0.933674
gas_processing_v2,oilman,4,15,386956.75,25865.4578,8811.5313,211.4892,14652.9205,26.4082,7263.5801,15486.8171,24.0929,0.928572
gas_processing_v2,oilman,4,16,421166.54,28319.7988,9594.6386,228.7674,16091.8617,26.1726,8035.1137,17020.2945,23.7743,0.92347
gas_processing_v2,oilman,4,17,459481.5,31102.6858,10479.2509,248.3585,17726.3165,25.9209,8914.9138,18762.8839,23.442,0.918367
gas_processing_v2,oilman,4,18,502394.26,34260.3371,11479.0104,270.5879,19584.3427,25.6529,9919.1662,20744.7372,23.0959,0.913265
gas_processing_v2,oilman,4,19,550456.55,37846.0162,12609.5612,295.8306,21698.3431,25.3686,11066.6404,23000.6918,22.7352,0.908163
gas_processing_v2,oilman,4,20,646675.15,44858.7141,14862.0901,345.199,25796.7397,25.0681,13248.6371,27364.9496,23.4771,0.903061
gas_processing_v2,oilman,4,21,706964.48,49523.5883,16314.9057,378.039,28562.6599,24.7514,14768.473,30320.658,21.7972,0.897959
gas_processing_v2,oilman,4,22,774488.53,54833.9781,17961.7081,415.4234,31717.4566,24.4184,16509.197,33693.5069,21.4036,0.892857
gas_processing_v2,oilman,4,23,850115.47,60885.3895,19829.9745,458.0245,35319.7298,24.0691,18505.3254,37546.6252,20.9942,0.887755
gas_processing_v2,oilman,4,24,934817.64,67788.7638,21951.4688,506.6233,39437.6843,23.7037,20797.1845,41953.5226,20.569,0.882653
gas_processing_v2,oilman,4,25,1029684.07,75673.2254,24362.9851,562.1288,44150.857,23.3219,23431.9739,46999.96,20.1279,0.877551
gas_processing_v2,oilman,4,26,1135934.47,84689.3857,27107.2123,625.6013,49552.2177,22.924,26465.0888,52786.2318,19.671,0.872449
gas_processing_v2,oilman,4,27,1254934.92,95013.2889,30233.825,698.2801,55750.6299,22.5098,29961.6134,59429.826,19.1985,0.867347
gas_processing_v2,oilman,4,28,1388215.42,106851.2558,33800.7348,781.6178,62873.9458,22.0793,33998.2846,67068.7902,18.7105,0.862245
gas_processing_v2,oilman,4,29,1537489.59,120445.6616,37875.6628,877.3204,71072.6301,21.6327,38665.7146,75865.6532,18.2071,0.857143
gas_processing_v2,oilman,4,30,1923734.57,153563.6006,48002.576,1110.466,90871.9859,21.1697,49736.5503,97065.5468,19.508,0.852041
gas_processing_v2,oilman,4,31,2110984.08,171935.1861,53423.538,1239.7994,102026.5084,20.6905,56173.0425,109052.8428,16.7869,0.846939
gas_processing_v2,oilman,4,32,2320703.53,193117.9762,59643.9558,1388.9232,114914.0345,20.1951,63639.524,122909.1039,16.2731,0.841837
gas_processing_v2,oilman,4,33,2555589.32,217591.2255,66795.1642,1561.2115,129834.3194,19.6835,72319.0228,138958.6708,15.7427,0.836735
gas_processing_v2,oilman,4,34,2818661.4,245927.132,75033.2655,1760.6922,147145.8617,19.1556,82431.1152,157589.5951,15.1963,0.831633
gas_processing_v2,oilman,4,35,3113302.13,278811.7386,84544.5959,1992.1952,167279.2044,18.6114,94240.3019,179268.0867,14.6345,0.826531
gas_processing_v2,oilman,4,36,3443299.75,317071.3509,95552.6358,2261.5375,190753.7446,18.051,108066.5897,204556.7722,14.0577,0.821429
gas_processing_v2,oilman,4,37,3812897.09,361706.2043,108326.7542,2575.7605,218199.2099,17.4744,124299.0716,234138.0351,13.4666,0.816327
gas_processing_v2,oilman,4,38,4226846.11,413933.7004,123193.474,2943.4347,250383.2087,16.8815,143413.3146,268843.9495,12.862,0.811224
gas_processing_v2,oilman,4,39,4690469.01,475244.6815,140551.0678,3375.0554,288247.1458,16.2724,165994.0882,309695.3172,12.2444,0.806122
gas_processing_v2,oilman,4,40,5978836.2,628294.6488,184638.7329,4452.5055,382106.9671,15.647,221225.1143,410797.4515,13.7265,0.80102
gas_processing_v2,oilman,4,41,6560404.77,716961.9594,209353.6338,5076.7108,437202.5049,15.0054,254462.4061,470323.3635,10.5556,0.795918
gas_processing_v2,oilman,4,42,7211761.56,822082.112,238510.0539,5816.7418,502647.1252,14.3476,294083.8669,541061.4619,9.9528,0.790816
gas_processing_v2,oilman,4,43,7941281.17,947339.7997,273077.7371,6698.5382,580780.2663,13.6735,341556.696,625551.5649,9.3369,0.785714
gas_processing_v2,oilman,4,44,8758343.13,1097442.3828,314291.7313,7755.2392,674594.0087,12.9831,398761.0701,727042.8382,8.7094,0.780612
gas_processing_v2,oilman,4,45,9673452.53,1278477.2883,363744.4704,9029.6993,787961.7132,12.2766,468135.4258,849742.4309,8.072,0.77551
gas_processing_v2,oilman,4,46,10698375.05,1498426.8519,423518.406,10578.1131,925967.3895,11.5537,552885.7594,999173.6549,7.4267,0.770408
gas_processing_v2,oilman,4,47,11846288.28,1767927.5905,496381.4284,12475.3602,1095391.5977,10.8147,657294.5697,1182704.4284,6.7754,0.765306
gas_processing_v2,oilman,4,48,13131951.09,2101419.8604,586082.69,14823.0986,1305447.2425,10.0594,787188.7547,1410347.5041,6.1206,0.760204
gas_processing_v2,oilman,4,49,14571893.44,2518943.4397,697814.3958,17762.4055,1568928.9754,9.2878,950670.7525,1696010.5775,5.4651,0.755102
gas_processing_v2,oilman,4,50,18978591.44,3575395.5928,983787.3367,25199.6793,2232775.4618,8.5,1359435.7899,2415056.6789,6.6381,0.75
refinery_v2,oilman,5,1,310515.06,15849.1367,6246.6667,210.0,8171.4489,38.0,3099.3094,8269.1367,,1.0
refinery_v2,oilman,5,2,325515.06,16559.178,6493.2226,216.5856,8568.9517,37.9877,3290.9229,8681.6985,37.7356,0.994899
refinery_v2,oilman,5,3,342315.06,17366.8342,6774.9972,224.0766,9019.9515,37.9509,3506.8949,9149.4177,37.2506,0.989796
refinery_v2,oilman,5,4,361131.06,18283.992,7096.0197,232.5831,9531.1886,37.8894,3750.581,9679.3174,36.8048,0.984693
refinery_v2,oilman,5,5,382204.98,19324.155,7460.85,242.2306,10110.3348,37.8034,4025.8185,10279.3955,36.3879,0.979592
refinery_v2,oilman,5,6,405807.77,20502.7444,7874.6604,253.162,10766.1821,37.6928,4337.0429,10958.8278,35.9882,0.974489
refinery_v2,oilman,5,7,432242.9,21837.3685,8343.3541,265.5406,11508.7722,37.5577,4689.3231,11728.0948,35.5985,0.969388
refinery_v2,oilman,5,8,461850.24,23348.1241,8873.6086,279.5527,12349.6176,37.3979,5088.5336,12599.2284,35.2114,0.964285
refinery_v2,oilman,5,9,495010.46,25057.9448,9473.0513,295.4113,13301.8496,37.2137,5541.3677,13585.9506,34.8237,0.959184
refinery_v2,oilman,5,10,549699.43,27879.9153,10483.8244,321.5849,14854.8202,37.0048,6256.6108,15189.2078,35.2157,0.954082
refinery_v2,oilman,5,11,591295.61,30073.1664,11248.0853,341.9271,16080.3439,36.7713,6844.478,16460.4192,33.9416,0.948979
refinery_v2,oilman,5,12,637883.33,32556.8687,12111.587,364.9634,17469.8769,36.5133,7513.151,17902.3008,33.5276,0.943878
refinery_v2,oilman,5,13,690061.58,35370.5501,13087.1852,391.0602,19046.3051,36.2307,8274.6021,19538.8462,33.099,0.938775
refinery_v2,oilman,5,14,748501.22,38559.5866,14189.5969,420.6384,20835.9357,35.9236,9142.6355,21397.6469,32.6546,0.933673
refinery_v2,oilman,5,15,813953.62,42176.1694,15435.6633,454.1821,22869.102,35.5918,10133.2586,23510.5405,32.1923,0.928572
refinery_v2,oilman,5,16,887260.3,46280.4143,16844.6676,492.2487,25180.8433,35.2355,11265.0813,25914.3342,31.7106,0.923469
refinery_v2,oilman,5,17,969363.79,50941.6137,18438.767,535.4811,27811.6081,34.8546,12559.6594,28651.5361,31.209,0.918367
refinery_v2,oilman,5,18,1061319.69,56239.8375,20243.4103,584.6218,30808.2707,34.4492,14042.1328,31771.4483,30.6861,0.913265
refinery_v2,oilman,5,19,1164310.3,62267.6763,22287.9068,640.5297,34225.1386,34.0192,15741.7511,35331.2224,30.1418,0.908163
refinery_v2,oilman,5,20,1344658.86,72638.9551,25854.1038,736.7229,40061.8718,33.5646,18593.2855,41398.8046,30.8989,0.903061
refinery_v2,oilman,5,21,1473850.29,80504.8975,28491.915,809.6791,44546.874,33.0854,20856.3665,46079.624,28.8052,0.897959
refinery_v2,oilman,5,22,1618544.69,89481.3572,31488.8845,892.9354,49676.5975,32.5816,23458.8237,51436.9151,28.2071,0.892857
refinery_v2,oilman,5,23,1780602.41,99737.6664,34897.5655,988.0622,55551.2737,32.0533,26455.7226,57576.4359,27.5858,0.887755
refinery_v2,oilman,5,24,1962107.06,111471.7016,38779.0693,1096.8948,62288.2917,31.5004,29911.8626,64622.1269,26.9414,0.882653
refinery_v2,oilman,5,25,2165392.27,124915.2088,43204.639,1221.5827,70025.4188,30.9229,33903.6259,72719.5297,26.274,0.877551
refinery_v2,oilman,5,26,2393071.7,140340.3811,48257.5676,1364.6505,78924.8018,30.3209,38521.303,82040.0412,25.5837,0.872449
refinery_v2,oilman,5,27,2648072.67,158067.799,54035.472,1529.0714,89177.8324,29.6943,43871.9599,92786.0977,24.8708,0.867347
refinery_v2,oilman,5,28,2933673.75,178476.146,60653.1781,1718.3579,101011.0106,29.0431,50082.7917,105197.3949,24.1356,0.862245
refinery_v2,oilman,5,29,3253546.96,202014.2695,68246.1201,1936.6729,114693.3845,28.3673,57305.5625,119558.8284,23.3785,0.857143
refinery_v2,oilman,5,30,4027441.35,255582.4814,85829.0313,2433.5155,145568.3431,27.667,73288.9226,151885.3649,25.0654,0.852041
refinery_v2,oilman,5,31,4428690.31,287711.8355,96040.07,2731.5138,164378.0189,26.9421,83377.8495,171669.4386,21.3321,0.846939
refinery_v2,oilman,5,32,4878089.14,324967.7514,107822.8638,3077.0607,186239.0094,26.1926,95162.8448,194678.123,20.5571,0.841837
refinery_v2,oilman,5,33,5381415.83,368278.402,121452.5782,3478.7648,211711.9413,25.4186,108965.0894,221506.3338,19.7593,0.836735
refinery_v2,oilman,5,34,5945141.72,418767.3169,137260.9551,3947.0472,241476.6037,24.6199,125175.3737,252875.7811,18.9394,0.831633
refinery_v2,oilman,5,35,6576514.72,477802.1338,155650.2235,4494.5925,276361.8665,23.7968,144271.7793,289666.8561,18.0986,0.826531
refinery_v2,oilman,5,36,7283652.48,547057.9322,177111.1278,5136.9367,317384.5848,22.949,166842.7173,332960.1077,17.2377,0.821429
refinery_v2,oilman,5,37,8075646.77,628600.33,202246.6026,5893.2386,365800.6253,22.0766,193617.1216,384090.6356,16.3581,0.816327
refinery_v2,oilman,5,38,8962680.38,724996.0158,231803.1869,6787.3041,423172.8065,21.1797,225504.7281,444720.5333,15.461,0.811225
refinery_v2,oilman,5,39,9956158.02,839461.6193,266713.2458,7848.9672,491462.4835,20.2582,263650.4596,516936.5655,14.548,0.806122
refinery_v2,oilman,5,40,12629607.13,1113683.2561,351599.2928,10392.36,653971.6948,19.3122,353155.3056,688463.7688,16.4511,0.80102
refinery_v2,oilman,5,41,13875825.48,1284485.9633,402940.2089,11976.547,756525.2104,18.3415,411201.9103,797108.7749,12.1519,0.795918
refinery_v2,oilman,5,42,15271590.04,1490357.8968,464524.815,13885.9995,880393.9616,17.3463,481613.0954,928411.9368,11.2681,0.790816
refinery_v2,oilman,5,43,16834846.34,1740366.0783,538949.3819,16204.8138,1031134.3378,16.3265,567663.9759,1088293.0236,10.3705,0.785714
refinery_v2,oilman,5,44,18585693.4,2046609.8339,629670.1904,19045.2102,1216168.1569,15.2822,673737.3713,1284661.32,9.4623,0.780612
refinery_v2,oilman,5,45,20546642.11,2425544.7834,741377.7251,22559.8142,1445598.3024,14.2132,805809.425,1528285.8496,8.547,0.77551
refinery_v2,oilman,5,46,22742904.66,2900057.8726,880582.9239,26960.9008,1733487.2217,13.1197,972211.0115,1834159.488,7.6289,0.770408
refinery_v2,oilman,5,47,25202718.72,3502839.8955,1056569.8079,32551.6758,2099935.0182,12.0017,1184865.5287,2223716.2638,6.7126,0.765306
refinery_v2,oilman,5,48,27957710.47,4282111.1215,1283012.3928,39779.3799,2574607.8335,10.859,1461390.9281,2728596.2024,5.804,0.760204
refinery_v2,oilman,5,49,31043301.22,5311863.293,1580866.7087,49330.2831,3203049.6821,9.6918,1828860.2883,3397380.2389,4.9099,0.755102
refinery_v2,oilman,5,50,40367524.68,7853004.1354,2321345.6383,72899.2452,4749120.5491,8.5,2727485.6056,5041313.4247,6.0309,0.75
diesel_complex_v2,oilman,6,1,533277.8,17883.2598,5260.0,364.0,10665.556,50.0,6052.6078,11379.2598,,1.0
diesel_complex_v2,oilman,6,2,559277.8,18713.2934,5476.0545,375.8262,11189.429,49.9827,6380.7268,11945.2667,49.6303,0.994898
diesel_complex_v2,oilman,6,3,588397.8,19657.154,5722.7538,389.2743,11784.2596,49.9308,6752.3183,12587.7071,48.9551,0.989795
diesel_complex_v2,oilman,6,4,621012.2,20728.9156,6003.6693,404.5447,12459.0103,49.8444,7173.0838,13316.2854,48.3355,0.984694
diesel_complex_v2,oilman,6,5,657540.33,21944.6554,6322.8514,421.8667,13223.9455,49.7235,7649.5805,14142.1219,47.7532,0.979592
diesel_complex_v2,oilman,6,6,698451.83,23322.7572,6684.9235,441.5018,14090.8088,49.5679,8189.3188,15077.9417,47.1949,0.97449
diesel_complex_v2,oilman,6,7,744272.71,24884.2162,7095.1298,463.7492,15073.0433,49.3777,8800.9289,16138.3192,46.6496,0.969387
diesel_complex_v2,oilman,6,8,795592.1,26653.0315,7559.4721,488.9514,16186.0089,49.1531,9494.2656,17339.9054,46.1105,0.964286
diesel_complex_v2,oilman,6,9,853069.82,28656.7614,8084.7778,517.5005,17447.4003,48.8938,10280.7419,18701.8967,45.5669,0.959184
diesel_complex_v2,oilman,6,10,935427.37,31530.0826,8848.0932,558.4395,19247.4884,48.6,11393.4867,20643.2605,45.752,0.954082
diesel_complex_v2,oilman,6,11,1007527.42,34105.7191,9519.7005,595.1371,20872.0669,48.2716,12409.8874,22398.232,44.3808,0.94898
diesel_complex_v2,oilman,6,12,1088279.47,37026.0733,10279.2761,636.7462,22715.7444,47.9086,13565.1983,24390.3242,43.7994,0.943878
diesel_complex_v2,oilman,6,13,1178721.77,40339.0187,11138.4866,683.9488,24809.4275,47.511,14879.5363,26653.1102,43.1977,0.938776
diesel_complex_v2,oilman,6,14,1280017.15,44099.6715,12110.7082,737.5305,27188.7466,47.0789,16376.1445,29225.3068,42.5733,0.933674
diesel_complex_v2,oilman,6,15,1393467.97,48371.6246,13211.2843,798.3971,29894.8907,46.6122,18081.9762,32151.6904,41.9234,0.928571
diesel_complex_v2,oilman,6,16,1520532.89,53228.3424,14457.8727,867.5953,32975.5007,46.111,20028.2696,35484.0668,41.2467,0.923469
diesel_complex_v2,oilman,6,17,1662845.6,58754.8062,15870.8034,946.3363,36485.7699,45.5752,22251.3036,39282.4751,40.5418,0.918367
diesel_complex_v2,oilman,6,18,1822235.83,65049.5706,17473.5201,1036.0238,40489.8232,45.0048,24793.3525,43616.7001,39.8072,0.913265
diesel_complex_v2,oilman,6,19,2000752.89,72227.0169,19293.1277,1138.2877,45062.1732,44.3998,27703.6342,48567.8538,39.0427,0.908163
diesel_complex_v2,oilman,6,20,2294072.78,83826.2601,22265.701,1303.5534,52423.595,43.7603,32358.9032,56531.9455,39.8455,0.903061
diesel_complex_v2,oilman,6,21,2518004.58,93236.6102,24625.337,1437.6317,58441.0681,43.0862,36213.651,63053.8133,37.2136,0.897959
diesel_complex_v2,oilman,6,22,2768808.2,104003.6917,27313.0234,1591.0406,65336.6762,42.3775,40642.3777,70530.1486,36.3715,0.892857
diesel_complex_v2,oilman,6,23,3049708.25,116340.2796,30378.22,1766.8119,73249.8656,41.6343,45738.0818,79112.96,35.4977,0.887755
diesel_complex_v2,oilman,6,24,3364316.31,130496.2925,33878.7395,1968.5061,82344.6708,40.8565,51610.4187,88981.1209,34.5921,0.882653
diesel_complex_v2,oilman,6,25,3716677.34,146765.9815,37882.3464,2200.3162,92814.4875,40.0442,58388.9494,100345.588,33.6549,0.877551
diesel_complex_v2,oilman,6,26,4111321.69,165496.9794,42468.7193,2467.1945,104888.1271,39.1972,66227.3101,113456.0327,32.6864,0.872449
diesel_complex_v2,oilman,6,27,4553323.36,187101.1196,47731.8542,2775.0097,118837.0024,38.3157,75308.1046,128608.6983,31.6873,0.867347
diesel_complex_v2,oilman,6,28,5048365.24,212068.2426,53783.0371,3130.7401,134984.3848,37.3996,85849.2982,146156.5428,30.6577,0.862245
diesel_complex_v2,oilman,6,29,5602812.14,240982.9521,60754.5201,3542.7158,153716.573,36.449,98111.8656,166521.4618,29.5986,0.857143
diesel_complex_v2,oilman,6,30,6904073.47,304538.573,76320.5959,4448.2538,194679.6592,35.4638,124701.7106,211001.2585,31.7667,0.852041
diesel_complex_v2,oilman,6,31,7599571.66,344418.8861,85798.1691,5016.467,220635.6974,34.444,141821.3882,239250.1836,26.7952,0.846939
diesel_complex_v2,oilman,6,32,8378529.64,390895.7972,96789.4283,5678.6683,250932.0995,33.3896,161853.827,272234.7924,25.7112,0.841837
diesel_complex_v2,oilman,6,33,9250962.57,445222.6725,109573.143,6452.7156,286401.2281,32.3007,185365.7079,310865.1854,24.597,0.836735
diesel_complex_v2,oilman,6,34,10228087.45,508933.377,124489.1564,7360.4632,328062.8689,31.1772,213052.5038,356256.6742,23.4538,0.831633
diesel_complex_v2,oilman,6,35,11322467.32,583917.617,141954.634,8428.8358,377174.7081,30.0192,245773.3068,409785.0829,22.2834,0.826531
diesel_complex_v2,oilman,6,36,12548172.77,672520.9786,162485.5344,9691.2531,435299.4463,28.8265,284597.2283,473160.2995,21.0875,0.821429
diesel_complex_v2,oilman,6,37,13920962.88,777679.2136,186725.4291,11189.5436,504394.8896,27.5993,330865.6836,548525.0056,19.868,0.816327
diesel_complex_v2,oilman,6,38,15458487.8,903101.3279,215484.7789,12976.5532,586936.7963,26.3376,386277.3407,638589.3103,18.6272,0.811225
diesel_complex_v2,oilman,6,39,17180515.71,1053523.0948,249795.2276,15119.7566,686089.0562,25.0412,453005.8778,746817.274,17.3675,0.806122
diesel_complex_v2,oilman,6,40,21757575.51,1406214.7232,331309.8,20144.8936,917641.2257,23.7103,607862.1849,999331.774,19.7669,0.80102
diesel_complex_v2,oilman,6,41,23917687.32,1636989.8748,383224.7745,23432.969,1070388.9543,22.3449,711321.7691,1166218.4809,14.1417,0.795918
diesel_complex_v2,oilman,6,42,26337012.55,1919209.6925,446413.2912,27454.0262,1257447.8663,20.9448,838293.791,1370657.2617,12.9335,0.790816
diesel_complex_v2,oilman,6,43,29046656.81,2267760.5951,524084.0134,32420.166,1488793.0816,19.5102,995662.2899,1623576.9609,11.7126,0.785714
diesel_complex_v2,oilman,6,44,32081458.38,2703264.2166,620673.0884,38625.205,1778250.3532,18.041,1192976.5358,1940127.0796,10.4845,0.780612
diesel_complex_v2,oilman,6,45,35480436.14,3255034.099,742475.4841,46486.8011,2145482.478,16.5373,1443827.252,2341855.383,9.2557,0.77551
diesel_complex_v2,oilman,6,46,39287291.23,3966054.8924,898708.0988,56617.3981,2619334.5741,14.999,1768164.3677,2860375.1889,8.0338,0.770408
diesel_complex_v2,oilman,6,47,43550968.93,4901803.5059,1103392.7984,69949.9087,3243760.895,13.4261,2196403.6984,3543862.7641,6.8282,0.765306
diesel_complex_v2,oilman,6,48,48326287.95,6166876.4254,1378905.4916,87974.619,4088996.794,11.8186,2777168.284,4469304.9019,5.6497,0.760204
diesel_complex_v2,oilman,6,49,53674645.26,7938870.3009,1763207.4404,113221.9199,5274323.6183,10.1766,3593063.1602,5767455.6654,4.5121,0.755102
diesel_complex_v2,oilman,6,50,69747996.15,12326771.6376,2719253.3527,175740.5699,8205646.6121,8.5,5606796.7112,8976845.5952,5.4833,0.75
aviation_fuel_v2,oilman,7,1,902135.1,22838.139,6020.0,616.0,14095.8609,64.0,8624.5112,14992.139,,1.0
aviation_fuel_v2,oilman,7,2,946135.1,23903.2185,6268.6019,636.1095,14788.7011,63.9769,9083.5624,15738.5389,63.5067,0.994898
aviation_fuel_v2,oilman,7,3,995415.1,25114.8502,6552.5774,658.986,15575.8596,63.9076,9604.0282,16586.2406,62.6049,0.989796
aviation_fuel_v2,oilman,7,4,1050608.7,26491.2592,6876.056,684.9734,16469.2999,63.7919,10193.9499,17548.1653,61.7765,0.984693
aviation_fuel_v2,oilman,7,5,1112425.53,28053.2509,7243.7637,714.4652,17482.6692,63.6302,10862.4901,18639.0496,61.0013,0.979592
aviation_fuel_v2,oilman,7,6,1181660.38,29824.6911,7661.064,747.9111,18631.6729,63.4221,11620.2458,19875.8676,60.2564,0.97449
aviation_fuel_v2,oilman,7,7,1259203.41,31832.8259,8134.0855,785.8262,19934.2353,63.1679,12479.3062,21277.99,59.5311,0.969388
aviation_fuel_v2,oilman,7,8,1346051.61,34108.9433,8669.8114,828.8005,21410.9883,62.8673,13453.6371,22867.7282,58.8102,0.964285
aviation_fuel_v2,oilman,7,9,1443321.59,36688.8308,9276.23,877.5107,23085.5284,62.5206,14559.2089,24670.5986,58.0876,0.959184
aviation_fuel_v2,oilman,7,10,1584805.9,40438.8076,10169.9713,948.3131,25508.8552,62.1277,16147.776,27276.3928,58.3843,0.954082
aviation_fuel_v2,oilman,7,11,1706821.37,43760.2038,10946.4188,1011.0232,27668.4028,61.6885,17577.5116,29602.568,56.5005,0.94898
aviation_fuel_v2,oilman,7,12,1843478.69,47528.885,11825.2184,1082.1787,30120.6944,61.2031,19203.1016,32244.6582,55.7264,0.943878
aviation_fuel_v2,oilman,7,13,1996534.89,51807.5875,12820.0897,1162.9636,32907.3448,60.6714,21052.9719,35247.7388,54.9248,0.938776
aviation_fuel_v2,oilman,7,14,2167957.83,56668.6626,13946.7688,1254.7437,36076.4206,60.0935,23160.0332,38663.8959,54.0924,0.933673
aviation_fuel_v2,oilman,7,15,2359951.53,62195.6521,15223.382,1359.0975,39683.4601,59.4694,25562.3511,42553.3233,53.2275,0.928571
aviation_fuel_v2,oilman,7,16,2574984.47,68485.3898,16670.7887,1477.8519,43792.9718,58.799,28304.2769,46985.9761,52.3257,0.923469
aviation_fuel_v2,oilman,7,17,2815821.36,75650.0109,18313.0688,1613.1249,48479.721,58.0825,31437.2806,52042.9512,51.3868,0.918367
aviation_fuel_v2,oilman,7,18,3085558.68,83819.8298,20178.0648,1767.377,53830.7176,57.3197,35021.3897,57818.664,50.4088,0.913265
aviation_fuel_v2,oilman,7,19,3387664.48,93146.5604,22298.0318,1943.4719,59947.3992,56.5106,39126.7286,64423.2263,49.3905,0.908163
aviation_fuel_v2,oilman,7,20,3841255.6,107009.7447,25472.7752,2205.2186,69018.6233,55.6553,45193.4144,74211.8077,50.0033,0.903061
aviation_fuel_v2,oilman,7,21,4220217.11,119257.6788,28227.9064,2436.4681,77076.1747,54.7538,50627.8153,82919.5888,47.0318,0.897959
aviation_fuel_v2,oilman,7,22,4644654.01,133292.9484,31370.7498,2701.4638,86322.0393,53.8061,56876.7703,92915.3184,45.9056,0.892857
aviation_fuel_v2,oilman,7,23,5120023.33,149400.665,34960.8069,3005.5887,96947.8144,52.8122,64073.733,104407.2634,44.7374,0.887755
aviation_fuel_v2,oilman,7,24,5652436.97,167916.7091,39067.8736,3355.1847,109179.4761,51.772,72376.3721,117641.1379,43.5275,0.882653
aviation_fuel_v2,oilman,7,25,6248740.25,189238.0531,43774.0387,3757.7466,123284.4529,50.6855,81971.6378,132907.8314,42.2761,0.877551
aviation_fuel_v2,oilman,7,26,6916599.92,213835.3454,49176.2362,4222.1604,139580.1455,49.5529,93081.7616,150552.6887,40.9838,0.872449
aviation_fuel_v2,oilman,7,27,7664602.75,242268.5544,55389.2735,4758.9992,158444.6451,48.374,105971.934,170987.2217,39.6513,0.867347
aviation_fuel_v2,oilman,7,28,8502365.92,275206.5864,62549.7023,5380.8924,180330.1127,47.1489,120959.8232,194703.7093,38.2794,0.862245
aviation_fuel_v2,oilman,7,29,9440660.67,313451.8135,70820.6285,6102.9888,205779.5308,45.8775,138427.5193,222293.4852,36.869,0.857143
aviation_fuel_v2,oilman,7,30,11553715.3,394187.307,88531.7033,7627.3315,259284.5969,44.56,174924.9592,280233.694,39.4926,0.852041
aviation_fuel_v2,oilman,7,31,12730712.24,447228.725,99842.9642,8628.7902,294718.5644,43.1962,199389.7435,318688.8665,33.2166,0.846939
aviation_fuel_v2,oilman,7,32,14048948.81,509254.2558,113005.1705,9799.8756,336210.8124,41.7861,228095.7733,363735.5459,31.7707,0.841837
aviation_fuel_v2,oilman,7,33,15525373.77,582027.3691,128371.0098,11173.8827,384959.7546,40.3299,261891.4979,416680.3301,30.2863,0.836735
aviation_fuel_v2,oilman,7,34,17178969.73,667723.1921,146373.9462,12791.88,442444.9084,38.8274,301825.7545,479136.6891,28.7656,0.831633
aviation_fuel_v2,oilman,7,35,19030997.2,769045.1896,167550.8313,14704.91,510506.8201,37.2786,349204.9948,553112.2879,27.2109,0.826531
aviation_fuel_v2,oilman,7,36,21105267.96,889382.0161,192572.3472,16976.9531,591454.4627,35.6837,405670.1389,641126.3138,25.6248,0.821429
aviation_fuel_v2,oilman,7,37,23428451.23,1033022.0118,222284.5449,19688.9764,688212.1868,34.0425,473301.8158,746370.0356,24.0103,0.816327
aviation_fuel_v2,oilman,7,38,26030416.48,1205451.0348,257766.455,22944.5565,804523.8203,32.3551,554766.5889,872929.8222,22.3706,0.811224
aviation_fuel_v2,oilman,7,39,28944617.55,1413773.596,300411.5751,26877.8319,945241.2444,30.6214,653523.6822,1026102.4604,20.7096,0.806122
aviation_fuel_v2,oilman,7,40,36603163.34,1894783.2858,400072.6871,35959.6305,1269113.3422,28.8415,879757.9674,1378337.6871,23.6468,0.80102
aviation_fuel_v2,oilman,7,41,40258737.17,2220964.7354,465957.1384,42118.1637,1490213.807,27.0154,1035717.9171,1619233.5966,16.5335,0.795918
aviation_fuel_v2,oilman,7,42,44352979.88,2624422.8652,547072.924,49735.7349,1764024.3595,25.1431,1229193.1713,1917654.3661,14.9528,0.790816
aviation_fuel_v2,oilman,7,43,48938531.7,3129480.75,648145.8043,59271.5801,2107195.1281,23.2245,1472094.3134,2291788.2122,13.3623,0.785714
aviation_fuel_v2,oilman,7,44,54074349.73,3770877.3916,775913.9352,71381.5963,2543516.2183,21.2597,1781449.4142,2767625.7369,11.7707,0.780612
aviation_fuel_v2,oilman,7,45,59826465.95,4599847.4372,940300.6243,87033.1294,3108086.9046,19.2486,2182393.8839,3383516.3819,10.1885,0.77551
aviation_fuel_v2,oilman,7,46,66268836.09,5694993.3665,1156511.2962,107710.2486,3854771.4849,17.1914,2713517.5003,4198316.8934,8.628,0.770408
aviation_fuel_v2,oilman,7,47,73484290.66,7183019.5761,1449032.1383,135805.2218,4870418.528,15.0879,3437062.2317,5306931.5704,7.1043,0.765306
aviation_fuel_v2,oilman,7,48,81565599.78,9281615.7585,1859899.8593,175428.1818,6304270.3142,12.9382,4460014.6361,6872454.0248,5.6361,0.760204
aviation_fuel_v2,oilman,7,49,90616666.0,12398059.6538,2467715.8174,234268.817,8435585.2668,10.7422,5982605.1799,9200072.3385,4.2467,0.755102
aviation_fuel_v2,oilman,7,50,117712894.81,20318619.9376,4016902.1178,383814.5218,13848575.8693,8.5,9845728.2517,15110519.3176,5.0058,0.75
petrochemical_complex_v2,oilman,8,1,1526260.0,29429.023,6450.0,1050.0,19078.25,80.0,12818.2184,20279.023,,1.0
petrochemical_complex_v2,oilman,8,2,1601260.0,30820.4272,6720.4872,1084.7505,20023.2148,79.9702,13490.8604,21295.9951,79.368,0.994897
petrochemical_complex_v2,oilman,8,3,1685260.0,32403.2966,7029.4099,1124.2837,21097.1546,79.8809,14254.2386,22451.3818,78.2167,0.989796
petrochemical_complex_v2,oilman,8,4,1779340.0,34201.6454,7381.2897,1169.1981,22316.5071,79.732,15120.1837,23762.9207,77.1557,0.984694
petrochemical_complex_v2,oilman,8,5,1884709.6,36242.8718,7781.2929,1220.1783,23700.0185,79.5235,16102.1798,25250.8373,76.161,0.979592
petrochemical_complex_v2,oilman,8,6,2002723.55,38558.3768,8235.3084,1278.0087,25269.2019,79.2555,17215.7301,26938.3529,75.2072,0.97449
petrochemical_complex_v2,oilman,8,7,2134899.18,41184.1225,8750.0636,1343.5877,27048.71,78.9279,18478.615,28852.0829,74.2765,0.969388
petrochemical_complex_v2,oilman,8,8,2282935.88,44161.3685,9333.2339,1417.9457,29066.8644,78.5408,19911.2983,31022.6175,73.3525,0.964286
petrochemical_complex_v2,oilman,8,9,2448736.99,47537.4954,9993.6042,1502.2656,31356.2143,78.0942,21537.3245,33485.1222,72.4228,0.959184
petrochemical_complex_v2,oilman,8,10,2680191.84,52251.966,10926.2742,1620.0111,34543.9422,77.5879,23792.1504,36910.5873,72.6081,0.954082
petrochemical_complex_v2,oilman,8,11,2888172.75,56602.5174,11772.7077,1728.6673,37497.9939,77.0221,25894.2851,40089.5195,70.4053,0.948979
petrochemical_complex_v2,oilman,8,12,3121111.37,61541.8846,12731.2293,1852.0297,40854.0042,76.3967,28284.634,43701.7995,69.4094,0.943878
petrochemical_complex_v2,oilman,8,13,3382002.62,67153.3224,13816.9836,1992.1778,44669.4201,75.7118,31005.0048,47809.5838,68.3782,0.938776
petrochemical_complex_v2,oilman,8,14,3674200.82,73533.0637,15047.4049,2151.5137,49010.7062,74.9673,34103.8299,52484.8089,67.3068,0.933674
petrochemical_complex_v2,oilman,8,15,4001462.8,80792.3797,16442.5657,2332.8174,53954.787,74.1633,37637.2378,57810.7588,66.1927,0.928571
petrochemical_complex_v2,oilman,8,16,4367996.22,89060.2871,18025.628,2539.3111,59590.9528,73.2997,41670.4767,63884.1409,65.0324,0.923469
petrochemical_complex_v2,oilman,8,17,4778513.65,98486.6092,19823.3655,2774.7368,66023.001,72.3765,46279.5023,70817.4134,63.8237,0.918367
petrochemical_complex_v2,oilman,8,18,5238293.17,109245.6834,21866.79,3043.4484,73371.8371,71.3938,51552.9133,78741.615,62.5649,0.913265
petrochemical_complex_v2,oilman,8,19,5753246.24,121540.7466,24191.886,3350.5223,81778.5543,70.3515,57594.246,87809.7163,61.255,0.908163
petrochemical_complex_v2,oilman,8,20,6532040.23,139924.9396,27694.6681,3809.6735,94325.9202,69.2497,66588.2759,101335.9153,62.0683,0.903061
petrochemical_complex_v2,oilman,8,21,7177997.36,156112.6091,30724.0461,4213.9663,105421.8992,68.0883,74590.0519,113314.9571,58.2154,0.897959
petrochemical_complex_v2,oilman,8,22,7901469.34,174685.0889,34183.91,4677.8207,118166.3217,66.8674,83794.3855,127078.6371,56.7677,0.892857
petrochemical_complex_v2,oilman,8,23,8711757.96,196027.7521,38141.2236,5210.8609,132827.8308,65.5868,94399.5054,142918.6104,55.2664,0.887755
petrochemical_complex_v2,oilman,8,24,9619281.21,220595.7185,42674.748,5824.4539,149723.9695,64.2468,106639.9989,161179.7206,53.7119,0.882653
petrochemical_complex_v2,oilman,8,25,10635707.25,248928.2456,47877.3825,6532.0687,169231.3511,62.8471,120794.454,182271.0919,52.1047,0.877551
petrochemical_complex_v2,oilman,8,26,11774104.42,281666.621,53859.1254,7349.7208,191798.2641,61.388,137194.888,206679.8591,50.4454,0.872449
petrochemical_complex_v2,oilman,8,27,13049109.25,319576.2056,60750.6795,8296.5261,217960.23,59.8692,156238.4192,234988.1285,48.7351,0.867347
petrochemical_complex_v2,oilman,8,28,14477114.66,363574.3607,68708.0703,9395.3953,248359.6787,58.2909,178401.9878,267894.412,46.9747,0.862245
petrochemical_complex_v2,oilman,8,29,16076480.72,414765.4987,77918.3478,10673.9118,283770.7181,56.6531,204260.9655,306240.6386,45.1657,0.857143
petrochemical_complex_v2,oilman,8,30,19689958.99,522834.0801,97635.5915,13372.9614,358288.2087,54.9556,258440.9155,386848.9806,48.4917,0.852041
petrochemical_complex_v2,oilman,8,31,21696203.77,594235.2465,110304.7717,15156.2303,407833.5927,53.1987,294774.8093,440556.7447,40.4931,0.846939
petrochemical_complex_v2,oilman,8,32,23943197.93,677944.7193,125085.2306,17246.9034,465982.9493,51.3821,337481.0262,503614.038,38.6418,0.841837
petrochemical_complex_v2,oilman,8,33,26459831.39,776437.5674,142389.5744,19706.796,534476.8414,49.506,387858.8964,577915.9571,36.7425,0.836735
petrochemical_complex_v2,oilman,8,34,29278460.86,892785.0038,162727.9981,22612.6132,615476.6214,47.5704,447523.3926,665816.2999,34.798,0.831633
petrochemical_complex_v2,oilman,8,35,32435325.87,1030829.7231,186736.73,26060.328,711688.4186,45.5752,518498.3555,770262.804,32.8116,0.826531
petrochemical_complex_v2,oilman,8,36,35971014.68,1195424.7183,215216.6727,30171.1447,826532.1038,43.5204,603343.6209,894981.473,30.787,0.821429
petrochemical_complex_v2,oilman,8,37,39930986.15,1392763.5629,249186.8813,35099.7503,964374.9302,41.4061,705330.7781,1044731.45,28.7282,0.816327
petrochemical_complex_v2,oilman,8,38,44366154.19,1630845.8597,289959.8274,41045.9377,1130860.8824,39.2322,828691.009,1225664.3249,26.6399,0.811224
petrochemical_complex_v2,oilman,8,39,49333542.4,1920146.0751,339249.4503,48271.3102,1333384.0237,36.9988,978971.3744,1445840.5715,24.5275,0.806122
petrochemical_complex_v2,oilman,8,40,62335519.13,2582749.7389,453429.511,64820.0658,1796115.141,34.7057,1321235.4587,1948506.5662,28.0983,0.80102
petrochemical_complex_v2,oilman,8,41,68566610.9,3043173.0131,530858.8263,76319.2958,2119315.5551,32.3532,1561930.8752,2300193.7959,19.2793,0.795918
petrochemical_complex_v2,oilman,8,42,75545433.68,3617902.0557,627070.3997,90673.3518,2523137.7247,29.9411,1863042.6933,2739744.9462,17.2819,0.790816
petrochemical_complex_v2,oilman,8,43,83361715.2,4345304.573,748287.9328,108840.4805,3034713.2589,27.4694,2244971.2786,3296753.6652,15.2788,0.785714
petrochemical_complex_v2,oilman,8,44,92115950.5,5281553.2126,903609.712,132223.6134,3693776.3017,24.9382,2737604.3885,4014563.9142,13.2828,0.780612
petrochemical_complex_v2,oilman,8,45,101920694.04,6512047.0261,1106850.3731,162955.621,4560749.6979,22.3474,3386406.4403,4959093.2623,11.3092,0.77551
petrochemical_complex_v2,oilman,8,46,112902006.8,8172871.8785,1380001.1135,204435.2941,5731938.8597,19.697,4263860.5385,6235411.9303,9.3762,0.770408
petrochemical_complex_v2,oilman,8,47,125201077.09,10494352.6642,1760251.4593,262415.0779,7370366.9304,16.9871,5492689.8644,8021389.2419,7.5066,0.765306
petrochemical_complex_v2,oilman,8,48,138976035.82,13898710.6661,2315733.5154,347440.0926,9774917.2406,14.2176,7297928.1672,10643140.1123,5.7287,0.760204
petrochemical_complex_v2,oilman,8,49,154403989.59,19250691.9156,3185927.2738,481107.6706,13557781.5649,11.3886,10140554.9511,14768652.3197,4.0784,0.755102
petrochemical_complex_v2,oilman,8,50,200355146.9,33422279.872,5493905.7608,835047.9683,23571193.7444,8.5,17661917.2882,25687908.3902,4.589,0.75
large_gas_field,oilman,9,1,2530538.6,36096.9224,4666.6667,1750.0,25821.8224,98.0,20127.5379,27346.9224,,1.0
large_gas_field,oilman,9,2,2655538.6,37833.3287,4866.1993,1808.9277,27107.6355,97.9628,21158.4363,28725.102,97.2148,0.994898
large_gas_field,oilman,9,3,2795538.6,39808.2635,5093.9607,1875.9498,28569.3672,97.8509,22329.7201,30291.3728,95.7768,0.989796
large_gas_field,oilman,9,4,2952338.6,42051.8316,5353.3153,1952.0881,30229.3926,97.6645,23659.4043,32069.7706,94.4564,0.984694
large_gas_field,oilman,9,5,3127954.6,44598.5056,5648.0947,2038.5129,32113.3513,97.4036,25168.1496,34087.8507,93.2165,0.979592
large_gas_field,oilman,9,6,3324644.52,47487.8116,5982.6807,2136.5655,34250.6519,97.0681,26879.6627,36377.225,92.0273,0.974489
large_gas_field,oilman,9,7,3544937.23,50765.0872,6362.0807,2247.7843,36675.0433,96.658,28821.1644,38974.1819,90.8652,0.969388
large_gas_field,oilman,9,8,3791665.07,54482.3483,6792.0067,2373.9353,39425.2735,96.1735,31023.9334,41920.403,89.7117,0.964286
large_gas_field,oilman,9,9,4068000.25,58699.4074,7279.006,2517.0477,42545.9177,95.6143,33523.9692,45263.8507,88.5507,0.959184
large_gas_field,oilman,9,10,4443055.0,64426.5451,7946.7033,2711.4056,46778.5394,94.9806,36909.7755,49795.0845,88.6105,0.954082
large_gas_field,oilman,9,11,4789689.84,69866.3874,8571.5933,2896.0139,50806.9387,94.2724,40139.706,54112.9835,86.0478,0.948979
large_gas_field,oilman,9,12,5177920.87,76046.2887,9279.62,3105.7378,55385.0099,93.4896,43811.8632,59021.121,84.8023,0.943877
large_gas_field,oilman,9,13,5612739.62,83071.8688,10082.128,3344.1608,60591.6546,92.6322,47990.1423,64604.516,83.5123,0.938775
large_gas_field,oilman,9,14,6099736.62,91065.2796,10992.1933,3615.4284,66518.1624,91.7003,52748.5053,70961.5613,82.1727,0.933673
large_gas_field,oilman,9,15,6645173.26,100168.0571,12024.8893,3924.3438,73270.3768,90.6939,58172.7679,78206.3793,80.7789,0.928571
large_gas_field,oilman,9,16,7256062.3,110544.4784,13197.6367,4276.4827,80971.2124,89.6129,64362.6451,86471.5407,79.3276,0.923469
large_gas_field,oilman,9,17,7940258.02,122385.6406,14530.5953,4678.329,89763.7432,88.4573,71434.2905,95911.4187,77.8156,0.918367
large_gas_field,oilman,9,18,8706557.23,135914.1535,16047.164,5137.4385,99814.7094,87.2272,79523.1383,106705.969,76.2413,0.913265
large_gas_field,oilman,9,19,9564812.34,151390.0592,17774.5213,5662.6352,111319.0253,85.9225,88787.6302,119065.642,74.6029,0.908163
large_gas_field,oilman,9,20,10831463.5,174006.5859,20315.1247,6430.1587,128117.3332,84.5433,102302.423,137103.7402,75.4035,0.903061
large_gas_field,oilman,9,21,11908058.71,194424.7739,22570.688,7123.0787,143315.9763,83.0895,114560.7084,153445.6632,70.835,0.897959
large_gas_field,oilman,9,22,13113845.35,217879.5795,25149.8333,7919.0504,160785.3052,81.5612,128659.8631,172235.779,69.0231,0.892857
large_gas_field,oilman,9,23,14464326.38,244867.4796,28103.5347,8834.9238,180898.2484,79.9584,144903.7579,193877.2538,67.1449,0.887755
large_gas_field,oilman,9,24,15976865.14,275976.2043,31491.8567,9890.6423,204096.5237,78.2809,163652.5362,218847.777,65.2005,0.882653
large_gas_field,oilman,9,25,17670908.55,311903.6516,35385.8353,11109.8907,230904.8953,76.5289,185334.2776,247715.0079,63.1908,0.877551
large_gas_field,oilman,9,26,19568237.17,353481.675,39869.7553,12520.8994,261949.1876,74.7024,210459.8076,281156.1426,61.1168,0.872449
large_gas_field,oilman,9,27,21693245.22,401705.7555,45044.0573,14157.4512,297978.6949,72.8013,239641.0672,319982.2183,58.9797,0.867347
large_gas_field,oilman,9,28,24073254.24,457772.2534,51028.9593,16060.1478,339894.3372,70.8257,273614.2159,365168.6665,56.7809,0.862245
large_gas_field,oilman,9,29,26738864.34,523125.984,57969.0393,18278.0189,388784.6654,68.7755,313269.2093,417894.406,54.5222,0.857143
large_gas_field,oilman,9,30,32696077.6,659397.1721,72634.6927,22902.5742,490558.1176,66.6508,395663.1245,527542.5589,58.5341,0.852041
large_gas_field,oilman,9,31,36039818.91,750969.3247,82226.312,26010.2035,559177.544,64.4515,451425.7883,601619.6532,48.7288,0.846939
large_gas_field,oilman,9,32,39784809.18,858571.6874,93441.768,29661.8421,639857.2272,62.1776,517032.8558,688747.1932,46.418,0.841837
large_gas_field,oilman,9,33,43979198.28,985492.1122,106604.988,33969.0651,735078.7114,59.8292,594517.1426,791615.5651,44.0488,0.836735
large_gas_field,oilman,9,34,48676914.07,1135829.6212,122118.4627,39070.9812,847936.9543,57.4063,686415.0217,913580.946,41.6249,0.831633
large_gas_field,oilman,9,35,53938355.75,1314740.2267,140486.794,45142.5655,982326.4544,54.9088,795919.4248,1058867.4702,39.1507,0.826531
large_gas_field,oilman,9,36,59831170.44,1528774.0761,162349.04,52406.1057,1143196.4695,52.3367,927089.5952,1232844.4104,36.6309,0.821429
large_gas_field,oilman,9,37,66431122.89,1786346.6977,188523.8367,61147.1963,1336907.8283,49.6901,1085144.4069,1442413.7464,34.0711,0.816327
large_gas_field,oilman,9,38,73823069.63,2098410.3309,220073.6627,71737.5154,1571741.263,46.969,1276880.2553,1696562.3215,31.4774,0.811224
large_gas_field,oilman,9,39,82102049.98,2479430.3841,258398.2333,84667.9686,1858636.8385,44.1733,1511278.9887,2007165.0655,28.8571,0.806122
large_gas_field,oilman,9,40,103660438.56,3345252.4632,346424.89,114050.8636,2509755.7373,41.303,2042513.772,2711564.2646,33.1098,0.80102
large_gas_field,oilman,9,41,114045591.51,3959803.0716,407454.1287,134906.5059,2973174.9203,38.3582,2421754.7584,3213715.3727,22.4098,0.795918
large_gas_field,oilman,9,42,125676962.82,4732755.9635,483867.3793,161137.7523,3556343.2237,35.3388,2899265.9495,3845817.1422,19.9451,0.790816
large_gas_field,oilman,9,43,138704098.68,5720020.3985,581030.366,194641.9639,4301582.8197,32.2449,3509828.8059,4653832.8856,17.4805,0.785714
large_gas_field,oilman,9,44,153294490.85,7005111.9126,706947.304,238253.3586,5272122.7875,29.0764,4305415.2154,5706437.598,15.0333,0.780612
large_gas_field,oilman,9,45,169635730.08,8718200.9893,874079.626,296389.4531,6566526.7619,25.8334,5367051.8993,7110692.0972,12.6245,0.77551
large_gas_field,oilman,9,46,187937918.01,11073387.4271,1102904.67,376316.0286,8346925.0538,22.5158,6828036.9081,9042714.3935,10.2798,0.770408
large_gas_field,oilman,9,47,208436368.49,14448392.9229,1429523.6247,490851.6035,10899375.3944,19.1237,8923577.2978,11813255.8824,8.0309,0.765306
large_gas_field,oilman,9,48,231394633.03,19576144.2963,1923950.7933,664869.0822,14778972.2461,15.657,12110120.1649,16025349.0241,5.9177,0.760204
large_gas_field,oilman,9,49,257107889.32,28087475.7728,2741921.1447,953713.1273,21220902.1058,12.1158,17403385.774,23020880.9285,3.9915,0.755102
large_gas_field,oilman,9,50,333723972.48,51925815.0729,5034788.0333,1762700.8123,39261643.8177,8.5,32225769.196,42610932.2106,4.2468,0.75
offshore_platform_v2,oilman,10,1,5545980.6,65212.3995,7339.6,3850.0,46999.8356,118.0,37310.5196,50447.7995,,1.0
offshore_platform_v2,oilman,10,2,5820980.6,68357.7892,7654.3587,3979.9891,49349.3939,117.9544,39224.7041,52995.1274,117.0433,0.994898
offshore_platform_v2,oilman,10,3,6128980.6,71935.7327,8013.6909,4127.8513,52020.9458,117.8176,41400.1986,55890.8519,115.2888,0.989796
offshore_platform_v2,oilman,10,4,6473940.6,76000.8128,8422.9029,4295.8481,55055.3938,117.5896,43870.4478,59179.4026,113.6813,0.984694
offshore_platform_v2,oilman,10,5,6860295.8,80615.8944,8888.0794,4486.5711,58499.8821,117.2703,46674.0252,62912.0046,112.1662,0.979592
offshore_platform_v2,oilman,10,6,7293013.62,85852.7109,9416.1563,4702.992,62408.1995,116.8599,49854.9422,67147.1057,110.7172,0.97449
offshore_platform_v2,oilman,10,7,7777657.58,91793.8866,10015.0604,4948.5202,66842.3662,116.3582,53463.9985,71952.1327,109.2976,0.969388
offshore_platform_v2,oilman,10,8,8320458.82,98534.175,10693.8706,5227.072,71873.5122,115.7653,57559.4621,77404.4216,107.8882,0.964286
offshore_platform_v2,oilman,10,9,8928396.21,106182.4808,11462.9579,5543.1497,77583.4447,115.0812,62208.3981,83592.9525,106.4702,0.959183
offshore_platform_v2,oilman,10,10,9729310.67,116281.9903,12486.4872,5960.5269,85116.4294,114.3059,68335.3346,91753.0111,106.321,0.954082
offshore_platform_v2,oilman,10,11,10491907.33,126151.5609,13473.8469,6368.4018,92489.1017,113.4394,74342.0767,99746.4203,103.4356,0.948979
offshore_platform_v2,oilman,10,12,11346015.59,137367.1807,14592.879,6831.9051,100869.8851,112.4817,81172.521,108834.4422,101.9127,0.943878
offshore_platform_v2,oilman,10,13,12302616.84,150121.7479,15861.6242,7359.0058,110403.9725,111.4327,88945.9561,119175.1782,100.3349,0.938776
offshore_platform_v2,oilman,10,14,13374010.24,164638.4193,17300.8904,7958.9287,121259.3821,110.2926,97800.4711,130951.6173,98.6967,0.933674
offshore_platform_v2,oilman,10,15,14573970.85,181176.0229,18934.6927,8642.3702,133631.0952,109.0612,107896.409,144376.1785,96.9923,0.928571
offshore_platform_v2,oilman,10,16,15917926.73,200035.2532,20790.8042,9421.756,147745.743,107.7386,119420.2403,159695.8299,95.2171,0.923469
offshore_platform_v2,oilman,10,17,17423157.31,221566.0399,22901.3869,10311.548,163867.2014,106.3249,132589.2036,177198.2113,93.3681,0.918367
offshore_platform_v2,oilman,10,18,19109015.56,246176.5474,25303.8068,11328.6134,182303.3907,104.8199,147656.9143,197219.0537,91.4429,0.913265
offshore_platform_v2,oilman,10,19,20997176.8,274343.8043,28041.5069,12492.6686,203414.377,103.2237,164920.1144,220151.066,89.4397,0.908163
offshore_platform_v2,oilman,10,20,23712929.94,314565.5081,31972.0536,14154.8904,233541.5508,101.5362,189539.4358,252865.4959,90.143,0.903061
offshore_platform_v2,oilman,10,21,26081439.4,351757.183,35550.1746,15691.8916,261448.1515,99.7576,212388.5928,283199.2038,84.8727,0.897959
offshore_platform_v2,oilman,10,22,28734170.0,394507.4323,39644.1742,17458.6091,293542.0447,97.8877,238681.0756,318094.6155,82.6553,0.892857
offshore_platform_v2,oilman,10,23,31705228.27,443731.2514,44335.8887,19492.8572,330515.1798,95.9267,268988.3109,358307.2139,80.3572,0.887755
offshore_platform_v2,oilman,10,24,35032813.54,500513.1223,49721.9,21839.4538,373188.0386,93.8744,303988.194,404733.0382,77.979,0.882653
offshore_platform_v2,oilman,10,25,38759709.04,566142.8812,55916.5811,24551.7018,422536.9005,91.7309,344487.7315,458438.5395,75.5214,0.877551
offshore_platform_v2,oilman,10,26,42933832.0,642160.3232,63055.8981,27693.2351,479727.7353,89.4962,391451.1763,520697.6857,72.9859,0.872449
offshore_platform_v2,oilman,10,27,47608849.71,730411.1549,71302.1222,31340.3347,546158.7672,87.1703,446035.4059,593038.5918,70.374,0.867347
offshore_platform_v2,oilman,10,28,52844869.55,833118.1409,80849.8849,35584.8529,623514.5607,84.7532,509634.8324,677302.7368,67.6875,0.862245
offshore_platform_v2,oilman,10,29,58709211.77,952970.6405,91933.7452,40537.9375,713834.0934,82.2449,583937.9572,775719.5232,64.9288,0.857143
offshore_platform_v2,oilman,10,30,71638896.25,1199652.584,115042.4464,50732.4391,899473.5977,79.6454,736425.9585,977842.3906,69.6494,0.852041
offshore_platform_v2,oilman,10,31,78995127.13,1367992.9156,130400.141,57689.3536,1026515.9762,76.9546,841104.7673,1116387.6293,57.9038,0.846939
offshore_platform_v2,oilman,10,32,87234105.71,1566094.4907,148384.3262,65876.1973,1176095.5515,74.1726,964422.906,1279558.371,55.0809,0.841837
offshore_platform_v2,oilman,10,33,96461761.72,1800144.2055,169526.3743,75548.6519,1352910.186,71.2995,1110277.1511,1472495.6347,52.1883,0.836735
offshore_platform_v2,oilman,10,34,106796736.45,2077882.5761,194488.8677,87026.607,1562839.3782,68.3351,1283546.1523,1701634.7315,49.2308,0.831633
offshore_platform_v2,oilman,10,35,118371908.15,2409084.1586,224105.8124,100714.0079,1813309.9743,65.2795,1490394.6003,1975106.0354,46.2137,0.826531
offshore_platform_v2,oilman,10,36,131336100.46,2806221.5418,259438.2285,117126.3039,2113801.5982,62.1327,1738693.5868,2303288.8603,43.1433,0.821429
offshore_platform_v2,oilman,10,37,145855995.84,3285400.4276,301852.2576,136929.0896,2476558.6,58.8946,2038612.8662,2699591.7465,40.0265,0.816327
offshore_platform_v2,oilman,10,38,162118278.67,3867702.6806,353131.4079,160993.601,2917612.5744,55.5654,2403471.4317,3181573.0961,36.8714,0.811224
offshore_platform_v2,oilman,10,39,180332035.44,4581159.0681,415641.2104,190478.2555,3458284.454,52.1449,2850987.1834,3772587.5167,33.6873,0.806122
offshore_platform_v2,oilman,10,40,227485861.78,6191778.4984,558214.6138,257039.5111,4677576.2049,48.6333,3859061.3669,5104627.0978,38.6731,0.80102
offshore_platform_v2,oilman,10,41,250333198.27,7353689.8627,658743.0526,305057.2377,5559203.928,45.0304,4589780.0736,6069026.5264,25.9149,0.795918
offshore_platform_v2,oilman,10,42,275922215.14,8823636.4306,785353.971,365804.9809,6675055.4065,41.3363,5515073.2071,7289944.3098,22.9323,0.790816
offshore_platform_v2,oilman,10,43,304581914.04,10714622.1608,947509.8236,443952.7949,8111148.8019,37.551,6706480.1985,8861642.8904,19.9567,0.785714
offshore_platform_v2,oilman,10,44,336680776.8,13198205.682,1159557.9649,546590.5995,9998089.6922,33.6745,8272636.9986,10927255.2584,17.0111,0.780612
offshore_platform_v2,oilman,10,45,372631503.1,16547278.5835,1444296.3304,684996.0515,12543647.9954,29.7068,10386382.3197,13714492.9076,14.1229,0.77551
offshore_platform_v2,oilman,10,46,412896316.55,21222615.1166,1840187.1176,878211.3291,16098668.5028,25.6479,13339600.0878,17607891.4008,11.3262,0.770408
offshore_platform_v2,oilman,10,47,457992907.61,28066158.5509,2417465.9901,1161031.003,21304265.5553,21.4977,17665696.8526,23310153.1221,8.6631,0.765306
offshore_platform_v2,oilman,10,48,508501089.6,38794300.0247,3319252.7919,1604387.5048,29467473.9633,17.2564,24452173.3271,32253905.5818,6.1873,0.760204
offshore_platform_v2,oilman,10,49,565070253.43,57523788.3723,4888721.9268,2378411.6374,43723289.6831,12.9238,36307536.1702,47875437.727,3.9681,0.755102
offshore_platform_v2,oilman,10,50,733299907.18,113424555.4158,9574377.7973,4688594.4902,86270577.3216,8.5,71689483.1464,94498059.1452,3.9539,0.75
pig_iron_shop,metallurgist,1,1,13000.0,4363.3529,2860.0,9.1,1300.0,10.0,-808.4177,1004.2529,,1.0
pig_iron_shop,metallurgist,1,2,13650.0,4537.1801,2958.7644,9.3538,1365.0839,9.9994,-817.7562,1062.1408,9.9871,0.994898
pig_iron_shop,metallurgist,1,3,14378.0,4733.9412,3071.2425,9.641,1438.1602,9.9975,-829.3518,1126.8658,9.9622,0.989796
pig_iron_shop,metallurgist,1,4,15193.36,4956.1275,3198.8185,9.9654,1520.1889,9.9944,-843.2911,1199.2943,9.9399,0.984694
pig_iron_shop,metallurgist,1,5,16106.56,5206.5403,3343.0283,10.331,1612.2675,9.99,-859.6411,1280.4245,9.9176,0.979592
pig_iron_shop,metallurgist,1,6,17129.35,5488.3038,3505.5878,10.7423,1715.6171,9.9844,-878.481,1371.366,9.8964,0.974489
pig_iron_shop,metallurgist,1,7,18274.87,5804.8956,3688.3961,11.2045,1831.6066,9.9775,-899.8822,1473.3669,9.8761,0.969388
pig_iron_shop,metallurgist,1,8,19557.85,6160.2252,3893.5697,11.7232,1961.7911,9.9694,-923.8976,1587.8522,9.8551,0.964286
pig_iron_shop,metallurgist,1,9,20994.79,6558.643,4123.4593,12.3049,2107.9045,9.96,-950.5795,1716.4119,9.8344,0.959184
pig_iron_shop,metallurgist,1,10,26029.48,8065.4222,5043.8045,14.5046,2616.1884,9.9494,-1127.8736,2142.9648,9.9053,0.954081
pig_iron_shop,metallurgist,1,11,27831.98,8557.0411,5322.6287,15.2223,2800.6954,9.9375,-1153.5325,2307.2712,9.7693,0.94898
pig_iron_shop,metallurgist,1,12,29850.78,9108.4249,5635.1381,16.0273,3007.8159,9.9244,-1181.9944,2491.7989,9.747,0.943877
pig_iron_shop,metallurgist,1,13,32111.84,9726.3717,5984.9189,16.9294,3240.3353,9.91,-1213.2104,2699.1352,9.7242,0.938775
pig_iron_shop,metallurgist,1,14,34644.22,10418.478,6375.9496,17.9398,3501.3921,9.8944,-1247.0818,2932.2057,9.7005,0.933673
pig_iron_shop,metallurgist,1,15,37480.49,11193.2437,6812.663,19.0709,3794.5135,9.8775,-1283.4704,3194.3053,9.6761,0.928571
pig_iron_shop,metallurgist,1,16,40657.11,12060.1764,7299.9841,20.3365,4123.6746,9.8594,-1322.1715,3489.1593,9.6507,0.92347
pig_iron_shop,metallurgist,1,17,44214.93,13029.9229,7843.3927,21.7522,4493.3568,9.8401,-1362.9029,3820.9799,9.624,0.918367
pig_iron_shop,metallurgist,1,18,48199.69,14114.3819,8448.9834,23.3354,4908.5949,9.8194,-1405.305,4194.51,9.5963,0.913265
pig_iron_shop,metallurgist,1,19,52662.62,15326.8747,9123.5373,25.1055,5375.0618,9.7976,-1448.9116,4615.1085,9.5675,0.908163
pig_iron_shop,metallurgist,1,20,68280.32,19753.3959,11692.4265,31.5677,6985.5795,9.7745,-1767.4907,6026.1538,9.6973,0.903061
pig_iron_shop,metallurgist,1,21,73878.62,21251.0382,12507.8439,33.7541,7577.213,9.7501,-1794.6894,6566.4879,9.4624,0.897959
pig_iron_shop,metallurgist,1,22,80148.71,22927.7307,13418.0303,36.2019,8241.9437,9.7245,-1821.0628,7174.6052,9.4325,0.892857
pig_iron_shop,metallurgist,1,23,87171.21,24804.4044,14433.3675,38.9416,8988.9229,9.6976,-1845.4693,7859.2456,9.4012,0.887755
pig_iron_shop,metallurgist,1,24,95036.41,26904.4993,15565.4127,42.0075,9828.4588,9.6695,-1866.5272,8630.2776,9.3685,0.882653
pig_iron_shop,metallurgist,1,25,103845.44,29254.2957,16827.0388,45.4379,10772.1825,9.6401,-1882.5596,9498.8647,9.3343,0.877551
pig_iron_shop,metallurgist,1,26,113711.55,31883.2245,18232.5744,49.2759,11833.1956,9.6095,-1891.5578,10477.6115,9.2988,0.872449
pig_iron_shop,metallurgist,1,27,124761.59,34824.2989,19797.9839,53.5695,13026.2885,9.5777,-1891.1063,11580.7832,9.2617,0.867347
pig_iron_shop,metallurgist,1,28,137137.64,38114.5244,21541.0481,58.3729,14368.14,9.5446,-1878.3255,12824.5043,9.2231,0.862245
pig_iron_shop,metallurgist,1,29,150998.81,41795.3922,23481.581,63.7465,15877.5563,9.5102,-1849.8043,14226.9966,9.1831,0.857143
pig_iron_shop,metallurgist,1,30,209818.71,57849.1491,32307.4809,87.1832,22145.402,9.4746,-2269.0853,19919.2872,9.3844,0.852041
pig_iron_shop,metallurgist,1,31,227206.16,62412.8672,34647.4957,93.8457,24074.2274,9.4377,-2134.7956,21735.4163,9.0145,0.846939
pig_iron_shop,metallurgist,1,32,246680.11,67527.188,37260.8036,101.312,26243.613,9.3996,-1970.767,23781.2284,8.9767,0.841837
pig_iron_shop,metallurgist,1,33,268490.93,73257.8717,40177.9492,109.6782,28684.1125,9.3603,-1770.3047,26086.6096,8.937,0.836735
pig_iron_shop,metallurgist,1,34,292919.05,79678.7505,43432.9896,119.0519,31430.2368,9.3197,-1525.5359,28685.3926,8.8955,0.831633
pig_iron_shop,metallurgist,1,35,320278.55,86872.7413,47063.9255,129.5543,34520.9575,9.2778,-1227.2495,31615.8616,8.8521,0.826531
pig_iron_shop,metallurgist,1,36,350921.19,94932.9798,51113.1449,141.3214,38000.3067,9.2347,-864.655,34921.3663,8.807,0.821429
pig_iron_shop,metallurgist,1,37,385240.94,103964.1123,55627.9495,154.5058,41918.0416,9.1903,-425.1402,38650.9943,8.7601,0.816327
pig_iron_shop,metallurgist,1,38,423679.06,114083.7443,60661.1348,169.2793,46330.3972,9.1447,106.0139,42860.3385,8.7115,0.811225
pig_iron_shop,metallurgist,1,39,466729.76,125424.0853,66271.6311,185.8349,51300.9587,9.0979,745.9866,47612.3887,8.6611,0.806122
pig_iron_shop,metallurgist,1,40,622213.16,166906.7167,87632.0731,246.3949,68754.5764,9.0498,1830.8688,64014.3621,8.9084,0.80102
pig_iron_shop,metallurgist,1,41,676215.96,181107.8464,94482.5253,267.1269,75131.629,9.0004,2895.3623,70170.6287,8.4683,0.795918
pig_iron_shop,metallurgist,1,42,736699.09,197039.9706,102135.2504,290.386,82314.4708,8.9498,4138.7149,77115.6375,8.4205,0.790816
pig_iron_shop,metallurgist,1,43,804440.2,214914.799,110681.9171,316.4812,90407.2687,8.898,5592.4824,84953.415,8.3705,0.785714
pig_iron_shop,metallurgist,1,44,880310.24,234970.6495,120224.9677,345.7605,99527.9315,8.8449,7293.3075,93801.9373,8.3185,0.780612
pig_iron_shop,metallurgist,1,45,965284.68,257475.8636,130878.931,378.6155,109809.9358,8.7905,9283.6788,103795.0037,8.2644,0.77551
pig_iron_shop,metallurgist,1,46,1060456.06,282732.6998,142771.8578,415.4877,121404.4583,8.7349,11612.8855,115084.4416,8.2083,0.770408
pig_iron_shop,metallurgist,1,47,1167048.0,311081.7045,156046.9739,456.874,134482.7352,8.6781,14338.0287,127842.5358,8.1503,0.765306
pig_iron_shop,metallurgist,1,48,1286430.98,342906.687,170864.5024,503.3348,149238.7993,8.6199,17525.2612,142264.8616,8.0904,0.760204
pig_iron_shop,metallurgist,1,49,1420139.91,378640.3522,187403.7308,555.5019,165892.574,8.5606,21251.1837,158573.4873,8.0287,0.755102
pig_iron_shop,metallurgist,1,50,1879998.42,501490.3124,246529.8464,734.8489,221176.2868,8.5,30662.6314,211987.986,8.3182,0.75
steel_plant_v2,metallurgist,2,1,37493.55,7368.4882,4265.0,25.2,2678.1107,14.0,-527.9095,2208.2882,,1.0
steel_plant_v2,metallurgist,2,2,39293.55,7668.5551,4416.0364,25.9184,2807.1423,13.9977,-515.1289,2325.791,13.9501,0.994898
steel_plant_v2,metallurgist,2,3,41309.55,8008.9498,4588.4064,26.7333,2952.6148,13.9908,-502.183,2457.8398,13.8583,0.989796
steel_plant_v2,metallurgist,2,4,43567.47,8394.2702,4784.3704,27.6557,3116.5524,13.9794,-488.7951,2606.2998,13.7731,0.984694
steel_plant_v2,metallurgist,2,5,46096.34,8829.6889,5006.466,28.6981,3301.2366,13.9634,-474.646,2773.2762,13.6929,0.979592
steel_plant_v2,metallurgist,2,6,48928.67,9321.0491,5257.5423,29.8744,3509.2602,13.9427,-459.3485,2961.1678,13.6154,0.97449
steel_plant_v2,metallurgist,2,7,52100.89,9874.9089,5540.7852,31.2003,3743.5434,13.9175,-442.451,3172.6812,13.5401,0.969388
steel_plant_v2,metallurgist,2,8,55653.77,10498.6735,5859.7731,32.6936,4007.4,13.8878,-423.4144,3410.8956,13.4652,0.964286
steel_plant_v2,metallurgist,2,9,59633.0,11200.6841,6218.5193,34.3742,4304.5779,13.8534,-401.6058,3679.3002,13.3901,0.959184
steel_plant_v2,metallurgist,2,10,68873.68,12884.0889,7115.082,38.4042,4985.6244,13.8145,-403.756,4279.2261,13.5684,0.954082
steel_plant_v2,metallurgist,2,11,73865.22,13768.9339,7563.0648,40.5225,5363.8515,13.7709,-369.9726,4622.5877,13.1972,0.94898
steel_plant_v2,metallurgist,2,12,79455.75,14764.3724,8066.241,42.9056,5790.0465,13.7228,-330.7691,5009.8262,13.1173,0.943877
steel_plant_v2,metallurgist,2,13,85717.14,15883.9036,8630.9739,45.5857,6270.3893,13.6701,-284.9236,5446.7468,13.0353,0.938776
steel_plant_v2,metallurgist,2,14,92729.9,17142.8099,9264.4074,48.5995,6811.9285,13.6129,-230.9628,5939.9941,12.9497,0.933673
steel_plant_v2,metallurgist,2,15,100584.19,18558.3333,9974.5854,51.9882,7422.6309,13.551,-167.1997,6497.0846,12.8611,0.928571
steel_plant_v2,metallurgist,2,16,109380.99,20149.9636,10770.5367,55.7986,8111.5566,13.4846,-91.6328,7126.5903,12.7689,0.923469
steel_plant_v2,metallurgist,2,17,119233.41,21939.762,11662.4292,60.0833,8889.007,13.4136,-1.9176,7838.2779,12.6727,0.918367
steel_plant_v2,metallurgist,2,18,130268.12,23952.7003,12661.7017,64.9022,9766.7039,13.338,104.7055,8643.2874,12.5723,0.913265
steel_plant_v2,metallurgist,2,19,142626.99,26217.022,13781.2301,70.323,10757.958,13.2578,231.4495,9554.2919,12.4679,0.908163
steel_plant_v2,metallurgist,2,20,168684.41,31009.192,16208.706,81.7953,12805.2608,13.1731,412.4992,11412.3426,12.7277,0.903061
steel_plant_v2,metallurgist,2,21,184187.38,33878.0465,17608.2231,88.6633,14077.6093,13.0837,601.4393,12589.3303,12.1845,0.897959
steel_plant_v2,metallurgist,2,22,201550.71,37108.8117,19177.8369,96.3977,15516.0821,12.9898,823.8963,13922.5682,12.0707,0.892857
steel_plant_v2,metallurgist,2,23,220997.64,40748.2849,20938.382,105.1105,17143.1694,12.8913,1085.9444,15433.657,11.952,0.887755
steel_plant_v2,metallurgist,2,24,242778.2,44849.6223,22913.3969,114.929,18984.5278,12.7882,1394.6734,17147.2857,11.8285,0.882653
steel_plant_v2,metallurgist,2,25,267172.43,49473.2602,25129.4824,125.9979,21069.4685,12.6805,1758.3867,19091.719,11.7002,0.877551
steel_plant_v2,metallurgist,2,26,294493.96,54687.9466,27616.7365,138.4818,23431.4736,12.5683,2186.7707,21299.3026,11.5671,0.872449
steel_plant_v2,metallurgist,2,27,325094.08,60571.9939,30409.224,152.568,26108.8757,12.4515,2691.1912,23807.148,11.429,0.867347
steel_plant_v2,metallurgist,2,28,359366.21,67214.6123,33545.5557,168.4703,29145.5101,12.3301,3284.886,26657.7649,11.2862,0.862245
steel_plant_v2,metallurgist,2,29,397751.0,74717.5754,37069.4906,186.4322,32591.6377,12.2041,3983.3922,29899.998,11.1385,0.857143
steel_plant_v2,metallurgist,2,30,518691.47,97908.6246,48286.0866,241.9511,42961.1105,12.0735,5655.8186,39530.9044,11.6631,0.852041
steel_plant_v2,metallurgist,2,31,566841.34,107577.3558,52736.7719,265.0978,47480.6728,11.9384,6691.6289,43817.9265,10.6537,0.846939
steel_plant_v2,metallurgist,2,32,620769.2,118515.8544,57749.0682,291.2844,52613.6866,11.7986,7897.7969,48695.5044,10.5061,0.841837
steel_plant_v2,metallurgist,2,33,681168.4,130898.3924,63396.1286,320.9279,58447.7623,11.6543,9303.5931,54249.4176,10.3528,0.836735
steel_plant_v2,metallurgist,2,34,748815.51,144924.7371,69761.3212,354.5067,65083.751,11.5054,10943.3011,60578.581,10.194,0.831633
steel_plant_v2,metallurgist,2,35,824580.27,160824.0851,76939.7342,392.5693,72637.8499,11.3519,12857.0974,67797.1581,10.0296,0.826531
steel_plant_v2,metallurgist,2,36,909436.8,178859.7788,85039.9757,435.7464,81244.1293,11.1939,15092.113,76037.098,9.8598,0.821429
steel_plant_v2,metallurgist,2,37,1004476.12,199334.7369,94186.2597,484.763,91057.4314,11.0312,17703.637,85451.0422,9.6847,0.816327
steel_plant_v2,metallurgist,2,38,1110920.15,222597.8867,104520.8025,540.4545,102256.8679,10.864,20756.6511,96215.8564,9.5044,0.811224
steel_plant_v2,metallurgist,2,39,1230137.47,249051.7098,116206.7064,603.7844,115049.8606,10.6922,24327.524,108536.6858,9.319,0.806122
steel_plant_v2,metallurgist,2,40,1588735.98,325234.966,150793.0969,786.1654,151080.4622,10.5158,33212.162,142896.0332,9.9526,0.80102
steel_plant_v2,metallurgist,2,41,1738282.18,360086.9277,165888.5952,869.6003,168195.997,10.3349,38367.049,159489.7924,8.7375,0.795918
steel_plant_v2,metallurgist,2,42,1905773.93,399799.741,183003.2427,964.6719,187773.689,10.1493,44370.2569,178501.7394,8.5552,0.790816
steel_plant_v2,metallurgist,2,43,2093364.69,445100.5505,202424.6623,1073.121,210194.4075,9.9592,51370.326,200310.9838,8.3668,0.785714
steel_plant_v2,metallurgist,2,44,2303466.34,496835.0671,224485.4729,1196.9723,235902.781,9.7645,59542.872,225360.7435,8.1725,0.780612
steel_plant_v2,metallurgist,2,45,2538780.18,555988.9217,249571.1025,1338.5854,265418.9335,9.5652,69095.8982,254170.2399,7.9724,0.77551
steel_plant_v2,metallurgist,2,46,2802331.69,623713.3155,278129.1672,1500.7161,299352.5861,9.3613,80276.1855,287348.9949,7.7667,0.770408
steel_plant_v2,metallurgist,2,47,3097509.38,701355.9302,310680.722,1686.5908,338420.0972,9.1529,93377.0704,325614.1208,7.5556,0.765306
steel_plant_v2,metallurgist,2,48,3428108.39,790498.4191,347833.8535,1899.996,383465.1756,8.9398,108747.9591,369811.3568,7.3393,0.760204
steel_plant_v2,metallurgist,2,49,3798379.28,893002.0181,390300.16,2145.3874,435484.1296,8.7222,126805.9872,420940.7289,7.118,0.755102
steel_plant_v2,metallurgist,2,50,4979254.58,1194928.1865,518732.8044,2868.192,585794.6554,8.5,174975.1506,567512.9955,7.8562,0.75
copper_smelter_v2,metallurgist,3,1,84509.2,9220.9172,4306.6667,57.4,4225.46,20.0,859.3338,3783.5172,,1.0
copper_smelter_v2,metallurgist,3,2,88609.2,9625.6049,4472.7403,59.1634,4431.5199,19.9952,932.2099,3978.9779,19.8971,0.994898
copper_smelter_v2,metallurgist,3,3,93201.2,10084.7512,4662.0614,61.1642,4664.5273,19.9808,1013.5447,4199.6187,19.7075,0.989796
copper_smelter_v2,metallurgist,3,4,98344.24,10604.8202,4877.2096,63.4303,4927.8368,19.9569,1104.6115,4448.6528,19.5323,0.984693
copper_smelter_v2,metallurgist,3,5,104104.44,11193.1239,5121.1047,65.9939,5225.242,19.9234,1206.8482,4729.7129,19.3682,0.979592
copper_smelter_v2,metallurgist,3,6,110555.87,11857.9797,5397.0328,68.891,5561.0886,19.8803,1321.9435,5046.975,19.2095,0.97449
copper_smelter_v2,metallurgist,3,7,117781.47,12608.7929,5708.7106,72.1626,5940.2901,19.8276,1451.8058,5405.1605,19.0548,0.969387
copper_smelter_v2,metallurgist,3,8,125874.14,13456.2321,6060.3284,75.8553,6368.4421,19.7653,1598.6377,5809.6569,18.9014,0.964285
copper_smelter_v2,metallurgist,3,9,134937.93,14412.4135,6456.6236,80.0219,6851.9182,19.6935,1764.9736,6266.6096,18.7471,0.959183
copper_smelter_v2,metallurgist,3,10,152750.58,16307.4227,7266.7119,88.2793,7788.6154,19.612,2057.591,7141.3779,19.0164,0.954082
copper_smelter_v2,metallurgist,3,11,164120.2,17524.5008,7767.2887,93.5827,8407.3576,19.521,2275.0849,7727.819,18.3754,0.948979
copper_smelter_v2,metallurgist,3,12,176854.18,18897.901,8330.9883,99.5673,9106.5905,19.4205,2522.2711,8391.0465,18.2114,0.943878
copper_smelter_v2,metallurgist,3,13,191116.23,20447.8727,8965.5498,106.3213,9897.1214,19.3103,2803.6522,9141.5535,18.0411,0.938775
copper_smelter_v2,metallurgist,3,14,207089.73,22197.4311,9679.7674,113.945,10791.2353,19.1905,3124.3489,9991.269,17.8652,0.933674
copper_smelter_v2,metallurgist,3,15,224980.05,24172.8374,10483.5895,122.5527,11803.0248,19.0612,3490.333,10953.9121,17.6819,0.928571
copper_smelter_v2,metallurgist,3,16,245017.21,26404.0228,11388.3211,132.2751,12948.5811,18.9223,3908.4615,12045.1608,17.4912,0.923469
copper_smelter_v2,metallurgist,3,17,267458.83,28925.1783,12406.7918,143.261,14246.3592,18.7738,4386.694,13283.0304,17.2923,0.918367
copper_smelter_v2,metallurgist,3,18,292593.44,31775.3638,13553.5968,155.6806,15717.4951,18.6158,4934.2152,14688.1776,17.0852,0.913265
copper_smelter_v2,metallurgist,3,19,320744.21,34999.2639,14845.3341,169.7287,17386.2549,18.4481,5561.6812,16284.3577,16.8693,0.908163
copper_smelter_v2,metallurgist,3,20,378427.28,41515.2343,17510.2305,198.122,20711.9871,18.2709,6748.7197,19442.8769,17.3445,0.903061
copper_smelter_v2,metallurgist,3,21,413739.6,45665.2372,19151.794,216.2056,22878.5967,18.0841,7588.2931,21524.1124,16.2984,0.897959
copper_smelter_v2,metallurgist,3,22,453289.4,50368.1724,21004.1603,236.6985,25340.7628,17.8878,8551.5989,23892.5306,16.063,0.892857
copper_smelter_v2,metallurgist,3,23,497585.18,55701.5232,23095.5035,259.9385,28141.0907,17.6818,9658.0249,26590.0812,15.8181,0.887755
copper_smelter_v2,metallurgist,3,24,547196.45,61754.456,25458.0676,286.3141,31328.7647,17.4663,10930.1494,29665.2619,15.5635,0.882653
copper_smelter_v2,metallurgist,3,25,602761.07,68629.7102,28128.8297,316.2729,34960.6087,17.2411,12394.2508,33174.1718,15.2993,0.877551
copper_smelter_v2,metallurgist,3,26,664993.45,76445.8484,31150.2191,350.3316,39102.4091,17.0065,14081.0186,37181.8531,15.0254,0.872449
copper_smelter_v2,metallurgist,3,27,734693.71,85339.9118,34571.0216,389.0873,43830.4285,16.7622,16026.3097,41763.8052,14.742,0.867347
copper_smelter_v2,metallurgist,3,28,812758.01,95470.5371,38447.4135,433.2313,49233.2062,16.5083,18272.078,47007.7969,14.4489,0.862245
copper_smelter_v2,metallurgist,3,29,900190.02,107021.6908,42844.2144,483.5653,55413.7026,16.2449,20867.4657,53016.0186,14.1464,0.857143
copper_smelter_v2,metallurgist,3,30,1146804.63,138110.3083,54960.8747,619.0335,71801.4481,15.9719,27427.9012,68832.7209,15.0487,0.852041
copper_smelter_v2,metallurgist,3,31,1256479.34,153428.972,60691.3124,685.7843,80085.1315,15.6893,31020.4247,76926.0219,13.2398,0.846939
copper_smelter_v2,metallurgist,3,32,1379315.02,170942.2786,67211.6402,762.0982,89582.6299,15.3971,35174.2643,86217.6515,12.9335,0.841837
copper_smelter_v2,metallurgist,3,33,1516890.98,190991.4019,74639.5032,849.462,100487.1199,15.0954,39984.4047,96900.3314,12.6165,0.836735
copper_smelter_v2,metallurgist,3,34,1670976.06,213976.1795,83112.0689,949.6178,113025.6087,14.784,45563.2225,109200.8038,12.289,0.831633
copper_smelter_v2,metallurgist,3,35,1843551.35,240366.3801,92789.7087,1064.6127,127465.491,14.4631,52043.9283,123386.4501,11.9513,0.826531
copper_smelter_v2,metallurgist,3,36,2036835.67,270715.5261,103860.4261,1196.8586,144122.6701,14.1327,59584.9233,139773.5223,11.6037,0.821429
copper_smelter_v2,metallurgist,3,37,2253314.11,305677.7496,116545.3294,1349.2059,163371.3964,13.7926,68374.9996,158737.0873,11.2464,0.816327
copper_smelter_v2,metallurgist,3,38,2495769.96,346028.6771,131105.3124,1525.0345,185656.5473,13.4429,78639.9386,180723.4768,10.8797,0.811225
copper_smelter_v2,metallurgist,3,39,2767320.52,392691.221,147849.3223,1728.3657,211508.7737,13.0837,90650.6276,206265.6368,10.504,0.806122
copper_smelter_v2,metallurgist,3,40,3553777.85,516920.7939,193390.3154,2269.6941,279496.8824,12.7149,121181.4678,273062.8884,11.5676,0.80102
copper_smelter_v2,metallurgist,3,41,3894410.87,581609.2812,216205.6271,2551.5732,315681.3104,12.3365,138427.4111,308968.0159,9.4138,0.795918
copper_smelter_v2,metallurgist,3,42,4275919.85,656807.8438,242594.5764,2879.2497,357860.5954,11.9486,158675.1608,350873.1403,9.0449,0.790816
copper_smelter_v2,metallurgist,3,43,4703209.91,744469.6102,273198.7833,3261.2345,407168.3454,11.551,182516.2787,399921.3508,8.6658,0.785714
copper_smelter_v2,metallurgist,3,44,5181774.77,846972.526,308796.1051,3707.8893,464987.6224,11.1439,210675.9738,457508.5115,8.2769,0.780612
copper_smelter_v2,metallurgist,3,45,5717767.42,967229.4695,350335.5201,4231.907,533015.9768,10.7272,244048.3883,525349.3198,7.879,0.77551
copper_smelter_v2,metallurgist,3,46,6318079.18,1108833.1315,398982.8258,4848.9427,613351.1858,10.3009,283743.3239,605564.4668,7.4726,0.770408
copper_smelter_v2,metallurgist,3,47,6990428.36,1276248.2986,456181.3238,5578.4516,708605.0151,9.8651,331148.2015,700796.2737,7.0585,0.765306
copper_smelter_v2,metallurgist,3,48,7743459.44,1475070.9978,523733.3802,6444.8184,822056.7354,9.4196,388011.9096,814364.8206,6.6375,0.760204
copper_smelter_v2,metallurgist,3,49,8586854.25,1712382.322,603911.7994,7478.8987,957862.7128,8.9646,456559.2599,950481.0981,6.2103,0.755102
copper_smelter_v2,metallurgist,3,50,11212917.93,2349571.9452,823032.803,10255.4423,1319166.8189,8.5,634852.9094,1311162.5214,7.2683,0.75
aluminum_plant_v2,metallurgist,4,1,157902.08,13547.023,6960.0,105.0,5639.36,28.0,292.6184,4172.023,,1.0
aluminum_plant_v2,metallurgist,4,2,165402.08,14114.5078,7214.562,108.0789,5908.9241,27.9919,361.6843,4397.3786,27.8227,0.994899
aluminum_plant_v2,metallurgist,4,3,173802.08,14760.8362,7506.2347,111.5856,6214.4238,27.9675,437.7313,4651.7225,27.4959,0.989796
aluminum_plant_v2,metallurgist,4,4,183210.08,15495.3016,7839.1106,115.5705,6560.3399,27.9269,522.0049,4938.8467,27.1974,0.984694
aluminum_plant_v2,metallurgist,4,5,193747.04,16328.4842,8217.8112,120.0909,6951.8064,27.87,615.9796,5263.1189,26.9166,0.979591
aluminum_plant_v2,metallurgist,4,6,205548.44,17272.3866,8647.5842,125.2121,7394.6435,27.7969,721.3208,5629.4868,26.6495,0.974489
aluminum_plant_v2,metallurgist,4,7,218766.0,18340.6777,9134.3666,131.0082,7895.5135,27.7076,839.984,6043.6381,26.3892,0.969388
aluminum_plant_v2,metallurgist,4,8,233569.67,19548.9231,9684.8748,137.5636,8462.0417,27.602,974.2627,6512.1082,26.1305,0.964286
aluminum_plant_v2,metallurgist,4,9,250149.78,20914.8288,10306.7438,144.9743,9102.9063,27.4802,1126.773,7042.3379,25.8715,0.959184
aluminum_plant_v2,metallurgist,4,10,279639.27,23368.6417,11454.7193,158.2877,10227.4023,27.3422,1354.5468,7953.853,26.2246,0.954082
aluminum_plant_v2,metallurgist,4,11,300437.36,25113.6473,12244.2478,167.7553,11050.4306,27.1878,1556.791,8637.8207,25.2702,0.94898
aluminum_plant_v2,metallurgist,4,12,323731.22,27086.3377,13135.0373,178.4582,11982.3727,27.0173,1788.0561,9413.3687,24.995,0.943878
aluminum_plant_v2,metallurgist,4,13,349820.34,29316.7467,14139.7829,190.5593,13038.1719,26.8305,2053.1637,10293.4593,24.7103,0.938775
aluminum_plant_v2,metallurgist,4,14,379040.16,31839.1617,15272.9196,204.2449,14234.9376,26.6275,2357.7051,11292.9679,24.4157,0.933674
aluminum_plant_v2,metallurgist,4,15,411766.36,34692.9098,16550.887,219.728,15592.3966,26.4082,2708.2695,12429.1126,24.1084,0.928571
aluminum_plant_v2,metallurgist,4,16,448419.7,37922.9807,17992.4491,237.2529,17133.1525,26.1726,3112.458,13721.6469,23.7892,0.923469
aluminum_plant_v2,metallurgist,4,17,489471.44,41581.0698,19619.022,257.1,18883.3046,25.9209,3579.2228,15193.4621,23.4561,0.918367
aluminum_plant_v2,metallurgist,4,18,535449.39,45726.5266,21455.1048,279.5914,20872.8924,25.6529,4118.9726,16870.9551,23.1093,0.913266
aluminum_plant_v2,metallurgist,4,19,586944.7,50427.6822,23528.7254,305.0978,23136.6574,25.3686,4743.9599,18784.7562,22.7476,0.908163
aluminum_plant_v2,metallurgist,4,20,683399.73,59114.3991,27426.8405,352.2279,27261.7378,25.0681,5799.0307,22232.457,23.3826,0.903061
aluminum_plant_v2,metallurgist,4,21,747995.44,65201.4017,30080.076,385.2532,30220.383,24.7514,6655.7541,24752.599,21.8329,0.897959
aluminum_plant_v2,metallurgist,4,22,820342.64,72121.7765,33083.6779,422.8,33595.3097,24.4184,7649.1043,27634.9399,21.4367,0.892857
aluminum_plant_v2,metallurgist,4,23,901371.5,79997.2976,36486.6377,465.5291,37449.2639,24.0691,8802.3525,30935.3417,21.0249,0.887755
aluminum_plant_v2,metallurgist,4,24,992123.83,88969.2742,40345.5262,514.2069,41855.3008,23.7037,10142.9232,34719.0002,20.5973,0.882653
aluminum_plant_v2,metallurgist,4,25,1093766.43,99201.9096,44725.7674,569.7246,46898.5834,23.322,11703.1521,39062.0898,20.1541,0.877551
aluminum_plant_v2,metallurgist,4,26,1207606.15,110886.5556,49703.1905,633.1201,52678.7132,22.924,13521.3387,44053.9275,19.695,0.872449
aluminum_plant_v2,metallurgist,4,27,1335106.63,124246.562,55365.93,705.6055,59312.2731,22.5098,15642.7491,49799.2653,19.2205,0.867347
aluminum_plant_v2,metallurgist,4,28,1477907.17,139543.3726,61816.6111,788.599,66936.2014,22.0793,18121.1824,56421.4424,18.7306,0.862245
aluminum_plant_v2,metallurgist,4,29,1637843.78,157083.76,69175.1129,883.7652,75711.6473,21.6327,21020.5735,64065.9005,18.2255,0.857143
aluminum_plant_v2,metallurgist,4,30,2045660.93,199527.9783,87343.295,1114.0483,96631.4524,21.1697,27493.3918,82081.6966,19.4943,0.852041
aluminum_plant_v2,metallurgist,4,31,2246285.41,223113.1151,97082.8476,1242.0106,108565.7835,20.6905,31624.2101,92566.7946,16.8107,0.846939
aluminum_plant_v2,metallurgist,4,32,2470984.83,250272.4983,108244.6344,1389.3651,122355.494,20.1951,36461.682,104712.478,16.2947,0.841837
aluminum_plant_v2,metallurgist,4,33,2722648.18,281609.7699,121060.0546,1559.3869,138321.5858,19.6835,42138.3472,118810.9139,15.7624,0.836735
aluminum_plant_v2,metallurgist,4,34,3004511.13,317844.9,135803.875,1755.9822,156847.9872,19.1556,48814.1253,135212.205,15.2141,0.831633
aluminum_plant_v2,metallurgist,4,35,3320197.63,359840.2242,152803.7515,1983.8298,178395.7993,18.6114,56682.7223,154337.6047,14.6505,0.826531
aluminum_plant_v2,metallurgist,4,36,3673766.51,408633.3362,172452.2909,2248.5591,203521.263,18.051,65979.6735,176696.1655,14.0721,0.821429
aluminum_plant_v2,metallurgist,4,37,4069763.66,465479.0695,195222.3067,2556.9782,232898.8126,17.4744,76992.8173,202906.1742,13.4796,0.816327
aluminum_plant_v2,metallurgist,4,38,4513280.46,531903.2797,221686.4191,2917.3658,267350.5605,16.8815,90075.6293,233722.5367,12.8736,0.811224
aluminum_plant_v2,metallurgist,4,39,5010019.28,609772.8277,252542.4864,3339.8507,307884.7268,16.2724,105664.6819,270072.5102,12.2548,0.806122
aluminum_plant_v2,metallurgist,4,40,6392612.58,805490.015,331488.9938,4401.7233,408551.3891,15.647,142756.7979,359579.2438,13.7344,0.80102
aluminum_plant_v2,metallurgist,4,41,7015721.76,917668.8889,375249.3118,5010.355,467546.0232,15.0054,166250.7885,412865.2695,10.5621,0.795918
aluminum_plant_v2,metallurgist,4,42,7713604.04,1050504.8459,426814.3927,5731.0626,537624.6698,14.3476,194451.225,476301.1654,9.9586,0.790816
aluminum_plant_v2,metallurgist,4,43,8495232.19,1208597.2224,487878.426,6588.8002,621293.0967,13.6735,228471.3387,552204.829,9.342,0.785714
aluminum_plant_v2,metallurgist,4,44,9370655.72,1397817.9754,560597.7518,7615.4261,721756.1738,12.9831,269742.3264,643544.3367,8.7139,0.780612
aluminum_plant_v2,metallurgist,4,45,10351130.07,1625755.7814,647751.1502,8852.1132,843162.6907,12.2766,320125.7866,754166.1449,8.076,0.77551
aluminum_plant_v2,metallurgist,4,46,11449261.35,1902355.8216,752970.565,10352.8195,990958.2203,11.5537,382075.9903,889124.1031,7.4301,0.770408
aluminum_plant_v2,metallurgist,4,47,12679168.38,2240863.1423,881081.1134,12189.4067,1172405.5813,10.8147,458879.437,1055164.8389,6.7783,0.765306
aluminum_plant_v2,metallurgist,4,48,14056664.25,2659250.9446,1038615.7162,14459.389,1397372.9803,10.0594,555017.7924,1261462.8647,6.1231,0.760204
aluminum_plant_v2,metallurgist,4,49,15599459.63,3182451.102,1234618.4338,17298.0357,1679565.1303,9.2878,676735.1952,1520769.0316,5.4672,0.755102
aluminum_plant_v2,metallurgist,4,50,20342300.31,4515141.4393,1739794.6591,24528.6087,2393211.8091,8.5,977892.554,2173386.3233,6.6459,0.75
rolling_mill_v2,metallurgist,5,1,270515.06,12894.5487,4530.0,182.0,7118.8174,38.0,3338.639,7357.5487,,1.0
rolling_mill_v2,metallurgist,5,2,283515.06,13476.6344,4710.3393,187.7511,7463.3333,37.9877,3528.0475,7720.7008,37.7341,0.994898
rolling_mill_v2,metallurgist,5,3,298075.06,14138.4729,4916.3184,194.2901,7854.242,37.9508,3742.0106,8132.5084,37.2465,0.989795
rolling_mill_v2,metallurgist,5,4,314382.26,14889.7996,5150.8909,201.7134,8297.36,37.8894,3983.79,8599.1192,36.801,0.984694
rolling_mill_v2,metallurgist,5,5,332646.32,15741.7424,5417.3862,210.1307,8799.3762,37.8034,4257.1839,9127.6155,36.3814,0.979591
rolling_mill_v2,metallurgist,5,6,353102.07,16706.9639,5719.6188,219.6672,9367.8797,37.6928,4566.4757,9726.0254,35.9817,0.97449
rolling_mill_v2,metallurgist,5,7,376012.51,17799.9445,6061.892,230.466,10011.6002,37.5577,4916.6516,10403.5995,35.5907,0.969388
rolling_mill_v2,metallurgist,5,8,401672.2,19037.2022,6449.1254,242.6903,10740.4863,37.398,5313.3833,11170.8769,35.204,0.964286
rolling_mill_v2,metallurgist,5,9,430411.06,20437.6147,6886.9046,256.5266,11565.9396,37.2137,5763.2082,12039.9458,34.8159,0.959184
rolling_mill_v2,metallurgist,5,10,477504.83,22729.7497,7618.5495,279.1732,12903.8635,37.0048,6476.8023,13444.5428,35.1991,0.954082
rolling_mill_v2,metallurgist,5,11,513554.85,24526.979,8176.9807,296.9301,13966.1693,36.7713,7059.182,14563.883,33.9356,0.94898
rolling_mill_v2,metallurgist,5,12,553930.88,26562.5898,8808.0142,317.0422,15170.6541,36.5133,7721.0083,15833.4249,33.5214,0.943877
rolling_mill_v2,metallurgist,5,13,599152.03,28869.1151,9521.1042,339.8311,16537.1165,36.2307,8473.8048,17274.2039,33.0936,0.938776
rolling_mill_v2,metallurgist,5,14,649799.72,31483.9877,10327.0637,365.6663,18088.3943,35.9236,9330.9284,18910.5011,32.649,0.933674
rolling_mill_v2,metallurgist,5,15,706525.13,34450.211,11238.2641,394.973,19850.7673,35.5918,10307.7997,20770.2702,32.1869,0.928571
rolling_mill_v2,metallurgist,5,16,770057.59,37817.3516,12268.898,428.2408,21854.5852,35.2355,11422.2935,22885.8109,31.7057,0.923469
rolling_mill_v2,metallurgist,5,17,841213.94,41642.584,13435.2597,466.0347,24134.9219,34.8546,12695.1429,25294.4707,31.2043,0.918367
rolling_mill_v2,metallurgist,5,18,920909.06,45991.9668,14756.0809,509.0073,26732.3844,34.4492,14150.4448,28039.5129,30.6819,0.913265
rolling_mill_v2,metallurgist,5,19,1010167.59,50941.9778,16252.9333,557.914,29694.0835,34.0192,15816.2682,31171.1591,30.1376,0.908163
rolling_mill_v2,metallurgist,5,20,1165583.03,59403.1227,18845.9687,641.5114,34726.6091,33.5646,18612.0337,36483.4298,30.8822,0.903061
rolling_mill_v2,metallurgist,5,21,1277548.93,65867.8176,20778.8699,705.3835,38613.7009,33.0854,20820.5657,40599.3329,28.8045,0.897959
rolling_mill_v2,metallurgist,5,22,1402950.74,73247.7031,22975.6662,778.2979,43059.5529,32.5816,23356.3652,45309.4289,28.2065,0.892857
rolling_mill_v2,metallurgist,5,23,1543400.77,81682.7624,25475.0847,861.6375,48151.055,32.0533,26271.9454,50706.538,27.5852,0.887755
rolling_mill_v2,metallurgist,5,24,1700704.8,91336.5886,28322.1897,957.0186,53989.9209,31.5004,29628.9678,56899.3657,26.9409,0.882653
rolling_mill_v2,metallurgist,5,25,1876885.31,102400.8593,31569.5247,1066.3352,60695.5495,30.9229,33500.0652,64015.5826,26.2735,0.877551
rolling_mill_v2,metallurgist,5,26,2074207.49,115100.7777,35278.5211,1191.8123,68408.4865,30.3209,37971.0282,72205.5481,25.5833,0.872449
rolling_mill_v2,metallurgist,5,27,2295208.33,129701.662,39521.2285,1336.0711,77294.5953,29.6943,43143.4158,81646.7877,24.8704,0.867347
rolling_mill_v2,metallurgist,5,28,2542729.27,146516.9917,44382.3896,1502.209,87550.182,29.0431,49137.7999,92549.5075,24.1352,0.862245
rolling_mill_v2,metallurgist,5,29,2819952.72,165918.452,49962.0133,1693.8982,99408.4103,28.3673,56097.8435,105163.4984,23.3782,0.857143
rolling_mill_v2,metallurgist,5,30,3498560.44,210487.3248,63005.4914,2134.2452,126452.4018,27.667,71747.3776,133873.0782,25.0927,0.852041
rolling_mill_v2,metallurgist,5,31,3846309.54,237010.4444,70519.8781,2396.2974,142762.014,26.9421,81432.2411,151251.2448,21.3217,0.846939
rolling_mill_v2,metallurgist,5,32,4235788.53,267775.3419,79193.6774,2700.2589,161716.8228,26.1926,92729.4984,171458.7159,20.5478,0.841837
rolling_mill_v2,metallurgist,5,33,4672005.0,303551.6025,89230.3047,3053.7336,183802.7808,25.4186,105942.0914,195017.012,19.7509,0.836735
rolling_mill_v2,metallurgist,5,34,5160567.44,345271.0638,100875.0547,3465.9279,209609.1706,24.62,121438.341,222558.7963,18.9318,0.831633
rolling_mill_v2,metallurgist,5,35,5707757.38,394068.2526,114425.4036,3948.0512,239854.474,23.7968,139668.4454,254855.7342,18.0917,0.826531
rolling_mill_v2,metallurgist,5,36,6320610.11,451333.0336,130244.3765,4513.8354,275420.0948,22.949,161186.0266,292854.8193,17.2316,0.821429
rolling_mill_v2,metallurgist,5,37,7007005.16,518779.6984,148778.0788,5180.2182,317394.6192,22.0766,186676.4223,337726.0559,16.3527,0.816327
rolling_mill_v2,metallurgist,5,38,7775767.62,598538.8778,170578.9665,5968.2504,367132.745,21.1797,216994.402,390925.9551,15.4562,0.811225
rolling_mill_v2,metallurgist,5,39,8636781.58,693281.1875,196337.149,6904.318,426334.5568,20.2582,253214.9085,454282.955,14.5437,0.806122
rolling_mill_v2,metallurgist,5,40,10983491.83,922479.1215,259592.5243,9168.8267,568734.4603,19.3122,339425.684,606440.9863,16.4797,0.80102
rolling_mill_v2,metallurgist,5,41,12063547.74,1064105.5977,297539.9674,10568.1167,657717.8368,18.3415,394406.4104,701809.7712,12.1377,0.795918
rolling_mill_v2,metallurgist,5,42,13273210.36,1234852.9679,343070.1503,12255.1254,765189.0923,17.3463,461022.0235,817048.0291,11.2557,0.790816
rolling_mill_v2,metallurgist,5,43,14628032.49,1442258.4053,398106.973,14304.321,895966.9868,16.3265,542341.9437,957344.1858,10.3597,0.785714
rolling_mill_v2,metallurgist,5,44,16145433.28,1696380.9861,465211.897,16815.0887,1056487.9804,15.2822,642471.8547,1129629.9795,9.453,0.780612
rolling_mill_v2,metallurgist,5,45,17844922.16,2010903.1546,547861.4299,19922.6131,1255513.6271,14.2132,767007.7657,1343343.0234,8.539,0.77551
rolling_mill_v2,metallurgist,5,46,19748349.7,2404856.7617,650881.8292,23814.9315,1505239.2009,13.1197,923747.7341,1611621.9195,7.6221,0.770408
rolling_mill_v2,metallurgist,5,47,21880188.55,2905428.674,781155.4378,28760.6541,1823095.9464,12.0017,1123849.1283,1953249.1745,6.7069,0.765306
rolling_mill_v2,metallurgist,5,48,24267848.06,3552723.6843,948819.68,35156.0222,2234810.7444,10.859,1383793.4052,2395949.696,5.7993,0.760204
rolling_mill_v2,metallurgist,5,49,26942026.71,4408284.8562,1169411.4728,43609.0899,2779879.9353,9.6918,1728901.5858,2982292.0054,4.9061,0.755102
rolling_mill_v2,metallurgist,5,50,35083772.15,6529139.3891,1720320.0842,64563.4384,4127502.6038,8.5,2578267.9465,4430952.5399,6.0416,0.75
nickel_plant,metallurgist,6,1,493277.8,16845.7195,5170.0,336.0,9865.556,50.0,5385.5756,9964.7195,,1.0
nickel_plant,metallurgist,6,2,517277.8,17623.5369,5381.1169,346.8598,10349.1373,49.9827,5680.2943,10464.412,49.6297,0.994898
nickel_plant,metallurgist,6,3,544157.8,18508.1562,5622.2457,359.2109,10898.2287,49.9308,6013.9455,11031.4215,48.9536,0.989796
nickel_plant,metallurgist,6,4,574263.4,19512.7507,5896.8606,373.2372,11521.108,49.8445,6391.6724,11674.3389,48.333,0.984694
nickel_plant,metallurgist,6,5,607981.67,20652.3973,6208.9322,389.1489,12227.2551,49.7235,6819.3707,12403.0045,47.7496,0.979593
nickel_plant,metallurgist,6,6,645746.13,21944.2956,6562.9634,407.1864,13027.5068,49.5679,7303.8049,13228.6767,47.1907,0.97449
nickel_plant,metallurgist,6,7,688042.33,23408.1044,6964.0986,427.6241,13934.2521,49.3778,7852.7116,14164.2278,46.6462,0.969388
nickel_plant,metallurgist,6,8,735414.07,25066.3296,7418.1797,450.7762,14961.7151,49.1531,8475.018,15224.4536,46.1055,0.964285
nickel_plant,metallurgist,6,9,788470.42,26944.7453,7931.8916,477.0026,16126.1905,48.8938,9180.9563,16426.3055,45.5624,0.959184
nickel_plant,metallurgist,6,10,868692.77,29782.4741,8720.6164,516.623,17874.3542,48.6,10228.4316,18225.9218,45.8895,0.954081
nickel_plant,metallurgist,6,11,935246.66,32197.4259,9377.3305,550.3407,19374.6866,48.2716,11141.6043,19775.7838,44.3594,0.94898
nickel_plant,metallurgist,6,12,1009787.02,34935.5123,10120.0734,588.5697,21077.3762,47.9086,12179.7301,21535.3603,43.778,0.943877
nickel_plant,metallurgist,6,13,1093272.22,38041.5092,10960.2501,631.9357,23010.9114,47.511,13360.8966,23534.3634,43.1775,0.938776
nickel_plant,metallurgist,6,14,1186775.64,41567.032,11910.9097,681.159,25208.218,47.0789,14706.102,25807.1682,42.5537,0.933673
nickel_plant,metallurgist,6,15,1291499.47,45571.5964,12987.0503,737.0707,27707.3035,46.6122,16239.6309,28393.4726,41.9049,0.928571
nickel_plant,metallurgist,6,16,1408790.16,50123.95,14205.8985,800.6307,30552.156,46.111,17989.6815,31339.2562,41.2291,0.923469
nickel_plant,metallurgist,6,17,1540155.74,55303.6381,15587.307,872.9496,33793.7419,45.5752,19989.0004,34697.8211,40.5251,0.918367
nickel_plant,metallurgist,6,18,1687285.19,61202.8575,17154.1686,955.3145,37491.2357,45.0048,22275.7186,38531.0955,39.7917,0.913265
nickel_plant,metallurgist,6,19,1852070.17,67928.6458,18932.9329,1049.22,41713.4488,44.3998,24894.2973,42911.1384,39.0281,0.908163
nickel_plant,metallurgist,6,20,2119313.14,78669.2239,21803.3428,1199.18,48430.03,43.7603,29031.1849,49867.9397,39.7885,0.903061
nickel_plant,metallurgist,6,21,2326019.42,87483.4939,24109.2455,1322.2448,53985.2432,43.0862,32500.6821,55639.9703,37.2094,0.897959
nickel_plant,metallurgist,6,22,2557530.45,97567.5943,26735.5176,1463.0392,60351.0627,42.3776,36487.7599,62258.5276,36.3678,0.892857
nickel_plant,metallurgist,6,23,2816822.81,109120.5741,29730.4055,1624.3419,67656.2692,41.6343,41076.5091,69858.8039,35.4942,0.887755
nickel_plant,metallurgist,6,24,3107230.25,122376.1171,33150.314,1809.4158,76052.2569,40.8565,46366.0069,78599.8144,34.5888,0.882653
nickel_plant,metallurgist,6,25,3432486.58,137609.398,37061.3673,2022.103,85717.5571,40.0441,52473.3645,88669.1811,33.652,0.877551
nickel_plant,metallurgist,6,26,3796773.67,155145.4383,41541.2964,2266.9412,96863.3646,39.1972,59537.4648,100288.9836,32.6838,0.872449
nickel_plant,metallurgist,6,27,4204775.22,175369.331,46681.786,2549.3072,109740.2669,38.3157,67723.4786,113722.8692,31.6848,0.867347
nickel_plant,metallurgist,6,28,4661736.95,198738.9598,52591.3856,2875.5941,124646.6227,37.3996,77228.4954,129284.9095,30.6555,0.862245
nickel_plant,metallurgist,6,29,5173534.09,225800.8839,59399.0916,3253.4327,141939.0728,36.449,88288.637,147350.7288,29.5966,0.857143
nickel_plant,metallurgist,6,30,6402628.74,286549.884,74931.0176,4101.6106,180540.0125,35.4638,112741.7702,187588.7937,31.8411,0.852041
nickel_plant,metallurgist,6,31,7044627.07,323898.6467,84190.317,4623.0742,204524.1723,34.444,128210.3677,212694.2137,26.7676,0.846939
nickel_plant,metallurgist,6,32,7763665.2,367419.1083,94927.1817,5230.707,232517.261,33.3896,146313.8071,242014.6287,25.6863,0.841837
nickel_plant,metallurgist,6,33,8568987.91,418283.057,107413.5434,5940.8697,265287.9202,32.3007,167565.2608,276361.2122,24.5745,0.836735
nickel_plant,metallurgist,6,34,9470949.34,477924.4511,121980.8766,6773.5829,303777.8926,31.1772,192594.663,316728.2691,23.4337,0.831633
nickel_plant,metallurgist,6,35,10481146.14,548109.7663,139036.0604,7753.5105,349148.57,30.0192,222180.212,364342.5198,22.2654,0.826531
nickel_plant,metallurgist,6,36,11612566.56,631031.5068,159082.2856,8911.2642,402843.0226,28.8265,257290.5129,420728.8385,21.0715,0.821429
nickel_plant,metallurgist,6,37,12879757.43,729433.6549,182747.1799,10285.1554,466669.148,27.5993,299140.9987,487798.3462,19.8538,0.816327
nickel_plant,metallurgist,6,38,14299011.2,846782.7397,210821.0761,11923.5838,542913.1295,26.3376,349270.9939,567968.6448,18.6146,0.811224
nickel_plant,metallurgist,6,39,15888575.43,987504.6539,244309.9424,13888.3436,634496.5401,25.0412,409650.466,664330.3195,17.3565,0.806122
nickel_plant,metallurgist,6,40,20074248.48,1314852.0405,323237.2821,18458.7692,846645.7107,23.7103,548566.9401,887188.627,19.7299,0.80102
nickel_plant,metallurgist,6,41,22068197.85,1530524.604,373860.7019,21469.9902,987618.7033,22.3449,642158.6401,1035762.8741,14.1442,0.795918
nickel_plant,metallurgist,6,42,24301421.14,1794256.8766,435472.9878,25152.2212,1160259.5507,20.9448,757043.7983,1217814.3835,12.9357,0.790816
nickel_plant,metallurgist,6,43,26802631.23,2119952.3888,511201.0488,29699.5833,1373775.0283,19.5102,899460.7545,1443094.0309,11.7144,0.785714
nickel_plant,metallurgist,6,44,29603986.53,2526870.6833,605367.8528,35380.9781,1640926.0116,18.041,1078063.7894,1725119.764,10.486,0.780612
nickel_plant,metallurgist,6,45,32741504.46,3042388.3453,724107.6615,42578.6376,1979860.7801,16.5373,1305170.5463,2083120.2213,9.257,0.77551
nickel_plant,metallurgist,6,46,36255524.54,3706648.9098,876401.8922,51853.0462,2417202.7552,14.999,1598863.2434,2545308.3618,8.0349,0.770408
nickel_plant,metallurgist,6,47,40191227.03,4580800.3678,1075913.9293,64057.9522,2993520.7831,13.4261,1986711.4481,3154681.1647,6.829,0.765306
nickel_plant,metallurgist,6,48,44599213.82,5762522.4557,1344447.369,80557.1603,3773640.5959,11.8186,2512789.7507,3979952.1367,5.6504,0.760204
nickel_plant,metallurgist,6,49,49536159.03,7417665.8136,1718992.1136,103666.2782,4867656.457,10.1766,3251978.2023,5137828.6682,4.5127,0.755102
nickel_plant,metallurgist,6,50,64434750.8,11527766.1857,2653428.5638,161051.5152,7580558.9128,8.5,5081018.5876,8007587.0205,5.4918,0.75
special_steel_plant,metallurgist,7,1,822135.1,21825.3574,6500.0,560.0,12845.8609,64.0,7150.2859,13225.3574,,1.0
special_steel_plant,metallurgist,7,2,862135.1,22832.7722,6765.33,578.0939,13475.7331,63.9769,7540.1289,13886.4856,63.505,0.994898
special_steel_plant,metallurgist,7,3,906935.1,23979.171,7068.5745,598.6841,14191.3638,63.9075,7981.7909,14637.2039,62.6021,0.989796
special_steel_plant,metallurgist,7,4,957111.1,25281.7738,7414.1405,622.0799,15003.6315,63.792,8482.1284,15488.9724,61.7727,0.984694
special_steel_plant,metallurgist,7,5,1013308.22,26760.2453,7807.059,648.6345,15924.9601,63.6302,9048.9733,16454.8794,60.9957,0.979592
special_steel_plant,metallurgist,7,6,1076248.99,28437.1093,8253.0565,678.7522,16969.6116,63.4221,9691.3505,17549.9611,60.2505,0.97449
special_steel_plant,metallurgist,7,7,1146742.66,30338.1198,8758.6655,712.8956,18153.9061,63.1678,10419.602,18791.4287,59.5238,0.969387
special_steel_plant,metallurgist,7,8,1225695.57,32492.7409,9331.3415,751.5945,19496.5303,62.8674,11245.586,20198.9948,58.8049,0.964286
special_steel_plant,metallurgist,7,9,1314122.83,34934.8456,9979.593,795.4565,21019.0226,62.5206,12183.0305,21795.4002,58.0806,0.959184
special_steel_plant,metallurgist,7,10,1441586.75,38456.7817,10927.241,858.7131,23203.62,62.1277,13515.8508,24081.9121,58.3466,0.954082
special_steel_plant,metallurgist,7,11,1552509.9,41599.7641,11757.0895,915.1635,25166.9347,61.6885,14729.0136,26141.9853,56.4979,0.94898
special_steel_plant,metallurgist,7,12,1676743.83,45165.591,12696.242,979.2082,27396.4225,61.203,16108.9016,28482.1081,55.7231,0.943877
special_steel_plant,metallurgist,7,13,1815885.83,49213.3436,13759.3105,1051.9092,29929.8478,60.6714,17679.8,31142.2257,54.9225,0.938776
special_steel_plant,metallurgist,7,14,1971724.87,53811.2917,14963.0585,1134.4916,32810.9552,60.0935,19469.954,34168.6478,54.09,0.933673
special_steel_plant,metallurgist,7,15,2146264.59,59038.1811,16326.7715,1228.3705,36090.244,59.4694,21512.0171,37614.8501,53.2249,0.928572
special_steel_plant,metallurgist,7,16,2341749.08,64985.1981,17872.6535,1335.1837,39826.304,58.7991,23843.9945,41542.9168,52.3237,0.92347
special_steel_plant,metallurgist,7,17,2560691.71,71758.0866,19626.334,1456.8296,44087.1831,58.0825,26510.1387,46024.9916,51.3844,0.918367
special_steel_plant,metallurgist,7,18,2805907.46,79479.5271,21617.44,1595.5127,48951.9197,57.3197,29561.9489,51144.9039,50.4068,0.913265
special_steel_plant,metallurgist,7,19,3080549.1,88292.3881,23880.272,1753.7985,54512.7363,56.5106,33059.704,57000.5301,49.3887,0.908163
special_steel_plant,metallurgist,7,20,3507680.99,101825.1573,27385.7285,1996.8573,63025.0372,55.6554,38384.6758,65954.2604,50.1782,0.903061
special_steel_plant,metallurgist,7,21,3852191.46,113398.1622,30325.9645,2204.7172,70354.7081,54.7539,43024.8658,73682.5597,47.0022,0.897959
special_steel_plant,metallurgist,7,22,4238043.18,126656.6303,33679.2105,2442.8492,78765.0764,53.8061,48363.6393,82555.1884,45.8781,0.892857
special_steel_plant,metallurgist,7,23,4670197.11,141868.8608,37508.718,2716.0724,88430.3412,52.8122,54515.9392,92757.3895,44.7121,0.887755
special_steel_plant,metallurgist,7,24,5154209.51,159350.9066,41888.665,3030.0632,99555.9952,51.772,61617.6646,104507.787,43.5042,0.882653
special_steel_plant,metallurgist,7,25,5696303.4,179476.1778,46906.301,3391.5284,112385.1631,50.6855,69829.9623,118065.1632,42.2548,0.877551
special_steel_plant,metallurgist,7,26,6303448.56,202687.3362,52664.5795,3808.4184,127206.4744,49.5529,79344.5814,133736.8842,40.9643,0.872449
special_steel_plant,metallurgist,7,27,6983451.14,229510.9406,59285.4665,4290.1909,144363.6963,48.374,90390.3618,151889.188,39.6336,0.867347
special_steel_plant,metallurgist,7,28,7745054.03,260575.8884,66913.977,4848.141,164267.9803,47.1489,103241.6042,172960.3051,38.2633,0.862245
special_steel_plant,metallurgist,7,29,8598049.26,296636.355,75723.31,5495.8144,187412.9907,45.8776,118228.3046,197476.631,36.8544,0.857143
special_steel_plant,metallurgist,7,30,10590875.55,375347.0184,95245.696,6909.5177,237676.8701,44.56,150499.553,250625.9013,39.6473,0.852041
special_steel_plant,metallurgist,7,31,11660872.77,425397.3863,107299.777,7808.4601,269951.5598,43.1962,171559.7834,284867.3559,33.1528,0.846939
special_steel_plant,metallurgist,7,32,12859269.65,483905.9751,121322.357,8859.319,307740.1402,41.7861,196281.9256,324980.233,31.7132,0.841837
special_steel_plant,metallurgist,7,33,14201474.16,552530.3333,137687.94,10091.8647,352132.9599,40.3299,225400.4919,372129.0782,30.2347,0.836735
special_steel_plant,metallurgist,7,34,15704743.21,633314.6457,156856.6935,11542.8121,404476.1719,38.8274,259823.8642,427752.1696,28.7195,0.831633
special_steel_plant,metallurgist,7,35,17388404.55,728799.0783,179398.479,13257.7852,466444.2483,37.2786,300683.759,493639.1745,27.1698,0.826531
special_steel_plant,metallurgist,7,36,19274105.25,842167.2525,206025.105,15293.9638,540137.9199,35.6837,349402.1807,572036.082,25.5884,0.821429
special_steel_plant,metallurgist,7,37,21386090.03,977447.4089,237634.397,17723.698,628217.7031,34.0425,407782.6336,665788.2414,23.9781,0.816327
special_steel_plant,metallurgist,7,38,23751512.99,1139791.9252,275371.2715,20639.5291,734089.5784,32.3551,478137.1039,778539.3157,22.3423,0.811225
special_steel_plant,metallurgist,7,39,26400786.7,1335872.6821,320714.121,24161.2884,862167.6273,30.6214,563465.6758,915012.6964,20.6848,0.806122
special_steel_plant,metallurgist,7,40,33428180.48,1792092.9512,427519.677,32355.351,1159029.5932,28.8415,760039.4945,1230928.6459,23.6723,0.80102
special_steel_plant,metallurgist,7,41,36751429.42,2099103.6625,497570.255,37869.4966,1360387.6025,27.0154,895058.0509,1445778.0351,16.5042,0.795918
special_steel_plant,metallurgist,7,42,40473468.24,2478741.9391,583793.067,44688.0884,1609726.8818,25.1431,1062615.8624,1711946.7339,14.9276,0.790816
special_steel_plant,metallurgist,7,43,44642151.72,2953850.8983,691202.3625,53221.4064,1922201.6026,23.2245,1273055.7685,2045665.3389,13.3409,0.785714
special_steel_plant,metallurgist,7,44,49311077.21,3557053.4475,826947.1275,64055.3823,2319464.3158,21.2597,1541166.6845,2470128.0798,11.7527,0.780612
special_steel_plant,metallurgist,7,45,54540273.76,4336460.0734,1001555.1325,78054.1174,2833460.2164,19.2486,1888781.2426,3019559.2998,10.1736,0.77551
special_steel_plant,metallurgist,7,46,60396973.9,5365876.2555,1231157.2325,96543.214,3513212.9538,17.1914,2349421.9416,3746486.2492,8.6159,0.770408
special_steel_plant,metallurgist,7,47,66956478.05,6764268.5687,1541728.929,121659.4023,4437765.8066,15.0879,2977162.0592,4735609.0758,7.0948,0.765306
special_steel_plant,metallurgist,7,48,74303122.7,8736025.3085,1977862.393,157073.6515,5742947.6597,12.9382,3864953.0058,6132488.0201,5.6288,0.760204
special_steel_plant,metallurgist,7,49,82531364.71,11663528.8972,2622935.471,209653.84,7682917.44,10.7422,5186766.0713,8209505.6439,4.2414,0.755102
special_steel_plant,metallurgist,7,50,107239481.5,19114620.0745,4269518.76,343481.0982,12616409.5881,8.5,8543936.8213,13490072.6946,5.0082,0.75
high_strength_materials,metallurgist,8,1,1376260.0,27638.8506,6920.0,945.0,17203.25,80.0,10786.0805,18123.8506,,1.0
high_strength_materials,metallurgist,8,2,1443760.0,28934.9745,7207.5537,976.0211,18053.7178,79.9702,11360.628,19032.8356,79.3681,0.994898
high_strength_materials,metallurgist,8,3,1519360.0,30409.8388,7536.0876,1011.3202,19020.315,79.8809,12012.4195,20065.5315,78.2125,0.989796
high_strength_materials,metallurgist,8,4,1604032.0,32085.7482,7910.425,1051.431,20117.7862,79.732,12751.53,21237.7359,77.1519,0.984695
high_strength_materials,metallurgist,8,5,1698864.64,33988.2132,8336.0396,1096.964,21363.0323,79.5236,13589.5471,22567.57,76.1557,0.979592
high_strength_materials,metallurgist,8,6,1805077.2,36146.4481,8819.2009,1148.6184,22775.407,79.2555,14539.7387,24075.7846,75.2014,0.97449
high_strength_materials,metallurgist,8,7,1924035.26,38593.8959,9367.0366,1207.1949,24377.1081,78.928,15617.367,25786.1948,74.2698,0.969388
high_strength_materials,metallurgist,8,8,2057268.29,41368.9471,9987.719,1273.6118,26193.6261,78.5408,16839.9673,27726.1515,73.3453,0.964286
high_strength_materials,metallurgist,8,9,2206489.28,44515.6026,10690.5488,1348.9231,28254.2337,78.0941,18227.7358,29927.0837,72.416,0.959183
high_strength_materials,metallurgist,8,10,2413654.65,48889.0638,11678.4065,1453.5965,31108.6428,77.5879,20140.0447,32972.4695,72.5773,0.954082
high_strength_materials,metallurgist,8,11,2600837.47,52942.8816,12579.1276,1550.6193,33767.4273,77.0221,21934.9947,35813.7763,70.4017,0.948979
high_strength_materials,metallurgist,8,12,2810482.22,57544.8608,13599.0456,1660.7616,36787.9967,76.3967,23976.5587,39042.5066,69.4057,0.943878
high_strength_materials,metallurgist,8,13,3045284.34,62772.3624,14754.222,1785.8748,40222.0712,75.7118,26300.6822,42714.2793,68.3742,0.938775
high_strength_materials,metallurgist,8,14,3308262.72,68714.7153,16063.1538,1928.0973,44129.4138,74.9673,28948.9442,46893.3769,67.3036,0.933673
high_strength_materials,metallurgist,8,15,3602798.51,75475.2887,17547.1409,2089.9033,48579.2727,74.1633,31969.6163,51654.3164,66.1899,0.928572
high_strength_materials,metallurgist,8,16,3932678.59,83173.9247,19230.7354,2274.1602,53652.0554,73.2997,35418.8765,57083.666,65.0294,0.92347
high_strength_materials,metallurgist,8,17,4302144.28,91949.702,21142.3369,2484.197,59441.1562,72.3765,39362.0592,63282.0039,63.8209,0.918368
high_strength_materials,metallurgist,8,18,4715945.85,101964.446,23314.8086,2723.8866,66055.4032,71.3938,43875.4573,70366.584,62.5622,0.913265
high_strength_materials,metallurgist,8,19,5179403.61,113406.7643,25786.3005,2997.7438,73621.7664,70.3515,49048.2169,78474.2524,61.2524,0.908163
high_strength_materials,metallurgist,8,20,5876968.57,130447.4976,29494.3617,3405.5913,84866.3638,69.2497,56710.8642,90514.9295,62.0356,0.903061
high_strength_materials,metallurgist,8,21,6458329.98,145504.4525,32712.9022,3765.9605,94852.2632,68.0883,63568.2483,101225.5481,58.2182,0.897959
high_strength_materials,metallurgist,8,22,7109454.76,162776.3848,36388.1072,4179.3414,106321.7745,66.8673,71459.6056,113532.5811,56.7701,0.892857
high_strength_materials,metallurgist,8,23,7838714.52,182620.6096,40590.9346,4654.2869,119516.5876,65.5868,80555.7988,127696.9138,55.2687,0.887755
high_strength_materials,metallurgist,8,24,8655485.45,205459.117,45404.7773,5200.8972,134722.4949,64.2468,91059.2304,144027.1589,53.7141,0.882653
high_strength_materials,metallurgist,8,25,9570268.89,231791.8937,50928.0168,5831.1383,152278.4826,62.8472,103210.3515,162889.4976,52.1066,0.877551
high_strength_materials,metallurgist,8,26,10594826.34,262213.3408,57277.0891,6559.236,172588.0036,61.388,117295.803,184719.9063,50.4471,0.872449
high_strength_materials,metallurgist,8,27,11742330.69,297432.7818,64590.3735,7402.1675,196133.0095,59.8692,133658.4977,210039.357,48.7366,0.867347
high_strength_materials,metallurgist,8,28,13027535.56,338300.2496,73032.988,8380.2772,223491.6765,58.2909,152710.4405,239473.0494,46.9762,0.862245
high_strength_materials,metallurgist,8,29,14466965.01,385838.9621,82802.8724,9518.0547,255360.6905,56.6531,174948.8064,273774.5756,45.1671,0.857143
high_strength_materials,metallurgist,8,30,17759117.24,487354.8019,103966.1008,11947.7041,323153.6674,54.9556,221986.9863,346651.3921,48.5618,0.852041
high_strength_materials,metallurgist,8,31,19564737.55,553659.216,117403.3983,13534.6141,367767.4471,53.1987,253287.6613,394727.6187,40.4723,0.846939
high_strength_materials,metallurgist,8,32,21587032.29,631376.2918,133076.7692,15394.6717,420127.2203,51.3821,290091.2079,451174.1184,38.6231,0.841837
high_strength_materials,metallurgist,8,33,23852002.4,722798.3958,151422.7342,17582.7414,481799.8406,49.506,333521.874,517687.7885,36.7257,0.836735
high_strength_materials,metallurgist,8,34,26388768.93,830769.7038,172980.9562,20166.894,554731.0126,47.5704,384977.4347,596376.3943,34.783,0.831633
high_strength_materials,metallurgist,8,35,29229947.44,958848.3032,198424.3499,23232.2892,641356.7478,45.5752,446209.8285,689879.4998,32.7983,0.826531
high_strength_materials,metallurgist,8,36,32412067.37,1111527.2761,228599.9026,26886.4621,744755.5929,43.5204,519435.5049,801533.7092,30.7752,0.821429
high_strength_materials,metallurgist,8,37,35976041.69,1294540.2468,264585.2243,31266.64,868858.8928,41.4061,607487.7211,935600.8652,28.7178,0.816327
high_strength_materials,metallurgist,8,38,39967692.93,1515291.9951,307768.0242,36550.0461,1018747.3146,39.2322,714031.5137,1097589.9306,26.6308,0.811224
high_strength_materials,metallurgist,8,39,44438342.32,1783477.1795,359960.3665,42968.7102,1201076.8494,36.9988,843872.4836,1294719.4027,24.5196,0.806122
high_strength_materials,metallurgist,8,40,56160719.85,2398772.6352,481081.6455,57695.0085,1618196.5037,34.7057,1139700.6314,1745287.2074,28.1032,0.80102
high_strength_materials,metallurgist,8,41,61768702.44,2825428.9282,563039.7173,67906.4726,1909199.9824,32.3532,1347877.094,2060231.9387,19.2712,0.795918
high_strength_materials,metallurgist,8,42,68049642.94,3357909.4604,664860.798,80650.7028,2272786.2248,29.9411,1608385.6685,2453869.0121,17.275,0.790816
high_strength_materials,metallurgist,8,43,75084296.31,4031718.1041,793123.6969,96777.438,2733380.7632,27.4694,1938911.4999,2952705.105,15.273,0.785714
high_strength_materials,metallurgist,8,44,82963108.08,4898831.9566,957445.401,117530.6819,3326754.61,24.9382,2365366.7818,3595563.2563,13.278,0.780612
high_strength_materials,metallurgist,8,45,91787377.26,6038268.0319,1172427.5602,144801.6044,4107303.8146,22.3474,2927171.4809,4441486.0531,11.3052,0.77551
high_strength_materials,metallurgist,8,46,101670558.74,7575937.6289,1461313.4578,181603.7301,5161727.7837,19.697,3687176.1864,5584585.8738,9.3731,0.770408
high_strength_materials,metallurgist,8,47,112739722.0,9724939.3811,1863409.0746,233037.2963,6636788.9189,16.9871,4751800.5968,7184183.0431,7.5042,0.765306
high_strength_materials,metallurgist,8,48,125137184.85,12875907.4529,2450722.6226,308451.6258,8801557.888,14.2176,6316190.4027,9532384.6024,5.7269,0.760204
high_strength_materials,metallurgist,8,49,139022343.24,17828883.0887,3370667.3741,426994.6662,12207162.3121,11.3886,8780110.7436,13227521.4577,4.0771,0.755102
high_strength_materials,metallurgist,8,50,180561144.46,30974672.2262,5816397.7703,741622.0597,21242487.5847,8.5,15313519.0659,23029794.5464,4.5974,0.75
titanium_complex,metallurgist,9,1,2430538.6,37137.3727,6950.0,1680.0,24801.4143,98.0,17604.8982,25482.3727,,1.0
titanium_complex,metallurgist,9,2,2550538.6,38906.0773,7243.8529,1736.0081,26035.8081,97.9627,18523.0742,26773.3162,97.2137,0.994898
titanium_complex,metallurgist,9,3,2684938.6,40918.3287,7579.4476,1799.7291,27439.0622,97.851,19565.7624,28240.1837,95.7774,0.989797
titanium_complex,metallurgist,9,4,2835466.6,43204.8024,7961.7184,1872.1323,29032.728,97.6645,20749.132,29905.5994,94.4539,0.984694
titanium_complex,metallurgist,9,5,3004057.96,45800.482,8396.3158,1954.3275,30841.3596,97.4036,22091.5843,31795.327,93.2149,0.979592
titanium_complex,metallurgist,9,6,3192880.28,48745.5499,8889.6755,2047.5865,32893.2104,97.0681,23614.3401,33939.0406,92.0254,0.97449
titanium_complex,metallurgist,9,7,3404361.28,52086.0194,9449.1436,2153.3676,35220.6522,96.6581,25341.7326,36370.7516,90.8641,0.969388
titanium_complex,metallurgist,9,8,3641220.0,55874.8113,10083.1364,2273.3442,37860.9477,96.1735,27301.8002,39129.6275,89.7092,0.964286
titanium_complex,metallurgist,9,9,3906501.77,60172.6081,10801.2591,2409.4387,40856.8619,95.6143,29526.7591,42260.6428,88.5479,0.959184
titanium_complex,metallurgist,9,10,4263933.53,65973.4286,11779.5342,2593.1287,44892.6662,94.9806,32516.3129,46473.7023,88.5652,0.954081
titanium_complex,metallurgist,9,11,4596702.98,71515.0673,12700.715,2768.6117,48759.7944,94.2724,35392.3697,50517.7317,86.0508,0.94898
titanium_complex,metallurgist,9,12,4969404.77,77809.4806,13744.2783,2967.9319,53154.6253,93.4896,38663.2352,55115.0486,84.8046,0.943878
titanium_complex,metallurgist,9,13,5386830.77,84963.7355,14926.8764,3194.4801,58152.8698,92.6322,42386.1937,60345.4292,83.5145,0.938775
titanium_complex,metallurgist,9,14,5854347.89,93101.6852,16267.6982,3452.1777,63842.1741,91.7003,46627.6232,66301.2644,82.1747,0.933673
titanium_complex,metallurgist,9,15,6377967.06,102366.7169,17788.8447,3745.5669,70324.1056,90.6939,51464.5395,73089.6786,80.7813,0.928571
titanium_complex,metallurgist,9,16,6964420.53,112925.3548,19515.8571,4079.9189,77716.7335,89.6129,56986.5792,80835.2668,79.3295,0.923469
titanium_complex,metallurgist,9,17,7621248.42,124971.0844,21478.2869,4461.3616,86157.3492,88.4573,63298.0755,89682.9729,77.8175,0.918367
titanium_complex,metallurgist,9,18,8356895.66,138729.3669,23710.4045,4897.0339,95806.0777,87.2272,70520.8528,99801.9322,76.2429,0.913265
titanium_complex,metallurgist,9,19,9180820.57,154463.3948,26252.0404,5395.2704,106849.9931,85.9225,78797.3848,111389.8362,74.6044,0.908163
titanium_complex,metallurgist,9,20,10389131.44,177337.3796,29970.3043,6119.6037,122885.3003,84.5433,90794.8435,128202.8427,75.3531,0.903061
titanium_complex,metallurgist,9,21,11422662.84,198079.2336,33286.5802,6776.4196,137474.1234,83.0895,101757.097,143528.1899,70.8441,0.897959
titanium_complex,metallurgist,9,22,12580218.01,221898.5503,37077.4647,7530.6865,154242.6473,81.5612,114371.9567,161152.366,69.0314,0.892857
titanium_complex,metallurgist,9,23,13876679.8,249297.2784,41417.5451,8398.3011,173548.846,79.9584,128913.204,181454.3712,67.1526,0.887755
titanium_complex,metallurgist,9,24,15328717.01,280869.5044,46394.6833,9398.0736,195816.7704,78.2809,145705.505,204883.3782,65.2076,0.882653
titanium_complex,metallurgist,9,25,16954998.68,317320.43,52112.7541,10552.3365,221550.1453,76.5289,165134.8763,231973.1694,63.1974,0.877551
titanium_complex,metallurgist,9,26,18776434.15,359490.4738,58694.9879,11887.7019,251349.772,74.7024,187662.1952,263360.6849,61.1228,0.872449
titanium_complex,metallurgist,9,27,20816441.88,408385.0188,66288.2104,13436.0076,285934.8967,72.8013,213839.6919,299808.738,58.9851,0.867347
titanium_complex,metallurgist,9,28,23101250.54,465212.1809,75068.0829,15235.5082,326170.4732,70.8257,244332.1123,342235.0718,56.7858,0.862245
titanium_complex,metallurgist,9,29,25660236.24,531430.3819,85245.8436,17332.3878,373101.371,68.7755,279943.1524,391748.7439,54.5267,0.857143
titanium_complex,metallurgist,9,30,31416053.8,670419.7105,106900.7578,21733.6538,471353.21,66.6508,354250.9779,495256.5518,58.5823,0.852041
titanium_complex,metallurgist,9,31,34626045.46,763147.4594,120957.8625,24669.9913,537242.0568,64.4515,404411.1824,564872.4783,48.7183,0.846939
titanium_complex,metallurgist,9,32,38221236.11,872072.5621,137389.685,28119.2363,614710.3675,62.1776,463454.2859,646764.5333,46.4085,0.841837
titanium_complex,metallurgist,9,33,42247849.64,1000511.3115,156669.1171,32186.4053,706140.5366,59.8292,533218.9683,743465.2742,44.0403,0.836735
titanium_complex,metallurgist,9,34,46757656.8,1152597.6545,179383.663,37002.4044,814504.0808,57.4063,616000.2247,858134.5251,41.6174,0.831633
titanium_complex,metallurgist,9,35,51808640.82,1333530.3774,206269.7241,42731.8586,943540.0513,54.9088,714687.8571,994749.5262,39.144,0.826531
titanium_complex,metallurgist,9,36,57465742.92,1549912.7652,238259.754,49583.8698,1098000.153,52.3367,832956.7114,1158366.155,36.625,0.821429
titanium_complex,metallurgist,9,37,63801697.27,1810227.2909,276548.0755,57827.0448,1283991.3884,49.6901,975532.6747,1355484.1234,34.0659,0.816327
titanium_complex,metallurgist,9,38,70897966.14,2125511.3673,322684.5037,67810.8984,1509463.8897,46.969,1148571.4398,1594566.9546,31.4729,0.811224
titanium_complex,metallurgist,9,39,78845787.28,2510341.0048,378710.511,79996.9956,1784921.1434,44.1733,1360210.0418,1886799.0672,28.8532,0.806122
titanium_complex,metallurgist,9,40,99580199.33,3386650.9411,507677.1852,107746.4139,2410967.7876,41.303,1840058.5613,2550259.9341,33.1196,0.80102
titanium_complex,metallurgist,9,41,109549946.16,4006955.1782,596838.2348,127389.1005,2855973.2234,38.3582,2182917.6899,3022952.9278,22.4037,0.795918
titanium_complex,metallurgist,9,42,120716062.61,4786925.8303,708444.6916,152087.8181,3415962.1889,35.3388,2614785.8087,3618041.4944,19.9399,0.790816
titanium_complex,metallurgist,9,43,133222113.04,5782879.0493,850319.9831,183625.8864,4131571.8664,32.2449,3167197.3784,4378829.8778,17.4761,0.785714
titanium_complex,metallurgist,9,44,147228889.52,7078931.6157,1034133.729,224666.9646,5063513.9022,29.0764,3887277.7345,5370022.3566,15.0297,0.780612
titanium_complex,metallurgist,9,45,162916479.18,8806182.4662,1278052.8889,279362.4608,6306427.3913,25.8334,4848504.1788,6692492.2979,12.6216,0.77551
titanium_complex,metallurgist,9,46,180486579.59,11180247.5845,1611929.0611,354540.1153,8015987.2151,22.5158,6171764.3607,8512183.3852,10.2776,0.770408
titanium_complex,metallurgist,9,47,200165092.05,14581508.1081,2088388.3405,462245.1594,10466860.9091,19.1237,8070378.8164,11121899.8269,8.0292,0.765306
titanium_complex,metallurgist,9,48,222205026.01,19748029.8059,2809490.7056,625849.342,14192040.0896,15.657,10958338.4442,15089853.8755,5.9165,0.760204
titanium_complex,metallurgist,9,49,246889752.05,28322049.9175,4002247.6276,897356.0987,20377528.1863,12.1158,15756912.3938,21680460.7129,3.9907,0.755102
titanium_complex,metallurgist,9,50,320522626.12,52348897.7389,7347548.0134,1658195.4085,37708544.2558,8.5,29199600.7626,40145120.8292,4.2486,0.75
metallurgy_holding_v2,metallurgist,10,1,4845980.6,62100.8416,11536.6667,3360.0,41067.6322,118.0,29015.6733,43020.8416,,1.0
metallurgy_holding_v2,metallurgist,10,2,5085980.6,65057.3385,12024.2408,3471.975,43118.1767,117.9544,30537.5345,45200.9891,117.0421,0.994898
metallurgy_holding_v2,metallurgist,10,3,5354780.6,68421.7137,12581.208,3599.3959,45449.7655,117.8176,32266.1631,47679.0133,115.2862,0.989796
metallurgy_holding_v2,metallurgist,10,4,5655836.6,72245.2004,13215.7824,3744.206,48098.1345,117.5895,34228.2808,50493.0112,113.676,0.984693
metallurgy_holding_v2,metallurgist,10,5,5993019.32,76586.6081,13937.3662,3908.6319,51104.3306,117.2703,36454.6052,53686.7542,112.1626,0.979592
metallurgy_holding_v2,metallurgist,10,6,6370663.97,81513.3163,14756.6772,4095.2256,54515.4297,116.8598,38980.4116,57310.4658,110.7105,0.974489
metallurgy_holding_v2,metallurgist,10,7,6793625.97,87102.6404,15685.9788,4306.9142,58385.4803,116.3581,41846.2299,61421.8239,109.2911,0.969388
metallurgy_holding_v2,metallurgist,10,8,7267343.41,93443.2606,16739.2765,4547.0588,62776.525,115.7653,45098.6349,66087.0634,107.8826,0.964286
metallurgy_holding_v2,metallurgist,10,9,7797906.95,100637.2084,17932.5947,4819.5222,67760.0296,115.0812,48791.3525,71382.5182,106.4639,0.959183
metallurgy_holding_v2,metallurgist,10,10,8496130.48,110134.1659,19520.4784,5179.2089,74327.9963,114.3059,53647.4062,78356.1196,106.3074,0.954082
metallurgy_holding_v2,metallurgist,10,11,9161669.38,119413.2736,21051.9478,5530.6434,80762.6937,113.4394,58422.0537,85196.9943,103.4297,0.948979
metallurgy_holding_v2,metallurgist,10,12,9907072.95,129955.3883,22787.2932,5929.9154,88077.2163,112.4817,63853.4554,92975.2346,101.9073,0.943877
metallurgy_holding_v2,metallurgist,10,13,10741924.95,141940.8507,24754.3756,6383.8515,96398.2825,111.4327,70037.2656,101826.3909,100.3299,0.938775
metallurgy_holding_v2,metallurgist,10,14,11676959.19,155578.1955,26985.267,6900.3513,105872.5422,110.2926,77084.3046,111907.3966,98.6921,0.933674
metallurgy_holding_v2,metallurgist,10,15,12724197.54,171109.2434,29516.9654,7488.5712,116670.2249,109.0612,85123.3753,123400.502,96.9873,0.928572
metallurgy_holding_v2,metallurgist,10,16,13897104.49,188814.6281,32392.2489,8159.1438,128989.0148,107.7387,94304.1854,136517.4185,95.2128,0.92347
metallurgy_holding_v2,metallurgist,10,17,15210760.27,209021.062,35660.6558,8924.4395,143059.291,106.3249,104801.4264,151504.9864,93.3639,0.918367
metallurgy_holding_v2,metallurgist,10,18,16682054.75,232109.3476,39379.6964,9798.8811,159149.77,104.8198,116819.0524,168651.2211,91.4388,0.913265
metallurgy_holding_v2,metallurgist,10,19,18329904.56,258524.3753,43616.2373,10799.3211,177574.6707,103.2236,130595.8232,188293.0475,89.436,0.908163
metallurgy_holding_v2,metallurgist,10,20,20697799.9,296230.6401,49696.9835,12227.4045,203846.4393,101.5362,150211.6322,216285.5313,90.1308,0.903061
metallurgy_holding_v2,metallurgist,10,21,22764862.71,331077.2854,55229.219,13547.1829,228201.7686,99.7576,168470.8169,242274.1081,84.8711,0.897959
metallurgy_holding_v2,metallurgist,10,22,25079973.05,371116.2441,61556.6307,15063.6143,256211.5192,97.8878,189494.4349,272174.8284,82.6537,0.892857
metallurgy_holding_v2,metallurgist,10,23,27672896.63,417199.7261,68805.0146,16808.9745,288479.5913,95.9267,213743.2846,306636.2158,80.3557,0.887755
metallurgy_holding_v2,metallurgist,10,24,30576971.04,470337.367,77122.732,18821.5035,325722.0244,93.8744,241764.292,346427.5063,77.9776,0.882653
metallurgy_holding_v2,metallurgist,10,25,33829534.38,531729.638,86685.4289,21146.666,368790.8625,91.7309,274208.9011,392464.3697,75.5201,0.877551
metallurgy_holding_v2,metallurgist,10,26,37472405.32,602809.0814,97701.8265,23838.7208,418703.6247,89.4963,311855.8046,445840.6831,72.9848,0.872449
metallurgy_holding_v2,metallurgist,10,27,41552420.78,685292.537,110421.013,26962.6894,476680.6861,87.1703,355639.8206,507868.8544,70.3729,0.867347
metallurgy_holding_v2,metallurgist,10,28,46122038.09,781246.5967,125141.5805,30596.8421,544192.1115,84.7532,406688.0645,580130.3401,67.6866,0.862245
metallurgy_holding_v2,metallurgist,10,29,51240009.48,893171.254,142223.3114,34835.8625,623017.5098,82.2449,466366.1737,664540.2062,64.9279,0.857143
metallurgy_holding_v2,metallurgist,10,30,62508826.41,1123510.4172,177836.2746,43559.7021,784839.5633,79.6454,588494.2198,837628.8801,69.6371,0.852041
metallurgy_holding_v2,metallurgist,10,31,68928809.72,1280532.5194,201477.0043,49506.7389,895707.4353,76.9546,672703.7702,956490.8045,57.9066,0.846939
metallurgy_holding_v2,metallurgist,10,32,76119191.03,1465243.027,229150.2835,56502.443,1026243.5615,74.1726,771966.5534,1096497.6667,55.0835,0.841837
metallurgy_holding_v2,metallurgist,10,33,84172418.1,1683386.1438,261670.2663,64764.3685,1180547.8128,71.2995,889439.147,1262066.7403,52.1906,0.836735
metallurgy_holding_v2,metallurgist,10,34,93192032.41,1942146.6886,300051.9257,74564.636,1363751.2104,68.3351,1029074.8263,1458727.7095,49.2328,0.831633
metallurgy_holding_v2,metallurgist,10,35,103294000.44,2250595.483,345572.5551,86246.7893,1582335.2406,65.2795,1195870.7644,1693467.3964,46.2155,0.826531
metallurgy_holding_v2,metallurgist,10,36,114608204.64,2620304.522,399856.7481,100249.1067,1844572.8405,62.1327,1396209.3888,1975205.8273,43.1449,0.821429
metallurgy_holding_v2,metallurgist,10,37,127280113.34,3066213.6535,464995.9637,117137.416,2161149.8382,58.8946,1638339.5612,2315467.1751,40.0279,0.816327
metallurgy_holding_v2,metallurgist,10,38,141472651.09,3607874.6444,543720.0543,137652.2207,2546057.0614,55.5654,1933067.4134,2729342.9738,36.8726,0.811224
metallurgy_holding_v2,metallurgist,10,39,157368293.36,4271279.4914,639649.2028,162777.9388,3017901.5443,52.1449,2294771.8502,3236907.8975,33.6883,0.806122
metallurgy_holding_v2,metallurgist,10,40,198572947.25,5771652.033,858868.3082,219602.872,4083067.3419,48.6333,3109416.292,4381744.9305,38.6838,0.80102
metallurgy_holding_v2,metallurgist,10,41,218512440.92,6851147.423,1013012.2496,260487.5546,4852553.4283,45.0304,3700912.0093,5210317.2595,25.9127,0.795918
metallurgy_holding_v2,metallurgist,10,42,240844673.83,8216368.1642,1207086.4518,312193.7655,5826466.5138,41.3363,4450271.0882,6259383.9605,22.9304,0.790816
metallurgy_holding_v2,metallurgist,10,43,265856774.68,9972049.0648,1455566.0395,378688.219,7079881.4814,37.551,5415601.9735,7609989.149,19.9552,0.785714
metallurgy_holding_v2,metallurgist,10,44,293870327.63,12277180.8238,1780397.0639,465992.5074,8726788.3896,33.6745,6685156.5557,9385197.9802,17.0098,0.780612
metallurgy_holding_v2,metallurgist,10,45,325245506.94,15384644.7751,2216449.5384,583684.2328,10948524.5734,29.7068,8399357.2797,11780799.8884,14.1219,0.77551
metallurgy_holding_v2,metallurgist,10,46,360385707.77,19721403.0833,2822549.3531,747934.1103,14051300.0693,25.6479,10795364.3267,15127429.4616,11.3254,0.770408
metallurgy_holding_v2,metallurgist,10,47,399742732.7,26067582.605,3706114.2613,988288.5699,18594666.4032,21.4977,14306606.1221,20029298.4106,8.6625,0.765306
metallurgy_holding_v2,metallurgist,10,48,443822600.62,36013505.4732,5086024.5598,1364979.288,25719376.4141,17.2564,19816788.2508,27718248.2817,6.1869,0.760204
metallurgy_holding_v2,metallurgist,10,49,493192052.69,53373469.6539,7487105.2503,2022468.536,38161589.4048,12.9238,29445649.3117,41148981.9441,3.9679,0.755102
metallurgy_holding_v2,metallurgist,10,50,640130148.85,105206564.7575,14658413.2861,3985589.1095,75309429.2549,8.5,58192042.7674,81247246.3625,3.9555,0.75
fertilizer_factory_v2,chemist,1,1,11000.0,2159.0345,886.6667,8.0,1100.0,10.0,389.2276,956.0345,,1.0
fertilizer_factory_v2,chemist,1,2,11550.0,2258.8553,922.9287,8.2589,1155.0709,9.9994,414.4323,1006.7245,9.9871,0.994899
fertilizer_factory_v2,chemist,1,3,12166.0,2371.1186,963.8288,8.5501,1216.9035,9.9975,442.6015,1063.5736,9.9624,0.989796
fertilizer_factory_v2,chemist,1,4,12855.92,2497.2796,1009.8788,8.8773,1286.3155,9.9944,474.1282,1127.3439,9.9395,0.984694
fertilizer_factory_v2,chemist,1,5,13628.63,2638.9684,1061.6468,9.2448,1364.2268,9.99,509.4597,1198.8951,9.9178,0.979592
fertilizer_factory_v2,chemist,1,6,14494.07,2798.018,1119.7696,9.6574,1451.6742,9.9844,549.1027,1279.1975,9.8967,0.97449
fertilizer_factory_v2,chemist,1,7,15463.36,2976.4773,1184.952,10.1202,1549.8224,9.9775,593.6337,1369.3447,9.8758,0.969387
fertilizer_factory_v2,chemist,1,8,16548.96,3176.6436,1257.9832,10.6394,1659.9783,9.9694,643.7007,1470.5644,9.8551,0.964285
fertilizer_factory_v2,chemist,1,9,17764.83,3401.0968,1339.7427,11.2216,1783.6153,9.96,700.0418,1584.2445,9.8342,0.959183
fertilizer_factory_v2,chemist,1,10,21417.26,4089.7122,1602.4301,13.0077,2152.6187,9.9494,855.1169,1917.0384,9.8981,0.954082
fertilizer_factory_v2,chemist,1,11,22942.45,4370.7775,1703.3984,13.7367,2308.6689,9.9375,927.7877,2061.2952,9.7737,0.948979
fertilizer_factory_v2,chemist,1,12,24650.67,4685.962,1816.4156,14.5542,2483.8432,9.9244,1009.592,2223.3439,9.7515,0.943878
fertilizer_factory_v2,chemist,1,13,26563.87,5039.3463,1942.8383,15.4708,2680.5023,9.91,1101.7488,2405.4261,9.7285,0.938775
fertilizer_factory_v2,chemist,1,14,28706.66,5435.5075,2084.1836,16.4984,2901.2982,9.8944,1205.6322,2610.0624,9.7048,0.933674
fertilizer_factory_v2,chemist,1,15,31106.58,5879.582,2242.1397,17.6502,3149.2192,9.8776,1322.8059,2840.1007,9.6802,0.928572
fertilizer_factory_v2,chemist,1,16,33794.49,6377.3388,2418.5935,18.9412,3427.6295,9.8594,1455.0396,3098.7518,9.6545,0.92347
fertilizer_factory_v2,chemist,1,17,36804.95,6935.2484,2615.648,20.3883,3740.3145,9.8401,1604.3383,3389.6352,9.6278,0.918367
fertilizer_factory_v2,chemist,1,18,40176.67,7560.5825,2835.6522,22.0103,4091.5404,9.8194,1772.9774,3716.838,9.5999,0.913265
fertilizer_factory_v2,chemist,1,19,43952.99,8261.4958,3081.2252,23.8283,4486.1048,9.7976,1963.5306,4084.9637,9.5709,0.908163
fertilizer_factory_v2,chemist,1,20,60366.24,11333.9184,4203.3746,31.7974,6175.9095,9.7745,2730.2755,5637.0467,9.7131,0.903061
fertilizer_factory_v2,chemist,1,21,65103.26,12212.6995,4503.6957,34.0767,6677.1866,9.7501,2980.5394,6108.7923,9.4499,0.897959
fertilizer_factory_v2,chemist,1,22,70408.72,13198.4261,4839.549,36.6334,7240.3519,9.7245,3262.7839,6639.3177,9.4208,0.892857
fertilizer_factory_v2,chemist,1,23,76350.84,14304.0979,5215.0018,39.5013,7873.1474,9.6976,3581.2743,7236.1073,9.3903,0.887755
fertilizer_factory_v2,chemist,1,24,83006.01,15544.3272,5634.5955,42.7181,8584.3017,9.6695,3940.8503,7907.6147,9.3583,0.882653
fertilizer_factory_v2,chemist,1,25,90459.8,16935.5356,6103.4046,46.3266,9383.6498,9.6402,4346.995,8663.3799,9.3248,0.877551
fertilizer_factory_v2,chemist,1,26,98808.05,18496.1936,6627.0947,50.3745,10282.2902,9.6095,4805.9383,9514.1895,9.2899,0.872449
fertilizer_factory_v2,chemist,1,27,108158.09,20247.0627,7211.9995,54.9159,11292.7282,9.5777,5324.7351,10472.2152,9.2535,0.867347
fertilizer_factory_v2,chemist,1,28,118630.13,22211.4969,7865.1909,60.0111,12429.0766,9.5446,5911.4001,11551.2192,9.2155,0.862245
fertilizer_factory_v2,chemist,1,29,130358.81,24415.7718,8594.577,65.7285,13707.2557,9.5102,6575.0234,12766.7506,9.1761,0.857143
fertilizer_factory_v2,chemist,1,30,179141.16,33568.2622,11746.0014,89.4677,18907.53,9.4746,9146.14,17648.1873,9.3807,0.852041
fertilizer_factory_v2,chemist,1,31,193853.62,36349.0706,12642.8834,96.6805,20540.2709,9.4377,10018.251,19213.0154,9.0109,0.846939
fertilizer_factory_v2,chemist,1,32,210331.58,39471.0668,13646.0687,104.7782,22376.5914,9.3996,11002.9723,20974.8766,8.9734,0.841837
fertilizer_factory_v2,chemist,1,33,228786.89,42976.4277,14767.905,113.8702,24442.3477,9.3603,12115.4144,22959.1968,8.9339,0.836735
fertilizer_factory_v2,chemist,1,34,249456.84,46912.6477,16022.205,124.0798,26766.7358,9.3197,13372.7309,25194.7315,8.8926,0.831633
fertilizer_factory_v2,chemist,1,35,272607.18,51333.2255,17424.4187,135.5457,29382.7372,9.2778,14794.4067,27714.0178,8.8495,0.826531
fertilizer_factory_v2,chemist,1,36,298535.56,56298.4261,18991.8316,148.4242,32327.6082,9.2347,16402.5693,30553.868,8.8046,0.821429
fertilizer_factory_v2,chemist,1,37,327575.35,61876.1665,20743.791,162.8914,35643.4512,9.1903,18222.3553,33755.9477,8.7579,0.816327
fertilizer_factory_v2,chemist,1,38,360099.92,68142.9951,22701.9456,179.146,39377.8561,9.1447,20282.3317,37367.43,8.7094,0.811224
fertilizer_factory_v2,chemist,1,39,396527.43,75185.2064,24890.5342,197.4118,43584.6166,9.0979,22614.9521,41441.7176,8.6593,0.806122
fertilizer_factory_v2,chemist,1,40,512271.73,97340.5339,32021.2369,254.8772,56606.0452,9.0498,29585.6945,53929.2151,8.8888,0.80102
fertilizer_factory_v2,chemist,1,41,557966.41,106271.244,34736.4231,278.0413,61993.3983,9.0004,32634.3193,59177.3844,8.4818,0.795918
fertilizer_factory_v2,chemist,1,42,609144.44,116310.8947,37774.3346,304.0816,68062.2563,8.9498,36083.1322,65096.6666,8.4329,0.790816
fertilizer_factory_v2,chemist,1,43,666463.84,127599.2942,41173.115,333.3609,74900.7519,8.898,39986.4019,71775.0997,8.3819,0.785714
fertilizer_factory_v2,chemist,1,44,730661.57,140294.255,44975.5052,366.2885,82608.6413,8.8449,44405.8577,79312.483,8.3288,0.780612
fertilizer_factory_v2,chemist,1,45,802563.02,154573.9601,49229.4127,403.3265,91298.8622,8.7905,49411.7226,87821.9703,8.2738,0.77551
fertilizer_factory_v2,chemist,1,46,883092.65,170639.6574,53988.5481,444.997,101099.3177,8.7349,55083.9068,97431.8991,8.2169,0.770408
fertilizer_factory_v2,chemist,1,47,973285.82,188718.6954,59313.1402,491.8895,112154.8892,8.6781,61513.3565,108287.8557,8.1582,0.765306
fertilizer_factory_v2,chemist,1,48,1074302.19,209067.9948,65270.7431,544.6705,124629.7456,8.62,68803.6107,120555.0484,8.0976,0.760204
fertilizer_factory_v2,chemist,1,49,1187440.52,231977.9868,71937.1491,604.0934,138709.9676,8.5606,77072.5725,134421.0065,8.0353,0.755102
fertilizer_factory_v2,chemist,1,50,1554195.92,304861.3732,93899.7565,793.1348,182846.5792,8.5,102246.329,177515.3711,8.3096,0.75
reagent_factory_v2,chemist,2,1,29493.55,3811.0737,1370.0,19.6,2106.6821,14.0,974.259,1986.4737,,1.0
reagent_factory_v2,chemist,2,2,30893.55,3980.7275,1423.6862,20.2108,2207.0426,13.9977,1028.8419,2084.7842,13.9497,0.994898
reagent_factory_v2,chemist,2,3,32461.55,4172.3711,1484.5745,20.9007,2320.1995,13.9908,1090.1345,2195.5165,13.8569,0.989796
reagent_factory_v2,chemist,2,4,34217.71,4388.6305,1553.4718,21.6792,2447.7272,13.9794,1159.0175,2320.2239,13.7708,0.984694
reagent_factory_v2,chemist,2,5,36184.61,4632.463,1631.2878,22.557,2591.3978,13.9634,1236.4817,2460.6546,13.6903,0.979592
reagent_factory_v2,chemist,2,6,38387.54,4907.2186,1719.039,23.5462,2753.2311,13.9427,1323.6702,2618.8071,13.6123,0.974489
reagent_factory_v2,chemist,2,7,40854.82,5216.6625,1817.8722,24.6602,2935.4932,13.9175,1421.8616,2796.9226,13.537,0.969387
reagent_factory_v2,chemist,2,8,43618.17,5565.0632,1929.0751,25.9144,3140.7642,13.8878,1532.5236,2997.5572,13.462,0.964286
reagent_factory_v2,chemist,2,9,46713.12,5957.238,2054.0917,27.3263,3371.9634,13.8534,1657.3266,3223.6084,13.3865,0.959183
reagent_factory_v2,chemist,2,10,55604.76,7089.4584,2431.4856,31.4023,4025.1164,13.8144,1992.9361,3854.5295,13.6134,0.954081
reagent_factory_v2,chemist,2,11,59487.07,7586.4606,2588.03,33.1915,4319.758,13.7709,2153.9319,4143.4923,13.1764,0.94898
reagent_factory_v2,chemist,2,12,63835.26,8146.0367,2763.9819,35.206,4651.7585,13.7228,2335.6506,4469.2342,13.0969,0.943877
reagent_factory_v2,chemist,2,13,68705.23,8776.072,2961.6592,37.4742,5025.9366,13.6701,2540.8947,4836.5578,13.0151,0.938775
reagent_factory_v2,chemist,2,14,74159.6,9485.4843,3183.6676,40.0281,5447.7561,13.6129,2772.8579,5250.916,12.9306,0.933673
reagent_factory_v2,chemist,2,15,80268.49,10284.3883,3432.946,42.9042,5923.4281,13.551,3035.1874,5718.5151,12.8426,0.928571
reagent_factory_v2,chemist,2,16,87110.45,11184.2361,3712.8041,46.1436,6460.0009,13.4846,3332.0391,6246.4053,12.7512,0.923469
reagent_factory_v2,chemist,2,17,94773.44,12198.016,4026.9739,49.7933,7065.4865,13.4136,3668.1587,6842.6112,12.6559,0.918367
reagent_factory_v2,chemist,2,18,103355.99,13340.4654,4379.6681,53.9061,7748.9953,13.338,4048.9641,7516.2667,12.5566,0.913265
reagent_factory_v2,chemist,2,19,112968.45,14628.3187,4775.6392,58.5425,8520.8992,13.2578,4480.6537,8277.7845,12.4529,0.908163
reagent_factory_v2,chemist,2,20,135180.89,17567.354,5702.9127,69.1231,10261.9268,13.1731,5430.391,9984.5393,12.7582,0.903061
reagent_factory_v2,chemist,2,21,147238.76,19211.6798,6201.4776,75.0427,11253.5887,13.0837,5992.0847,10966.0772,12.1593,0.897959
reagent_factory_v2,chemist,2,22,160743.57,21067.2002,6761.7953,81.7227,12374.6035,12.9898,6629.3445,12076.6888,12.047,0.892857
reagent_factory_v2,chemist,2,23,175868.96,23161.8806,7391.6295,89.2636,13642.4591,12.8913,7352.7967,13334.0103,11.9299,0.887755
reagent_factory_v2,chemist,2,24,192809.39,25527.5703,8099.7715,97.7802,15077.1162,12.7882,8174.6188,14758.1934,11.808,0.882653
reagent_factory_v2,chemist,2,25,211782.68,28200.5698,8896.1786,107.403,16701.3797,12.6805,9108.7849,16372.2891,11.6812,0.877551
reagent_factory_v2,chemist,2,26,233032.76,31222.2672,9792.1421,118.2813,18541.3042,12.5683,10171.3193,18202.66,11.5494,0.872449
reagent_factory_v2,chemist,2,27,256832.85,34639.901,10800.4717,130.5849,20626.6946,12.4515,11380.6283,20279.4975,11.4128,0.867347
reagent_factory_v2,chemist,2,28,283488.95,38507.4319,11935.714,144.5081,22991.6725,12.3301,12757.8664,22637.4028,11.2712,0.862245
reagent_factory_v2,chemist,2,29,313343.78,42886.5424,13214.4008,160.2731,25675.3256,12.2041,14327.3597,25316.0552,11.1247,0.857143
reagent_factory_v2,chemist,2,30,408661.84,56384.3975,17270.009,208.8658,33847.8047,12.0735,18993.6387,33421.9797,11.6633,0.852041
reagent_factory_v2,chemist,2,31,446111.74,62082.4139,18901.3941,229.3789,37367.9276,11.9384,21084.4611,36950.1034,10.6388,0.846939
reagent_factory_v2,chemist,2,32,488055.63,68541.2654,20742.1233,252.631,41365.4646,11.7986,23467.1964,40960.5084,10.4924,0.841837
reagent_factory_v2,chemist,2,33,535032.79,75867.5592,22820.0777,279.0059,45908.5738,11.6543,26184.925,45522.6845,10.3403,0.836735
reagent_factory_v2,chemist,2,34,587647.21,84183.7489,25167.0904,308.9445,51075.7112,11.5054,29287.419,50716.7035,10.1825,0.831633
reagent_factory_v2,chemist,2,35,646575.36,93630.6346,27819.5515,342.9536,56957.2727,11.3519,32832.2268,56634.9142,10.0191,0.826531
reagent_factory_v2,chemist,2,36,712574.88,104370.3281,30819.109,381.6169,63657.5539,11.1939,36885.9821,63383.9727,9.8503,0.821429
reagent_factory_v2,chemist,2,37,786494.35,116589.6899,34213.4813,425.607,71297.0234,11.0312,41525.923,71087.197,9.676,0.816327
reagent_factory_v2,chemist,2,38,869284.15,130504.3888,38057.4232,475.7004,80015.0008,10.864,46841.6759,79887.3389,9.4964,0.811224
reagent_factory_v2,chemist,2,39,962008.73,146363.7034,42413.8437,532.7945,89972.8467,10.6922,52937.4027,89949.8958,9.3117,0.806122
reagent_factory_v2,chemist,2,40,1247904.55,192543.1697,55442.7698,699.0422,118669.1813,10.5158,70171.339,118797.2667,9.9628,0.80102
reagent_factory_v2,chemist,2,41,1364218.26,213621.3458,61120.4279,774.9244,132001.6144,10.3349,78441.5104,132319.1424,8.7241,0.795918
reagent_factory_v2,chemist,2,42,1494489.62,237684.0042,67569.2028,861.5508,147250.328,10.1493,87931.8483,147798.7956,8.5431,0.790816
reagent_factory_v2,chemist,2,43,1640393.54,265185.2114,74900.9222,960.5561,164711.6478,9.9592,98836.2297,165541.3235,8.3558,0.785714
reagent_factory_v2,chemist,2,44,1803805.93,296654.059,83245.136,1073.8451,184731.5177,9.7645,111381.6981,185903.2281,8.1625,0.780612
reagent_factory_v2,chemist,2,45,1986827.81,332708.2875,92752.2277,1203.6416,207714.6038,9.5652,125834.6468,209301.8933,7.9633,0.77551
reagent_factory_v2,chemist,2,46,2191812.31,374070.6862,103597.1409,1352.5477,234135.268,9.3613,142508.29,236227.015,7.7585,0.770408
reagent_factory_v2,chemist,2,47,2421394.96,421588.9066,115983.8657,1523.615,264550.8405,9.1529,161771.7117,267254.432,7.5482,0.765306
reagent_factory_v2,chemist,2,48,2678527.52,476259.4757,130150.8604,1720.4309,299617.7204,8.9398,184060.8591,303062.9112,7.3326,0.760204
reagent_factory_v2,chemist,2,49,2966515.99,539257.0503,146377.624,1947.2244,340111.0157,8.7222,209891.9799,344454.6352,7.112,0.755102
reagent_factory_v2,chemist,2,50,3861512.04,718479.8962,193708.6881,2592.433,454295.5343,8.5,281628.4518,460672.7318,7.8382,0.75
acid_alkali_plant,chemist,3,1,70509.2,5366.5195,1266.6667,47.6,3525.46,20.0,2345.6156,3418.9195,,1.0
acid_alkali_plant,chemist,3,2,73909.2,5616.8033,1318.9775,49.154,3696.3445,19.9952,2465.8224,3589.1831,19.8965,0.994898
acid_alkali_plant,chemist,3,3,77717.2,5900.1018,1378.3981,50.9129,3889.588,19.9808,2601.5715,3781.5918,19.7057,0.989796
acid_alkali_plant,chemist,3,4,81982.16,6220.4455,1445.7467,52.9019,4107.9633,19.9569,2754.8344,3998.9235,19.5304,0.984694
acid_alkali_plant,chemist,3,5,86758.92,6582.4226,1521.9507,55.1494,4354.6306,19.9234,2927.8627,4244.3472,19.3652,0.979592
acid_alkali_plant,chemist,3,6,92108.89,6991.2441,1608.0561,57.6877,4633.1852,19.8803,3123.2234,4521.4722,19.2062,0.974489
acid_alkali_plant,chemist,3,7,98100.85,7452.8077,1705.2462,60.5535,4947.6969,19.8276,3343.8233,4834.3849,19.0516,0.969388
acid_alkali_plant,chemist,3,8,104811.85,7973.8431,1814.8597,63.7885,5302.8195,19.7653,3592.9963,5187.7649,18.8977,0.964286
acid_alkali_plant,chemist,3,9,112328.17,8561.976,1938.4091,67.4402,5703.8303,19.6935,3874.527,5586.9222,18.7434,0.959184
acid_alkali_plant,chemist,3,10,129335.0,9880.8036,2225.0887,75.6286,6594.675,19.612,4491.3812,6467.5419,19.0907,0.954081
acid_alkali_plant,chemist,3,11,138763.47,10632.4222,2381.5449,80.2953,7108.4064,19.521,4853.3252,6979.8096,18.3529,0.94898
acid_alkali_plant,chemist,3,12,149323.35,11481.3305,2557.8649,85.5661,7688.9726,19.4205,5262.701,7558.9671,18.1889,0.943878
acid_alkali_plant,chemist,3,13,161150.42,12440.3812,2756.5453,91.5207,8345.3142,19.3103,5725.9663,8214.0425,18.0197,0.938776
acid_alkali_plant,chemist,3,14,174396.74,13524.2303,2980.4185,98.2501,9087.6386,19.1905,6250.5063,8955.3524,17.8444,0.933674
acid_alkali_plant,chemist,3,15,189232.62,14749.6214,3232.7031,105.8584,9927.6221,19.0612,6844.7841,9794.7083,17.6621,0.928571
acid_alkali_plant,chemist,3,16,205848.8,16135.686,3517.0583,114.4643,10878.6222,18.9223,7518.497,10745.6342,17.4723,0.923469
acid_alkali_plant,chemist,3,17,224458.92,17704.309,3837.6466,124.2037,11955.9391,18.7738,8282.7736,11823.6354,17.2745,0.918367
acid_alkali_plant,chemist,3,18,245302.26,19480.5464,4199.2115,135.2321,13177.1094,18.6158,9150.3877,13046.497,17.0683,0.913265
acid_alkali_plant,chemist,3,19,268646.8,21493.1201,4607.1567,147.7279,14562.2648,18.4481,10136.033,14434.657,16.8534,0.908163
acid_alkali_plant,chemist,3,20,313320.15,25268.0641,5385.9059,171.166,17148.5631,18.2709,11964.4263,17018.0392,17.2731,0.903061
acid_alkali_plant,chemist,3,21,342603.54,27870.1391,5906.9784,187.322,18944.9797,18.0841,13248.3217,18822.3496,16.301,0.897959
acid_alkali_plant,chemist,3,22,375400.94,30823.9573,6495.91,205.6618,20986.4754,17.8878,14709.6391,20874.4305,16.0654,0.892857
acid_alkali_plant,chemist,3,23,412134.02,34179.6742,7161.9411,226.497,23308.3754,17.6818,16374.3308,23210.2656,15.8203,0.887755
acid_alkali_plant,chemist,3,24,453275.07,37995.1193,7915.666,250.1866,25951.4621,17.4663,18272.4099,25871.4337,15.5655,0.882653
acid_alkali_plant,chemist,3,25,499353.05,42337.0415,8769.2511,277.145,28962.8615,17.2412,20438.6115,28906.0198,15.3012,0.877551
acid_alkali_plant,chemist,3,26,550960.39,47282.622,9736.6868,307.8515,32397.1328,17.0065,22913.2159,32369.7403,15.0272,0.872449
acid_alkali_plant,chemist,3,27,608760.61,52921.2026,10834.0825,342.8606,36317.5058,16.7622,25742.9777,36327.2183,14.7436,0.867347
acid_alkali_plant,chemist,3,28,673496.86,59356.4001,12080.0239,382.8159,40797.3974,16.5083,28982.2683,40853.5483,14.4504,0.862245
acid_alkali_plant,chemist,3,29,746001.45,66708.5855,13495.985,428.4647,45922.1982,16.2449,32694.4263,46036.1434,14.1478,0.857143
acid_alkali_plant,chemist,3,30,949523.68,86222.6996,17340.1017,549.6252,59449.6862,15.9719,42418.3818,59662.9218,15.0451,0.852041
acid_alkali_plant,chemist,3,31,1040473.44,96035.3054,19197.8483,610.5503,66317.4089,15.6893,47420.9216,66627.9827,13.2431,0.846939
acid_alkali_plant,chemist,3,32,1142337.18,107273.1676,21315.1601,680.3247,74191.584,15.3971,53165.4692,74620.1027,12.9364,0.841837
acid_alkali_plant,chemist,3,33,1256424.56,120161.0575,23731.2787,760.3439,83232.4084,15.0954,59771.5841,83803.7956,12.6191,0.836735
acid_alkali_plant,chemist,3,34,1384202.43,134962.7824,26492.0268,852.2458,93628.1035,14.784,67379.9399,94372.4964,12.2914,0.831633
acid_alkali_plant,chemist,3,35,1527313.64,151988.8008,29651.0555,957.9581,105600.4149,14.4631,76156.4994,106554.2595,11.9535,0.826531
acid_alkali_plant,chemist,3,36,1687598.2,171605.4583,33271.3585,1079.7553,119411.2797,14.1327,86297.5736,120618.6652,11.6057,0.821429
acid_alkali_plant,chemist,3,37,1867116.91,194246.3588,37427.1209,1220.3296,135371.0503,13.7926,98036.0762,136885.3479,11.2482,0.816327
acid_alkali_plant,chemist,3,38,2068177.86,220426.377,42206.0047,1382.8778,153848.6202,13.4429,111649.2168,155734.4922,10.8814,0.811224
acid_alkali_plant,chemist,3,39,2293366.13,250759.051,47711.9602,1571.2093,175284.0169,13.0837,127468.0912,177619.9013,10.5054,0.806122
acid_alkali_plant,chemist,3,40,2950697.5,331487.9586,62673.0694,2072.4443,232065.9271,12.7149,169108.3185,235405.9102,11.5764,0.80102
acid_alkali_plant,chemist,3,41,3233173.66,373800.9795,70222.8714,2335.1601,262081.3648,12.3365,191371.3164,266131.5123,9.411,0.795918
acid_alkali_plant,chemist,3,42,3549546.96,423068.4732,78968.8691,2641.0554,297068.9374,11.9486,217360.4195,301974.1142,9.0424,0.790816
acid_alkali_plant,chemist,3,43,3903885.06,480596.2854,89128.1083,2998.2379,337968.8472,11.551,247786.6281,343905.8851,8.6635,0.785714
acid_alkali_plant,chemist,3,44,4300743.73,547976.1528,100964.0227,3416.5904,385928.1195,11.1439,283518.2977,393113.5283,8.2749,0.780612
acid_alkali_plant,chemist,3,45,4745225.44,627160.1951,114798.3458,3908.2335,442354.6457,10.7272,325622.4038,451054.4428,7.8772,0.77551
acid_alkali_plant,chemist,3,46,5243044.95,720558.7899,131026.736,4488.1329,508988.2113,10.3009,375418.795,519530.553,7.471,0.770408
acid_alkali_plant,chemist,3,47,5800602.8,831170.6357,150139.5137,5174.907,587994.9071,9.8651,434552.3311,600786.4582,7.0571,0.765306
acid_alkali_plant,chemist,3,48,6425067.6,962757.9953,172749.5631,5991.9153,682094.3698,9.4196,505090.1364,697641.7355,6.6362,0.760204
acid_alkali_plant,chemist,3,49,7124468.17,1120086.1665,199630.4122,6968.7448,794733.6983,8.9646,589654.5701,813671.8034,6.2092,0.755102
acid_alkali_plant,chemist,3,50,9300000.26,1539753.4523,272572.5243,9574.4027,1094117.677,8.5,813369.5727,1121320.2631,7.2667,0.75
polymer_factory_v2,chemist,4,1,142902.08,8860.7594,2900.0,94.5,5103.6457,28.0,2644.1076,5096.2594,,1.0
polymer_factory_v2,chemist,4,2,149652.08,9256.7291,3014.1382,97.4561,5346.2672,27.9919,2786.7198,5344.8291,27.8211,0.994898
polymer_factory_v2,chemist,4,3,157212.08,9706.3329,3144.3308,100.8127,5621.2348,27.9675,2947.7574,5626.3154,27.4942,0.989797
polymer_factory_v2,chemist,4,4,165679.28,10216.1189,3292.4106,104.6184,5932.6082,27.9269,3129.6608,5944.8981,27.1931,0.984693
polymer_factory_v2,chemist,4,5,175162.54,10793.5037,3460.4656,108.9289,6284.975,27.87,3335.1757,6305.296,26.913,0.979592
polymer_factory_v2,chemist,4,6,185783.8,11446.967,3650.8564,113.8073,6683.6039,27.7969,3567.4817,6712.938,26.6445,0.97449
polymer_factory_v2,chemist,4,7,197679.61,12186.1404,3866.2568,119.3256,7134.4855,27.7076,3830.2015,7174.0002,26.3834,0.969388
polymer_factory_v2,chemist,4,8,211002.91,13022.0202,4109.7089,125.5659,7644.4685,27.602,4127.4869,7695.5468,26.125,0.964286
polymer_factory_v2,chemist,4,9,225925.01,13967.1354,4384.6608,132.6216,8221.372,27.4802,4464.0955,8285.6499,25.8658,0.959183
polymer_factory_v2,chemist,4,10,254857.55,15790.9189,4930.8294,146.2371,9321.0516,27.3421,5090.2539,9404.6322,26.31,0.954082
polymer_factory_v2,chemist,4,11,273575.83,17001.8569,5280.5636,155.2774,10062.4338,27.1878,5525.3627,10163.9352,25.2478,0.94898
polymer_factory_v2,chemist,4,12,294540.31,18371.8277,5675.3841,165.5049,10901.9167,27.0173,6018.8811,11024.0264,24.9731,0.943878
polymer_factory_v2,chemist,4,13,318020.52,19922.2214,6121.059,177.0794,11852.9522,26.8305,6579.1093,11998.8363,24.6891,0.938776
polymer_factory_v2,chemist,4,14,344318.36,21677.529,6624.1742,190.1836,12930.9589,26.6274,7215.5783,13104.3387,24.3949,0.933673
polymer_factory_v2,chemist,4,15,373771.94,23665.8302,7192.2407,205.0273,14153.6492,26.4082,7939.2759,14358.8984,24.0892,0.928572
polymer_factory_v2,chemist,4,16,406759.95,25919.3872,7833.8309,221.8512,15541.4235,26.1726,8762.9122,15783.6879,23.7704,0.923469
polymer_factory_v2,chemist,4,17,443706.52,28475.2555,8558.7642,240.932,17117.7366,25.9209,9701.1261,17403.0599,23.4386,0.918367
polymer_factory_v2,chemist,4,18,485086.68,31376.0998,9378.2752,262.5883,18909.6556,25.6529,10770.8787,19245.1425,23.0927,0.913265
polymer_factory_v2,chemist,4,19,531432.46,34671.1061,10305.2515,287.1871,20948.4407,25.3686,11991.8205,21342.4455,22.7321,0.908163
polymer_factory_v2,chemist,4,20,612305.55,40322.5871,11917.7066,329.3783,24425.6869,25.0681,14052.1315,24911.1456,23.2578,0.903061
polymer_factory_v2,chemist,4,21,670441.69,44604.7706,13108.8613,361.3469,27087.0693,24.7514,15659.1776,27653.9337,21.8443,0.897959
polymer_factory_v2,chemist,4,22,735554.17,49481.263,14459.3826,397.7523,30122.9914,24.4184,17498.1842,30784.9127,21.4473,0.892857
polymer_factory_v2,chemist,4,23,808480.15,55040.2731,15991.9253,439.2531,33589.9123,24.0691,19605.0774,34362.9628,21.0348,0.887755
polymer_factory_v2,chemist,4,24,890157.24,61384.3288,17732.688,486.6147,37553.5727,23.7037,22021.8163,38456.6917,20.6065,0.882653
polymer_factory_v2,chemist,4,25,981635.58,68632.7755,19712.0134,540.728,42090.6297,23.322,24797.4723,43146.1547,20.1625,0.877551
polymer_factory_v2,chemist,4,26,1084091.33,76924.8869,21965.1394,602.6328,47290.6898,22.924,27989.5677,48524.9915,19.7028,0.872449
polymer_factory_v2,chemist,4,27,1198841.76,86423.4881,24533.0575,673.5445,53258.6909,22.5098,31665.6597,54702.9363,19.2276,0.867347
polymer_factory_v2,chemist,4,28,1327362.25,97319.4399,27463.5887,754.8883,60117.8378,22.0793,35905.2806,61808.9067,18.7371,0.862245
polymer_factory_v2,chemist,4,29,1471305.2,109837.0437,30812.6537,848.3385,68013.1648,21.6327,40802.3159,69994.7607,18.2314,0.857143
polymer_factory_v2,chemist,4,30,1845906.79,140474.8295,39172.9216,1077.0648,87195.6135,21.1697,52543.4164,89823.757,19.5284,0.852041
polymer_factory_v2,chemist,4,31,2026468.82,157414.0231,43633.7451,1203.5244,97941.7756,20.6905,59277.0764,100991.242,16.8025,0.846939
polymer_factory_v2,chemist,4,32,2228698.29,176951.9002,48753.9909,1349.3845,110358.2166,20.1951,67081.1494,113903.4997,16.2872,0.841837
polymer_factory_v2,chemist,4,33,2455195.3,199532.4912,54642.235,1517.9598,124733.8979,19.6835,76144.6807,128863.8409,15.7556,0.836735
polymer_factory_v2,chemist,4,34,2708871.95,225686.0594,61427.568,1713.2093,141414.3955,19.1556,86694.2863,146235.2038,15.208,0.831633
polymer_factory_v2,chemist,4,35,2992989.8,256048.5592,69264.122,1939.8805,160814.7644,18.6114,99002.7839,166453.7381,14.645,0.826531
polymer_factory_v2,chemist,4,36,3311201.79,291386.1185,78336.7807,2203.6931,183435.7109,18.051,113400.0307,190045.8788,14.0671,0.821429
polymer_factory_v2,chemist,4,37,3667599.22,332626.3436,88868.4497,2511.572,209884.3001,17.4744,130286.8283,217650.2163,13.4751,0.816327
polymer_factory_v2,chemist,4,38,4066764.34,380898.5117,101129.3887,2871.9478,240900.5424,16.8815,150152.7785,250045.5788,12.8696,0.811224
polymer_factory_v2,chemist,4,39,4513829.28,437585.7784,115449.29,3295.1466,277391.9674,16.2724,173599.5411,288187.5648,12.2512,0.806122
polymer_factory_v2,chemist,4,40,5768462.66,580221.8801,152112.4385,4359.9964,368662.0173,15.647,231648.8499,383360.9701,13.7464,0.80102
polymer_factory_v2,chemist,4,41,6329260.92,662331.2948,172532.4753,4972.9843,421798.4766,15.0054,266093.3386,439015.4883,10.5539,0.795918
polymer_factory_v2,chemist,4,42,6957354.97,759702.3132,196628.3462,5699.9077,484915.4316,14.3476,307119.4236,505165.8433,9.9513,0.790816
polymer_factory_v2,chemist,4,43,7660820.31,875757.2796,225203.6673,6566.316,560268.9478,13.6735,356234.0068,584191.8398,9.3355,0.785714
polymer_factory_v2,chemist,4,44,8448701.49,1014869.0408,259282.0284,7604.8549,650744.4771,12.9831,415367.3352,679138.3086,8.7082,0.780612
polymer_factory_v2,chemist,4,45,9331128.41,1182693.2601,300183.4109,8857.7466,760077.3293,12.2766,487021.7451,793948.2314,8.071,0.77551
polymer_factory_v2,chemist,4,46,10319446.56,1386647.0842,349634.1703,10380.3639,893170.3185,11.5537,574486.0481,933798.6497,7.4258,0.770408
polymer_factory_v2,chemist,4,47,11426362.89,1636615.0891,409929.1404,12246.5,1056562.3203,10.8147,682151.8606,1105596.1941,6.7746,0.765306
polymer_factory_v2,chemist,4,48,12666109.18,1946018.3125,484177.0168,14556.3498,1259137.903,10.0594,815992.7751,1318727.6001,6.1199,0.760204
polymer_factory_v2,chemist,4,49,14054625.02,2333483.7014,576683.4237,17448.9727,1513235.6354,9.2878,984312.8529,1586231.9132,5.4645,0.755102
polymer_factory_v2,chemist,4,50,18308689.13,3314077.2336,813487.6043,24769.5937,2153963.4309,8.5,1406260.7867,2259825.051,6.6394,0.75
lubricant_factory_v2,chemist,5,1,250515.06,10545.588,2800.0,168.0,6592.5016,38.0,4068.4704,6917.588,,1.0
lubricant_factory_v2,chemist,5,2,262515.06,11030.2949,2913.7528,173.4052,6910.5291,37.9877,4280.2015,7256.3237,37.7326,0.994898
lubricant_factory_v2,chemist,5,3,275955.06,11580.996,3043.5384,179.5464,7271.3828,37.9508,4519.9428,7640.5058,37.245,0.989796
lubricant_factory_v2,chemist,5,4,291007.86,12205.8327,3191.2132,186.5144,7680.4514,37.8894,4791.332,8075.8906,36.7977,0.984694
lubricant_factory_v2,chemist,5,5,307867.0,12914.106,3358.8968,194.4127,8143.8929,37.8034,5098.5269,8569.0565,36.3781,0.979592
lubricant_factory_v2,chemist,5,6,326749.23,13716.4143,3548.9944,203.3598,8668.7324,37.6929,5446.2801,9127.5115,35.9772,0.97449
lubricant_factory_v2,chemist,5,7,347897.33,14624.864,3764.2332,213.4904,9263.0122,37.5577,5840.051,9759.8569,35.5861,0.969388
lubricant_factory_v2,chemist,5,8,371583.2,15653.2909,4007.7324,224.959,9935.9216,37.398,6286.0751,10475.9197,35.1992,0.964286
lubricant_factory_v2,chemist,5,9,398111.38,16817.5027,4283.0256,237.9418,10697.9857,37.2137,6791.5219,11286.9649,34.811,0.959184
lubricant_factory_v2,chemist,5,10,444332.56,18832.8384,4770.7688,260.4159,12007.4387,37.0048,7649.7016,12677.1153,35.2981,0.954081
lubricant_factory_v2,chemist,5,11,477609.51,20328.7406,5122.1772,277.0976,12988.6352,36.7713,8302.6291,13722.0954,33.9147,0.94898
lubricant_factory_v2,chemist,5,12,514879.69,22023.6064,5519.3908,295.998,14101.1493,36.5133,9043.8009,14907.2183,33.5009,0.943877
lubricant_factory_v2,chemist,5,13,556622.29,23944.77,5968.424,317.422,15363.2638,36.2307,9885.7579,16252.0811,33.0735,0.938776
lubricant_factory_v2,chemist,5,14,603374.0,26123.6572,6476.1396,341.7202,16796.0438,35.9236,10842.9962,17779.2788,32.6301,0.933673
lubricant_factory_v2,chemist,5,15,655735.92,28596.4605,7050.4196,369.2959,18423.7682,35.5918,11932.2431,19514.8604,32.1688,0.928572
lubricant_factory_v2,chemist,5,16,714381.27,31404.8771,7700.2856,400.6141,20274.4604,35.2355,13172.8592,21488.9101,31.6883,0.923469
lubricant_factory_v2,chemist,5,17,780064.06,34597.0266,8436.1144,436.2116,22380.4895,34.8546,14587.2381,23736.1879,31.188,0.918367
lubricant_factory_v2,chemist,5,18,853628.78,38228.5686,9269.8396,476.7091,24779.3573,34.4492,16201.3864,26296.9863,30.6664,0.913265
lubricant_factory_v2,chemist,5,19,936021.27,42363.9366,10215.2148,522.825,27514.5302,34.0192,18045.5021,29218.0247,30.1233,0.908163
lubricant_factory_v2,chemist,5,20,1087532.46,49785.7632,11937.3968,605.5901,32401.2154,33.5646,21316.9253,34428.9614,31.0049,0.903061
lubricant_factory_v2,chemist,5,21,1190885.6,55199.4147,13160.6804,665.9609,35994.3129,33.0854,23752.5503,38270.613,28.7644,0.897959
lubricant_factory_v2,chemist,5,22,1306641.12,61382.7886,14551.7708,734.9153,40103.6092,32.5816,26543.6594,42666.0422,28.1692,0.892857
lubricant_factory_v2,chemist,5,23,1436287.3,68454.1643,16135.42,813.7723,44809.3256,32.0533,29746.4291,47701.6229,27.5508,0.887755
lubricant_factory_v2,chemist,5,24,1581491.02,76551.8682,17940.44,904.0745,50205.3977,31.5004,33426.76,53478.5357,26.9092,0.882653
lubricant_factory_v2,chemist,5,25,1744119.19,85838.0705,20000.4392,1007.6303,56402.1008,30.9229,37662.1672,60115.6117,26.2443,0.877551
lubricant_factory_v2,chemist,5,26,1926262.74,96503.372,22354.7464,1126.5653,63529.1924,30.3209,42544.0127,67752.7272,25.5565,0.872449
lubricant_factory_v2,chemist,5,27,2130263.51,108772.4571,25049.4972,1263.385,71739.8301,29.6943,48180.3349,76555.0505,24.8459,0.867347
lubricant_factory_v2,chemist,5,28,2358744.38,122910.9481,28138.9836,1421.0516,81215.2942,29.0431,54699.2314,86718.1524,24.1129,0.862245
lubricant_factory_v2,chemist,5,29,2614642.95,139233.9259,31687.32,1603.0786,92170.8687,28.3673,62253.0821,98474.3733,23.3578,0.857143
lubricant_factory_v2,chemist,5,30,3222053.23,175592.7618,39724.1152,2008.5373,116458.2951,27.667,78879.4994,124496.5679,25.0092,0.852041
lubricant_factory_v2,chemist,5,31,3543052.4,197921.3888,44507.3748,2257.5368,131506.1351,26.9421,89318.512,140665.4531,21.3319,0.846939
lubricant_factory_v2,chemist,5,32,3902571.47,223837.1186,50031.926,2546.5382,148995.0293,26.1926,101475.2676,159465.4147,20.557,0.841837
lubricant_factory_v2,chemist,5,33,4305232.82,253993.3454,56428.3496,2882.8279,169373.486,25.4186,115669.324,181381.1997,19.7592,0.836735
lubricant_factory_v2,chemist,5,34,4756213.54,289181.526,63854.1764,3275.2318,193185.3425,24.62,132288.7244,207000.7762,18.9393,0.831633
lubricant_factory_v2,chemist,5,35,5261311.94,330365.7171,72500.526,3734.5008,221093.7006,23.7968,151807.2839,237041.2806,18.0985,0.826531
lubricant_factory_v2,chemist,5,36,5827022.15,378727.4463,82600.7168,4273.8105,253912.0396,22.949,174807.0714,272382.7501,17.2376,0.821429
lubricant_factory_v2,chemist,5,37,6460617.58,435724.599,94441.5752,4909.419,292645.0362,22.0766,202007.8974,314112.3763,16.358,0.816327
lubricant_factory_v2,chemist,5,38,7170244.47,503169.8458,108378.438,5661.5403,338542.9847,21.1797,234306.6794,363583.5214,15.461,0.811224
lubricant_factory_v2,chemist,5,39,7965026.58,583336.0561,124855.3236,6555.5205,393174.9345,20.2582,272830.339,422495.0286,14.5479,0.806122
lubricant_factory_v2,chemist,5,40,10083583.21,773297.1183,164466.4056,8673.8869,522136.4384,19.3122,363264.1993,561389.7444,16.4278,0.80102
lubricant_factory_v2,chemist,5,41,11080557.89,893153.9375,188747.8768,10010.4802,604124.155,18.3415,421390.8545,649905.0095,12.16,0.795918
lubricant_factory_v2,chemist,5,42,12197169.54,1037747.0996,217898.5732,11622.9229,703156.2751,17.3463,491726.897,756863.797,11.2752,0.790816
lubricant_factory_v2,chemist,5,43,13447774.58,1213493.711,253156.6912,13582.7758,823676.1922,16.3265,577477.1561,887081.5953,10.3767,0.785714
lubricant_factory_v2,chemist,5,44,14848452.23,1428960.2796,296171.1452,15985.5691,971619.1018,15.2822,682925.9368,1046991.7953,9.4677,0.780612
lubricant_factory_v2,chemist,5,45,16417211.2,1695801.7578,349180.3756,18961.274,1155064.2941,14.2132,813909.5688,1245353.3053,8.5516,0.77551
lubricant_factory_v2,chemist,5,46,18174221.24,2030233.2104,415292.4496,22690.7141,1385257.5406,13.1197,978557.1797,1494359.6835,7.6328,0.770408
lubricant_factory_v2,chemist,5,47,20142072.49,2455421.9866,498940.2712,27432.2421,1678273.0417,12.0017,1188494.9404,1811442.1236,6.7159,0.765306
lubricant_factory_v2,chemist,5,48,22346065.89,3005548.8892,606654.2216,33567.0278,2057835.0466,10.859,1460890.7511,2222330.5733,5.8067,0.760204
lubricant_factory_v2,chemist,5,49,24814538.49,3733073.1147,748444.102,41680.0746,2560365.5761,9.6918,1822112.2641,2766529.9712,4.9121,0.755102
lubricant_factory_v2,chemist,5,50,32307155.28,5532179.4633,1101652.8292,61742.9584,3800841.7978,8.5,2711521.3684,4109108.3659,6.0401,0.75
synthetic_materials,chemist,6,1,473277.8,15941.9494,4740.0,322.0,9465.556,50.0,5321.5595,9889.9494,,1.0
synthetic_materials,chemist,6,2,496277.8,16678.8501,4933.7996,332.4189,9928.9895,49.9827,5609.9617,10382.1544,49.6296,0.994898
synthetic_materials,chemist,6,3,522037.8,17516.8865,5155.1245,344.2676,10455.2201,49.9308,5936.5549,10940.7912,48.9519,0.989795
synthetic_materials,chemist,6,4,550889.0,18468.5412,5407.1787,357.723,11052.1664,49.8444,6306.3419,11574.2921,48.3313,0.984694
synthetic_materials,chemist,6,5,583202.34,19548.0981,5693.5932,372.9866,11728.9209,49.7234,6725.1021,12292.3501,47.7475,0.979592
synthetic_materials,chemist,6,6,619393.29,20771.8659,6018.5202,390.2892,12495.8592,49.5679,7199.4232,13106.0238,47.1889,0.97449
synthetic_materials,chemist,6,7,659927.15,22158.4807,6386.6665,409.8942,13364.8704,49.3777,7736.8906,14027.9959,46.6437,0.969387
synthetic_materials,chemist,6,8,705325.07,23729.2729,6803.4168,432.1034,14349.5648,49.1531,8346.1897,15072.7859,46.1036,0.964286
synthetic_materials,chemist,6,9,756170.74,25508.6814,7274.8951,457.2621,15465.576,48.8938,9037.3403,16257.0841,45.5602,0.959184
synthetic_materials,chemist,6,10,829280.49,28069.086,7962.5269,493.4632,17063.3934,48.6,10018.0152,17950.0365,45.756,0.954082
synthetic_materials,chemist,6,11,893061.3,30356.3891,8565.3269,525.8029,18500.7756,48.2716,10911.318,19476.2986,44.3729,0.94898
synthetic_materials,chemist,6,12,964495.81,32949.8095,9247.0954,562.4706,20132.0118,47.9086,11926.7339,21208.8881,43.7916,0.943877
synthetic_materials,chemist,6,13,1044502.46,35891.8165,10018.3028,604.0671,21984.4185,47.511,13081.9319,23177.0163,43.1907,0.938776
synthetic_materials,chemist,6,14,1134109.91,39231.352,10890.9368,651.2842,24089.544,47.0789,14397.3922,25414.4417,42.5663,0.933674
synthetic_materials,chemist,6,15,1234470.25,43024.8664,11878.7765,704.9199,26483.8179,46.6122,15896.8084,27960.1597,41.9168,0.928571
synthetic_materials,chemist,6,16,1346873.83,47337.5623,12997.6678,765.8963,29209.3785,46.111,17607.6519,30859.2955,41.2405,0.92347
synthetic_materials,chemist,6,17,1472765.84,52244.8929,14265.8358,835.28,32315.0861,45.5752,19561.8806,34164.2038,40.5357,0.918367
synthetic_materials,chemist,6,18,1613764.89,57834.2998,15704.3263,914.3074,35857.6295,45.0048,21796.643,37935.6486,39.8016,0.913265
synthetic_materials,chemist,6,19,1771683.83,64207.3172,17337.4553,1004.4143,39902.9394,44.3998,24355.2565,42244.3335,39.0375,0.908163
synthetic_materials,chemist,6,20,2036166.35,74690.1215,20054.7504,1152.6284,46529.9861,43.7603,28517.3431,49294.0922,39.9096,0.903061
synthetic_materials,chemist,6,21,2234259.87,83047.7203,22172.8384,1270.795,51855.5556,43.0862,31908.1237,54973.0511,37.1967,0.897959
synthetic_materials,chemist,6,22,2456124.61,92609.9088,24585.3467,1405.9928,57958.1554,42.3775,35803.9143,61483.6552,36.3558,0.892857
synthetic_materials,chemist,6,23,2704613.12,103565.5353,27336.6512,1560.8921,64961.153,41.6343,40286.5593,68958.4383,35.4832,0.887755
synthetic_materials,chemist,6,24,2982920.25,116136.3842,30478.6171,1738.6289,73009.6502,40.8565,45452.5527,77553.351,34.5788,0.882653
synthetic_materials,chemist,6,25,3294624.24,130583.6802,34072.0443,1942.8962,82274.8036,40.0441,51415.9816,87452.4267,33.6426,0.877551
synthetic_materials,chemist,6,26,3643732.71,147215.8682,38188.412,2178.0554,92958.9787,39.1972,58312.0211,98873.3401,32.6753,0.872449
synthetic_materials,chemist,6,27,4034734.19,166398.529,42912.0495,2449.2752,105302.3678,38.3157,66301.4738,112074.5611,31.677,0.867347
synthetic_materials,chemist,6,28,4472655.85,188566.3198,48342.786,2762.7011,119590.9244,37.3996,75576.1757,127363.9217,30.6484,0.862245
synthetic_materials,chemist,6,29,4963128.11,214238.1033,54599.2684,3125.6692,136166.4542,36.449,86365.9109,145109.5211,29.5901,0.857143
synthetic_materials,chemist,6,30,6124668.82,271123.6339,68685.4393,3929.9622,172702.1622,35.4638,109940.786,184162.5394,31.7919,0.852041
synthetic_materials,chemist,6,31,6739917.22,306540.2847,77192.7486,4430.7112,195677.6376,34.444,125012.3936,208794.2888,26.7785,0.846939
synthetic_materials,chemist,6,32,7428995.43,347812.9715,87058.376,5014.2574,222494.0941,33.3896,142648.5558,237557.2595,25.6961,0.841837
synthetic_materials,chemist,6,33,8200763.02,396054.0756,98532.4277,5696.3285,253888.028,32.3007,163348.2905,271245.7618,24.5833,0.836735
synthetic_materials,chemist,6,34,9065142.73,452624.8803,111919.7851,6496.1716,290761.7635,31.1772,187724.055,310833.2723,23.4416,0.831633
synthetic_materials,chemist,6,35,10033248.0,519202.4944,127594.6949,7437.499,334228.1614,30.0192,216532.4542,357520.7756,22.2725,0.826531
synthetic_materials,chemist,6,36,11117525.9,597868.5221,146020.0229,8549.7423,385669.9185,28.8265,250715.0411,412800.9041,21.0778,0.821429
synthetic_materials,chemist,6,37,12331917.15,691228.3402,167773.1153,9869.7379,446819.3738,27.5993,291453.2614,478544.2668,19.8594,0.816327
synthetic_materials,chemist,6,38,13692035.35,802573.4512,193581.0122,11444.0237,519867.1213,26.3376,340243.219,557116.9381,18.6196,0.811224
synthetic_materials,chemist,6,39,15215367.73,936106.4239,224369.1561,13332.0195,607612.5661,25.0412,398999.3855,651543.336,17.3608,0.806122
synthetic_materials,chemist,6,40,19280587.85,1250212.8535,297758.6993,17773.1068,813172.5112,23.7103,535759.127,872490.9393,19.7763,0.80102
synthetic_materials,chemist,6,41,21191455.99,1455116.8178,344352.5486,20670.2026,948381.838,22.3449,626894.4288,1018172.3318,14.1327,0.795918
synthetic_materials,chemist,6,42,23331628.31,1705685.5876,401062.0081,24212.9437,1113957.2531,20.9448,738742.5142,1196644.5202,12.9257,0.790816
synthetic_materials,chemist,6,43,25728621.31,2015131.468,470765.8459,28588.1363,1318726.4126,19.5102,877368.2693,1417452.9737,11.7058,0.785714
synthetic_materials,chemist,6,44,28413253.47,2401756.7892,557444.0739,34054.5537,1574924.6006,18.041,1051184.7668,1693829.969,10.4787,0.780612
synthetic_materials,chemist,6,45,31420041.49,2891577.9998,666744.3454,40980.0367,1899952.6474,16.5373,1272165.8451,2044596.8874,9.2509,0.77551
synthetic_materials,chemist,6,46,34787644.07,3522744.6151,806935.7372,49903.974,2319337.2664,14.999,1557888.1123,2497367.693,8.0299,0.770408
synthetic_materials,chemist,6,47,38559358.96,4353368.0061,990598.0814,61647.9901,2871976.0831,13.4261,1935149.2927,3094224.867,6.8249,0.765306
synthetic_materials,chemist,6,48,42783679.64,5476277.8731,1237806.0174,77524.5858,3620024.1248,11.8186,2446788.6866,3902418.165,5.6471,0.760204
synthetic_materials,chemist,6,49,47514918.8,7049091.2818,1582616.5116,99762.2765,4669039.8696,10.1766,3165585.9816,5036166.0072,4.5102,0.755102
synthetic_materials,chemist,6,50,61756663.02,10947203.3164,2441188.7612,154876.8946,7265489.7647,8.5,4941102.6167,7841269.1218,5.4851,0.75
battery_chemistry,chemist,7,1,872135.1,20133.3459,3875.0,595.0,13627.1109,64.0,9699.1767,14453.3459,,1.0
battery_chemistry,chemist,7,2,914635.1,21084.6465,4037.3857,614.6795,14296.3457,63.9768,10196.9591,15171.875,63.5054,0.994897
battery_chemistry,chemist,7,3,962235.1,22166.3306,4222.7464,637.0565,15056.6792,63.9075,10761.8885,15987.9412,62.6041,0.989795
battery_chemistry,chemist,7,4,1015547.1,23394.7265,4433.7905,662.4685,15919.6667,63.792,11402.6269,16913.9806,61.7761,0.984694
battery_chemistry,chemist,7,5,1075256.54,24788.4976,4673.5949,691.3016,16898.533,63.6302,12129.1042,17964.2334,60.9986,0.979592
battery_chemistry,chemist,7,6,1142131.11,26369.0055,4945.6896,723.9975,18008.4071,63.4221,12952.6725,19154.987,60.2542,0.97449
battery_chemistry,chemist,7,7,1217030.63,28160.672,5254.0737,761.0619,19266.6166,63.1678,13886.3651,20504.9094,59.5287,0.969387
battery_chemistry,chemist,7,8,1300918.09,30191.5427,5603.3391,803.0747,20693.0621,62.8674,14945.1508,22035.4411,58.8087,0.964286
battery_chemistry,chemist,7,9,1394872.05,32493.7707,5998.7054,850.7009,22310.597,62.5206,16146.2575,23771.2202,58.0847,0.959183
battery_chemistry,chemist,7,10,1525297.47,35690.1407,6553.7449,916.8244,24551.0271,62.1276,17804.6708,26173.1117,58.2145,0.954082
battery_chemistry,chemist,7,11,1643153.32,38654.796,7060.1841,978.1545,26636.3179,61.6885,19355.4061,28411.858,56.5177,0.94898
battery_chemistry,chemist,7,12,1775151.87,42019.521,7633.4788,1047.761,29004.3047,61.203,21117.6377,30954.666,55.7429,0.943878
battery_chemistry,chemist,7,13,1922990.24,45840.6892,8282.6342,1126.8095,31695.1835,60.6714,23121.7904,33844.926,54.9406,0.938775
battery_chemistry,chemist,7,14,2088569.22,50183.2908,9017.993,1216.6453,34755.3276,60.0935,25402.9978,37132.7114,54.1082,0.933673
battery_chemistry,chemist,7,15,2274017.68,55122.524,9851.4513,1318.8237,38238.4567,59.4694,28002.0186,40876.054,53.2419,0.928572
battery_chemistry,chemist,7,16,2481719.95,60745.4454,10796.7226,1435.1454,42206.8123,58.799,30966.127,45142.2137,52.3396,0.923469
battery_chemistry,chemist,7,17,2714346.49,67153.0035,11869.6442,1567.6993,46732.6242,58.0825,34350.2372,50009.2679,51.4,0.918368
battery_chemistry,chemist,7,18,2974888.22,74462.5758,13088.5255,1718.9126,51899.9698,57.3197,38218.3598,55568.1401,50.4208,0.913265
battery_chemistry,chemist,7,19,3266694.96,82810.7268,14474.5936,1891.6118,57806.7336,56.5106,42645.0792,61924.7128,49.4021,0.908163
battery_chemistry,chemist,7,20,3725853.79,95749.9047,16642.2221,2159.2855,66945.1055,55.6554,49477.3051,71751.7291,50.2451,0.903061
battery_chemistry,chemist,7,21,4091896.16,106732.2221,18446.2439,2386.4774,74732.5657,54.7539,55329.9345,80139.5125,47.0041,0.897959
battery_chemistry,chemist,7,22,4501863.62,119322.308,20504.981,2646.9292,83668.2461,53.8061,62053.4457,89767.5521,45.8798,0.892857
battery_chemistry,chemist,7,23,4961027.17,133777.4262,22857.6601,2945.9635,93937.2083,52.8122,69789.4873,100836.3139,44.7137,0.887755
battery_chemistry,chemist,7,24,5475290.35,150400.8655,25550.3085,3289.8537,105757.8119,51.772,78705.376,113582.4134,43.5057,0.882653
battery_chemistry,chemist,7,25,6051265.11,169551.1203,28637.0831,3686.0163,119388.3781,50.6855,88999.2552,128285.8607,42.2561,0.877551
battery_chemistry,chemist,7,26,6696356.84,191653.3866,32181.9448,4143.2478,135135.5289,49.5529,100906.5444,145279.1223,40.9656,0.872449
battery_chemistry,chemist,7,27,7418859.58,217213.837,36260.6923,4672.0184,153364.5799,48.374,114708.0128,164958.4328,39.6347,0.867347
battery_chemistry,chemist,7,28,8228062.65,246837.1965,40963.493,5284.839,174512.3121,47.1489,130739.6787,187797.6835,38.2643,0.862245
battery_chemistry,chemist,7,29,9134370.08,281249.1516,46398.0991,5996.7216,199103.2679,45.8775,149405.451,214366.1503,36.8553,0.857143
battery_chemistry,chemist,7,30,11243630.22,355942.3549,58370.8222,7541.9056,252325.7756,44.56,189655.745,271802.8672,39.631,0.852041
battery_chemistry,chemist,7,31,12380502.26,403790.7816,65820.9515,8531.7493,286611.1304,43.1962,215769.4488,308884.9579,33.1591,0.846939
battery_chemistry,chemist,7,32,13653798.95,459762.651,74493.3139,9689.6434,326754.3335,41.7861,246380.5065,352318.5557,31.7189,0.841837
battery_chemistry,chemist,7,33,15079891.24,525455.9265,84621.3239,11048.6451,373913.7831,40.3299,282384.1103,403362.2668,30.2398,0.836735
battery_chemistry,chemist,7,34,16677114.61,602842.1662,96491.9098,12649.54,429519.6233,38.8274,324886.3283,463570.3394,28.724,0.831633
battery_chemistry,chemist,7,35,18466004.78,694372.4236,110460.5408,14543.0331,495350.8993,37.2786,375264.0947,534876.6551,27.1739,0.826531
battery_chemistry,chemist,7,36,20469561.77,803119.7319,126971.3849,16792.6968,573639.4158,35.6837,435246.0115,619707.8114,25.592,0.821429
battery_chemistry,chemist,7,37,22713545.6,932973.9945,146584.8872,19479.0013,667211.7922,34.0425,507022.8634,721137.7928,23.9813,0.816327
battery_chemistry,chemist,7,38,25226807.49,1088912.3959,170015.9815,22704.9106,779686.6083,32.3551,593401.0339,843102.6425,22.3451,0.811224
battery_chemistry,chemist,7,39,28041660.81,1277382.1166,198188.1111,26603.7974,915753.4811,30.6214,698019.7292,990704.3721,20.6873,0.806122
battery_chemistry,chemist,7,40,35457355.06,1712751.85,264054.6249,35610.323,1229385.6048,28.8415,938509.2196,1330633.716,23.6446,0.80102
battery_chemistry,chemist,7,41,38988307.06,2008188.4873,307630.05,41722.0424,1443187.6636,27.0154,1103383.6724,1562776.4309,16.5151,0.795918
battery_chemistry,chemist,7,42,42942973.3,2373735.8575,361296.5099,49284.1473,1707945.0243,25.1431,1307759.7739,1850337.4515,14.9369,0.790816
battery_chemistry,chemist,7,43,47372199.49,2831484.2075,428188.0502,58753.6208,2039752.0067,23.2245,1564151.6698,2210837.3646,13.3488,0.785714
battery_chemistry,chemist,7,44,52332932.83,3412987.4833,512773.7745,70783.2216,2461604.5239,21.2597,1890446.1033,2669312.7408,11.7594,0.780612
battery_chemistry,chemist,7,45,57888954.17,4164787.679,621635.9669,86335.7675,3007429.8718,19.2486,2313040.4254,3262705.1008,10.1791,0.77551
battery_chemistry,chemist,7,46,64111698.07,5158294.2691,764861.3958,106888.511,3729293.5953,17.1914,2872454.8107,4047710.2233,8.6204,0.770408
battery_chemistry,chemist,7,47,71081171.23,6508625.0145,958694.3982,134822.902,4711143.7114,15.0879,3634035.5122,5115747.657,7.0983,0.765306
battery_chemistry,chemist,7,48,78886981.17,8413573.7709,1231023.8183,174230.7164,6097237.7356,12.9382,4710092.573,6623922.1214,5.6315,0.760204
battery_chemistry,chemist,7,49,87629488.31,11243210.4017,1633998.8013,232767.6161,8157506.2664,10.7422,6310802.5034,8866214.6812,4.2434,0.755102
battery_chemistry,chemist,7,50,113809913.79,18432311.4219,2660705.5449,381489.0753,13389401.6176,8.5,10373301.745,14559290.0381,5.004,0.75
high_purity_reagents,chemist,8,1,1626260.0,29005.8046,4520.0,1120.0,20328.25,80.0,15304.6437,21825.8046,,1.0
high_purity_reagents,chemist,8,2,1706260.0,30394.0514,4712.1678,1157.5229,21336.1938,79.9702,16089.4665,22918.8876,79.3695,0.994898
high_purity_reagents,chemist,8,3,1795860.0,31972.7503,4931.5008,1200.194,22481.7183,79.8809,16980.755,24160.8539,78.2174,0.989796
high_purity_reagents,chemist,8,4,1896212.0,33765.8892,5181.2308,1248.6609,23782.3178,79.732,17992.2042,25570.7108,77.1583,0.984694
high_purity_reagents,chemist,8,5,2008606.24,35800.8784,5465.028,1303.6649,25258.0014,79.5236,19139.4958,27170.2069,76.1642,0.979592
high_purity_reagents,chemist,8,6,2134487.79,38109.1603,5787.0871,1366.0549,26931.736,79.2555,20440.6427,28984.3117,75.21,0.974489
high_purity_reagents,chemist,8,7,2275475.12,40726.6732,6152.1946,1436.8042,28829.7767,78.9279,21916.2424,31041.5727,74.2805,0.969388
high_purity_reagents,chemist,8,8,2433380.93,43694.7791,6565.8153,1517.0291,30982.3832,78.5408,23590.0713,33374.9092,73.3556,0.964285
high_purity_reagents,chemist,8,9,2610235.44,47060.8737,7034.2093,1608.0115,33424.228,78.0941,25489.3735,36022.0417,72.4266,0.959184
high_purity_reagents,chemist,8,10,2838929.28,51429.728,7646.3348,1726.0981,36589.8467,77.5879,27948.182,39452.1279,72.243,0.954082
high_purity_reagents,chemist,8,11,3060775.58,55767.14,8246.862,1843.3341,39738.9412,77.0221,30400.0849,42867.1724,70.4476,0.94898
high_purity_reagents,chemist,8,12,3309243.44,60692.6157,8926.991,1976.4651,43316.5689,76.3967,33187.141,46747.6627,69.4505,0.943878
high_purity_reagents,chemist,8,13,3587527.44,66289.6338,9697.5244,2127.7476,47383.9948,75.7118,36357.6728,51160.338,68.4177,0.938775
high_purity_reagents,chemist,8,14,3899205.52,72654.6965,10570.9059,2299.7891,52012.0814,74.9673,39967.6093,56182.4097,67.3449,0.933673
high_purity_reagents,chemist,8,15,4248284.97,79899.4474,11561.4594,2495.608,57282.8705,74.1633,44081.7607,61903.2986,66.2291,0.928572
high_purity_reagents,chemist,8,16,4639253.95,88153.3971,12685.719,2718.7047,63291.6069,73.2997,48775.4345,68426.8479,65.0668,0.923469
high_purity_reagents,chemist,8,17,5077139.21,97566.9699,13962.8088,2973.145,70148.984,72.3765,54136.2177,75873.7759,63.8561,0.918367
high_purity_reagents,chemist,8,18,5567570.7,108315.2739,15414.8814,3263.6615,77983.9559,71.3938,60266.2354,84384.7581,62.5952,0.913265
high_purity_reagents,chemist,8,19,6116853.97,120602.5098,17067.6511,3595.7741,86947.0036,70.3515,67284.7571,94124.0,61.2831,0.908163
high_purity_reagents,chemist,8,20,6920871.45,138433.248,19480.9921,4077.722,99940.8446,69.2497,77447.3883,108237.2048,61.8768,0.903061
high_purity_reagents,chemist,8,21,7609892.39,154616.1085,21635.3958,4515.1301,111765.0569,68.0883,86724.663,121094.2309,58.272,0.897959
high_purity_reagents,chemist,8,22,8381595.84,173190.5846,24096.8206,5017.1806,125346.6276,66.8673,97390.0562,135866.6047,56.8199,0.892857
high_purity_reagents,chemist,8,23,9245903.7,194544.2519,26913.1829,5594.3505,140971.9451,65.5868,109671.2767,152867.1828,55.3146,0.887755
high_purity_reagents,chemist,8,24,10213928.5,219135.083,30140.8471,6259.018,158979.6396,64.2468,123837.7778,172465.9912,53.7562,0.882653
high_purity_reagents,chemist,8,25,11298116.28,247505.9215,33846.3205,7025.8552,179771.3589,62.8471,140209.4013,195102.0349,52.1452,0.877551
high_purity_reagents,chemist,8,26,12512406.59,280302.3787,38108.3686,7912.3135,203825.076,61.388,159167.0366,221297.8719,50.4824,0.872449
high_purity_reagents,chemist,8,27,13872411.74,318295.3998,43020.6232,8939.2291,231711.9263,59.8692,181166.1559,251678.0785,48.7687,0.867347
high_purity_reagents,chemist,8,28,15395617.51,362409.1097,48694.873,10131.5821,264116.9095,58.2909,206753.3962,286991.9235,47.0053,0.862245
high_purity_reagents,chemist,8,29,17101607.97,413756.5483,55265.1812,11519.4557,301865.5629,56.6531,236588.0112,328142.624,45.1934,0.857143
high_purity_reagents,chemist,8,30,20947953.94,521869.6517,69290.8587,14441.6525,381179.3122,54.9556,299117.7808,414529.193,48.4953,0.852041
high_purity_reagents,chemist,8,31,23087948.38,593561.9357,78337.8376,16379.4288,433994.8623,53.1987,340963.3634,472154.3441,40.5183,0.846939
high_purity_reagents,chemist,8,32,25484742.15,677645.6444,88896.3723,18652.1336,495984.5105,51.3821,390119.8235,539809.4364,38.6644,0.841837
high_purity_reagents,chemist,8,33,28169151.17,776617.7135,101262.4866,21327.2568,569004.334,49.506,448073.1841,619527.0344,36.7627,0.836735
high_purity_reagents,chemist,8,34,31175689.27,893577.2393,115802.2915,24488.5645,655359.1535,47.5704,516669.7897,713831.6202,34.8161,0.831633
high_purity_reagents,chemist,8,35,34543011.95,1032402.7328,132972.4291,28240.8883,757934.7915,45.5752,598222.6544,825884.6498,32.8277,0.826531
high_purity_reagents,chemist,8,36,38314413.35,1197993.3325,153347.8614,32716.649,880378.0753,43.5204,695656.225,959681.9845,30.8012,0.821429
high_purity_reagents,chemist,8,37,42538382.92,1396602.98,177660.2995,38084.8832,1027346.2836,41.4061,812707.0515,1120327.5182,28.7407,0.816327
high_purity_reagents,chemist,8,38,47269228.83,1636310.6329,206852.2856,44563.9593,1204858.1176,39.2322,954206.1187,1314418.1668,26.6509,0.811224
high_purity_reagents,chemist,8,39,52567776.25,1927696.6806,242154.8823,52439.8536,1420798.6919,36.9988,1126485.1675,1550597.8477,24.5371,0.806122
high_purity_reagents,chemist,8,40,66404986.91,2593433.6729,323722.0203,70434.107,1913371.4646,34.7057,1518729.8008,2088982.8749,28.0917,0.80102
high_purity_reagents,chemist,8,41,73051484.8,3057530.5202,379221.4098,82978.2148,2257937.8792,32.3532,1794214.0866,2466127.1409,19.2895,0.795918
high_purity_reagents,chemist,8,42,80495562.44,3637038.9115,448205.4103,98641.7892,2688466.7894,29.9411,2138681.2245,2937484.5589,17.2905,0.790816
high_purity_reagents,chemist,8,43,88832929.39,4370731.776,535146.0464,118472.8265,3233888.2257,27.4694,2575393.5247,3534784.3829,15.2861,0.785714
high_purity_reagents,chemist,8,44,98170780.38,5315380.5506,646581.4484,144005.8072,3936570.1667,24.9382,3138426.4607,4304497.8458,13.2889,0.780612
high_purity_reagents,chemist,8,45,108629173.48,6557301.8689,792439.6742,177573.7886,4860940.9132,22.3474,3879608.1951,5317297.8976,11.3141,0.77551
high_purity_reagents,chemist,8,46,120342573.76,8234053.0327,988525.9029,222894.8177,6109690.1115,19.697,4881558.7541,6685833.6638,9.3801,0.770408
high_purity_reagents,chemist,8,47,133461582.07,10578461.9241,1261569.6516,286262.016,7856648.3232,16.9871,6284153.0459,8600803.4283,7.5096,0.765306
high_purity_reagents,chemist,8,48,148154871.38,14017355.107,1660541.7167,379212.11,10420513.1139,14.2176,8343859.4006,11411841.4919,5.7309,0.760204
high_purity_reagents,chemist,8,49,164611355.4,19424935.5385,2285697.4746,525373.9942,14454061.7406,11.3886,11586028.2247,15835108.7354,4.0799,0.755102
high_purity_reagents,chemist,8,50,213625586.08,33744016.5374,3943769.7933,912405.4745,25132421.9046,8.5,20167153.0655,27544167.4905,4.5901,0.75
chemical_concern_v2,chemist,9,1,3430538.6,50169.5355,7553.3333,2380.0,35005.4959,98.0,26425.6284,37659.5355,,1.0
chemical_concern_v2,chemist,9,2,3600538.6,52582.5397,7876.2383,2460.1295,36754.1695,97.9627,27791.5448,39559.3527,97.2165,0.994898
chemical_concern_v2,chemist,9,3,3790938.6,55327.1645,8244.841,2551.2706,38742.016,97.8508,29343.1994,41718.4923,95.782,0.989795
chemical_concern_v2,chemist,9,4,4004186.6,58445.1509,8664.5948,2654.8119,40999.3975,97.6645,31104.4166,44169.9932,94.467,0.984694
chemical_concern_v2,chemist,9,5,4243024.36,61984.4612,9141.6936,2772.3432,43561.2692,97.4036,33102.6853,46951.9207,93.2278,0.979592
chemical_concern_v2,chemist,9,6,4510522.65,65999.9304,9683.2147,2905.6869,46467.5951,97.0681,35369.4354,50107.7963,92.04,0.97449
chemical_concern_v2,chemist,9,7,4810120.74,70554.5216,10297.2403,3056.9324,49764.3035,96.6581,37940.8244,53687.6539,90.8779,0.969388
chemical_concern_v2,chemist,9,8,5145670.6,75720.4285,10993.0307,3228.4785,53504.0597,96.1735,40858.3182,57748.8695,89.7251,0.964286
chemical_concern_v2,chemist,9,9,5521486.44,81580.6316,11781.1455,3423.0812,57747.4723,95.6143,44169.7059,62357.5058,88.5645,0.959184
chemical_concern_v2,chemist,9,10,6023558.1,89423.7856,12845.0929,3683.5322,63418.7896,94.9807,48587.8569,68513.3172,88.5282,0.954082
chemical_concern_v2,chemist,9,11,6494981.49,96981.3746,13856.1897,3934.5,68895.8958,94.2724,52866.3151,74463.9264,86.0716,0.94898
chemical_concern_v2,chemist,9,12,7022975.69,105566.5862,15001.7055,4219.5925,75120.4007,93.4896,57731.1181,81227.7602,84.8251,0.943877
chemical_concern_v2,chemist,9,13,7614329.19,115325.9154,16299.9876,4543.6741,82199.5607,92.6322,63267.0768,88921.8431,83.5344,0.938776
chemical_concern_v2,chemist,9,14,8276645.11,126428.7848,17772.1323,4912.3717,90257.5243,91.7003,69572.4578,97681.6779,82.194,0.933673
chemical_concern_v2,chemist,9,15,9018438.94,139071.5078,19442.499,5332.2042,99438.22,90.6939,76761.2535,107664.3898,80.7993,0.928572
chemical_concern_v2,chemist,9,16,9849248.03,153481.9543,21339.2166,5810.7377,109908.84,89.6129,84966.0008,119052.5585,79.3467,0.92347
chemical_concern_v2,chemist,9,17,10779754.21,169925.0697,23494.8397,6356.7706,121863.9097,88.4573,94341.0256,132058.6708,77.8336,0.918367
chemical_concern_v2,chemist,9,18,11821921.13,188709.5472,25947.1351,6980.5541,135530.2164,87.2272,105066.381,146930.5184,76.2581,0.913265
chemical_concern_v2,chemist,9,19,12989148.08,210195.8549,28739.9952,7694.059,151172.7666,85.9225,117352.6321,163957.7334,74.6187,0.908163
chemical_concern_v2,chemist,9,20,14662664.71,240798.8201,32739.3493,8710.3029,173433.7761,84.5433,134819.7293,188180.8021,75.177,0.903061
chemical_concern_v2,chemist,9,21,16126834.2,269126.8978,36384.1499,9651.0053,194089.8161,83.0895,151074.2882,210680.0269,70.8834,0.897959
chemical_concern_v2,chemist,9,22,17766704.03,301665.4036,40551.4145,10731.5242,217832.7445,81.5612,169773.677,236549.1713,69.0677,0.892857
chemical_concern_v2,chemist,9,23,19603358.23,339102.2622,45323.3914,11974.7054,245169.6239,79.9583,191322.0172,266343.0084,67.1859,0.887755
chemical_concern_v2,chemist,9,24,21660410.94,382251.7252,50796.9975,13407.5872,276701.0122,78.2809,216198.2967,300718.7737,65.2383,0.882653
chemical_concern_v2,chemist,9,25,23964309.97,432080.6597,57086.8093,15062.2766,313140.4692,76.5289,244972.0372,340457.5652,63.2254,0.877551
chemical_concern_v2,chemist,9,26,26544676.89,489741.41,64328.7942,16977.04,355338.9509,74.7024,278322.8967,386491.1107,61.1483,0.872449
chemical_concern_v2,chemist,9,27,29434687.84,556612.7853,72684.9638,19197.6652,404315.2359,72.8013,317065.1173,439935.1531,59.0084,0.867347
chemical_concern_v2,chemist,9,28,32671500.1,634351.8853,82349.2121,21779.1785,461294.4404,70.8257,362178.5116,502131.7291,56.8069,0.862245
chemical_concern_v2,chemist,9,29,36296729.83,724959.4712,93554.6803,24788.0222,527756.5888,68.7755,414847.5344,574702.4846,54.5458,0.857143
chemical_concern_v2,chemist,9,30,44349752.37,912982.4484,117117.3942,31031.7761,665404.9519,66.6508,523678.0913,724881.0513,58.5043,0.852041
chemical_concern_v2,chemist,9,31,48897240.55,1039873.2445,132596.1759,35245.4902,758667.4732,64.4515,597758.8415,826799.0788,48.7601,0.846939
chemical_concern_v2,chemist,9,32,53990427.31,1188965.7156,150693.9399,40196.4643,868325.5209,62.1776,684935.1984,946669.1263,46.4461,0.841837
chemical_concern_v2,chemist,9,33,59694796.48,1364811.1417,171932.8633,46035.8337,997752.9269,59.8292,787913.7847,1088191.0311,44.0739,0.836735
chemical_concern_v2,chemist,9,34,66083689.95,1573083.4966,196961.7397,52952.0181,1151157.6728,57.4063,910072.1697,1255980.231,41.6473,0.831633
chemical_concern_v2,chemist,9,35,73239250.64,1820919.2964,226593.9045,61182.0022,1333834.7491,54.9088,1055662.5783,1455845.4692,39.1705,0.826531
chemical_concern_v2,chemist,9,36,81253478.61,2117384.2765,261859.3301,71026.8328,1552513.3588,52.3367,1230091.5932,1695170.1073,36.6484,0.821429
chemical_concern_v2,chemist,9,37,90229413.94,2474125.1942,304077.4027,82873.2723,1815841.8317,49.6901,1440310.779,1983444.6726,34.0865,0.816327
chemical_concern_v2,chemist,9,38,100282461.51,2906298.7178,354960.3798,97224.6343,2135078.9221,46.969,1695373.7701,2333026.1601,31.4909,0.811225
chemical_concern_v2,chemist,9,39,111541874.79,3433922.6423,416763.8983,114745.6543,2525099.3881,44.1733,2007246.6121,2760242.5278,28.8688,0.806122
chemical_concern_v2,chemist,9,40,140777858.59,4630657.9634,558450.7224,154486.1267,3408417.3695,41.303,2712364.1605,3727216.9623,33.0979,0.80102
chemical_concern_v2,chemist,9,41,154901666.6,5481274.913,656823.5002,182732.9063,4038295.1006,38.3582,3217051.7738,4417656.474,22.4231,0.795918
chemical_concern_v2,chemist,9,42,170720331.58,6551068.0142,779985.102,218257.9579,4830957.7102,35.3388,3852618.8004,5286748.8361,19.9564,0.790816
chemical_concern_v2,chemist,9,43,188437236.35,7917381.4325,936579.8041,263629.6788,5843939.5962,32.2449,4665405.7611,6397676.7208,17.4899,0.785714
chemical_concern_v2,chemist,9,44,208280169.69,9695746.5275,1139502.2417,322684.5651,7163196.957,29.0764,5724659.2944,7844841.6127,15.041,0.780612
chemical_concern_v2,chemist,9,45,230504255.04,12066230.9433,1408827.1807,401402.1979,8922721.3613,25.8334,7138341.7857,9775408.7092,12.6307,0.77551
chemical_concern_v2,chemist,9,46,255395230.63,15324999.0944,1777542.1352,509617.4261,11342920.3937,22.5158,9084068.6465,12431467.0394,10.2847,0.770408
chemical_concern_v2,chemist,9,47,283273123.29,19994546.6756,2303802.9,664680.9756,14812674.636,19.1237,11875252.0149,16240167.1064,8.0345,0.765306
chemical_concern_v2,chemist,9,48,314496363.07,27088708.8422,3100395.3196,900259.6794,20086606.8435,15.657,16120114.4149,22030416.7813,5.9203,0.760204
chemical_concern_v2,chemist,9,49,349466391.62,38863354.5955,4418191.1319,1291265.0898,28843891.5852,12.1158,23172131.8887,31646721.9638,3.9933,0.755102
chemical_concern_v2,chemist,9,50,453438549.63,71810968.3077,8108688.4882,2385369.7858,53345711.7293,8.5,42900372.1281,58550795.2052,4.2434,0.75
logging_site_v2,construction,1,1,10000.0,1379.8253,222.4,8.0,1000.0,10.0,762.2602,1039.4253,,1.0
logging_site_v2,construction,1,2,10500.0,1447.3374,232.0913,8.274,1050.0657,9.9994,801.459,1092.1787,9.9869,0.994898
logging_site_v2,construction,1,3,11060.0,1523.1615,242.9978,8.5817,1106.2764,9.9975,845.4508,1151.3943,9.9625,0.989796
logging_site_v2,construction,1,4,11687.2,1608.2968,255.2572,8.9272,1169.3778,9.9944,894.8244,1217.8611,9.9396,0.984693
logging_site_v2,construction,1,5,12389.66,1703.8621,269.0235,9.3151,1240.2054,9.99,950.2393,1292.4633,9.9179,0.979592
logging_site_v2,construction,1,6,13176.42,1811.12,284.4692,9.7504,1319.7034,9.9844,1012.4419,1376.2008,9.8966,0.97449
logging_site_v2,construction,1,7,14057.59,1931.4822,301.7859,10.2389,1408.9279,9.9775,1082.268,1470.1928,9.8759,0.969388
logging_site_v2,construction,1,8,15044.5,2066.5381,321.1883,10.787,1509.0696,9.9694,1160.661,1575.7017,9.8551,0.964285
logging_site_v2,construction,1,9,16149.84,2218.0733,342.9166,11.402,1621.4666,9.96,1248.6818,1694.1467,9.8343,0.959184
logging_site_v2,construction,1,10,20186.14,2771.9669,426.2694,13.65,2028.8813,9.9494,1564.5194,2121.2128,9.9071,0.954081
logging_site_v2,construction,1,11,21572.68,2962.8119,453.1809,14.4245,2170.8296,9.9375,1676.0536,2271.0612,9.7679,0.94898
logging_site_v2,construction,1,12,23125.6,3176.9829,483.327,15.2937,2330.175,9.9244,1801.302,2439.3065,9.7456,0.943877
logging_site_v2,construction,1,13,24864.87,3417.3264,517.0813,16.2692,2509.059,9.91,1941.9699,2628.2252,9.7229,0.938775
logging_site_v2,construction,1,14,26812.86,3687.0505,554.8618,17.3638,2709.8976,9.8944,2099.9839,2840.3879,9.6993,0.933673
logging_site_v2,construction,1,15,28994.61,3989.7552,597.1347,18.5924,2935.4045,9.8776,2277.5098,3078.6828,9.6749,0.928572
logging_site_v2,construction,1,16,31438.17,4329.4957,644.422,19.9712,3188.6392,9.8594,2476.9924,3346.3686,9.6494,0.923469
logging_site_v2,construction,1,17,34174.95,4710.827,697.3074,21.5188,3473.0407,9.8401,2701.1817,3647.1095,9.6229,0.918367
logging_site_v2,construction,1,18,37240.15,5138.8806,756.4429,23.2561,3792.488,9.8195,2953.184,3985.0417,9.5953,0.913265
logging_site_v2,construction,1,19,40673.17,5619.4282,822.5584,25.2064,4151.3472,9.7976,3236.4986,4364.8225,9.5665,0.908163
logging_site_v2,construction,1,20,50802.5,7027.9856,1022.9604,30.923,5197.4689,9.7745,4057.0249,5468.1416,9.6827,0.903061
logging_site_v2,construction,1,21,55108.88,7635.1487,1105.0573,33.3871,5652.1327,9.7501,4417.1458,5950.1381,9.4716,0.897959
logging_site_v2,construction,1,22,59932.03,8316.9618,1196.8985,36.1543,6163.0008,9.7245,4822.0674,6491.9178,9.4411,0.892857
logging_site_v2,construction,1,23,65333.95,9082.6903,1299.626,39.262,6737.108,9.6976,5277.4513,7101.0017,9.4093,0.887755
logging_site_v2,construction,1,24,71384.11,9942.7754,1414.5176,42.7526,7382.3895,9.6695,5789.6913,7785.8787,9.376,0.882653
logging_site_v2,construction,1,25,78160.28,10908.9732,1543.0036,46.6739,8107.7873,9.6401,6365.9992,8556.1194,9.3413,0.877551
logging_site_v2,construction,1,26,85749.59,11994.5273,1686.6845,51.0796,8923.384,9.6095,7014.5155,9422.5218,9.3052,0.872449
logging_site_v2,construction,1,27,94249.62,13214.3632,1847.3525,56.0303,9840.553,9.5777,7744.4316,10397.272,9.2677,0.867347
logging_site_v2,construction,1,28,103769.66,14585.2983,2027.0134,61.5942,10872.1209,9.5446,8566.1243,11494.1211,9.2287,0.862245
logging_site_v2,construction,1,29,114432.1,16126.2913,2227.9138,67.8483,12032.5604,9.5102,9491.3141,12728.5935,9.1883,0.857143
logging_site_v2,construction,1,30,159045.71,22475.0317,3086.5364,93.6146,16786.5462,9.4746,13256.6062,17768.2665,9.3845,0.852041
logging_site_v2,construction,1,31,172420.68,24436.5817,3335.8241,101.5755,18269.2884,9.4377,14443.9537,19349.2691,9.0204,0.846939
logging_site_v2,construction,1,32,187400.64,26641.5728,3614.9176,110.5244,19937.0338,9.3996,15780.3574,21128.1769,8.9822,0.841837
logging_site_v2,construction,1,33,204178.2,29120.687,3927.3543,120.5859,21813.2898,9.3603,17284.9323,23130.2605,8.942,0.836735
logging_site_v2,construction,1,34,222969.06,31908.5329,4277.0965,131.9003,23924.5964,9.3197,18979.2813,25384.0657,8.9001,0.831633
logging_site_v2,construction,1,35,244014.83,35044.1721,4668.5868,144.6262,26300.9344,9.2778,20887.8313,27921.8559,8.8564,0.826531
logging_site_v2,construction,1,36,267586.09,38571.694,5106.804,158.9426,28976.1743,9.2347,23038.2067,30780.1002,8.8109,0.821429
logging_site_v2,construction,1,37,293985.9,42540.8732,5597.331,175.0515,31988.587,9.1903,25461.6507,34000.0267,8.7637,0.816327
logging_site_v2,construction,1,38,323553.69,47007.9224,6146.4279,193.1809,35381.4328,9.1447,28193.5151,37628.2638,8.7147,0.811224
logging_site_v2,construction,1,39,356669.61,52036.33,6761.1155,213.5887,39203.6145,9.0979,31273.8022,41717.549,8.6641,0.806122
logging_site_v2,construction,1,40,481630.97,70573.0809,9111.5728,288.8198,53220.2389,9.0498,42502.2858,56666.0651,8.9152,0.80102
logging_site_v2,construction,1,41,523171.58,77007.0613,9878.9266,314.932,58127.4864,9.0004,46472.3272,61927.043,8.4652,0.795918
logging_site_v2,construction,1,42,569697.07,84249.2965,10738.7219,344.3245,63654.6376,8.9498,50947.0299,67854.8319,8.4176,0.790816
logging_site_v2,construction,1,43,621805.61,92403.4444,11702.0915,377.418,69881.8234,8.898,55992.2003,74536.0299,8.3679,0.785714
logging_site_v2,construction,1,44,680167.18,101586.7336,12781.5357,414.6882,76899.7434,8.8449,61682.3951,82068.7069,8.3161,0.780612
logging_site_v2,construction,1,45,745532.14,111931.764,13991.0899,456.6734,84811.0806,8.7905,68102.1029,90563.9472,8.2622,0.77551
logging_site_v2,construction,1,46,818740.89,123588.5694,15346.5185,503.9823,93732.1196,8.7349,75347.0954,100147.6143,8.2063,0.770408
logging_site_v2,construction,1,47,900734.69,136726.9581,16865.531,557.3043,103794.5869,8.6781,83525.9657,110962.3584,8.1485,0.765306
logging_site_v2,construction,1,48,992567.75,151539.1701,18568.0281,617.4194,115147.7386,8.62,92761.8745,123169.8957,8.0888,0.760204
logging_site_v2,construction,1,49,1095420.78,168242.9128,20476.3765,685.2113,127960.7527,8.5606,103194.5542,136953.6208,8.0272,0.755102
logging_site_v2,construction,1,50,1442106.08,222857.9886,26940.1589,906.8658,169659.5386,8.5,136969.2867,181686.245,8.314,0.75
lumber_mill_v2,construction,2,1,25493.55,3819.8665,1710.0,16.8,1820.9679,14.0,474.0932,1763.0665,,1.0
lumber_mill_v2,construction,2,2,26693.55,3983.3262,1774.0771,17.3032,1906.9929,13.9977,508.2421,1849.5801,13.9494,0.994898
lumber_mill_v2,construction,2,3,28037.55,4168.2154,1846.9009,17.8724,2003.9946,13.9908,546.3486,1947.0226,13.8554,0.989796
lumber_mill_v2,construction,2,4,29542.83,4377.0475,1929.4375,18.5154,2113.3124,13.9794,588.9665,2056.7471,13.7698,0.984695
lumber_mill_v2,construction,2,5,31228.74,4612.6722,2022.7658,19.2408,2236.479,13.9634,636.7482,2180.3072,13.688,0.979592
lumber_mill_v2,construction,2,6,33116.96,4878.2942,2128.1053,20.0585,2375.2135,13.9427,690.419,2319.4435,13.6103,0.97449
lumber_mill_v2,construction,2,7,35231.77,5177.5311,2246.8186,20.9798,2531.4675,13.9175,750.8172,2476.1362,13.5344,0.969387
lumber_mill_v2,construction,2,8,37600.36,5514.4624,2380.438,22.0171,2707.4464,13.8878,818.8959,2652.6246,13.4595,0.964286
lumber_mill_v2,construction,2,9,40253.18,5893.7026,2530.6837,23.1846,2905.6558,13.8534,895.7519,2851.4567,13.3839,0.959184
lumber_mill_v2,construction,2,10,46370.3,6779.8199,2895.6866,25.9126,3356.652,13.8144,1054.4134,3299.4039,13.5636,0.954082
lumber_mill_v2,construction,2,11,49697.99,7259.5646,3084.0072,27.3896,3608.906,13.7709,1154.2512,3553.0085,13.1918,0.94898
lumber_mill_v2,construction,2,12,53425.01,7799.5104,3295.5719,29.0519,3893.1514,13.7228,1267.1986,3838.8991,13.112,0.943877
lumber_mill_v2,construction,2,13,57599.27,8407.1671,3533.1268,30.9227,4213.5124,13.6701,1395.1209,4161.2862,13.0299,0.938775
lumber_mill_v2,construction,2,14,62274.44,9091.034,3799.7602,33.028,4574.6738,13.6129,1540.1588,4524.9587,12.9448,0.933673
lumber_mill_v2,construction,2,15,67510.63,9860.7371,4098.9504,35.3977,4981.9585,13.551,1704.7664,4935.3635,12.8563,0.928572
lumber_mill_v2,construction,2,16,73375.16,10727.1668,4434.6114,38.0651,5441.4066,13.4846,1891.7513,5398.6881,12.7643,0.92347
lumber_mill_v2,construction,2,17,79943.44,11702.6729,4811.1551,41.0683,5959.891,13.4136,2104.3373,5921.9809,12.6682,0.918367
lumber_mill_v2,construction,2,18,87299.91,12801.2359,5233.5542,44.4504,6545.2113,13.338,2346.2071,6513.2472,12.5683,0.913265
lumber_mill_v2,construction,2,19,95539.16,14038.7314,5707.4174,48.2602,7206.2567,13.2578,2621.5987,7181.6223,12.464,0.908163
lumber_mill_v2,construction,2,20,117066.31,17243.9546,6971.1108,58.128,8886.8028,13.1731,3280.3695,8869.4137,12.8096,0.903061
lumber_mill_v2,construction,2,21,127401.62,18821.1431,7565.7257,62.9836,9737.4174,13.0837,3645.3424,9732.3815,12.1504,0.897959
lumber_mill_v2,construction,2,22,138977.17,20599.7379,8233.6346,68.4592,10698.9503,12.9898,4060.8792,10708.697,12.0386,0.892857
lumber_mill_v2,construction,2,23,151941.79,22606.1762,8983.9672,74.6363,11786.3883,12.8913,4534.3538,11813.8246,11.9222,0.887755
lumber_mill_v2,construction,2,24,166462.16,24870.5511,9827.0536,81.6075,13016.8442,12.7882,5074.2529,13065.441,11.8008,0.882653
lumber_mill_v2,construction,2,25,182724.98,27427.1228,10774.5852,89.4783,14409.8616,12.6806,5690.3422,14483.7534,11.6745,0.877551
lumber_mill_v2,construction,2,26,200939.33,30314.938,11839.8074,98.3688,15987.7827,12.5683,6393.8704,16091.8867,11.5433,0.872449
lumber_mill_v2,construction,2,27,221339.41,33578.5174,13037.7394,108.4162,17776.1547,12.4515,7197.7886,17916.3068,11.4071,0.867347
lumber_mill_v2,construction,2,28,244187.5,37268.6727,14385.4178,119.7769,19804.2259,12.3301,8117.0346,19987.3448,11.2659,0.862245
lumber_mill_v2,construction,2,29,269777.36,41443.4468,15902.1912,132.6295,22105.5047,12.2041,9168.8412,22339.7822,11.1198,0.857143
lumber_mill_v2,construction,2,30,354923.41,54906.0965,20942.5188,174.0762,29396.8663,12.0735,12337.0228,29747.9628,11.6777,0.852041
lumber_mill_v2,construction,2,31,387023.33,60325.0087,22871.6416,190.7591,32418.469,11.9384,13761.7855,32848.7825,10.6235,0.846939
lumber_mill_v2,construction,2,32,422975.24,66463.03,25047.013,209.6559,35849.5342,11.7986,15390.2487,36372.7271,10.4784,0.841837
lumber_mill_v2,construction,2,33,463241.38,73420.1719,27501.1656,231.0744,39748.5008,11.6543,17253.3147,40380.6894,10.3274,0.836735
lumber_mill_v2,construction,2,34,508339.45,81311.2178,30271.2203,255.3681,44182.6276,11.5054,19386.7757,44942.815,10.1707,0.831633
lumber_mill_v2,construction,2,35,558849.29,90268.0675,33399.5798,282.943,49229.4239,11.3519,21832.1413,50140.0117,10.0083,0.826531
lumber_mill_v2,construction,2,36,615420.31,100442.4462,36934.738,314.2663,54978.2944,11.1939,24637.5836,56065.6854,9.8404,0.821429
lumber_mill_v2,construction,2,37,678779.85,112009.1318,40932.217,349.876,61532.5238,11.0312,27859.104,62827.8391,9.667,0.816327
lumber_mill_v2,construction,2,38,749742.54,125169.6988,45455.6834,390.3926,69011.5518,10.864,31561.8413,70551.4733,9.4882,0.811225
lumber_mill_v2,construction,2,39,829220.75,140156.9679,50578.2312,436.5331,77553.7172,10.6922,35821.6944,79381.4923,9.3042,0.806122
lumber_mill_v2,construction,2,40,1077260.64,184470.4371,66148.2395,572.9584,102441.8381,10.5158,47781.032,104983.7894,9.9662,0.80102
lumber_mill_v2,construction,2,41,1176958.11,204339.721,72806.3468,634.1288,113882.3435,10.3349,53628.1278,116848.8978,8.7144,0.795918
lumber_mill_v2,construction,2,42,1288619.27,227005.85,80363.8252,703.9097,126966.1602,10.1493,60355.0326,130429.3068,8.5343,0.790816
lumber_mill_v2,construction,2,43,1413679.77,252891.7407,88950.2602,783.603,141947.3534,9.9592,68104.3993,145992.0378,8.3478,0.785714
lumber_mill_v2,construction,2,44,1553747.53,282489.8426,98715.6751,874.725,159122.5149,9.7645,77043.6364,163849.049,8.1553,0.780612
lumber_mill_v2,construction,2,45,1710623.43,316374.7477,109834.114,979.0445,178838.5826,9.5652,87369.5827,184365.5322,7.9568,0.77551
lumber_mill_v2,construction,2,46,1886324.43,355218.3055,122507.9123,1098.6299,201502.234,9.3613,99314.146,207969.8855,7.7525,0.770408
lumber_mill_v2,construction,2,47,2083109.55,399807.9433,136972.8622,1235.9054,227591.2829,9.1529,113151.156,235165.8164,7.5428,0.765306
lumber_mill_v2,construction,2,48,2303508.89,451068.8023,153504.4291,1393.7192,257668.4689,8.9398,129204.6789,266546.9922,7.3278,0.760204
lumber_mill_v2,construction,2,49,2550356.15,510090.7247,172425.3021,1575.4265,292398.2965,8.7222,147859.2,302814.9377,7.1076,0.755102
lumber_mill_v2,construction,2,50,3355853.27,686360.2254,230441.8196,2118.0972,394806.2685,8.5,201307.3538,409329.0803,7.8656,0.75
brick_factory,construction,3,1,54509.2,4931.5126,1762.4,36.4,2725.46,20.0,1265.2101,2582.7126,,1.0
brick_factory,construction,3,2,57109.2,5152.4148,1831.9514,37.5414,2856.1422,19.9952,1336.4635,2711.2169,19.8956,0.994899
brick_factory,construction,3,3,60021.2,5402.7384,1911.1025,38.8347,3003.937,19.9808,1416.7023,2856.3949,19.703,0.989796
brick_factory,construction,3,4,63282.64,5686.0291,2000.9426,40.2984,3170.9657,19.9569,1507.111,3020.3451,19.5262,0.984694
brick_factory,construction,3,5,66935.45,6006.3161,2102.7018,41.9533,3359.6451,19.9234,1609.0469,3205.4615,19.3599,0.979592
brick_factory,construction,3,6,71026.6,6368.1658,2217.7671,43.8229,3572.721,19.8803,1724.0591,3414.4674,19.2004,0.97449
brick_factory,construction,3,7,75608.69,6776.7565,2347.7054,45.9339,3813.3119,19.8276,1853.9132,3650.4583,19.0451,0.969387
brick_factory,construction,3,8,80740.63,7237.9712,2494.2895,48.3169,4084.9674,19.7653,2000.6258,3916.9608,18.8914,0.964286
brick_factory,construction,3,9,86488.4,7758.4973,2659.5233,51.0064,4391.7319,19.6935,2166.5066,4217.9984,18.7368,0.959184
brick_factory,construction,3,10,97922.15,8793.755,2998.3623,56.3553,4992.9625,19.612,2481.1052,4803.3251,19.0172,0.954081
brick_factory,construction,3,11,105132.15,9457.5662,3207.4552,59.7851,5385.5835,19.521,2695.0851,5189.3611,18.3638,0.94898
brick_factory,construction,3,12,113207.36,10206.9934,3443.0053,63.6572,5829.2879,19.4204,2937.4296,5625.857,18.1995,0.943877
brick_factory,construction,3,13,122251.59,11053.236,3708.3064,68.0296,6330.9031,19.3103,3212.0997,6119.6324,18.0302,0.938776
brick_factory,construction,3,14,132381.13,12009.0766,4007.0896,72.9682,6898.2464,19.1905,3523.6587,6678.5086,17.8543,0.933674
brick_factory,construction,3,15,143726.21,13089.0828,4343.5899,78.5483,7540.2418,19.0612,3877.3331,7311.4212,17.6716,0.928571
brick_factory,construction,3,16,156432.7,14309.8886,4722.6204,84.8559,8267.0986,18.9223,4279.1243,8028.6031,17.4814,0.923469
brick_factory,construction,3,17,170663.97,15690.5149,5149.6517,91.9893,9090.5202,18.7738,4735.945,8841.7991,17.2831,0.918367
brick_factory,construction,3,18,186602.99,17252.7096,5630.9103,100.0608,10023.9125,18.6158,5255.7414,9764.4753,17.0764,0.913265
brick_factory,construction,3,19,204454.7,19021.3818,6173.4845,109.1991,11082.6674,18.4481,5847.6795,10812.1114,16.861,0.908163
brick_factory,construction,3,20,244435.84,22895.9332,7389.2427,129.2181,13378.401,18.2709,7103.6645,13071.4787,17.4154,0.903061
brick_factory,construction,3,21,266829.02,25181.6499,8081.0005,141.0278,14754.8707,18.0841,7882.7912,14437.7477,16.2686,0.897959
brick_factory,construction,3,22,291909.38,27774.151,8862.313,154.4227,16318.9513,17.8878,8771.4286,15991.7139,16.0352,0.892857
brick_factory,construction,3,23,319999.39,30716.8142,9745.2648,169.6268,18097.6727,17.6818,9785.9273,17760.6745,15.7922,0.887755
brick_factory,construction,3,24,351460.2,34059.6006,10743.7014,186.8982,20122.2308,17.4663,10945.2301,19776.1663,15.5396,0.882653
brick_factory,construction,3,25,386696.3,37860.1349,11873.5021,206.5347,22428.6854,17.2411,12271.3202,22074.6816,15.2772,0.877551
brick_factory,construction,3,26,426160.74,42184.9778,13152.9199,228.8801,25058.7647,17.0065,13789.7223,24698.4876,15.005,0.872449
brick_factory,construction,3,27,470360.91,47111.12,14602.9503,254.3324,28060.8384,16.7622,15530.1381,27696.6297,14.7232,0.867347
brick_factory,construction,3,28,519865.1,52727.7924,16247.8,283.3525,31491.0767,16.5083,17527.1814,31126.1167,14.4317,0.862245
brick_factory,construction,3,29,575309.79,59138.5517,18115.4135,316.4754,35414.7966,16.2449,19821.2457,35053.3052,14.1306,0.857143
brick_factory,construction,3,30,738147.79,76965.6987,23435.9158,408.5842,46215.4428,15.9719,26010.101,45807.4482,15.0767,0.852041
brick_factory,construction,3,31,807697.61,85506.8172,25880.7647,452.7142,51480.8043,15.6893,29131.5925,51096.613,13.2089,0.846939
brick_factory,construction,3,32,885593.41,95279.433,28664.9619,503.2071,57516.7997,15.3971,32722.8965,57165.662,12.9052,0.841837
brick_factory,construction,3,33,972836.7,106476.3536,31839.4303,561.059,64446.0019,15.0954,36860.8784,64139.5918,12.5907,0.836735
brick_factory,construction,3,34,1070549.19,119323.7331,35463.5891,627.4385,72412.4538,14.784,41636.1643,72165.4256,12.2655,0.831633
brick_factory,construction,3,35,1179987.18,134087.4885,39606.9615,703.7194,81585.8226,14.4631,47155.8291,81416.487,11.93,0.826531
brick_factory,construction,3,36,1302557.73,151081.1852,44351.1132,791.522,92166.5385,14.1327,53546.7563,92097.701,11.5843,0.821429
brick_factory,construction,3,37,1439836.74,170675.6975,49792.0403,892.7624,104392.0785,13.7926,60959.7352,104452.0715,11.2289,0.816327
brick_factory,construction,3,38,1593589.23,193311.0792,56043.0969,1009.7142,118544.6932,13.4429,69574.5038,118768.6498,10.8639,0.811224
brick_factory,construction,3,39,1765792.02,219511.3478,63238.6113,1145.085,134961.0568,13.0837,79606.0763,135392.497,10.4897,0.806122
brick_factory,construction,3,40,2286632.81,291746.0639,83516.6218,1518.3053,179838.689,12.7149,106603.6132,180647.7335,11.6058,0.80102
brick_factory,construction,3,41,2502643.99,328253.475,93368.8889,1706.9308,202864.5601,12.3365,120842.5158,204039.6112,9.3812,0.795918
brick_factory,construction,3,42,2744576.51,370720.9841,104772.4576,1926.3507,229699.2929,11.9486,137491.7501,231325.3693,9.0156,0.790816
brick_factory,construction,3,43,3015540.94,420261.7026,118007.2797,2182.3163,261062.7327,11.551,157016.1262,263245.0504,8.6395,0.785714
brick_factory,construction,3,44,3319021.1,478231.5992,133412.9416,2481.8335,297833.037,11.1439,179984.0335,300702.0546,8.2534,0.780612
brick_factory,construction,3,45,3658918.88,546292.7022,151403.9649,2833.4897,341088.0654,10.7272,207094.7247,344805.9394,7.858,0.77551
brick_factory,construction,3,46,4039604.39,626496.0178,172489.8419,3247.8819,392159.7157,10.3009,239214.1695,396928.6225,7.4539,0.770408
brick_factory,construction,3,47,4465972.16,721391.7989,197301.6511,3738.1867,452706.2061,9.8651,277422.7757,458779.158,7.042,0.765306
brick_factory,construction,3,48,4943504.06,834178.0525,226627.8549,4320.9276,524809.4649,9.4196,323079.7321,532504.5082,6.6229,0.760204
brick_factory,construction,3,49,5478339.79,968903.4321,261463.1396,5017.0228,611108.2447,8.9646,377911.0135,620827.3058,6.1975,0.755102
brick_factory,construction,3,50,7175013.19,1334975.7406,357815.3523,6908.4349,844119.1995,8.5,524349.1292,858586.9264,7.2815,0.75
cement_factory,construction,4,1,117902.08,7312.9869,2396.0,77.0,4210.7886,28.0,2179.3895,4179.9869,,1.0
cement_factory,construction,4,2,123402.08,7635.5261,2488.9121,79.3773,4408.496,27.9919,2295.6755,4381.6433,27.8189,0.994898
cement_factory,construction,4,3,129562.08,8001.8337,2594.9399,82.0771,4632.5905,27.9675,2426.98,4610.0169,27.4884,0.989796
cement_factory,construction,4,4,136461.28,8417.2406,2715.5833,85.1389,4886.371,27.9269,2575.2787,4868.4863,27.1857,0.984694
cement_factory,construction,4,5,144188.38,8887.8093,2852.541,88.6072,5173.5952,27.8701,2742.8288,5160.9028,26.9027,0.979592
cement_factory,construction,4,6,152842.74,9420.4361,3007.7395,92.5328,5498.5424,27.797,2932.2067,5491.6545,26.6331,0.97449
cement_factory,construction,4,7,162535.62,10022.9823,3183.3639,96.9739,5866.1008,27.7076,3146.3661,5865.758,26.371,0.969387
cement_factory,construction,4,8,173391.64,10704.3991,3381.8941,101.9962,6281.8427,27.602,3388.6819,6288.9353,26.1124,0.964286
cement_factory,construction,4,9,185550.39,11474.9028,3606.1429,107.6752,6752.1436,27.4802,3663.0326,6767.7398,25.8531,0.959184
cement_factory,construction,4,10,207899.68,12885.9143,4028.0306,118.075,7603.6336,27.3421,4148.6106,7630.251,26.2473,0.954082
cement_factory,construction,4,11,223151.61,13872.9555,4313.3798,125.3499,8207.7764,27.1878,4502.9447,8246.066,25.2456,0.948979
cement_factory,construction,4,12,240233.78,14989.6193,4635.5196,133.5803,8891.8519,27.0173,4904.8357,8943.6234,24.9712,0.943878
cement_factory,construction,4,13,259365.8,16253.3546,4999.1558,142.8945,9666.8348,26.8305,5361.0556,9734.2414,24.687,0.938775
cement_factory,construction,4,14,280793.67,17684.1039,5409.6624,153.4398,10545.2715,26.6274,5879.3497,10630.861,24.3932,0.933674
cement_factory,construction,4,15,304792.88,19304.7715,5873.1639,165.3849,11541.6139,26.4082,6468.6866,11648.4064,24.0873,0.928572
cement_factory,construction,4,16,331672.0,21141.6403,6396.6587,178.9234,12672.4706,26.1726,7139.4007,12804.0403,23.7688,0.923469
cement_factory,construction,4,17,361776.61,23224.9274,6988.1592,194.2781,13956.9663,25.9209,7903.4249,14117.538,23.4369,0.918367
cement_factory,construction,4,18,395493.78,25589.3916,7656.8277,211.7053,15417.1469,25.6529,8774.5664,15611.7157,23.0911,0.913265
cement_factory,construction,4,19,433257.0,28275.1152,8413.1826,231.5003,17078.4761,25.3686,9768.8179,17312.9446,22.7307,0.908163
cement_factory,construction,4,20,506109.91,33339.3367,9864.2961,268.8259,20189.4068,25.0681,11606.1994,20489.0047,23.4184,0.903061
cement_factory,construction,4,21,553480.1,36834.4179,10836.8349,294.5862,22361.6072,24.7514,12917.6958,22717.892,21.8075,0.897959
cement_factory,construction,4,22,606534.71,40814.3355,11939.5148,323.92,24839.2836,24.4184,14418.2762,25262.0527,21.4131,0.892857
cement_factory,construction,4,23,665955.88,45351.0127,13190.8306,357.3573,27668.4575,24.0691,16137.2069,28169.2905,21.003,0.887755
cement_factory,construction,4,24,732507.59,50528.037,14612.1617,395.5143,30902.714,23.7037,18108.6726,31495.308,20.5771,0.882653
cement_factory,construction,4,25,807045.5,56442.7296,16228.2757,439.1083,34604.5507,23.3219,20372.6618,35305.1194,20.1354,0.877551
cement_factory,construction,4,26,890527.96,63208.6099,18067.9269,488.9759,38846.9852,22.924,22976.0217,39674.7323,19.678,0.872449
cement_factory,construction,4,27,984028.31,70958.4527,20164.5731,546.0957,43715.572,22.5098,25973.8068,44693.2688,19.2048,0.867347
cement_factory,construction,4,28,1088748.71,79847.8709,22557.2402,611.6147,49310.7439,22.0793,29430.8217,50465.4189,18.7162,0.862245
cement_factory,construction,4,29,1206035.55,90059.7184,25291.5698,686.8806,55750.7032,21.6327,33423.5394,57114.475,18.2124,0.857143
cement_factory,construction,4,30,1517640.53,115526.2079,32250.2391,874.5801,71689.2082,21.1697,43171.0277,73517.767,19.5505,0.852041
cement_factory,construction,4,31,1664765.15,129353.4938,35894.0279,976.4934,80460.186,20.6905,48665.2597,82595.6359,16.774,0.846939
cement_factory,construction,4,32,1829544.72,145300.6244,40076.2771,1094.0309,90593.3753,20.1951,55032.053,93090.9413,16.2614,0.841837
cement_factory,construction,4,33,2014097.84,163729.6804,44885.6169,1229.8613,102324.3559,19.6835,62425.4576,105250.0506,15.7321,0.836735
cement_factory,construction,4,34,2220797.33,185073.064,50427.4212,1387.1716,115934.8699,19.1556,71030.1478,119367.7792,15.1868,0.831633
cement_factory,construction,4,35,2452300.76,209849.3392,56827.5014,1569.7839,131763.2869,18.6114,81068.4354,135798.4016,14.6258,0.826531
cement_factory,construction,4,36,2711584.61,238683.2105,64236.772,1782.3026,150217.7983,18.051,92809.1079,154969.5327,14.0499,0.821429
cement_factory,construction,4,37,3001982.52,272331.0529,72837.1756,2030.3022,171793.3102,17.4744,106578.7766,177399.9123,13.4596,0.816327
cement_factory,construction,4,38,3327228.18,311713.6298,82849.3049,2320.5696,197093.0672,16.8815,122776.3769,203722.1605,12.8557,0.811224
cement_factory,construction,4,39,3691503.32,357958.7575,94542.2689,2661.4169,226856.9124,16.2724,141892.1858,234712.5436,12.2388,0.806122
cement_factory,construction,4,40,4732978.92,476188.4597,124972.5016,3532.823,302484.3276,15.647,189959.1925,313258.3226,13.7711,0.80102
cement_factory,construction,4,41,5189925.65,543240.8487,141661.8683,4027.0292,345870.1975,15.0054,218072.8472,358529.9006,10.5322,0.795918
cement_factory,construction,4,42,5701705.99,622747.2835,161353.9071,4613.0274,397398.9037,14.3476,251553.9388,412333.9473,9.9319,0.790816
cement_factory,construction,4,43,6274899.97,717499.7383,184704.899,5311.3955,458910.5961,13.6735,291631.0466,476604.7988,9.3185,0.785714
cement_factory,construction,4,44,6916877.23,831065.5758,212550.7653,6148.4268,532758.7538,12.9831,339877.8858,553817.3415,8.6932,0.780612
cement_factory,construction,4,45,7635891.76,968058.5667,245969.4497,7158.1267,621989.9615,12.2766,398334.552,647176.4673,8.0579,0.77551
cement_factory,construction,4,46,8441188.03,1134529.3959,286370.7466,8385.0916,730602.9952,11.5537,469682.3052,760890.13,7.4144,0.770408
cement_factory,construction,4,47,9343119.85,1338541.4797,335628.6634,9888.7523,863930.9356,10.8147,557501.4363,900572.0949,6.7648,0.765306
cement_factory,construction,4,48,10353283.49,1591042.9884,396281.8029,11749.8019,1029219.9038,10.0594,666661.8845,1073851.9554,6.1115,0.760204
cement_factory,construction,4,49,11484666.77,1907228.6414,471846.1585,14080.2323,1236532.958,9.2878,803933.4431,1291327.9332,5.4574,0.755102
cement_factory,construction,4,50,14988320.69,2713663.1633,666820.9292,20024.0171,1763331.8487,8.5,1150675.1197,1843136.3249,6.6508,0.75
concrete_factory,construction,5,1,200515.06,8518.1863,2320.0,133.0,5276.7121,38.0,3201.5491,5425.1863,,1.0
concrete_factory,construction,5,2,210015.06,8904.7246,2412.9044,137.2247,5528.4981,37.9877,3367.1984,5688.9667,37.7305,0.994898
concrete_factory,construction,5,3,220655.06,9343.9989,2518.9493,142.0258,5814.2308,37.9509,3554.7495,5988.1413,37.2376,0.989796
concrete_factory,construction,5,4,232571.86,9842.5088,2639.6589,147.4742,6138.1768,37.8894,3767.0445,6327.1939,36.7864,0.984694
concrete_factory,construction,5,5,245918.68,10407.6563,2776.7639,153.651,6505.2,37.8034,4007.3282,6711.2376,36.3651,0.979592
concrete_factory,construction,5,6,260867.11,11047.9003,2932.2271,160.6486,6920.8713,37.6928,4279.3309,7146.1343,35.9621,0.974489
concrete_factory,construction,5,7,277609.36,11772.8916,3108.2896,168.5725,7391.5457,37.5577,4587.3064,7638.5703,35.5708,0.969388
concrete_factory,construction,5,8,296360.68,12593.6785,3307.4941,177.5433,7924.5178,37.3979,4936.1584,8196.229,35.1826,0.964285
concrete_factory,construction,5,9,317362.15,13522.8593,3532.7359,187.6988,8528.1093,37.2137,5331.4847,8827.8767,34.7942,0.959184
concrete_factory,construction,5,10,352708.08,15078.5442,3918.1946,204.7018,9531.4135,37.0048,5980.8416,9874.7664,35.2295,0.954082
concrete_factory,construction,5,11,379052.33,16272.1891,4205.754,217.7479,10308.3579,36.7714,6491.3724,10688.4793,33.9075,0.94898
concrete_factory,construction,5,12,408557.89,17624.5705,4530.8022,232.5288,11189.2783,36.5133,7070.9242,11611.363,33.494,0.943878
concrete_factory,construction,5,13,441604.11,19157.4862,4898.2531,249.2829,12188.6567,36.2307,7729.3264,12658.708,33.0668,0.938776
concrete_factory,construction,5,14,478615.88,20895.997,5313.7234,268.284,13323.171,35.9236,8477.9286,13848.1349,32.6235,0.933673
concrete_factory,construction,5,15,520069.06,22868.9367,5783.6533,289.8474,14612.0294,35.5918,9329.8221,15199.9455,32.1627,0.928572
concrete_factory,construction,5,16,566496.63,25109.5604,6315.4228,314.3364,16077.4271,35.2355,10300.1778,16737.6156,31.6826,0.923469
concrete_factory,construction,5,17,618495.5,27656.2341,6917.5185,342.1704,17744.9943,34.8546,11406.5391,18488.2642,31.1825,0.918367
concrete_factory,construction,5,18,676734.24,30553.3203,7599.6959,373.8343,19644.4174,34.4492,12669.2781,20483.3223,30.6613,0.913265
concrete_factory,construction,5,19,741961.63,33852.1839,8373.2002,409.8893,21810.1121,34.0192,14112.0575,22759.2461,30.1185,0.908163
concrete_factory,construction,5,20,858260.92,39605.2562,9741.165,472.7679,25570.4513,33.5646,16599.6896,26704.1054,30.9279,0.903061
concrete_factory,construction,5,21,940082.16,43921.1657,10741.6557,519.9388,28413.8269,33.0854,18504.5102,29696.3558,28.7761,0.897959
concrete_factory,construction,5,22,1031721.94,48850.5805,11879.3466,573.8152,31665.7543,32.5816,20687.6294,33120.3576,28.1801,0.892857
concrete_factory,construction,5,23,1134358.5,54487.7629,13174.4657,635.4271,35389.747,32.0533,23193.0847,37043.5348,27.5609,0.887755
concrete_factory,construction,5,24,1249311.45,60942.9211,14650.5587,705.9791,39660.1534,31.5004,26072.5197,41544.8498,26.9185,0.882653
concrete_factory,construction,5,25,1378058.75,68345.2847,16335.0991,786.8837,44564.2726,30.9229,29386.6954,46717.0676,26.2529,0.877551
concrete_factory,construction,5,26,1522255.72,76846.7157,18260.2282,879.8006,50204.8177,30.3209,33207.2298,52669.3827,25.5644,0.872449
concrete_factory,construction,5,27,1683756.33,86626.2325,20463.6505,986.6863,56703.0293,29.6943,37618.824,59530.7508,24.8531,0.867347
concrete_factory,construction,5,28,1864637.02,97895.4438,22989.7361,1109.8538,64202.3929,29.0431,42721.8971,67453.8577,24.1195,0.862245
concrete_factory,construction,5,29,2067223.39,110905.3805,25890.8729,1252.0466,72873.341,28.3673,48635.9484,76620.1512,23.3638,0.857143
concrete_factory,construction,5,30,2592188.92,142312.9471,33025.2162,1595.3174,93692.3997,27.667,62717.2159,98582.009,25.2156,0.852041
concrete_factory,construction,5,31,2846313.26,160168.2838,36946.167,1790.4683,105645.5342,26.9421,70924.9082,111239.6024,21.2601,0.846939
concrete_factory,construction,5,32,3130932.52,180887.4432,41474.1157,2016.9196,119534.8749,26.1926,80481.8615,125955.2726,20.4919,0.841837
concrete_factory,construction,5,33,3449706.09,204991.6106,46715.8982,2280.3674,135715.9502,25.4186,91639.0738,143108.2007,19.7004,0.836735
concrete_factory,construction,5,34,3806732.49,233112.0347,52800.3835,2587.7112,154619.8278,24.62,104701.3412,163158.3169,18.8864,0.831633
concrete_factory,construction,5,35,4206602.06,266017.6096,59883.9142,2947.3545,176772.1165,23.7968,120040.8618,186666.6404,18.0509,0.826531
concrete_factory,construction,5,36,4654455.98,304650.566,68157.3428,3369.5956,202817.556,22.949,138114.8429,214321.6019,17.1951,0.821429
concrete_factory,construction,5,37,5156052.37,350173.5255,77855.2792,3867.1414,233552.4613,22.0766,159488.7602,246973.7865,16.3201,0.816327
concrete_factory,construction,5,38,5717840.32,404031.8966,89268.3591,4455.7895,269967.7407,21.1797,184867.1891,285681.9937,15.4273,0.811224
concrete_factory,construction,5,39,6347042.83,468038.0086,102759.7391,5155.348,313306.9417,20.2582,215135.4503,331775.4073,14.5181,0.806122
concrete_factory,construction,5,40,8096748.74,625165.7599,136389.0834,6872.6846,419256.473,19.3122,288676.2983,444279.4172,16.5145,0.80102
concrete_factory,construction,5,41,8886020.36,721108.0091,156318.2546,7921.2908,484475.5634,18.3415,334487.7346,513746.1866,12.1018,0.795918
concrete_factory,construction,5,42,9770004.58,836817.8511,180238.4359,9185.9481,563232.3164,17.3463,389910.6789,597672.5193,11.2242,0.790816
concrete_factory,construction,5,43,10760066.91,977420.0142,209163.8966,10722.6674,659054.1017,16.3265,457467.499,699833.0649,10.3323,0.785714
concrete_factory,construction,5,44,11868936.71,1149755.3687,244445.2781,12606.2164,776652.3705,15.2822,540530.1614,825270.694,9.4293,0.780612
concrete_factory,construction,5,45,13110870.89,1363130.672,287916.0368,14938.3139,922440.3995,14.2132,643692.1685,980851.2077,8.5188,0.77551
concrete_factory,construction,5,46,14501837.17,1630493.465,342121.8299,17860.4707,1105344.7131,13.1197,773351.5565,1176132.7286,7.6049,0.770408
concrete_factory,construction,5,47,16059719.41,1970341.952,410693.3229,21574.864,1338124.1757,12.0017,938658.7133,1424779.0554,6.6925,0.765306
concrete_factory,construction,5,48,17804547.52,2409967.3117,498978.9184,26379.7742,1639609.4986,10.859,1153125.6975,1746959.2622,5.7874,0.760204
concrete_factory,construction,5,49,19758755.0,2991253.7898,615176.5267,32732.9778,2038709.5282,9.6918,1437505.264,2173640.4159,4.8965,0.755102
concrete_factory,construction,5,50,25740982.19,4435392.2093,906012.4018,48516.7704,3028350.8422,8.5,2140778.3942,3230928.5813,6.0448,0.75
metal_structure_factory_v2,construction,6,1,373277.8,12773.0989,3940.0,252.0,7465.556,50.0,4056.4791,7811.0989,,1.0
metal_structure_factory_v2,construction,6,2,391277.8,13357.2254,4099.1602,260.067,7828.2584,49.9827,4276.973,8196.8933,49.6275,0.994898
metal_structure_factory_v2,construction,6,3,411437.8,14021.682,4281.007,269.2433,8240.1456,49.9309,4526.5918,8634.7882,48.9454,0.989796
metal_structure_factory_v2,construction,6,4,434017.0,14776.3806,4488.1683,279.6658,8707.4355,49.8444,4809.1863,9131.4172,48.3195,0.984694
metal_structure_factory_v2,construction,6,5,459305.7,15632.5997,4723.6345,291.4905,9237.203,49.7235,5129.1375,9694.3278,47.7355,0.979592
metal_structure_factory_v2,construction,6,6,487629.05,16603.3041,4990.8177,304.8961,9837.6036,49.5679,5491.5206,10332.2275,47.1741,0.97449
metal_structure_factory_v2,construction,6,7,519351.2,17703.234,5293.587,320.0865,10517.9176,49.3778,5902.1202,11055.027,46.6287,0.969388
metal_structure_factory_v2,construction,6,8,554880.01,18949.3137,5636.367,337.2952,11288.8167,49.1531,6367.6052,11874.1279,46.0875,0.964286
metal_structure_factory_v2,construction,6,9,594672.28,20360.9071,6024.1891,356.7896,12162.5377,48.8938,6895.6525,12802.6123,45.5435,0.959183
metal_structure_factory_v2,construction,6,10,655716.54,22523.4055,6628.5654,386.6544,13492.1216,48.6,7689.222,14212.7555,45.9123,0.954082
metal_structure_factory_v2,construction,6,11,705631.96,24338.3862,7124.4065,411.7198,14617.9662,48.2716,8372.3795,15409.9267,44.336,0.94898
metal_structure_factory_v2,construction,6,12,761537.23,26396.2219,7685.2379,440.1391,15895.6351,47.9086,9148.9816,16768.9075,43.7557,0.943877
metal_structure_factory_v2,construction,6,13,824151.13,28730.5696,8319.6685,472.3771,17346.5158,47.511,10032.5757,18312.5989,43.1558,0.938776
metal_structure_factory_v2,construction,6,14,894278.7,31380.2084,9037.5523,508.9693,18995.3075,47.0789,11038.869,20067.4647,42.5327,0.933674
metal_structure_factory_v2,construction,6,15,972821.58,34389.8443,9850.2088,550.5331,20870.519,46.6122,12186.0291,22064.0615,41.8848,0.928571
metal_structure_factory_v2,construction,6,16,1060789.6,37811.1188,10770.6519,597.7819,23005.136,46.111,13495.1353,24337.7607,41.2102,0.923469
metal_structure_factory_v2,construction,6,17,1159313.78,41703.7846,11813.8615,651.5407,25437.3926,45.5752,14990.6947,26929.582,40.5073,0.918367
metal_structure_factory_v2,construction,6,18,1269660.87,46137.11,12997.1262,712.7662,28211.6793,45.0048,16701.2325,29887.1701,39.7749,0.913265
metal_structure_factory_v2,construction,6,19,1393249.61,51191.5019,14340.418,782.5688,31379.6081,44.3998,18660.0057,33265.9461,39.0125,0.908163
metal_structure_factory_v2,construction,6,20,1596251.34,59357.7399,16534.6276,895.3466,36477.1562,43.7603,21788.9039,38696.3791,39.8234,0.903061
metal_structure_factory_v2,construction,6,21,1751281.05,65982.5332,18276.1825,986.8368,40645.9771,43.0862,24384.916,43147.7726,37.1879,0.897959
metal_structure_factory_v2,construction,6,22,1924914.33,73561.4897,20259.6731,1091.5044,45422.9717,42.3776,27368.1778,48250.9346,36.3478,0.892857
metal_structure_factory_v2,construction,6,23,2119383.6,82244.1314,22521.5364,1211.414,50904.7274,41.6343,30801.5864,54109.7639,35.4757,0.887755
metal_structure_factory_v2,construction,6,24,2337189.18,92205.9989,25104.3601,1348.9902,57204.8043,40.8565,34759.2688,60846.4666,34.5719,0.882653
metal_structure_factory_v2,construction,6,25,2581131.43,103653.8121,28058.0599,1507.0877,64457.1382,40.0442,39328.8722,68605.2366,33.6364,0.877551
metal_structure_factory_v2,construction,6,26,2854346.75,116831.716,31441.3182,1689.0781,72820.1481,39.1972,44614.3174,77556.6966,32.6695,0.872449
metal_structure_factory_v2,construction,6,27,3160347.91,132028.983,35323.3647,1898.9565,82481.7957,38.3157,50739.1828,87903.3646,31.6717,0.867347
metal_structure_factory_v2,construction,6,28,3503069.21,149589.567,39786.1476,2141.4729,93665.8935,37.3996,57850.9593,99886.4812,30.6436,0.862245
metal_structure_factory_v2,construction,6,29,3886917.06,169923.9828,44927.0438,2422.2969,106639.9386,36.449,66126.3236,113794.4837,29.5858,0.857143
metal_structure_factory_v2,construction,6,30,4813021.47,215756.7992,56705.4571,3055.2607,135716.5909,35.4638,84491.9931,144914.0505,31.8504,0.852041
metal_structure_factory_v2,construction,6,31,5294520.22,243823.9341,63698.3661,3442.8755,153713.9425,34.444,96068.7226,164234.027,26.7539,0.846939
metal_structure_factory_v2,construction,6,32,5833798.82,276527.8059,71806.9728,3894.5249,174718.8882,33.3896,109617.2607,186792.9659,25.6739,0.841837
metal_structure_factory_v2,construction,6,33,6437790.85,314748.6347,81236.5709,4422.3651,199308.0379,32.3007,125521.6864,213213.5161,24.5634,0.836735
metal_structure_factory_v2,construction,6,34,7114261.92,359563.5629,92237.4212,5041.2715,228187.8371,31.1772,144253.447,244258.7752,23.4237,0.831633
metal_structure_factory_v2,construction,6,35,7871909.52,412299.5113,105116.6981,5769.5693,262229.5222,30.0192,166394.9926,280870.1328,22.2565,0.826531
metal_structure_factory_v2,construction,6,36,8720474.83,474603.3537,120254.2845,6630.0025,302515.588,28.8265,192671.2537,324217.5949,21.0635,0.821429
metal_structure_factory_v2,construction,6,37,9670867.98,548536.2213,138124.0087,7651.0358,350402.2238,27.5993,223991.9282,375767.3984,19.8467,0.816327
metal_structure_factory_v2,construction,6,38,10735308.31,636701.9485,159322.5247,8868.6287,407604.3918,26.3376,261509.1432,437374.1597,18.6084,0.811224
metal_structure_factory_v2,construction,6,39,11927481.48,742424.9388,184609.2752,10328.6922,476313.6651,25.0412,306697.346,511408.5089,17.351,0.806122
metal_structure_factory_v2,construction,6,40,15153012.37,993985.1684,245597.2129,13802.808,639089.0784,23.7103,412989.5074,686587.7227,19.8158,0.80102
metal_structure_factory_v2,construction,6,41,16648474.39,1156339.2508,283892.3857,16044.9623,745069.6554,22.3449,483187.8597,800920.3959,14.1107,0.795918
metal_structure_factory_v2,construction,6,42,18323391.86,1354847.0019,330495.7104,18786.4088,874841.4479,20.9448,569347.6271,940975.6195,12.9066,0.790816
metal_structure_factory_v2,construction,6,43,20199299.42,1599965.0297,387770.7891,22171.5561,1035319.7355,19.5102,676144.284,1114240.0683,11.6895,0.785714
metal_structure_factory_v2,construction,6,44,22300315.89,1906177.9005,458985.2607,26400.4398,1236089.2139,18.041,810063.9895,1331092.0348,10.4648,0.780612
metal_structure_factory_v2,construction,6,45,24653454.34,2294074.4064,548775.8159,31757.397,1490780.8384,16.5373,980338.4043,1606293.128,9.2392,0.77551
metal_structure_factory_v2,construction,6,46,27288969.4,2793844.4435,663931.1494,38659.3583,1819390.9241,14.999,1200519.4724,1961500.8939,8.0202,0.770408
metal_structure_factory_v2,construction,6,47,30240746.27,3451473.7733,814778.7892,47741.3999,2252389.6183,13.4261,1491269.435,2429720.1661,6.8171,0.765306
metal_structure_factory_v2,construction,6,48,33546736.36,4340420.8578,1017798.924,60018.003,2838465.4197,11.8186,1885620.2972,3063693.9887,5.6409,0.760204
metal_structure_factory_v2,construction,6,49,37249445.27,5585410.1534,1300950.1721,77211.6469,3660306.051,10.1766,2439691.2178,3953001.7272,4.5054,0.755102
metal_structure_factory_v2,construction,6,50,48457651.2,8681042.8919,2008320.9286,119963.1844,5700900.1376,8.5,3812389.7362,6160269.6634,5.4926,0.75
construction_company_v2,construction,7,1,672135.1,13382.1919,855.8,455.0,10502.1109,64.0,8967.0535,12071.3919,,1.0
construction_company_v2,construction,7,2,704635.1,14022.0212,892.1433,470.2283,11013.8952,63.9769,9409.1738,12659.6497,63.5033,0.994899
construction_company_v2,construction,7,3,741035.1,14749.2095,933.5965,487.5354,11595.4276,63.9075,9911.4375,13328.0777,62.5933,0.989795
construction_company_v2,construction,7,4,781803.1,15574.7436,980.7699,507.1835,12255.5075,63.792,10481.4565,14086.7902,61.7622,0.984694
construction_company_v2,construction,7,5,827463.26,16511.2561,1034.3567,529.4727,13004.2613,63.6302,11127.9972,14947.4268,60.9815,0.979592
construction_company_v2,construction,7,6,878602.64,17573.1732,1095.1476,554.7466,13853.2528,63.4221,11861.0706,15923.2791,60.2354,0.97449
construction_company_v2,construction,7,7,935878.74,18777.0352,1164.0446,583.3988,14815.7448,63.1678,12692.1624,17029.5917,59.5081,0.969388
construction_company_v2,construction,7,8,1000027.98,20141.818,1242.079,615.881,15906.9565,62.8673,13634.4549,18283.858,58.7872,0.964285
construction_company_v2,construction,7,9,1071875.13,21689.2812,1330.4301,652.7112,17144.3416,62.5206,14703.0685,19706.1398,58.0637,0.959184
construction_company_v2,construction,7,10,1171881.47,23839.4381,1454.5434,703.8854,18862.4781,62.1277,16185.85,21681.0093,58.2063,0.954082
construction_company_v2,construction,7,11,1262006.53,25833.7995,1567.7982,751.3517,20457.7452,61.6884,17563.9906,23514.6496,56.4953,0.94898
construction_company_v2,construction,7,12,1362946.6,28098.1467,1696.0493,805.2439,22269.2625,61.203,19129.1995,25596.8535,55.7213,0.943878
construction_company_v2,construction,7,13,1475999.47,30670.7526,1841.3282,866.4727,24327.768,60.6714,20908.1372,27962.9518,54.9199,0.938775
construction_company_v2,construction,7,14,1602618.69,33595.8054,2005.9729,936.0897,26668.7562,60.0935,22931.5952,30653.7428,54.0879,0.933673
construction_company_v2,construction,7,15,1744432.22,36924.3981,2192.6726,1015.3112,29333.2804,59.4694,25235.1984,33716.4143,53.2228,0.928571
construction_company_v2,construction,7,16,1903263.37,40715.7738,2404.5301,1105.547,32368.9561,58.799,27860.2769,37205.6967,52.3215,0.923469
construction_company_v2,construction,7,17,2081154.26,45038.65,2645.1289,1208.4327,35831.0269,58.0825,30854.794,41185.0884,51.3828,0.918367
construction_company_v2,construction,7,18,2280392.05,49972.9586,2918.6169,1325.8707,39783.7697,57.3197,34274.5708,45728.471,50.4049,0.913265
construction_company_v2,construction,7,19,2503538.38,55611.8128,3229.8029,1460.0772,44302.0814,56.5106,38184.6687,50921.9327,49.3871,0.908163
construction_company_v2,construction,7,20,2850916.39,64255.3437,3710.8335,1665.7955,51224.4818,55.6553,44172.2292,58878.7147,50.1817,0.903061
construction_company_v2,construction,7,21,3130831.14,71683.2632,4116.4168,1842.5821,57180.1099,54.7538,49329.4032,65724.2642,47.0,0.897959
construction_company_v2,construction,7,22,3444335.67,80204.0393,4579.5552,2045.3792,64013.8212,53.8061,55248.5194,73579.1048,45.8762,0.892857
construction_company_v2,construction,7,23,3795460.74,89993.474,5109.1568,2278.3704,71867.1736,52.8122,62052.6735,82605.9467,44.7102,0.887755
construction_company_v2,construction,7,24,4188720.82,101258.8573,5715.682,2546.4898,80907.1164,51.772,69887.0731,92996.6856,43.5025,0.882653
construction_company_v2,construction,7,25,4629172.11,114245.4181,6411.4491,2855.5737,91331.204,50.6855,78923.5872,104978.3954,42.2532,0.877551
construction_company_v2,construction,7,26,5122477.55,129244.1654,7211.0085,3212.5482,103373.9296,49.5529,89366.2714,118820.6087,40.9629,0.872449
construction_company_v2,construction,7,27,5674979.64,146601.698,8131.6156,3625.6622,117314.6455,48.374,101458.2727,134844.4201,39.6323,0.867347
construction_company_v2,construction,7,28,6293781.98,166732.3419,9193.8098,4104.7775,133487.3665,47.1489,115490.3814,153433.7546,38.2621,0.862245
construction_company_v2,construction,7,29,6986840.61,190133.5667,10422.1438,4661.7335,152293.2298,45.8776,131811.9042,175049.6894,36.8533,0.857143
construction_company_v2,construction,7,30,8616002.45,241275.6203,13146.7637,5878.9288,193357.4372,44.56,167421.4219,222249.9278,39.6735,0.852041
construction_company_v2,construction,7,31,9485375.19,273890.0694,14834.5151,6655.1623,219588.3411,43.1962,190205.1206,252400.392,33.1431,0.846939
construction_company_v2,construction,7,32,10459072.66,312065.3679,16800.3553,7563.745,250300.1028,41.7861,216888.0163,287701.2676,31.7044,0.841837
construction_company_v2,construction,7,33,11549613.83,356899.3239,19097.5886,8630.806,286378.7084,40.3299,248242.2701,329170.9292,30.2268,0.836735
construction_company_v2,construction,7,34,12771019.94,409747.0583,21791.7651,9888.5975,328918.0252,38.8274,285221.4014,378066.6956,28.7124,0.831633
construction_company_v2,construction,7,35,14138994.78,472293.9779,24964.1267,11377.232,379278.7786,37.2786,329011.7602,435952.6191,27.1635,0.826531
construction_company_v2,construction,7,36,15671126.6,546654.0273,28716.2278,13147.0224,439167.9761,35.6837,381101.8578,504790.7772,25.5828,0.821429
construction_company_v2,construction,7,37,17387114.24,635504.0733,33176.2483,15261.6789,510747.5471,34.0425,443377.2072,587066.146,23.9731,0.816327
construction_company_v2,construction,7,38,19309020.39,742270.4788,38507.7617,17802.7501,596785.1713,32.3551,518251.9904,685959.967,22.338,0.811224
construction_company_v2,construction,7,39,21461555.28,871393.0536,44922.1093,20875.9044,700867.6847,30.6214,608855.3745,805595.0398,20.681,0.806122
construction_company_v2,construction,7,40,27186725.66,1171506.3844,60011.3327,28018.6875,942624.4368,28.8415,819169.4209,1083476.3642,23.6815,0.80102
construction_company_v2,construction,7,41,29886865.43,1374401.129,69956.3372,32847.6407,1106289.5214,27.0154,961738.7567,1271597.1511,16.498,0.795918
construction_company_v2,construction,7,42,32911021.97,1625576.8948,82210.6675,38825.6956,1308950.2626,25.1431,1138319.819,1504540.5317,14.9223,0.790816
construction_company_v2,construction,7,43,36298077.29,1940270.8062,97492.6847,46315.5011,1562922.4798,23.2245,1359662.1169,1796462.6205,13.3363,0.785714
construction_company_v2,construction,7,44,40091579.25,2340252.0092,116826.9439,55835.168,1885803.2106,21.2597,1641126.0234,2167589.8972,11.7489,0.780612
construction_company_v2,construction,7,45,44340301.45,2857635.2351,141722.6734,68149.037,2303554.2665,19.2486,2005375.141,2647763.5247,10.1705,0.77551
construction_company_v2,construction,7,46,49098870.31,3541701.1416,174492.9225,84430.0016,2856017.0492,17.1914,2487191.5279,3282778.2175,8.6134,0.770408
construction_company_v2,construction,7,47,54428467.44,4471903.1875,218863.1324,106569.0769,3607429.751,15.0879,3142658.7745,4146470.9782,7.0928,0.765306
construction_company_v2,construction,7,48,60397616.22,5784769.5322,281229.7679,137815.672,4668179.9603,12.9382,4068155.3019,5365724.0923,5.6273,0.760204
construction_company_v2,construction,7,49,67083062.85,7735759.6615,373554.2156,184249.7957,6244821.4156,10.7422,5444026.61,7177955.6501,4.2403,0.755102
construction_company_v2,construction,7,50,87180461.76,12700688.6925,609163.0656,302416.5288,10256524.9153,8.5,8944389.8268,11789109.0981,5.0097,0.75
industrial_contractor,construction,8,1,1276260.0,21219.269,2007.2,875.0,15953.25,80.0,13089.6152,18337.069,,1.0
industrial_contractor,construction,8,2,1338760.0,22239.6612,2092.9897,904.454,16740.7292,79.9702,13747.7904,19242.2175,79.3672,0.994898
industrial_contractor,construction,8,3,1408760.0,23399.8035,2190.8769,937.9418,17635.7568,79.8809,14495.5857,20270.9848,78.2099,0.989796
industrial_contractor,construction,8,4,1487160.0,24717.3503,2302.3066,975.973,18651.9916,79.732,15344.4475,21439.0708,77.1475,0.984693
industrial_contractor,construction,8,5,1574968.0,26212.4812,2428.9228,1019.1305,19805.0523,79.5235,16307.4703,22764.4279,76.1521,0.979592
industrial_contractor,construction,8,6,1673312.96,27908.3677,2572.5981,1068.0827,21112.8875,79.2555,17399.7142,24267.6868,75.1968,0.97449
industrial_contractor,construction,8,7,1783459.32,29831.5337,2735.4784,1123.5955,22596.04,78.928,18638.4138,25972.4597,74.265,0.969388
industrial_contractor,construction,8,8,1906823.24,32012.4501,2920.0123,1186.548,24278.1242,78.5408,20043.3936,27905.8898,73.3399,0.964285
industrial_contractor,construction,8,9,2044990.83,34486.0652,3129.0,1257.9497,26186.2305,78.0941,21637.4024,30099.1155,72.4108,0.959183
industrial_contractor,construction,8,10,2235053.21,37886.5379,3419.2491,1356.1053,28806.7296,77.5879,23824.2513,33111.1835,72.5291,0.954082
industrial_contractor,construction,8,11,2408370.63,41076.3882,3687.3067,1448.181,31268.5835,77.0221,25881.9696,35940.9005,70.4012,0.948979
industrial_contractor,construction,8,12,2602486.14,44699.3874,3990.9599,1552.7597,34065.4309,76.3967,28220.3103,39155.6677,69.4051,0.943877
industrial_contractor,construction,8,13,2819895.51,48817.1775,4335.0542,1671.621,37245.137,75.7118,30879.5396,42810.5022,68.374,0.938775
industrial_contractor,construction,8,14,3063394.01,53501.0341,4725.1696,1806.822,40863.067,74.9673,33906.2509,46969.0425,67.3033,0.933673
industrial_contractor,construction,8,15,3336112.33,58833.4788,5167.7331,1960.7445,44983.351,74.1633,37354.4389,51705.0012,66.1892,0.928571
industrial_contractor,construction,8,16,3641556.85,64910.2318,5670.1674,2136.1515,49680.4043,73.2997,41286.7829,57103.9129,65.029,0.923469
industrial_contractor,construction,8,17,3983654.71,71842.5033,6241.0552,2336.2533,55040.7195,72.3765,45776.1665,63265.1948,63.8205,0.918367
industrial_contractor,construction,8,18,4366804.31,79759.7733,6890.3483,2564.7878,61165.0343,71.3938,50907.5084,70304.6372,62.562,0.913265
industrial_contractor,construction,8,19,4795931.87,88813.1654,7629.594,2826.116,68170.9862,70.3515,56780.0253,78357.4553,61.2519,0.908163
industrial_contractor,construction,8,20,5436680.15,102180.0317,8728.5782,3211.9548,78508.3639,69.2497,65439.2033,90239.4987,61.9836,0.903061
industrial_contractor,construction,8,21,5974977.76,114115.4885,9693.0719,3556.4749,87753.3693,68.0883,73196.308,100865.9417,58.2258,0.897959
industrial_contractor,construction,8,22,6577871.08,127818.5529,10795.3338,3952.0175,98371.9454,66.8673,82109.8241,113071.2016,56.7772,0.892857
industrial_contractor,construction,8,23,7253111.6,143576.3215,12056.9172,4406.87,110587.9049,65.5868,92368.8114,127112.5343,55.2753,0.887755
industrial_contractor,construction,8,24,8009380.98,161728.133,13503.173,4930.8265,124665.8961,64.2468,104196.9203,143294.1334,53.72,0.882653
industrial_contractor,construction,8,25,8856402.68,182676.2197,15164.0307,5535.4992,140919.7202,62.8471,117859.4306,161976.6898,52.1121,0.877551
industrial_contractor,construction,8,26,9805066.99,206899.2459,17074.9393,6234.7034,159722.9549,61.388,133672.2845,183589.6033,50.4522,0.872449
industrial_contractor,construction,8,27,10867571.02,234968.7952,19278.0561,7044.9382,181521.8468,59.8692,152013.0138,208645.8009,48.7412,0.867347
industrial_contractor,construction,8,28,12057575.53,267570.271,21823.7176,7985.989,206851.691,58.2909,173334.6514,237760.5644,46.9803,0.862245
industrial_contractor,construction,8,29,13390380.58,305529.3788,24772.3044,9081.689,236357.5853,56.6531,198183.3575,271675.3854,45.1708,0.857143
industrial_contractor,construction,8,30,16433251.16,386252.5281,31130.9213,11411.7848,299027.5451,54.9556,250893.8557,343709.822,48.5539,0.852041
industrial_contractor,construction,8,31,18105121.81,439324.3812,35196.3443,12943.7186,340330.3569,53.1987,285721.2699,391184.3183,40.4784,0.846939
industrial_contractor,construction,8,32,19977616.94,501585.1751,39942.2744,14740.8932,388804.7466,51.3821,326613.8353,446902.0075,38.6285,0.841837
industrial_contractor,construction,8,33,22074811.49,574889.3466,45502.1883,16856.8384,445901.3783,49.506,374801.3564,512530.3199,36.7306,0.836735
industrial_contractor,construction,8,34,24423669.38,661539.1014,52041.1963,19358.0068,513421.7115,47.5704,431811.4799,590139.8983,34.7874,0.831633
industrial_contractor,construction,8,35,27054390.22,764416.0587,59765.2812,22327.5783,593621.1833,45.5752,499557.3468,682323.1991,32.8022,0.826531
industrial_contractor,construction,8,36,30000797.56,887160.9147,68933.8336,25870.6422,689350.1018,43.5204,580457.3391,792356.4389,30.7787,0.821429
industrial_contractor,construction,8,37,33300773.78,1034421.8137,79877.0117,30121.3685,804248.3871,41.4061,677600.5648,924423.4334,28.7208,0.816327
industrial_contractor,construction,8,38,36996747.15,1212204.4032,93020.1714,35253.1113,943020.0748,39.2322,794980.1541,1083931.1204,26.6335,0.811224
industrial_contractor,construction,8,39,41136237.33,1428374.7933,108918.9457,41492.9291,1111827.7392,36.9988,937828.4871,1277962.9186,24.5219,0.806122
industrial_contractor,construction,8,40,52005774.27,1923967.2013,145781.1857,55798.3393,1498477.2783,34.7057,1264703.6431,1722387.6763,28.1121,0.80102
industrial_contractor,construction,8,41,57198350.75,2268662.1943,170804.2175,65748.0546,1767935.6323,32.3532,1492975.3746,2032109.9222,19.2704,0.795918
industrial_contractor,construction,8,42,63014036.4,2699171.9002,201913.9869,78174.8351,2104602.2781,29.9411,1778291.7047,2419083.0782,17.2743,0.790816
industrial_contractor,construction,8,43,69527604.33,3244345.3369,241130.3936,93911.415,2531094.0697,27.4694,2139869.2642,2909303.5283,15.2724,0.785714
industrial_contractor,construction,8,44,76822800.41,3946426.6526,291406.7633,114177.1845,3080533.1532,24.9382,2605853.9927,3540842.7048,13.2775,0.780612
industrial_contractor,construction,8,45,84993420.02,4869649.1844,357227.9415,140826.255,3803287.6394,22.3474,3219051.1802,4371594.9878,11.3048,0.77551
industrial_contractor,construction,8,46,94144513.99,6116383.1098,445734.0245,176813.5708,4779636.8977,19.697,4047691.8803,5493835.5145,9.3728,0.770408
industrial_contractor,construction,8,47,104393739.23,7859906.6131,569000.7047,227140.8534,6145475.5978,16.9871,5207283.38,7063765.055,7.504,0.765306
industrial_contractor,construction,8,48,115872871.5,10417888.532,749152.3282,300977.7005,8149949.8979,14.2176,6909604.6328,9367758.5033,5.7268,0.760204
industrial_contractor,construction,8,49,128729499.64,14440975.8837,1031483.8137,417105.2169,11303376.5622,11.3886,9588449.7696,12992386.8531,4.077,0.755102
industrial_contractor,construction,8,50,167179391.77,25113979.1455,1781710.024,725184.3744,19668163.73,8.5,16693433.9061,22607084.7472,4.5966,0.75
infrastructure_holding,construction,9,1,2630538.6,36090.7386,3417.6,1820.0,26842.2306,98.0,21926.1909,30853.1386,,1.0
infrastructure_holding,construction,9,2,2760538.6,37836.4477,3564.632,1881.6238,28179.4669,97.9628,23040.5863,32390.1918,97.2154,0.994899
infrastructure_holding,construction,9,3,2906138.6,39821.6548,3732.4191,1951.7014,29699.6549,97.8509,24306.9939,34137.5344,95.7776,0.989796
infrastructure_holding,construction,9,4,3069210.6,42076.6403,3923.4492,2031.3023,31426.0432,97.6646,25744.836,36121.8887,94.4585,0.984695
infrastructure_holding,construction,9,5,3251851.24,44636.1594,4140.542,2121.6521,33385.3498,97.4035,27376.4624,38373.9653,93.217,0.979591
infrastructure_holding,construction,9,6,3456408.76,47539.9119,4386.9339,2224.1551,35608.0759,97.0681,29227.3736,40928.8229,92.03,0.97449
infrastructure_holding,construction,9,7,3685513.18,50833.6249,4666.3159,2340.4227,38129.3911,96.6581,31327.0034,43826.8863,90.867,0.969388
infrastructure_holding,construction,9,8,3942110.13,54569.666,4982.9052,2472.3046,40989.5768,96.1735,33709.0703,47114.4561,89.7134,0.964286
infrastructure_holding,construction,9,9,4229498.71,58808.2706,5341.5311,2621.927,44234.9869,95.6143,36412.3929,50844.8125,88.5523,0.959184
infrastructure_holding,construction,9,10,4611792.7,64454.9915,5823.276,2821.2551,48555.1006,94.9806,40007.8241,55810.4604,88.4917,0.954081
infrastructure_holding,construction,9,11,4972292.94,69922.9549,6283.5071,3014.2741,52743.9011,94.2724,43498.8292,60625.1737,86.0629,0.94898
infrastructure_holding,construction,9,12,5376053.21,76135.4703,6805.0021,3233.5757,57504.2965,93.4896,47467.2975,66096.8926,84.8165,0.943878
infrastructure_holding,construction,9,13,5828264.71,83198.9692,7396.1409,3482.9164,62918.3234,92.6322,51982.0476,72319.9119,83.5259,0.938776
infrastructure_holding,construction,9,14,6334741.59,91236.5572,8066.5784,3766.6426,69080.9025,91.7003,57122.7356,79403.3362,82.1859,0.933673
infrastructure_holding,construction,9,15,6901995.69,100390.9369,8827.4489,4089.7914,76102.116,90.6939,62981.7848,87473.6966,80.7915,0.928571
infrastructure_holding,construction,9,16,7537320.29,110827.765,9691.6232,4458.2105,84109.8002,89.6129,69666.5666,96677.9312,79.3394,0.923469
infrastructure_holding,construction,9,17,8248883.84,122739.7298,10673.9953,4878.7017,93252.7186,88.4573,77302.0893,107187.0329,77.8267,0.918367
infrastructure_holding,construction,9,18,9045835.01,136351.388,11791.8512,5359.1922,103704.2998,87.2272,86034.1414,119200.3446,76.2517,0.913265
infrastructure_holding,construction,9,19,9938420.33,151925.047,13065.2832,5908.9413,115667.2156,85.9225,96033.1716,132950.8226,74.6127,0.908163
infrastructure_holding,construction,9,20,11233006.02,174327.976,14907.6703,6699.7627,132866.8724,84.5433,110401.1126,152720.543,75.2681,0.903061
infrastructure_holding,construction,9,21,12352665.04,194877.4651,16570.8078,7425.1576,148666.9048,83.0895,123620.6029,170881.4998,70.8643,0.897959
infrastructure_holding,construction,9,22,13606683.14,218487.5933,18472.8628,8258.5936,166827.8391,81.5612,138822.1868,191756.1369,69.0503,0.892857
infrastructure_holding,construction,9,23,15011183.41,245659.5525,20651.5349,9217.7616,187737.5227,79.9584,156332.578,215790.2559,67.1698,0.887755
infrastructure_holding,construction,9,24,16584223.72,276986.6023,23151.2393,10323.6037,211855.2306,78.2809,176538.8191,243511.7593,65.2235,0.882653
infrastructure_holding,construction,9,25,18346028.86,313173.4145,26024.5182,11600.9944,239726.6747,76.5289,199900.96,275547.902,63.2118,0.877551
infrastructure_holding,construction,9,26,20319250.62,355059.9649,29333.7256,13079.5866,272002.5878,74.7024,226967.7969,312646.6527,61.136,0.872449
infrastructure_holding,construction,9,27,22529258.99,403651.7053,33153.1738,14794.8705,309462.185,72.8013,258396.733,355703.661,58.9971,0.867347
infrastructure_holding,construction,9,28,25004468.37,460157.098,37571.8196,16789.5061,353042.3219,70.8257,294978.4429,405795.7723,56.7967,0.862245
infrastructure_holding,construction,9,29,27776702.87,526035.7248,42696.6578,19115.0157,403874.9247,68.7755,337668.5775,464224.0513,54.5365,0.857143
infrastructure_holding,construction,9,30,33902170.47,661985.0259,53411.4079,23914.0144,508653.8551,66.6508,425556.8944,584659.6035,58.4609,0.852041
infrastructure_holding,construction,9,31,37379661.43,754294.9216,60494.8863,27172.547,579965.9149,64.4515,485521.0609,666627.4884,48.7644,0.846939
infrastructure_holding,construction,9,32,41274451.31,862787.3632,68779.1966,31002.3202,663815.0864,62.1776,556058.7755,763005.8464,46.45,0.841837
infrastructure_holding,construction,9,33,45636615.97,990784.7197,78504.1346,35520.6161,762781.173,59.8292,639350.9578,876759.969,44.0774,0.836735
infrastructure_holding,construction,9,34,50522240.39,1142429.8469,89967.6809,40873.676,880081.9863,57.4063,738118.6802,1011588.49,41.6504,0.831633
infrastructure_holding,construction,9,35,55994139.74,1322934.2837,103543.4578,47245.467,1019766.4622,54.9088,855786.7732,1172145.3588,39.1733,0.826531
infrastructure_holding,construction,9,36,62122667.01,1538919.4534,119704.6867,54869.7256,1186980.1858,52.3367,996708.8071,1364345.0411,36.6509,0.821429
infrastructure_holding,construction,9,37,68986617.56,1798893.4229,139057.6259,64046.7851,1388336.4404,49.6901,1166481.5144,1595789.0119,34.0886,0.816327
infrastructure_holding,construction,9,38,76674242.17,2113929.7692,162389.1744,75167.5414,1632444.5564,46.969,1372392.5123,1876373.0533,31.4927,0.811225
infrastructure_holding,construction,9,39,85284381.73,2498655.5272,190736.0851,88748.3271,1930678.87,44.1733,1624071.967,2219171.115,28.8704,0.806122
infrastructure_holding,construction,9,40,107695836.45,3372483.3722,255810.7913,119594.3761,2607458.0382,41.303,2194676.1347,2997078.2048,33.1149,0.80102
infrastructure_holding,construction,9,41,118496395.52,3993293.7376,300971.4088,141508.9283,3089207.6584,38.3582,2601668.9486,3550813.4005,22.4194,0.795918
infrastructure_holding,construction,9,42,130593021.68,4774251.4864,357524.9719,169076.6711,3695455.3638,35.3388,3114037.0602,4247649.8434,19.9533,0.790816
infrastructure_holding,construction,9,43,144141242.98,5771904.9594,429446.7097,204293.7533,4470203.1119,32.2449,3769060.1496,5138164.4964,17.4873,0.785714
infrastructure_holding,construction,9,44,159315250.83,7070727.8868,522666.8351,250142.0926,5479189.4943,29.0764,4622439.9641,6297918.959,15.0389,0.780612
infrastructure_holding,construction,9,45,176310139.62,8802389.2441,646418.155,311269.5902,6824890.3041,25.8334,5761014.5726,7844701.4989,12.629,0.77551
infrastructure_holding,construction,9,46,195344415.07,11183459.99,815872.9304,395321.1849,8675871.311,22.5158,7327637.4115,9972265.8747,10.2833,0.770408
infrastructure_holding,construction,9,47,216662803.57,14596030.3561,1057780.1354,515784.6285,11329545.0652,19.1237,9574369.4532,13022465.5922,8.0335,0.765306
infrastructure_holding,construction,9,48,240539398.69,19781516.1398,1424017.1917,698831.8355,15363040.388,15.657,12990355.2888,17658667.1126,5.9196,0.760204
infrastructure_holding,construction,9,49,267281185.23,28389659.0375,2029977.7672,1002698.5459,22060574.9703,12.1158,18664062.0334,25356982.7245,3.9928,0.755102
infrastructure_holding,construction,9,50,346978655.43,52503473.5177,3728848.6856,1853914.143,40821018.2995,8.5,34555591.6427,46920710.6891,4.2482,0.75
electronics_workshop,technoprom,1,1,12000.0,3967.7103,2580.0,8.4,1200.0,10.0,-704.2317,1049.3103,,1.0
electronics_workshop,technoprom,1,2,12600.0,4126.6846,2669.6808,8.6356,1260.0803,9.9994,-711.8091,1106.8974,9.9866,0.994897
electronics_workshop,technoprom,1,3,13272.0,4306.5687,2771.7662,8.9022,1327.5332,9.9975,-721.2966,1171.372,9.9625,0.989796
electronics_workshop,technoprom,1,4,14024.64,4509.648,2887.5128,9.2031,1403.2509,9.9944,-732.7539,1243.5991,9.9401,0.984695
electronics_workshop,technoprom,1,5,14867.6,4738.4857,3018.3162,9.5423,1488.2457,9.99,-746.228,1324.5635,9.9178,0.979592
electronics_workshop,technoprom,1,6,15811.71,4995.9345,3165.7297,9.9238,1583.6446,9.9844,-761.7706,1415.3622,9.8964,0.97449
electronics_workshop,technoprom,1,7,16869.12,5285.1846,3331.4818,10.3524,1690.7148,9.9775,-779.4274,1517.2306,9.8758,0.969388
electronics_workshop,technoprom,1,8,18053.41,5609.7989,3517.4894,10.8335,1810.884,9.9694,-799.2286,1631.5645,9.8552,0.964286
electronics_workshop,technoprom,1,9,19379.82,5973.7728,3725.8915,11.3729,1945.7623,9.96,-821.192,1759.9408,9.8341,0.959184
electronics_workshop,technoprom,1,10,24293.38,7428.8869,4608.8114,13.5293,2441.6952,9.9494,-983.6369,2217.0471,9.9077,0.954081
electronics_workshop,technoprom,1,11,25957.23,7877.5873,4861.0477,14.1943,2612.0405,9.9375,-1003.6959,2380.5835,9.7675,0.94898
electronics_workshop,technoprom,1,12,27820.74,8380.9192,5143.8363,14.9402,2803.2641,9.9244,-1025.9593,2564.2101,9.7452,0.943878
electronics_workshop,technoprom,1,13,29907.87,8945.0958,5460.4255,15.7763,3017.9378,9.91,-1050.3379,2770.4675,9.7223,0.938775
electronics_workshop,technoprom,1,14,32245.46,9577.0727,5814.4351,16.7129,3258.9546,9.8944,-1076.7073,3002.218,9.6989,0.933673
electronics_workshop,technoprom,1,15,34863.56,10284.6345,6209.8897,17.7614,3529.5755,9.8776,-1104.8884,3262.6951,9.6744,0.928571
electronics_workshop,technoprom,1,16,37795.83,11076.4864,6651.2658,18.9349,3833.4685,9.8594,-1134.6446,3555.5423,9.649,0.923469
electronics_workshop,technoprom,1,17,41079.97,11962.365,7143.535,20.2478,4174.7666,9.8401,-1165.6582,3884.8743,9.6225,0.918367
electronics_workshop,technoprom,1,18,44758.21,12953.1737,7692.2416,21.7161,4558.1179,9.8194,-1197.5396,4255.3246,9.595,0.913265
electronics_workshop,technoprom,1,19,48877.83,14061.1052,8303.5391,23.358,4988.761,9.7976,-1229.7825,4672.1275,9.5662,0.908163
electronics_workshop,technoprom,1,20,60794.2,17387.6375,10210.2778,28.2878,6219.6926,9.7745,-1433.5945,5843.1062,9.6808,0.903061
electronics_workshop,technoprom,1,21,65961.86,18760.9097,10954.4426,30.323,6765.2453,9.7501,-1453.2592,6374.9944,9.4723,0.897959
electronics_workshop,technoprom,1,22,71749.64,20297.8618,11784.5241,32.6007,7378.2412,9.7245,-1471.0974,6973.4142,9.4418,0.892857
electronics_workshop,technoprom,1,23,78231.95,22017.6659,12709.9598,35.1494,8067.1243,9.6976,-1485.9563,7646.8642,9.4099,0.887755
electronics_workshop,technoprom,1,24,85492.14,23941.807,13741.2658,38.0009,8841.4101,9.6695,-1496.4539,8404.9366,9.3766,0.882653
electronics_workshop,technoprom,1,25,93623.55,26094.3613,14890.1398,41.1909,9711.8367,9.6401,-1500.9115,9258.4779,9.3419,0.877551
electronics_workshop,technoprom,1,26,102730.73,28502.3052,16169.6185,44.7594,10690.4967,9.6095,-1497.343,10219.7203,9.3058,0.872449
electronics_workshop,technoprom,1,27,112930.77,31195.8885,17594.2197,48.7512,11791.0383,9.5777,-1483.3699,11302.4942,9.2682,0.867347
electronics_workshop,technoprom,1,28,124354.81,34209.0312,19180.1147,53.2165,13028.859,9.5446,-1456.1637,12522.4295,9.2292,0.862245
electronics_workshop,technoprom,1,29,137149.74,37579.7718,20945.3249,58.2118,14421.3244,9.5102,-1412.3818,13897.1818,9.1887,0.857143
electronics_workshop,technoprom,1,30,193750.36,52888.0672,29302.0404,80.8982,20449.4619,9.4746,-1723.505,19757.1932,9.3894,0.852041
electronics_workshop,technoprom,1,31,209800.32,57066.459,31427.705,87.0904,22229.9474,9.4377,-1575.4807,21531.8409,9.0144,0.846939
electronics_workshop,technoprom,1,32,227776.27,61749.1825,33801.7229,94.03,24232.4837,9.3996,-1397.2684,23529.9534,8.9766,0.841837
electronics_workshop,technoprom,1,33,247909.34,66996.5429,36451.8783,101.8064,26485.2866,9.3603,-1182.3895,25780.4087,8.9369,0.836735
electronics_workshop,technoprom,1,34,270458.38,72876.2413,39409.1646,110.5199,29020.2044,9.3197,-923.2738,28315.8497,8.8954,0.831633
electronics_workshop,technoprom,1,35,295713.3,79464.3148,42708.1564,120.2832,31873.2115,9.2778,-611.0659,31173.2041,8.852,0.826531
electronics_workshop,technoprom,1,36,323998.81,86846.1844,46387.4273,131.2228,35084.9548,9.2347,-235.4163,34394.2586,8.8069,0.821429
electronics_workshop,technoprom,1,37,355678.58,95117.8328,50490.0272,143.4811,38701.3623,9.1903,215.7443,38026.2977,8.76,0.816327
electronics_workshop,technoprom,1,38,391159.92,104387.1422,55064.006,157.2179,42774.3489,9.1447,756.4868,42122.8477,8.7114,0.811224
electronics_workshop,technoprom,1,39,430899.03,114775.3855,60163.0045,172.6129,47362.5983,9.0979,1403.1888,46744.5001,8.6611,0.806122
electronics_workshop,technoprom,1,40,572881.47,152338.0604,79347.2266,228.2794,63303.4224,9.0498,2621.329,62613.4906,8.9068,0.80102
electronics_workshop,technoprom,1,41,622730.2,165352.69,85577.488,247.5666,69189.0428,9.0004,3668.3534,68581.6776,8.4696,0.795918
electronics_workshop,technoprom,1,42,678560.78,179954.2965,92537.4637,269.2056,75818.4356,8.9498,4888.036,75311.44,8.4217,0.790816
electronics_workshop,technoprom,1,43,741091.03,196337.1431,100310.6064,293.4844,83287.7556,8.898,6310.3205,82902.626,8.3716,0.785714
electronics_workshop,technoprom,1,44,811124.91,214719.938,108990.2063,320.727,91705.8341,8.8449,7969.914,91468.3969,8.3195,0.780612
electronics_workshop,technoprom,1,45,889562.86,235348.9608,118680.5495,351.2985,101195.8881,8.7905,9907.0458,101137.0425,8.2653,0.77551
electronics_workshop,technoprom,1,46,977413.36,258501.6338,129498.2548,385.6099,111897.4592,8.7349,12168.315,112054.0389,8.2091,0.770408
electronics_workshop,technoprom,1,47,1075805.92,284490.5452,141573.7616,424.1245,123968.6135,8.6781,14807.6694,124384.3874,8.151,0.765306
electronics_workshop,technoprom,1,48,1186005.59,313668.0119,155053.0,467.3644,137588.4533,8.62,17887.5452,138315.2871,8.0911,0.760204
electronics_workshop,technoprom,1,49,1309429.22,346431.2808,170099.2839,515.9183,152959.9884,8.5606,21480.1805,154059.1935,8.0294,0.755102
electronics_workshop,technoprom,1,50,1738760.95,460287.2209,224476.0063,684.6486,204560.1124,8.5,30831.1186,206414.5186,8.3204,0.75
electrical_factory,technoprom,2,1,31493.55,6346.6773,3740.0,21.0,2249.5393,14.0,-553.6581,2145.6773,,1.0
electrical_factory,technoprom,2,2,32993.55,6600.7221,3869.8565,21.5884,2357.0712,13.9977,-545.7955,2254.0,13.9494,0.994897
electrical_factory,technoprom,2,3,34673.55,6889.0961,4018.2149,22.2563,2478.3037,13.9908,-538.3017,2375.8938,13.8577,0.989796
electrical_factory,technoprom,2,4,36555.15,7215.7025,4187.0198,23.0128,2614.9328,13.9794,-530.9805,2513.0793,13.7716,0.984694
electrical_factory,technoprom,2,5,38662.54,7584.9268,4378.4666,23.868,2768.8552,13.9634,-523.6265,2667.4784,13.6913,0.979593
electrical_factory,technoprom,2,6,41022.82,8001.7131,4595.0014,24.8334,2942.2341,13.9427,-515.965,2841.2899,13.6134,0.97449
electrical_factory,technoprom,2,7,43666.33,8471.6274,4839.3767,25.9217,3137.5062,13.9175,-507.6849,3036.9905,13.5376,0.969387
electrical_factory,technoprom,2,8,46627.06,9000.934,5114.6819,27.1477,3357.4208,13.8878,-498.4234,3257.3771,13.4631,0.964286
electrical_factory,technoprom,2,9,49943.08,9596.7093,5424.3688,28.5276,3605.1171,13.8534,-487.7135,3505.6517,13.3874,0.959183
electrical_factory,technoprom,2,10,58362.98,11166.0902,6277.863,32.1626,4224.7762,13.8145,-516.0849,4117.4925,13.588,0.954082
electrical_factory,technoprom,2,11,62522.6,11916.369,6663.8609,33.9004,4540.1887,13.7709,-496.5965,4434.6241,13.1879,0.948979
electrical_factory,technoprom,2,12,67181.37,12760.5596,7097.585,35.8557,4895.5935,13.7228,-473.7854,4792.109,13.1083,0.943878
electrical_factory,technoprom,2,13,72399.19,13710.1051,7584.5143,38.055,5296.1562,13.6701,-446.7424,5195.24,13.0262,0.938776
electrical_factory,technoprom,2,14,78243.15,14777.9272,8130.8086,40.5282,5747.7336,13.6129,-414.3994,5650.0246,12.9412,0.933674
electrical_factory,technoprom,2,15,84788.39,15978.6233,8743.3907,43.3093,6256.9734,13.551,-375.4966,6163.2892,12.853,0.928571
electrical_factory,technoprom,2,16,92119.06,17328.7012,9430.0435,46.4363,6831.4327,13.4846,-328.5405,6742.8046,12.761,0.923469
electrical_factory,technoprom,2,17,100329.41,18846.8138,10199.5148,49.9525,7479.6914,13.4136,-271.7737,7397.4036,12.6652,0.918367
electrical_factory,technoprom,2,18,109525.0,20554.0827,11061.6596,53.9068,8211.5091,13.338,-203.1301,8137.1445,12.5654,0.913265
electrical_factory,technoprom,2,19,119824.06,22474.4222,12027.5632,58.3546,9037.9988,13.2578,-120.1617,8973.4969,12.4612,0.908163
electrical_factory,technoprom,2,20,142235.65,26673.587,14194.6202,68.0806,10797.471,13.1731,-21.1413,10740.9309,12.7377,0.903061
electrical_factory,technoprom,2,21,155154.79,29105.6909,15401.3836,73.7138,11858.6164,13.0837,108.7635,11818.666,12.1747,0.897959
electrical_factory,technoprom,2,22,169624.23,31844.3964,16754.8372,80.0571,13058.2668,12.9898,263.2042,13038.3448,12.0614,0.892857
electrical_factory,technoprom,2,23,185830.0,34929.2497,18272.907,87.2022,14415.1523,12.8913,446.8372,14419.3868,11.9434,0.887755
electrical_factory,technoprom,2,24,203980.47,38405.1916,19975.8449,95.2531,15950.6615,12.7882,665.1329,15983.9943,11.8205,0.882653
electrical_factory,technoprom,2,25,224308.99,42323.3002,21886.5361,104.3281,17689.2193,12.6805,924.5079,17757.5494,11.6927,0.877551
electrical_factory,technoprom,2,26,247076.93,46741.6729,24030.8688,114.5618,19658.7308,12.5683,1232.4733,19769.0812,11.5602,0.872449
electrical_factory,technoprom,2,27,272577.03,51726.4738,26438.1423,126.1074,21891.135,12.4515,1597.8582,22051.8544,11.4227,0.867347
electrical_factory,technoprom,2,28,301137.14,57353.0826,29141.5452,139.1396,24422.986,12.3301,2031.0086,24643.9807,11.2803,0.862245
electrical_factory,technoprom,2,29,333124.46,63707.4584,32178.7132,153.8575,27296.1524,12.2041,2544.0395,27589.1568,11.1331,0.857143
electrical_factory,technoprom,2,30,421217.58,80928.2281,40633.6302,193.7437,34887.7431,12.0735,3598.3934,35320.4271,11.604,0.852041
electrical_factory,technoprom,2,31,461342.48,89098.9468,44468.2223,212.6685,38643.7087,11.9384,4364.1555,39186.5005,10.683,0.846939
electrical_factory,technoprom,2,32,506282.36,98341.7844,48785.5399,234.0765,42910.2861,11.7986,5261.0412,43582.6927,10.533,0.841837
electrical_factory,technoprom,2,33,556615.03,108803.7996,53648.43,258.3084,47760.4433,11.6543,6312.0863,48585.4813,10.3775,0.836735
electrical_factory,technoprom,2,34,612987.61,120653.5349,59128.4874,285.7544,53278.185,11.5054,7544.3424,54283.0004,10.2166,0.831633
electrical_factory,technoprom,2,35,676124.92,134084.3862,65307.3901,316.8626,59560.3162,11.3519,8989.5613,60776.9112,10.0503,0.826531
electrical_factory,technoprom,2,36,746838.7,149318.4808,72278.4022,352.1474,66718.5002,11.1939,10685.0339,68184.5898,9.8787,0.821429
electrical_factory,technoprom,2,37,826038.12,166611.3297,80148.1701,392.2006,74881.7343,11.0312,12674.608,76641.7625,9.702,0.816327
electrical_factory,technoprom,2,38,914741.48,186257.2155,89038.8083,437.7038,84199.2119,10.864,15009.8561,86305.5494,9.5201,0.811224
electrical_factory,technoprom,2,39,1014089.24,208595.5459,99090.3201,489.4433,94843.7308,10.6922,17751.5133,97358.0978,9.3332,0.806122
electrical_factory,technoprom,2,40,1328191.98,276195.4025,130372.2636,646.0162,126304.0968,10.5158,24751.9105,129839.2094,9.9841,0.80102
electrical_factory,technoprom,2,41,1452813.82,305650.7827,143357.106,714.24,140574.1099,10.3349,28770.7272,144713.8948,8.7331,0.795918
electrical_factory,technoprom,2,42,1592390.28,339209.8101,158077.1925,791.9685,156896.3648,10.1493,33460.0909,161743.3324,8.5513,0.790816
electrical_factory,technoprom,2,43,1748715.92,377485.6374,174779.4079,880.6219,175588.2786,9.9592,38938.7762,181263.3244,8.3633,0.785714
electrical_factory,technoprom,2,44,1923800.62,421191.3264,193749.219,981.8518,197020.4224,9.7645,45347.3809,203666.2299,8.1693,0.780612
electrical_factory,technoprom,2,45,2119895.5,471157.8159,215317.3876,1097.5828,221626.2756,9.5652,52852.5885,229411.3881,7.9694,0.77551
electrical_factory,technoprom,2,46,2339521.75,528355.5127,239867.993,1230.0625,249913.9878,9.3613,61652.3582,259037.6933,7.764,0.770408
electrical_factory,technoprom,2,47,2585503.17,593920.3326,267848.0961,1381.922,282480.5736,9.1529,71982.1999,293178.7738,7.5532,0.765306
electrical_factory,technoprom,2,48,2861002.33,669185.2745,299779.3784,1556.2486,320029.1934,8.9398,84122.9035,332581.4854,7.3371,0.760204
electrical_factory,technoprom,2,49,3169561.42,755718.7928,336272.2638,1756.6751,363390.1729,8.7222,98409.9634,378128.4111,7.1161,0.755102
electrical_factory,technoprom,2,50,4167276.06,1014057.7742,448176.5644,2355.0328,490267.774,8.5,136626.3399,510799.5223,7.8636,0.75
sensor_factory,technoprom,3,1,72509.2,7406.1954,3190.0,49.0,3625.46,20.0,1090.9563,3672.1954,,1.0
sensor_factory,technoprom,3,2,76009.2,7734.1862,3314.276,50.519,3801.3703,19.9952,1165.4159,3855.1069,19.8965,0.994898
sensor_factory,technoprom,3,3,79929.2,8106.1253,3455.8482,52.2416,4000.2909,19.9808,1248.8864,4061.7832,19.7064,0.989796
sensor_factory,technoprom,3,4,84319.6,8527.2638,3616.6497,54.192,4225.0872,19.9569,1342.6445,4295.2178,19.5306,0.984694
sensor_factory,technoprom,3,5,89236.85,9003.5488,3798.8689,56.3978,4479.0055,19.9234,1448.1379,4558.8025,19.3655,0.979592
sensor_factory,technoprom,3,6,94744.17,9541.7274,4004.9748,58.8902,4765.7403,19.8803,1567.0295,4856.4008,19.207,0.97449
sensor_factory,technoprom,3,7,100912.37,10149.4576,4237.7555,61.7047,5089.4977,19.8276,1701.2281,5192.4146,19.0519,0.969388
sensor_factory,technoprom,3,8,107820.75,10835.4046,4500.3531,64.8816,5455.0478,19.7653,1852.9124,5571.8393,18.8986,0.964286
sensor_factory,technoprom,3,9,115558.13,11609.4335,4796.3213,68.4663,5867.8419,19.6935,2024.5985,6000.3891,18.7439,0.959184
sensor_factory,technoprom,3,10,126519.47,12712.9344,5224.2853,73.5769,6451.1128,19.612,2260.3426,6604.4072,18.7929,0.954082
sensor_factory,technoprom,3,11,136225.25,13698.4398,5599.1678,78.141,6978.384,19.521,2481.8592,7152.2946,18.4076,0.94898
sensor_factory,technoprom,3,12,147095.72,14810.5319,6021.1824,83.2914,7574.2705,19.4204,2733.3605,7771.7366,18.2425,0.943877
sensor_factory,technoprom,3,13,159270.64,16065.682,6496.1575,89.1043,8247.9656,19.3103,3019.2051,8472.3958,18.0719,0.938776
sensor_factory,technoprom,3,14,172906.56,17482.6649,7030.6962,95.6667,9009.9827,19.1906,3344.4209,9265.3319,17.8945,0.933674
sensor_factory,technoprom,3,15,188178.79,19082.8771,7632.2855,103.0777,9872.3371,19.0612,3714.7957,10163.1937,17.7099,0.928571
sensor_factory,technoprom,3,16,205283.68,20890.7146,8309.4332,111.4503,10848.7531,18.9223,4136.9716,11180.4363,17.518,0.92347
sensor_factory,technoprom,3,17,224441.16,22934.0765,9071.7954,120.9136,11954.9897,18.7738,4618.6545,12333.6751,17.3177,0.918367
sensor_factory,technoprom,3,18,245897.54,25244.8391,9930.3615,131.6153,13209.0901,18.6158,5168.7136,13641.9441,17.109,0.913265
sensor_factory,technoprom,3,19,269928.68,27859.4631,10897.6333,143.7243,14631.7517,18.4481,5797.3961,15127.0933,16.8917,0.908163
sensor_factory,technoprom,3,20,321958.48,33425.2486,13001.3171,169.5009,17621.3546,18.2709,7068.7222,18236.9848,17.4036,0.903061
sensor_factory,technoprom,3,21,352103.15,36796.5191,14231.7671,185.1141,19470.2849,18.0841,7904.4505,20171.2602,16.3038,0.897959
sensor_factory,technoprom,3,22,385865.18,40618.2418,15620.6325,202.8135,21571.4723,17.8878,8860.8312,22370.9045,16.0681,0.892857
sensor_factory,technoprom,3,23,423678.65,44953.762,17189.1651,222.8925,23961.2828,17.6818,9956.3695,24874.4202,15.8228,0.887755
sensor_factory,technoprom,3,24,466029.74,49876.0231,18961.7045,245.6887,26681.708,17.4663,11212.573,27726.2964,15.5678,0.882653
sensor_factory,technoprom,3,25,513462.96,55469.0634,20966.1506,271.5915,29781.2495,17.2411,12654.4333,30977.9531,15.3033,0.877551
sensor_factory,technoprom,3,26,566588.16,61829.9261,23234.5532,301.0503,33316.0607,17.0065,14311.0608,34688.9609,15.0291,0.872449
sensor_factory,technoprom,3,27,626088.39,69070.8005,25803.7537,334.5847,37351.242,16.7622,16216.4251,38928.4313,14.7454,0.867347
sensor_factory,technoprom,3,28,692728.64,77321.6058,28716.2045,372.7963,41962.3663,16.5083,18410.1815,43776.6422,14.4521,0.862245
sensor_factory,technoprom,3,29,767365.72,86733.0656,32020.8914,416.3832,47237.3382,16.2449,20938.7322,49327.032,14.1493,0.857143
sensor_factory,technoprom,3,30,975545.31,111748.6756,41010.8059,532.2369,61078.9005,15.9719,27350.4947,63841.887,15.0402,0.852041
sensor_factory,technoprom,3,31,1069170.07,124242.1348,45322.7703,590.0974,68146.4623,15.6893,30819.4549,71296.4234,13.2471,0.846939
sensor_factory,technoprom,3,32,1174029.8,138530.5299,50230.6587,656.2706,76249.9325,15.3971,34822.1652,79849.188,12.9401,0.841837
sensor_factory,technoprom,3,33,1291472.69,154893.6965,55823.4943,732.0526,85554.1901,15.0954,39447.6631,89675.8832,12.6225,0.836735
sensor_factory,technoprom,3,34,1423008.73,173659.6848,62205.1085,818.9628,96252.9838,14.784,44801.1224,100983.0967,12.2945,0.831633
sensor_factory,technoprom,3,35,1570329.1,195214.0463,69496.9157,918.7866,108574.5593,14.4631,51007.0769,114014.3399,11.9563,0.826531
sensor_factory,technoprom,3,36,1735327.91,220011.1884,77841.3018,1033.6285,122788.5445,14.1327,58213.3695,129057.4354,11.6082,0.821429
sensor_factory,technoprom,3,37,1920126.58,248588.2896,87405.7703,1165.9765,139214.3922,13.7926,66595.9997,146453.5784,11.2505,0.816327
sensor_factory,technoprom,3,38,2127101.09,281582.4531,98388.0057,1318.7809,158231.8299,13.4429,76365.1731,166608.5622,10.8834,0.811224
sensor_factory,technoprom,3,39,2358912.54,319751.9772,111022.1857,1495.5538,180293.7868,13.0837,87772.7494,190006.6571,10.5073,0.806122
sensor_factory,technoprom,3,40,3043337.23,423049.9764,145958.9636,1973.9535,239351.8416,12.7149,117527.5823,252468.2546,11.589,0.80102
sensor_factory,technoprom,3,41,3334121.51,476075.4249,163207.3861,2219.528,270264.2044,12.3365,133829.7327,285323.2267,9.4067,0.795918
sensor_factory,technoprom,3,42,3659799.91,537732.6237,183162.9096,2505.0784,306296.2331,11.9486,152936.6562,323642.8049,9.0386,0.790816
sensor_factory,technoprom,3,43,4024559.71,609628.6433,206312.494,2838.0474,348415.9487,11.551,175396.1263,368464.0943,8.6601,0.785714
sensor_factory,technoprom,3,44,4433090.69,693720.4449,233246.6274,3227.4982,397804.2978,11.1439,201878.9167,421052.8772,8.2718,0.780612
sensor_factory,technoprom,3,45,4890645.39,792405.8064,264685.8255,3684.5356,455910.8375,10.7272,233211.3714,482963.507,7.8744,0.77551
sensor_factory,technoprom,3,46,5403106.65,908642.629,301515.3995,4222.8582,524526.8031,10.3009,270418.1458,556117.499,7.4685,0.770408
sensor_factory,technoprom,3,47,5977063.26,1046107.5555,344831.5896,4859.4937,605882.3307,9.8651,314779.1662,642908.122,7.0549,0.765306
sensor_factory,technoprom,3,48,6619894.67,1209409.5945,396003.5918,5615.7876,702777.4871,9.4196,367906.5003,746341.3819,6.6343,0.760204
sensor_factory,technoprom,3,49,7339865.85,1404381.9174,456758.2392,6518.7547,818761.2835,8.9646,431849.4205,870228.6451,6.2075,0.755102
sensor_factory,technoprom,3,50,9600080.9,1930901.7835,623759.202,8957.2039,1129421.2785,8.5,600125.4199,1201395.1566,7.2755,0.75
server_center_v2,technoprom,4,1,152902.08,10131.6018,3753.3333,101.5,5460.7886,28.0,2373.7814,5000.1018,,1.0
server_center_v2,technoprom,4,2,160152.08,10580.6243,3899.6796,104.6488,5721.3774,27.9919,2510.3312,5249.8507,27.8216,0.994898
server_center_v2,technoprom,4,3,168272.08,11090.6795,4066.7066,108.2257,6016.7,27.9675,2664.2579,5532.489,27.4954,0.989796
server_center_v2,technoprom,4,4,177366.48,11669.1636,4256.7679,112.2825,6351.0985,27.9269,2837.8965,5852.2072,27.1963,0.984694
server_center_v2,technoprom,4,5,187552.21,12324.4958,4472.5283,116.8781,6729.5278,27.87,3033.9261,6213.7943,26.9158,0.979591
server_center_v2,technoprom,4,6,198960.23,13066.2507,4717.0167,122.0799,7157.6241,27.797,3255.3957,6622.6982,26.6483,0.97449
server_center_v2,technoprom,4,7,211737.21,13905.3398,4993.6486,127.9641,7641.8425,27.7076,3505.8348,7085.177,26.3868,0.969387
server_center_v2,technoprom,4,8,226047.42,14854.1744,5306.32,134.6181,8189.5156,27.6021,3789.2414,7608.3335,26.1291,0.964286
server_center_v2,technoprom,4,9,242074.86,15926.9287,5659.4299,142.141,8809.0613,27.4802,4110.2572,8200.3475,25.8697,0.959183
server_center_v2,technoprom,4,10,270910.7,17855.2562,6310.8922,155.6638,9908.1692,27.3422,4662.2029,9242.1001,26.2357,0.954082
server_center_v2,technoprom,4,11,291015.52,19228.5442,6759.9297,165.2942,10703.8886,27.1878,5077.6465,10003.9835,25.2662,0.948979
server_center_v2,technoprom,4,12,313532.92,20781.9011,7266.7461,176.1875,11604.9018,27.0173,5549.2143,10867.2413,24.9912,0.943878
server_center_v2,technoprom,4,13,338752.41,22539.4605,7838.7053,188.5127,12625.6509,26.8305,6084.9977,11845.9688,24.7068,0.938776
server_center_v2,technoprom,4,14,366998.24,24528.8613,8484.2111,202.4639,13782.7021,26.6275,6694.3086,12956.349,24.4119,0.933674
server_center_v2,technoprom,4,15,398633.57,26781.785,9212.8494,218.2629,15095.0852,26.4082,7387.8909,14216.9947,24.1053,0.928572
server_center_v2,technoprom,4,16,434065.13,29334.584,10035.5576,236.165,16584.6894,26.1726,8178.1658,15649.3458,23.7859,0.923469
server_center_v2,technoprom,4,17,473748.48,32229.0407,10964.8566,256.463,18276.7174,25.9209,9079.4847,17278.1118,23.4531,0.918368
server_center_v2,technoprom,4,18,518193.83,35513.2299,12015.0656,279.494,20200.2431,25.6529,10108.4915,19131.8407,23.1062,0.913265
server_center_v2,technoprom,4,19,567972.63,39242.5205,13202.6127,305.6465,22388.8073,25.3686,11284.4508,21243.497,22.745,0.908163
server_center_v2,technoprom,4,20,647560.05,45140.6426,15101.6343,347.0083,25832.0401,25.0681,13113.0544,24555.2986,23.1142,0.903061
server_center_v2,technoprom,4,21,710002.57,49978.2292,16625.5664,380.9329,28685.405,24.7514,14663.3009,27316.6749,21.8838,0.897959
server_center_v2,technoprom,4,22,779938.19,55485.7274,18352.7979,419.5554,31940.6355,24.4184,16439.8297,30470.815,21.4841,0.892857
server_center_v2,technoprom,4,23,858266.09,61762.3561,20312.158,463.5716,35658.3651,24.0691,18478.0763,34077.6066,21.0687,0.887755
server_center_v2,technoprom,4,24,945993.34,68923.352,22536.9651,513.7896,39909.1597,23.7037,20819.4444,38206.8268,20.6378,0.882653
server_center_v2,technoprom,4,25,1044247.86,77102.8575,25065.8184,571.1501,44775.3234,23.322,23512.4083,42939.949,20.1914,0.877551
server_center_v2,technoprom,4,26,1154292.92,86457.3249,27943.5066,636.7503,50353.0492,22.924,26613.8497,48372.3051,19.7294,0.872449
server_center_v2,technoprom,4,27,1277543.39,97169.66,31222.1296,711.8728,56755.0222,22.5098,30190.6609,54615.6971,19.252,0.867347
server_center_v2,technoprom,4,28,1415583.91,109454.1563,34962.4539,798.0204,64113.5034,22.0793,34321.6238,61801.4797,18.7594,0.862245
server_center_v2,technoprom,4,29,1570189.3,123562.6145,39235.5113,896.9589,72584.2255,21.6327,39099.8657,70084.4952,18.2517,0.857143
server_center_v2,technoprom,4,30,1982350.26,158950.1314,50171.8726,1145.1214,93640.8295,21.1697,50757.1748,90567.5715,19.574,0.852041
server_center_v2,technoprom,4,31,2176287.26,178039.4471,55860.8187,1278.9893,105182.686,20.6905,57361.3403,101899.0231,16.8029,0.846939
server_center_v2,technoprom,4,32,2393496.7,200050.2406,62388.7061,1433.3446,118518.5252,20.1951,65023.7887,115007.1646,16.2876,0.841837
server_center_v2,technoprom,4,33,2636771.27,225480.5409,69893.3497,1611.68,133958.6947,19.6835,73932.7281,130201.8407,15.756,0.836735
server_center_v2,technoprom,4,34,2909238.79,254924.9818,78538.5638,1818.1653,151874.3798,19.1556,84313.9744,147853.981,15.2083,0.831633
server_center_v2,technoprom,4,35,3214402.41,289096.4836,88519.8707,2057.8002,172711.367,18.6114,96439.5806,168409.4783,14.6453,0.826531
server_center_v2,technoprom,4,36,3556185.66,328853.7402,100071.7749,2336.6064,197007.4622,18.051,110638.7234,192406.7356,14.0674,0.821429
server_center_v2,technoprom,4,37,3938982.9,375236.1221,113476.9288,2661.8727,225414.6689,17.4744,127311.6318,220499.0402,13.4754,0.816327
server_center_v2,technoprom,4,38,4367715.81,429508.732,129077.9553,3042.4708,258727.8261,16.8815,146947.5818,253483.4596,12.8698,0.811224
server_center_v2,technoprom,4,39,4847896.67,493220.7122,147292.7431,3489.2646,297921.673,16.2724,170148.1906,292338.2422,12.2514,0.806122
server_center_v2,technoprom,4,40,6201209.77,654325.3693,194167.4212,4619.045,396318.8456,15.647,227590.1185,389494.3894,13.7536,0.80102
server_center_v2,technoprom,4,41,6803548.64,746544.1512,220121.7963,5265.7487,453406.2474,15.0054,261786.8778,446283.917,10.5512,0.795918
server_center_v2,technoprom,4,42,7478168.18,855869.5348,250739.1888,6032.4161,521215.199,14.3476,302554.4285,513810.9767,9.9488,0.790816
server_center_v2,technoprom,4,43,8233742.06,986131.9547,287037.5441,6945.9088,602169.1965,13.6735,351403.3387,594514.9498,9.3334,0.785714
server_center_v2,technoprom,4,44,9079984.81,1142224.8528,330313.2448,8040.5433,699367.8263,12.9831,410269.4718,691517.6254,8.7063,0.780612
server_center_v2,technoprom,4,45,10027776.69,1330476.1845,382237.8114,9360.6956,816823.5795,12.2766,481663.5349,808862.5072,8.0694,0.77551
server_center_v2,technoprom,4,46,11089303.59,1559183.5798,444997.0692,10964.5545,959803.1018,11.5537,568886.7056,951859.7203,7.4243,0.770408
server_center_v2,technoprom,4,47,12278213.72,1839403.5037,521496.2856,12929.656,1135330.479,10.8147,676348.7186,1127594.7225,6.7734,0.765306
server_center_v2,technoprom,4,48,13609793.06,2186146.2788,615670.6318,15361.263,1352949.5141,10.0594,810049.8124,1345698.8849,6.1189,0.760204
server_center_v2,technoprom,4,49,15101161.92,2620242.4076,732969.8952,18405.4539,1625914.3409,9.2878,978333.6294,1619553.1421,5.4636,0.755102
server_center_v2,technoprom,4,50,19691998.81,3723601.828,1034578.675,26142.9952,2316705.7373,8.5,1400870.4547,2310976.3989,6.6458,0.75
automation_factory,technoprom,5,1,290515.06,14953.5094,5970.0,196.0,7645.1332,38.0,2811.8075,7962.5094,,1.0
automation_factory,technoprom,5,2,304515.06,15620.5854,6204.5016,202.1205,8016.1481,37.9877,2987.5955,8356.5573,37.7343,0.994898
automation_factory,technoprom,5,3,320195.06,16379.4611,6472.5665,209.0833,8437.0958,37.9509,3185.6358,8803.3611,37.2493,0.989796
automation_factory,technoprom,5,4,337756.66,17241.2916,6778.0096,216.9907,8914.2735,37.8894,3409.0282,9309.6317,36.8031,0.984694
automation_factory,technoprom,5,5,357425.65,18218.7876,7125.1771,225.9592,9454.8566,37.8034,3661.3052,9883.0163,36.3848,0.979591
automation_factory,technoprom,5,6,379454.92,19326.4239,7518.9941,236.1219,10067.0379,37.6928,3946.5261,10532.251,35.9849,0.974489
automation_factory,technoprom,5,7,404127.7,20580.7243,7965.0665,247.6303,10760.1839,37.5577,4269.3493,11267.3273,35.5954,0.969388
automation_factory,technoprom,5,8,431761.22,22000.5899,8469.7644,260.6577,11545.046,37.398,4635.1677,12099.723,35.2081,0.964286
automation_factory,technoprom,5,9,462710.76,23607.5688,9040.3292,275.4018,12433.8989,37.2136,5050.1594,13042.546,34.8196,0.959184
automation_factory,technoprom,5,10,509052.13,26021.0204,9911.5373,297.5456,13756.3856,37.0048,5651.9648,14442.2527,35.0411,0.954082
automation_factory,technoprom,5,11,547875.23,28081.5242,10639.1967,316.4509,14899.5127,36.7714,6189.9734,15655.6359,33.9622,0.94898
automation_factory,technoprom,5,12,591357.1,30414.7951,11461.2418,337.8589,16195.6541,36.5133,6802.1145,17031.8544,33.5472,0.943877
automation_factory,technoprom,5,13,640056.8,33057.9176,12389.9231,362.1099,17666.1196,36.2308,7499.3396,18593.7093,33.1186,0.938776
automation_factory,technoprom,5,14,694600.46,36053.5392,13439.2222,389.5949,19335.5082,35.9236,8294.4031,20367.5431,32.6728,0.933673
automation_factory,technoprom,5,15,755689.36,39450.6325,14625.1508,420.7636,21232.1048,35.5918,9202.0163,22383.6546,32.2097,0.928571
automation_factory,technoprom,5,16,824108.93,43305.6323,15966.0725,456.1336,23388.5808,35.2355,10239.2635,24677.0594,31.7275,0.923469
automation_factory,technoprom,5,17,900738.85,47683.6161,17483.0316,496.3021,25842.7257,34.8546,11426.0434,27288.2856,31.2247,0.918367
automation_factory,technoprom,5,18,986564.36,52659.7253,19200.2483,541.9585,28638.2411,34.4492,12785.4493,30264.2179,30.7011,0.913266
automation_factory,technoprom,5,19,1082688.93,58320.9296,21145.5788,593.9005,31825.8617,34.0192,14344.4749,33659.3225,30.1556,0.908163
automation_factory,technoprom,5,20,1247907.03,67895.2579,24478.6716,681.746,37179.3111,33.5646,16916.4529,39352.1093,30.862,0.903061
automation_factory,technoprom,5,21,1368485.69,75280.1681,26987.8566,749.5034,41362.243,33.0854,18992.8462,43813.3304,28.8263,0.897959
automation_factory,technoprom,5,22,1503533.79,83707.5174,29838.5436,826.8252,46146.6694,32.5816,21381.3734,48918.7319,28.2266,0.892857
automation_factory,technoprom,5,23,1654787.67,93336.2167,33080.6894,915.1694,51626.1113,32.0533,24132.7698,54768.9058,27.6039,0.887755
automation_factory,technoprom,5,24,1824192.01,104351.9437,36772.3881,1016.24,57910.0845,31.5004,27306.7328,61481.7041,26.9582,0.882653
automation_factory,technoprom,5,25,2013924.87,116972.242,40981.3575,1132.0324,65127.2013,30.9229,30973.7249,69195.5992,26.2893,0.877551
automation_factory,technoprom,5,26,2226425.68,131452.5027,45786.7837,1264.8904,73428.7209,30.3209,35216.9363,78073.5093,25.5978,0.872449
automation_factory,technoprom,5,27,2464426.58,148093.5904,51281.4523,1417.5741,82993.2708,29.6943,40135.1199,88307.9312,24.8836,0.867347
automation_factory,technoprom,5,28,2730987.59,167250.8453,57574.4949,1593.3438,94032.2157,29.0431,45845.59,100126.7321,24.1473,0.862245
automation_factory,technoprom,5,29,3029535.92,189345.433,64794.6607,1796.064,106796.5962,28.3673,52488.2914,113800.6723,23.3892,0.857143
automation_factory,technoprom,5,30,3774698.28,241107.3795,82016.6659,2270.9853,136433.1636,27.667,67589.9194,145485.7669,25.1433,0.852041
automation_factory,technoprom,5,31,4149197.31,271298.2757,91733.9872,2547.9899,154004.1798,26.9421,76889.6499,164339.4913,21.3135,0.846939
automation_factory,technoprom,5,32,4568636.22,306303.4542,102946.3576,2869.166,174424.4996,26.1926,87754.0609,186261.6751,20.5403,0.841837
automation_factory,technoprom,5,33,5038407.8,346994.1813,115915.4125,3242.5076,198217.5472,25.4186,100479.7187,211817.7996,19.7441,0.836735
automation_factory,technoprom,5,34,5564551.97,394425.0532,130956.5529,3677.6908,226018.0043,24.62,115427.5225,241693.7985,18.9257,0.831633
automation_factory,technoprom,5,35,6153833.44,449879.7389,148452.1811,4186.4933,258599.7261,23.7968,133039.0261,276726.3158,18.0863,0.826531
automation_factory,technoprom,5,36,6813828.68,514930.4207,168868.8528,4783.34,296912.0582,22.949,153857.7173,317942.0799,17.2267,0.821429
automation_factory,technoprom,5,37,7553023.35,591515.746,192779.7535,5486.0184,342127.4775,22.0766,178556.9482,366609.556,16.3483,0.816327
automation_factory,technoprom,5,38,8380921.39,682044.6208,220894.573,6316.6302,395705.0733,21.1797,207977.2069,424307.7857,15.4523,0.811224
automation_factory,technoprom,5,39,9308167.19,789535.7547,254099.6235,7302.8724,459475.9351,20.2582,243176.2961,493018.9892,14.5403,0.806122
automation_factory,technoprom,5,40,11825490.67,1048974.4918,335459.2014,9683.2498,612333.8754,19.3122,326307.5416,657474.6133,16.4684,0.80102
automation_factory,technoprom,5,41,12988627.8,1209437.027,384311.1562,11155.5102,708154.2137,18.3415,379927.3771,760862.035,12.1387,0.795918
automation_factory,technoprom,5,42,14291341.39,1402828.102,442905.7211,12929.8934,823883.4641,17.3463,444974.0065,885786.923,11.2566,0.790816
automation_factory,technoprom,5,43,15750380.61,1637659.06,513711.5688,15084.4918,964710.8094,16.3265,524475.4029,1037872.7072,10.3605,0.785714
automation_factory,technoprom,5,44,17384504.53,1925287.3903,600015.0291,17723.5115,1137567.4992,15.2822,622483.8571,1224632.1999,9.4536,0.780612
automation_factory,technoprom,5,45,19214723.32,2281159.515,706275.877,20988.6752,1351888.6177,14.2132,744525.1213,1456294.0251,8.5396,0.77551
automation_factory,technoprom,5,46,21264568.37,2726758.2437,838684.6921,25077.0899,1620806.9217,13.1197,898302.467,1747097.8234,7.6226,0.770408
automation_factory,technoprom,5,47,23560394.82,3292768.3869,1006068.5551,30270.2915,1963093.7,12.0017,1094841.5853,2117399.966,6.7073,0.765306
automation_factory,technoprom,5,48,26131720.45,4024450.4643,1221428.3232,36983.5506,2406453.5737,10.859,1350434.336,2597248.2443,5.7996,0.760204
automation_factory,technoprom,5,49,29011605.15,4991253.9566,1504688.2028,45854.0729,2993419.1624,9.6918,1690116.7882,3232777.3815,4.9064,0.755102
automation_factory,technoprom,5,50,37741042.55,7381647.766,2210272.3179,67786.1841,4440122.6597,8.5,2522123.5518,4798149.622,6.034,0.75
robotics_factory_v2,technoprom,6,1,533277.8,22523.2598,9900.0,364.0,10665.556,50.0,2804.6078,11159.2598,,1.0
robotics_factory_v2,technoprom,6,2,559277.8,23523.7204,10286.991,375.3179,11189.428,49.9827,3013.1719,11718.4125,49.6304,0.994898
robotics_factory_v2,technoprom,6,3,588397.8,24663.3974,10730.0655,388.2108,11784.2553,49.9308,3247.4089,12352.8916,48.9554,0.989796
robotics_factory_v2,technoprom,6,4,621012.2,25959.1605,11235.5892,402.8694,12459.0107,49.8444,3511.0752,13072.3031,48.3351,0.984694
robotics_factory_v2,technoprom,6,5,657540.33,27430.2222,11810.7792,419.5114,13223.9405,49.7235,3808.4976,13887.6228,47.7536,0.979592
robotics_factory_v2,technoprom,6,6,698451.83,29098.6101,12463.8822,438.3853,14090.8181,49.5679,4144.6795,14811.4669,47.1941,0.974489
robotics_factory_v2,technoprom,6,7,744272.71,30989.3702,13204.2636,459.7749,15073.0386,49.3777,4525.3258,15858.1913,46.6503,0.969388
robotics_factory_v2,technoprom,6,8,795592.1,33131.1971,14042.5758,484.0049,16186.0163,49.1531,4957.0891,17044.3302,46.11,0.964286
robotics_factory_v2,technoprom,6,9,853069.82,35556.9071,14990.9661,511.4463,17447.4104,48.8938,5447.6302,18388.8318,45.5668,0.959183
robotics_factory_v2,technoprom,6,10,939015.37,39200.1345,16439.0688,552.6614,19321.3117,48.6,6148.843,20381.8411,45.8645,0.954082
robotics_factory_v2,technoprom,6,11,1011115.42,42314.3806,17650.1655,587.8921,20946.401,48.2716,6788.3641,22115.1935,44.3668,0.94898
robotics_factory_v2,technoprom,6,12,1091867.47,45843.3024,19019.3454,627.8138,22790.6446,47.9086,7517.81,24082.8826,43.786,0.943878
robotics_factory_v2,technoprom,6,13,1182309.77,49843.7036,20567.2401,673.0693,24884.953,47.511,8351.0335,26318.1453,43.1848,0.938776
robotics_factory_v2,technoprom,6,14,1283605.15,54380.9467,22317.5106,724.398,27264.9631,47.0789,9304.0934,28859.3147,42.5609,0.933674
robotics_factory_v2,technoprom,6,15,1397055.97,59530.3495,24297.2829,782.6521,29971.8606,46.6123,10395.7032,31750.7164,41.9118,0.928571
robotics_factory_v2,technoprom,6,16,1524120.89,65378.8517,26537.7222,848.8145,33053.314,46.111,11647.6835,35043.6792,41.2354,0.923469
robotics_factory_v2,technoprom,6,17,1666433.6,72026.8621,29074.6764,924.0218,36564.5026,45.5752,13085.4533,38797.6443,40.5312,0.918367
robotics_factory_v2,technoprom,6,18,1825823.83,79590.6908,31949.4285,1009.5895,40569.5554,45.0048,14738.8204,43081.7363,39.7973,0.913265
robotics_factory_v2,technoprom,6,19,2004340.89,88205.207,35209.6866,1107.0435,45142.9749,44.3998,16642.5922,47976.2895,39.0336,0.908163
robotics_factory_v2,technoprom,6,20,2291037.18,101878.1771,40439.1735,1261.7223,52354.2348,43.7603,19582.0592,55684.0398,39.7568,0.903061
robotics_factory_v2,technoprom,6,21,2514968.98,113135.7528,44653.9995,1389.0763,58370.6289,43.0862,22138.5266,62131.1214,37.2203,0.897959
robotics_factory_v2,technoprom,6,22,2765772.6,126001.309,49449.3912,1534.6212,65265.0481,42.3775,25092.3392,69522.9199,36.3778,0.892857
robotics_factory_v2,technoprom,6,23,3046672.65,140724.6063,54911.9934,1701.1824,73176.9446,41.6343,28510.5126,78010.0979,35.5035,0.887755
robotics_factory_v2,technoprom,6,24,3361280.71,157598.6947,61142.9742,1892.0746,82270.3719,40.8565,32472.4199,87769.9821,34.5973,0.882653
robotics_factory_v2,technoprom,6,25,3713641.74,176968.2251,68260.8366,2111.1973,92738.6863,40.0441,37072.1279,99011.6538,33.6598,0.877551
robotics_factory_v2,technoprom,6,26,4108286.09,199239.9676,76404.7647,2363.1518,104810.6845,39.1972,42421.6753,111982.6328,32.6909,0.872449
robotics_factory_v2,technoprom,6,27,4550287.76,224895.3569,85738.7817,2653.3849,118757.7755,38.3157,48654.728,126976.659,31.6913,0.867347
robotics_factory_v2,technoprom,6,28,5045329.64,254506.4613,96456.9177,2988.3678,134903.223,37.3996,55931.4247,144343.7405,30.6614,0.862245
robotics_factory_v2,technoprom,6,29,5599776.54,288755.3526,108789.5556,3375.8171,153633.2825,36.449,64444.1316,164502.2515,29.602,0.857143
robotics_factory_v2,technoprom,6,30,6922446.07,365488.4499,136879.3701,4243.8793,195197.7244,35.4638,82827.8255,209156.3816,31.8221,0.852041
robotics_factory_v2,technoprom,6,31,7617944.26,412587.1087,153593.0748,4776.6948,221169.085,34.444,94903.3799,237151.4419,26.7794,0.846939
robotics_factory_v2,technoprom,6,32,8396902.24,467411.2005,172954.1286,5396.9059,251482.3444,33.3896,109100.8616,269843.0406,25.6969,0.841837
robotics_factory_v2,technoprom,6,33,9269335.17,531418.228,195446.6316,6121.0015,286970.0176,32.3007,125843.6335,308134.3025,24.5841,0.836735
robotics_factory_v2,technoprom,6,34,10246460.05,606390.547,221660.2872,6969.1444,328652.1703,31.1772,145652.8623,353132.1945,23.4423,0.831633
robotics_factory_v2,technoprom,6,35,11340839.92,694522.2606,252318.4785,7966.1565,377786.7342,30.0192,169173.9342,406202.239,22.2731,0.826531
robotics_factory_v2,technoprom,6,36,12566545.37,798534.8769,288315.2646,9142.8251,435936.8049,28.8265,197212.1795,469041.7578,21.0783,0.821429
robotics_factory_v2,technoprom,6,37,13939335.48,921832.201,330765.1479,10537.657,505060.5746,27.5993,230780.382,543777.713,19.8599,0.816327
robotics_factory_v2,technoprom,6,38,15476860.4,1068711.8511,381070.7604,12199.2697,587634.3843,26.3376,271164.0706,633100.6254,18.62,0.811224
robotics_factory_v2,technoprom,6,39,17198888.31,1244657.6779,441016.5573,14189.7009,686822.7351,25.0412,320011.6055,740449.58,17.3612,0.806122
robotics_factory_v2,technoprom,6,40,21771935.91,1658123.8919,583800.5646,18867.1406,918246.8824,23.7103,431931.126,990589.4572,19.7605,0.80102
robotics_factory_v2,technoprom,6,41,23932047.72,1927197.3165,674215.3836,21911.1008,1071031.6239,22.3449,508523.6769,1156158.0116,14.1383,0.795918
robotics_factory_v2,technoprom,6,42,26351372.95,2255916.4997,784156.23,25629.8188,1258133.4923,20.9448,602869.036,1359001.9809,12.9305,0.790816
robotics_factory_v2,technoprom,6,43,29061017.21,2661482.7254,919162.4013,30217.888,1489529.1195,19.5102,720224.6904,1609973.2805,11.71,0.785714
robotics_factory_v2,technoprom,6,44,32095818.78,3167715.2417,1086889.6269,35944.7697,1779046.3352,18.041,867892.9833,1924115.331,10.4823,0.780612
robotics_factory_v2,technoprom,6,45,35494796.54,3808461.6655,1298198.3454,43193.3734,2146350.8536,16.5373,1056278.4408,2322825.686,9.2538,0.77551
robotics_factory_v2,technoprom,6,46,39301651.63,4633340.9858,1568986.0659,52525.0267,2620292.0071,14.999,1300668.6631,2837498.1081,8.0323,0.770408
robotics_factory_v2,technoprom,6,47,43565329.33,5717917.658,1923432.8751,64794.5713,3244830.4841,13.4261,1624390.2424,3515975.4477,6.8269,0.765306
robotics_factory_v2,technoprom,6,48,48340648.35,7182878.7181,2400118.4691,81367.309,4090211.8578,11.8186,2064757.9618,4434713.1101,5.6487,0.760204
robotics_factory_v2,technoprom,6,49,53689005.66,9233109.5438,3064485.5703,104561.0572,5275734.7371,10.1766,2685198.2224,5723564.5196,4.5114,0.755102
robotics_factory_v2,technoprom,6,50,69781257.05,14318639.0696,4720271.2326,162092.3798,8209559.6478,8.5,4212412.027,8911800.8758,5.4851,0.75
battery_system_factory,technoprom,7,1,922135.1,22011.3344,4820.0,630.0,14408.3609,64.0,9749.0675,15461.3344,,1.0
battery_system_factory,technoprom,7,2,967135.1,23047.7821,5021.2061,650.7652,15116.9554,63.9768,10255.6514,16229.8925,63.506,0.994897
battery_system_factory,technoprom,7,3,1017535.1,24226.4451,5250.9273,674.38,15921.9899,63.9075,10830.3851,17102.7934,62.606,0.989796
battery_system_factory,technoprom,7,4,1073983.1,25565.1084,5512.5135,701.2003,16835.7133,63.792,11482.1162,18093.3521,61.778,0.984694
battery_system_factory,technoprom,7,5,1137204.86,27084.0665,5809.7774,731.6328,17872.1111,63.6301,12220.9544,19216.7736,61.0014,0.979591
battery_system_factory,technoprom,7,6,1208013.23,28806.5635,6147.0858,766.1431,19047.2011,63.4221,13058.479,20490.4727,60.2578,0.974489
battery_system_factory,technoprom,7,7,1287318.61,30759.189,6529.3937,805.2643,20379.342,63.1678,14007.9964,21934.4204,59.5323,0.969387
battery_system_factory,technoprom,7,8,1376140.63,32972.4287,6962.3743,849.6071,21889.5891,62.8674,15084.7744,23571.5237,58.8129,0.964286
battery_system_factory,technoprom,7,9,1475621.29,35481.2806,7452.496,899.8722,23602.1537,62.5206,16306.4082,25428.1353,58.0887,0.959184
battery_system_factory,technoprom,7,10,1612193.2,38929.4441,8133.2535,968.9564,25949.6937,62.1276,17974.7186,27971.0975,58.1766,0.954081
battery_system_factory,technoprom,7,11,1736981.74,42159.3653,8760.9573,1033.6684,28157.3235,61.6885,19552.3879,30365.3511,56.526,0.94898
battery_system_factory,technoprom,7,12,1876744.91,45824.8248,9471.4639,1107.1065,30664.2414,61.203,21345.5575,33084.717,55.751,0.943877
battery_system_factory,technoprom,7,13,2033279.66,49987.0801,10275.9074,1190.4979,33512.9871,60.6714,23385.3051,36175.5507,54.9487,0.938776
battery_system_factory,technoprom,7,14,2208598.58,54716.8096,11187.0754,1285.2587,36752.6937,60.0935,25707.5759,39691.4085,54.1157,0.933674
battery_system_factory,technoprom,7,15,2404955.77,60095.7194,12219.6736,1393.0257,40440.2274,59.4694,28354.0393,43694.2978,53.2489,0.928572
battery_system_factory,technoprom,7,16,2624875.82,66218.3922,13390.6541,1515.6941,44641.4783,58.799,31373.0385,48256.0856,52.3463,0.923469
battery_system_factory,technoprom,7,17,2871186.28,73194.5104,14719.5859,1655.4616,49432.9328,58.0825,34820.7679,53460.2214,51.4062,0.918367
battery_system_factory,technoprom,7,18,3147053.99,81151.5418,16229.0991,1814.8817,54903.5781,57.3197,38762.7031,59403.8247,50.4269,0.913265
battery_system_factory,technoprom,7,19,3456025.83,90237.8647,17945.4095,1996.9274,61157.1091,56.5106,43275.2501,66200.1024,49.4076,0.908163
battery_system_factory,technoprom,7,20,3931486.21,104043.4176,20574.652,2273.5236,70639.8606,55.6554,50099.2325,76499.782,50.1395,0.903061
battery_system_factory,technoprom,7,21,4319060.49,115988.2865,22807.17,2512.8406,78881.4,54.7539,56067.0336,85463.32,47.0269,0.897959
battery_system_factory,technoprom,7,22,4753143.68,129680.0188,25354.54,2787.1564,88338.3406,53.8061,62925.0487,95752.0167,45.901,0.892857
battery_system_factory,technoprom,7,23,5239316.85,145397.8725,28265.1885,3102.0656,99206.638,52.8122,70818.4496,107580.0567,44.7331,0.887755
battery_system_factory,technoprom,7,24,5783830.8,163470.9169,31595.9339,3464.1616,111717.4147,51.772,79918.6712,121200.1312,43.5236,0.882653
battery_system_factory,technoprom,7,25,6393686.43,184288.1805,35413.6341,3881.238,126144.1783,50.6855,90428.8552,136911.3587,42.2725,0.877551
battery_system_factory,technoprom,7,26,7076724.73,208310.9546,39797.2265,4362.5374,142811.5359,49.5529,102590.3865,155068.8361,40.9806,0.872449
battery_system_factory,technoprom,7,27,7841727.63,236088.2902,44840.2431,4919.06,162106.2188,48.374,116691.2075,176095.7366,39.6484,0.867347
battery_system_factory,technoprom,7,28,8698530.88,268276.1248,50653.9488,5563.9477,184490.6587,47.1489,133076.029,200498.1986,38.2767,0.862245
battery_system_factory,technoprom,7,29,9658150.52,305661.4739,57371.2839,6312.9682,210520.1829,45.8776,152159.285,228884.1901,36.8666,0.857143
battery_system_factory,technoprom,7,30,11884344.7,386628.4946,72136.4767,7935.1531,266704.4724,44.56,193162.9276,290094.1834,39.6231,0.852041
battery_system_factory,technoprom,7,31,13088091.57,438582.6837,81339.9968,8976.062,302991.9636,43.1962,219880.0898,329703.5551,33.1725,0.846939
battery_system_factory,technoprom,7,32,14436288.07,499349.3746,92051.9599,10193.5307,345480.379,41.7861,251208.029,376096.1752,31.7309,0.841837
battery_system_factory,technoprom,7,33,15946268.14,570660.6613,104560.1973,11622.2621,395396.0356,40.3299,288065.9709,430615.9162,30.2506,0.836735
battery_system_factory,technoprom,7,34,17637445.82,654653.4261,119218.497,13305.0683,454252.979,38.8274,331589.9272,494922.3201,28.7337,0.831633
battery_system_factory,technoprom,7,35,19531564.83,753983.9309,136465.1318,15295.1681,523934.559,37.2786,383194.279,571080.1362,27.1825,0.826531
battery_system_factory,technoprom,7,36,21652978.12,871982.2704,156847.6875,17659.2801,606803.5135,35.6837,444655.005,661680.1874,25.5996,0.821429
battery_system_factory,technoprom,7,37,24028961.0,1012863.241,181057.0292,20481.8493,705852.1954,34.0425,518223.1997,770004.2936,23.988,0.816327
battery_system_factory,technoprom,7,38,26690061.83,1182019.4655,209974.4023,23870.9166,824911.5075,32.3551,606783.0523,900254.6772,22.3511,0.811225
battery_system_factory,technoprom,7,39,29670494.76,1386435.6025,244737.9871,27966.4209,968946.1393,30.6214,714075.0805,1057878.127,20.6925,0.806122
battery_system_factory,technoprom,7,40,37551735.58,1860328.0104,326312.5492,37460.9181,1302002.4525,28.8415,961332.6665,1422084.8742,23.6634,0.80102
battery_system_factory,technoprom,7,41,41290390.64,2180742.4051,380078.7237,43880.4627,1528401.4002,27.0154,1130595.3757,1670043.2609,16.5136,0.795918
battery_system_factory,technoprom,7,42,45477684.31,2577139.9261,446287.0583,51822.3395,1808756.5596,25.1431,1340459.0139,1977180.7847,14.9357,0.790816
battery_system_factory,technoprom,7,43,50167453.22,3073451.3404,528800.2575,61766.0048,2160110.0179,23.2245,1603794.6812,2362204.5213,13.3477,0.785714
battery_system_factory,technoprom,7,44,55419994.4,3703858.027,633126.3041,74396.2861,2606811.83,21.2597,1939000.6793,2851846.0312,11.7585,0.780612
battery_system_factory,technoprom,7,45,61302840.52,4518775.3626,767377.2773,90723.2626,3184787.0958,19.2486,2373231.1115,3485547.2283,10.1784,0.77551
battery_system_factory,technoprom,7,46,67891628.18,5595553.1354,943983.851,112296.6479,3949167.1937,17.1914,2948170.0839,4323840.6373,8.6198,0.770408
battery_system_factory,technoprom,7,47,75271070.35,7058882.033,1182964.6807,141614.6366,4988843.3627,15.0879,3731043.9688,5464331.523,7.0978,0.765306
battery_system_factory,technoprom,7,48,83536045.59,9122999.4518,1518687.8268,182969.5021,6456567.6469,12.9382,4837398.3191,7074753.6147,5.6311,0.760204
battery_system_factory,technoprom,7,49,92792817.85,12188734.4107,2015417.0287,244391.908,8638165.1625,10.7422,6483470.0776,9468975.5298,4.2431,0.755102
battery_system_factory,technoprom,7,50,120554715.23,19984989.8513,3282206.1993,400590.9183,14182907.6783,8.5,10664091.6638,15553141.5264,5.0069,0.75
microelectronics_complex,technoprom,8,1,1826260.0,31955.3678,4456.0,1260.0,22828.25,80.0,17620.2943,24369.3678,,1.0
microelectronics_complex,technoprom,8,2,1916260.0,33491.4943,4646.3781,1302.3988,23962.1641,79.9702,18521.2294,25592.8235,79.3711,0.994898
microelectronics_complex,technoprom,8,3,2017060.0,35238.2067,4863.6349,1350.6096,25250.8471,79.8809,19544.5034,26982.8946,78.2194,0.989796
microelectronics_complex,technoprom,8,4,2129956.0,37221.9959,5110.9607,1405.3645,26713.9335,79.732,20705.7911,28560.8106,77.1629,0.984695
microelectronics_complex,technoprom,8,5,2256399.52,39473.2835,5391.9962,1467.5017,28373.9935,79.5235,22023.1308,30350.9865,76.168,0.979591
microelectronics_complex,technoprom,8,6,2398016.26,42026.773,5710.9032,1537.9812,30256.7632,79.2555,23517.0825,32381.2574,75.2172,0.97449
microelectronics_complex,technoprom,8,7,2556627.01,44922.4087,6072.4229,1617.9032,32391.9119,78.9279,25211.3894,34683.7364,74.2856,0.969388
microelectronics_complex,technoprom,8,8,2734271.05,48205.8867,6481.9694,1708.5303,34813.3867,78.5408,27133.2249,37295.1709,73.3619,0.964285
microelectronics_complex,technoprom,8,9,2933232.38,51929.7415,6945.7499,1811.3122,37560.2311,78.0941,29313.8562,40257.8338,72.4327,0.959183
microelectronics_complex,technoprom,8,10,3204010.2,57000.4832,7583.4258,1951.2704,41295.2347,77.5879,32273.9775,44283.335,72.4973,0.954082
microelectronics_complex,technoprom,8,11,3453587.29,61800.8825,8178.1057,2083.7657,44838.9397,77.0221,35089.7817,48106.9964,70.4283,0.948979
microelectronics_complex,technoprom,8,12,3733113.63,67252.3724,8851.6613,2234.2328,48864.836,76.3967,38290.1731,52451.7999,69.4321,0.943878
microelectronics_complex,technoprom,8,13,4046183.13,73447.5276,9614.8003,2405.2247,53441.9272,75.7118,41930.5969,57392.5662,68.3992,0.938775
microelectronics_complex,technoprom,8,14,4396820.97,80493.1749,10479.857,2599.6916,58649.8549,74.9673,46075.0628,63015.6612,67.3277,0.933673
microelectronics_complex,technoprom,8,15,4789535.35,88513.0774,11461.0459,2821.0495,64580.9544,74.1633,50797.8436,69421.2523,66.2127,0.928572
microelectronics_complex,technoprom,8,16,5229375.46,97650.8107,12574.7607,3073.2593,71342.4279,73.2997,56185.2482,76725.6806,65.0509,0.923469
microelectronics_complex,technoprom,8,17,5721996.38,108073.022,13839.9662,3360.923,79058.7556,72.3765,62337.5454,85064.0681,63.8414,0.918367
microelectronics_complex,technoprom,8,18,6273731.81,119973.8081,15278.6437,3689.3971,87875.0176,71.3938,69371.6839,94593.9488,62.5816,0.913265
microelectronics_complex,technoprom,8,19,6891675.49,133579.6049,16916.2994,4064.93,97960.5866,70.3515,77424.3048,105499.3001,61.2701,0.908163
microelectronics_complex,technoprom,8,20,7805825.14,153509.1771,19330.9345,4615.006,112720.0159,69.2497,89195.934,121450.8382,61.9367,0.903061
microelectronics_complex,technoprom,8,21,8580973.69,171434.8603,21466.2943,5109.7729,126027.15,68.0883,99838.6739,135850.2719,58.2506,0.897959
microelectronics_complex,technoprom,8,22,9449140.07,192011.1133,23906.1548,5677.6983,141311.7164,66.8674,112071.9601,152394.8299,56.8002,0.892857
microelectronics_complex,technoprom,8,23,10421486.41,215667.8,26698.0661,6330.6461,158896.0064,65.5868,126156.4947,171435.0071,55.2963,0.887755
microelectronics_complex,technoprom,8,24,11510514.32,242912.7548,29897.9731,7082.6343,179160.9682,64.2468,142400.6099,193385.1973,53.7395,0.882653
microelectronics_complex,technoprom,8,25,12730225.57,274348.049,33571.8783,7950.2796,202558.5253,62.8471,161170.3422,218737.154,52.1299,0.877551
microelectronics_complex,technoprom,8,26,14096302.17,310689.8024,37797.9621,8953.3481,229626.4882,61.388,182901.5507,248076.2415,50.4684,0.872449
microelectronics_complex,technoprom,8,27,15626307.97,352793.0766,42669.1766,10115.4409,261007.3594,59.8692,208115.2554,282101.9599,48.756,0.867347
microelectronics_complex,technoprom,8,28,17339914.46,401683.1596,48296.4941,11464.8551,297471.975,58.2909,237436.9314,321653.7574,46.9937,0.862245
microelectronics_complex,technoprom,8,29,19259153.73,458594.711,54813.002,13035.6707,339949.0534,56.6531,271620.5951,367743.2749,45.1829,0.857143
microelectronics_complex,technoprom,8,30,23599781.9,578710.4329,68757.9738,16350.9844,429433.283,54.9556,343480.4012,464746.58,48.5072,0.852041
microelectronics_complex,technoprom,8,31,26007275.64,658199.4104,77733.9709,18544.9596,488870.8175,53.1987,391413.6124,529298.7282,40.5046,0.846939
microelectronics_complex,technoprom,8,32,28703668.63,751433.7017,88210.4235,21118.3194,558631.3142,51.3821,447713.0068,605086.6707,38.6521,0.841837
microelectronics_complex,technoprom,8,33,31723628.78,861184.2527,100481.2939,24147.5436,640803.2112,49.506,514077.9177,694387.5473,36.7517,0.836735
microelectronics_complex,technoprom,8,34,35105984.15,990890.3557,114910.1784,27727.5616,737979.7756,47.5704,592619.4554,800029.5381,34.8063,0.831633
microelectronics_complex,technoprom,8,35,38894222.16,1144856.5585,131950.6041,31977.182,853408.0319,45.5752,685982.1586,925554.5287,32.819,0.826531
microelectronics_complex,technoprom,8,36,43137048.73,1328520.4185,152173.6299,37046.488,991191.2615,43.5204,797509.402,1075439.2845,30.7935,0.821429
microelectronics_complex,technoprom,8,37,47889014.49,1548823.4724,176306.0381,43127.0712,1156569.6159,41.4061,931472.6496,1255401.9674,28.7339,0.816327
microelectronics_complex,technoprom,8,38,53211216.14,1814733.3231,205284.0611,50466.4482,1356315.048,39.2322,1093394.1186,1472833.5332,26.6449,0.811224
microelectronics_complex,technoprom,8,39,59172081.99,2137994.5908,240330.5501,59388.7812,1599299.4758,36.9988,1290511.0663,1737418.4083,24.5319,0.806122
microelectronics_complex,technoprom,8,40,74760010.82,2877150.8165,321371.6572,79790.2301,2154110.3684,34.7057,1739872.9373,2341122.4572,28.0959,0.80102
microelectronics_complex,technoprom,8,41,82237320.94,3392170.1111,376484.8555,94005.2758,2541861.5824,32.3532,2055003.5298,2763684.7643,19.2838,0.795918
microelectronics_complex,technoprom,8,42,90611908.28,4035303.5242,444993.017,111756.3988,3026342.0743,29.9411,2448996.895,3291808.8341,17.2857,0.790816
microelectronics_complex,technoprom,8,43,99991446.1,4849599.3142,531339.215,134231.7746,3640104.6424,27.4694,2948438.8542,3961047.101,15.282,0.785714
microelectronics_complex,technoprom,8,44,110496528.46,5898090.4027,642019.3927,163171.1734,4430822.8578,24.9382,3592272.0596,4823470.6928,13.2855,0.780612
microelectronics_complex,technoprom,8,45,122262220.7,7276615.06,786897.704,201219.8276,5470992.8497,22.3474,4439725.6644,5958268.9139,11.3113,0.77551
microelectronics_complex,technoprom,8,46,135439796.01,9137907.0664,981677.81,252593.3423,6876163.2452,19.697,5585215.5958,7491666.097,9.3779,0.770408
microelectronics_complex,technoprom,8,47,150198680.36,11740484.932,1252917.8141,324427.0853,8841931.8283,16.9871,7188584.1391,9637341.9373,7.5079,0.765306
microelectronics_complex,technoprom,8,48,166728630.83,15558276.2563,1649274.8522,429801.9307,11726903.5418,14.2176,9542906.796,12787066.6247,5.7297,0.760204
microelectronics_complex,technoprom,8,49,185242175.36,21561959.8805,2270362.6796,595509.5821,16265596.2284,11.3886,13248514.303,17743309.7439,4.079,0.755102
microelectronics_complex,technoprom,8,50,240518026.62,37478916.7981,3919671.3573,1034833.4569,28296238.426,8.5,23068792.9456,30879487.0651,4.5946,0.75
ai_research_center,technoprom,9,1,3030538.6,51644.6704,14000.0,2100.0,30923.8633,98.0,18215.7363,33344.6704,,1.0
ai_research_center,technoprom,9,2,3180538.6,54069.8525,14582.652,2169.0301,32466.8082,97.9628,19212.8739,35026.6108,97.2167,0.994899
ai_research_center,technoprom,9,3,3348538.6,56830.4667,15248.576,2247.6073,34220.8266,97.8509,20343.9021,36938.0786,95.7801,0.989796
ai_research_center,technoprom,9,4,3536698.6,59968.3452,16007.586,2336.9224,36212.738,97.6645,21626.3748,39108.359,94.462,0.984694
ai_research_center,technoprom,9,5,3747437.8,63531.3111,16870.798,2438.3386,38473.2918,97.4036,23080.5133,41571.0491,93.2246,0.979592
ai_research_center,technoprom,9,6,3983465.7,67574.3141,17850.952,2553.417,41037.8522,97.0681,24729.6063,44364.7955,92.0344,0.97449
ai_research_center,technoprom,9,7,4247816.95,72160.1542,18962.58,2683.947,43946.8557,96.658,26600.3064,47533.7933,90.8735,0.969388
ai_research_center,technoprom,9,8,4543890.35,77360.9275,20222.272,2831.9811,47246.8068,96.1735,28723.3529,51128.8888,89.7205,0.964286
ai_research_center,technoprom,9,9,4875492.56,83259.5235,21649.012,2999.8761,50991.2528,95.6143,31134.2247,55208.6478,88.5584,0.959183
ai_research_center,technoprom,9,10,5302129.01,90888.7841,23507.05,3217.0332,55823.2897,94.9806,34233.419,60470.7359,88.2933,0.954081
ai_research_center,technoprom,9,11,5718090.82,98487.9875,25336.262,3433.3355,60654.9993,94.2724,37352.6615,65736.9774,86.09,0.948979
ai_research_center,technoprom,9,12,6183968.05,107116.779,27407.898,3678.9438,66146.0454,93.4896,40902.6324,71722.9818,84.8431,0.943878
ai_research_center,technoprom,9,13,6705750.55,116920.9516,29754.774,3958.0065,72391.1089,92.6322,44946.5938,78532.4209,83.5512,0.938776
ai_research_center,technoprom,9,14,7290146.95,128068.9185,32414.648,4275.3187,79499.6881,91.7003,49557.8441,86285.2214,82.21,0.933674
ai_research_center,technoprom,9,15,7944670.92,140755.69,35431.032,4636.4321,87598.7566,90.6939,54821.5719,95120.4923,80.8147,0.928571
ai_research_center,technoprom,9,16,8677737.76,155207.5214,38854.186,5047.7857,96835.8283,89.6129,60836.9525,105199.892,79.3614,0.923469
ai_research_center,technoprom,9,17,9498772.62,171687.3358,42742.238,5516.8619,107382.5652,88.4573,67719.6497,116711.5985,77.8473,0.918367
ai_research_center,technoprom,9,18,10418331.67,190501.1277,47162.528,6052.3732,119439.0171,87.2272,75604.737,129874.9721,76.2711,0.913265
ai_research_center,technoprom,9,19,11448237.8,212006.175,52193.316,6664.4862,133239.0844,85.9225,84650.4799,144946.5661,74.6305,0.908163
ai_research_center,technoprom,9,20,12945264.99,243046.946,59499.034,7548.0231,153119.9033,84.5433,97640.9827,166650.0407,75.3001,0.903061
ai_research_center,technoprom,9,21,14237179.24,271359.7938,66054.842,8353.9126,171347.4041,83.0896,109651.6595,186570.9926,70.8772,0.897959
ai_research_center,technoprom,9,22,15684123.2,303857.0994,73545.122,9278.9068,192298.7714,81.5612,123489.0897,209475.98,69.062,0.892857
ai_research_center,technoprom,9,23,17304700.44,341218.7648,82116.16,10342.3596,216421.4134,79.9584,139458.4123,235856.2772,67.1808,0.887755
ai_research_center,technoprom,9,24,19119746.95,384249.0526,91940.184,11567.1617,244245.285,78.2809,157921.8044,266293.9637,65.2334,0.882653
ai_research_center,technoprom,9,25,21152599.04,433902.3045,103220.712,12980.4789,276399.9689,76.5289,179310.2967,301480.716,63.221,0.877551
ai_research_center,technoprom,9,26,23429393.38,491315.3747,116199.146,14614.6683,313636.3575,74.7024,204138.9124,342241.6946,61.1443,0.872449
ai_research_center,technoprom,9,27,25979403.04,557847.6543,131162.892,16508.4249,356853.4135,72.8013,233025.3605,389565.0258,59.0047,0.867347
ai_research_center,technoprom,9,28,28835413.86,635131.8894,148455.776,18708.2237,407132.064,70.8257,266713.6238,444639.1249,56.8036,0.862245
ai_research_center,technoprom,9,29,32034145.98,725138.6342,168491.022,21270.1508,465778.3914,68.7755,306104.2236,508900.3008,54.5428,0.857143
ai_research_center,technoprom,9,30,39187812.53,913418.1115,210975.758,26629.2877,587957.3672,66.6508,387641.5645,642659.7324,58.5507,0.852041
ai_research_center,technoprom,9,31,43200302.1,1039244.3086,238600.978,30210.771,670276.3268,64.4515,443283.2088,732938.1201,48.7432,0.846939
ai_research_center,technoprom,9,32,47694290.42,1186977.1419,270877.39,34415.7985,767065.0395,62.1776,508849.8301,839117.5064,46.4309,0.841837
ai_research_center,technoprom,9,33,52727557.34,1361089.9696,308728.784,39371.6982,881300.8541,59.8292,586407.1015,964474.9643,44.0603,0.836735
ai_research_center,technoprom,9,34,58364816.29,1567157.0592,353302.39,45237.1369,1016697.2531,57.4063,678534.9255,1113098.5854,41.6352,0.831633
ai_research_center,technoprom,9,35,64678546.31,1812186.5408,406035.84,52211.5907,1177927.0258,54.9088,788483.882,1290133.4781,39.1598,0.826531
ai_research_center,technoprom,9,36,71749923.93,2105077.3076,468749.036,60548.3547,1370928.5277,52.3367,920389.9374,1502119.3541,36.639,0.821429
ai_research_center,technoprom,9,37,79669866.87,2457257.5504,543772.348,70572.7176,1603333.8617,49.6901,1079574.8007,1757462.5444,34.0781,0.816327
ai_research_center,technoprom,9,38,88540202.96,2883593.9623,634129.104,82707.8427,1885078.6036,46.969,1272973.6712,2067108.1564,31.4836,0.811224
ai_research_center,technoprom,9,39,98474979.38,3403714.875,743800.918,97512.4239,2229289.3338,44.1733,1509758.0991,2445518.5317,28.8625,0.806122
ai_research_center,technoprom,9,40,124298698.64,4586137.8866,995848.364,131168.5946,3009435.2073,41.303,2043969.1687,3302630.4708,33.1011,0.80102
ai_research_center,technoprom,9,41,136760882.18,5423231.4758,1170116.752,154995.4018,3565363.8102,38.3582,2428414.6509,3914243.8325,22.4169,0.795918
ai_research_center,technoprom,9,42,150718527.75,6475360.2517,1388168.194,184942.9121,4264956.7567,35.3388,2913092.9983,4684108.4294,19.9511,0.790816
ai_research_center,technoprom,9,43,166351090.78,7818288.4434,1665247.78,223167.6586,5158989.5141,32.2449,3533591.4261,5668191.2108,17.4854,0.785714
ai_research_center,technoprom,9,44,183859561.38,9565167.8195,2024093.078,272890.3629,6323320.4094,29.0764,4343104.2757,6950112.6092,15.0374,0.780612
ai_research_center,technoprom,9,45,203469048.45,11892331.8254,2500098.16,339130.1322,7876200.0738,25.8334,5424588.0881,8660230.9651,12.6278,0.77551
ai_research_center,technoprom,9,46,225431673.97,15089769.2104,3151417.92,430141.1303,10012142.8393,22.5158,6914547.358,11012987.3441,10.2824,0.770408
ai_research_center,technoprom,9,47,250029814.55,19669035.3088,4080569.444,560484.128,13074344.111,19.1237,9053889.953,14386749.3956,8.0328,0.765306
ai_research_center,technoprom,9,48,277579732.0,26622672.6701,5486360.922,758410.5899,17728774.0077,15.657,12310186.1632,19515758.7276,5.9191,0.760204
ai_research_center,technoprom,9,49,308435639.54,38159077.1736,7810989.116,1086779.7036,25457338.268,12.1158,17723998.3613,28033867.2073,3.9925,0.755102
ai_research_center,technoprom,9,50,400385997.53,70478708.6599,14329192.836,2006716.9962,47104234.9802,8.5,32882460.6778,51891068.525,4.2477,0.75
technology_megacorp,technoprom,10,1,5545980.6,68552.7995,10680.0,3850.0,46999.8356,118.0,34972.2396,50997.7995,,1.0
technology_megacorp,technoprom,10,2,5820980.6,71837.1642,11134.5835,3979.1174,49349.413,117.9544,36788.7386,53569.7071,117.0423,0.994898
technology_megacorp,technoprom,10,3,6128980.6,75573.9087,11653.6956,4126.0184,52020.9494,117.8175,38852.5651,56493.4054,115.2895,0.989796
technology_megacorp,technoprom,10,4,6473940.6,79820.0691,12245.0152,4292.9463,55055.4337,117.5895,41195.5862,59813.8332,113.6799,0.984694
technology_megacorp,technoprom,10,5,6860295.8,84640.9762,12917.3105,4482.4712,58499.8392,117.2703,43854.344,63582.4993,112.1689,0.979592
technology_megacorp,technoprom,10,6,7293013.62,90111.6952,13680.578,4697.5395,62408.2126,116.8598,46870.9496,67858.6948,110.7156,0.97449
technology_megacorp,technoprom,10,7,7777657.58,96318.1229,14546.2668,4941.5314,66842.3826,116.3582,50293.5668,72710.2445,109.2976,0.969388
technology_megacorp,technoprom,10,8,8320458.82,103358.9753,15527.4491,5218.3282,71873.4823,115.7653,54177.6785,78215.208,107.8892,0.964286
technology_megacorp,technoprom,10,9,8928396.21,111347.8444,16639.0982,5532.3917,77583.4284,115.0812,58587.2365,84463.5013,106.4699,0.959184
technology_megacorp,technoprom,10,10,9725540.67,121854.8634,18112.3295,5945.4507,85083.4624,114.3059,64369.9458,92666.9525,106.2854,0.954081
technology_megacorp,technoprom,10,11,10488137.33,132160.8856,19539.1561,6350.609,92455.8748,113.4394,70069.3653,100736.8558,103.4392,0.948979
technology_megacorp,technoprom,10,12,11342245.59,143870.9377,21156.0547,6810.9631,100836.4103,112.4816,76551.705,109911.6853,101.9157,0.943877
technology_megacorp,technoprom,10,13,12298846.84,157185.6738,22989.0311,7334.4031,110370.1485,111.4327,83930.5893,120350.8333,100.3385,0.938775
technology_megacorp,technoprom,10,14,13370240.24,172337.4192,25068.0533,7930.0603,121225.1959,110.2926,92337.7951,132239.0377,98.7,0.933673
technology_megacorp,technoprom,10,15,14570200.85,189595.4494,27427.6925,8608.5207,133596.5355,109.0612,101926.3001,145790.6248,96.9952,0.928571
technology_megacorp,technoprom,10,16,15914156.73,209272.4336,30107.9132,9382.0788,147710.7242,107.7387,112873.9983,161254.6853,95.2202,0.92347
technology_megacorp,technoprom,10,17,17419387.31,231732.3873,33155.0134,10265.041,163831.7297,106.3249,125388.3488,178921.5169,93.3708,0.918367
technology_megacorp,technoprom,10,18,19105245.56,257399.5838,36622.7453,11274.0898,182267.3914,104.8199,139711.4593,199129.7333,91.4455,0.913265
technology_megacorp,technoprom,10,19,20993406.8,286770.0024,40573.619,12428.721,203377.8663,103.2237,156126.8524,222275.6027,89.4419,0.908163
technology_megacorp,technoprom,10,20,23698118.54,328569.2493,46226.4149,14071.9663,233395.6553,101.5362,179443.8109,255177.7123,90.1036,0.903061
technology_megacorp,technoprom,10,21,26066628.0,367327.4254,51387.322,15595.6563,261299.6691,99.7576,201185.3011,285789.5175,84.8806,0.897959
technology_megacorp,technoprom,10,22,28719358.6,411868.4415,57291.0124,17346.6854,293390.7471,97.8877,226211.5493,321003.6546,82.6626,0.892857
technology_megacorp,technoprom,10,23,31690416.87,463142.5765,64055.1263,19362.414,330360.7815,95.9267,255068.9578,361582.0815,80.364,0.887755
technology_megacorp,technoprom,10,24,35018002.14,522276.0157,71818.4717,21687.1129,373030.2751,93.8744,288405.9922,408428.5887,77.9851,0.882653
technology_megacorp,technoprom,10,25,38744897.64,590607.801,80745.3604,24373.4245,422375.4441,91.7309,326994.7758,462618.7245,75.5271,0.877551
technology_megacorp,technoprom,10,26,42919020.6,669736.2409,91031.1188,27484.1825,479562.2174,89.4963,371758.132,525437.3128,72.9911,0.872449
technology_megacorp,technoprom,10,27,47594038.31,761576.9749,102908.8488,31094.6945,545988.8854,87.1703,423803.6122,598425.56,70.3786,0.867347
technology_megacorp,technoprom,10,28,52830058.15,868436.119,116658.0138,35295.6247,623339.7581,84.7532,484466.2498,683440.2997,67.6918,0.862245
technology_megacorp,technoprom,10,29,58694400.37,993104.0466,132615.4183,40196.6641,713654.0088,82.2449,555363.4457,782730.0128,64.9326,0.857143
technology_megacorp,technoprom,10,30,71688384.07,1250983.9113,166057.3819,50334.6356,900094.9475,79.6454,701366.4205,987557.8506,69.6949,0.852041
technology_megacorp,technoprom,10,31,79044614.95,1426016.141,188157.9224,57215.6348,1027159.0478,76.9546,801360.3943,1127348.7901,57.8939,0.846939
technology_megacorp,technoprom,10,32,87283593.53,1631944.3634,214032.2837,65311.2425,1176762.7284,74.1726,919195.8227,1291978.3973,55.072,0.841837
technology_megacorp,technoprom,10,33,96511249.54,1875183.6123,244443.0176,74873.6499,1353604.242,71.2995,1058608.7135,1486630.9777,52.1804,0.836735
technology_megacorp,technoprom,10,34,106846224.27,2163758.7471,280340.8686,86218.3349,1563563.6029,68.3351,1224277.3599,1717795.8799,49.2237,0.831633
technology_megacorp,technoprom,10,35,118421395.97,2507801.7343,322922.4238,99743.617,1814068.0534,65.2795,1422114.1348,1993671.243,46.2074,0.826531
technology_megacorp,technoprom,10,36,131385588.28,2920239.9182,373709.722,115957.7015,2114598.0704,62.1327,1659669.6501,2324723.0651,43.1378,0.821429
technology_megacorp,technoprom,10,37,145905483.66,3417764.0544,434662.3723,135516.7498,2477398.8911,58.8946,1946700.9353,2724471.2922,40.0217,0.816327
technology_megacorp,technoprom,10,38,162167766.49,4022219.2467,508338.3203,159279.5543,2918503.1937,55.5654,2295988.3626,3210619.7786,36.8672,0.811224
technology_megacorp,technoprom,10,39,180381523.26,4762648.3685,598130.0038,188387.8692,3459233.5311,52.1449,2724535.82,3806716.3325,33.6836,0.806122
technology_megacorp,technoprom,10,40,227591082.0,6436418.4401,803218.8875,254188.3971,4679739.7054,48.6333,3690118.0238,5151507.6786,38.6803,0.80102
technology_megacorp,technoprom,10,41,250438418.49,7641702.3817,947555.6058,301571.4401,5561540.5421,45.0304,4390457.0566,6124189.9699,25.9099,0.795918
technology_megacorp,technoprom,10,42,276027435.36,9166213.5397,1129306.0516,361504.1868,6677600.8722,41.3363,5277507.5676,7355538.9937,22.928,0.790816
technology_megacorp,technoprom,10,43,304687134.26,11127006.0252,1362037.3919,438588.3581,8113950.8395,37.551,6419960.3743,8940597.2125,19.9531,0.785714
technology_megacorp,technoprom,10,44,336785997.02,13701778.1548,1666319.7767,539809.7652,10001214.2932,33.6745,7922133.0936,11023680.6986,17.0082,0.780612
technology_megacorp,technoprom,10,45,372736723.32,17173175.3831,2074837.9362,676279.9829,12547189.9936,29.7068,9950003.4192,13834380.9886,14.1206,0.77551
technology_megacorp,technoprom,10,46,413001536.77,22018424.665,2642732.326,866760.1218,16102771.029,25.6479,12783881.1212,17760405.505,11.3244,0.770408
technology_megacorp,technoprom,10,47,458098127.83,29109510.2753,3470692.5548,1145530.2945,21309160.0606,21.4977,16936039.0935,23510249.5066,8.6618,0.765306
technology_megacorp,technoprom,10,48,508606309.82,40224032.7672,4763891.5368,1582472.8905,29473571.4557,17.2564,23450916.018,32528345.1284,6.1864,0.760204
technology_megacorp,technoprom,10,49,565175473.65,59625501.6802,7014290.4956,2345198.251,43731431.2522,12.9238,34833767.3497,48279287.3952,3.9676,0.755102
technology_megacorp,technoprom,10,50,733483889.8,117542739.9194,13734192.5264,4622084.9438,86292222.3307,8.5,68810818.202,95296393.873,3.9545,0.75
courier_service_v2,logistics,1,1,9000.0,1044.8828,2.4,8.0,900.0,10.0,824.3062,1034.4828,,1.0
courier_service_v2,logistics,1,2,9500.0,1102.8529,2.5202,8.3107,950.0591,9.9994,870.1913,1092.0219,9.9882,0.994898
courier_service_v2,logistics,1,3,10060.0,1167.9261,2.6552,8.6594,1006.2519,9.9975,921.6985,1156.6114,9.9657,0.989796
courier_service_v2,logistics,1,4,10687.2,1240.9623,2.8067,9.0509,1069.3211,9.9944,979.5089,1229.1047,9.9446,0.984694
courier_service_v2,logistics,1,5,11389.66,1322.9334,2.9766,9.4902,1140.1059,9.99,1044.3915,1310.4665,9.9239,0.979592
courier_service_v2,logistics,1,6,12176.42,1414.928,3.1671,9.9832,1219.5466,9.9844,1117.2086,1401.7777,9.9037,0.97449
courier_service_v2,logistics,1,7,13057.59,1518.1729,3.3804,10.5366,1308.7027,9.9775,1198.9312,1504.2559,9.8835,0.969387
courier_service_v2,logistics,1,8,14044.5,1634.0441,3.6192,11.1576,1408.7625,9.9694,1290.6489,1619.2673,9.8632,0.964286
courier_service_v2,logistics,1,9,15149.84,1764.0923,3.8866,11.8546,1521.0655,9.96,1393.5894,1748.3511,9.8425,0.959184
courier_service_v2,logistics,1,10,18379.14,2141.8623,4.6938,13.8792,1847.2617,9.9494,1692.57,2123.2894,9.8999,0.954082
courier_service_v2,logistics,1,11,19765.68,2305.9852,5.0264,14.7588,1988.994,9.9375,1822.4897,2286.2,9.7828,0.948979
courier_service_v2,logistics,1,12,21318.6,2490.2231,5.3988,15.7462,2148.0979,9.9244,1968.334,2469.0781,9.7604,0.943878
courier_service_v2,logistics,1,13,23057.87,2697.0597,5.8156,16.8548,2326.7187,9.91,2132.0696,2674.3894,9.7372,0.938776
courier_service_v2,logistics,1,14,25005.86,2929.2881,6.282,18.0994,2527.2688,9.8944,2315.908,2904.9066,9.7132,0.933674
courier_service_v2,logistics,1,15,27187.61,3190.0532,6.8039,19.4969,2752.4646,9.8776,2522.3398,3163.7524,9.6882,0.928571
courier_service_v2,logistics,1,16,29631.17,3482.8931,7.3877,21.0664,3005.3619,9.8594,2754.1666,3454.439,9.6623,0.92347
courier_service_v2,logistics,1,17,32367.95,3811.7929,8.0406,22.8291,3289.4031,9.8401,3014.5443,3780.9232,9.6352,0.918368
courier_service_v2,logistics,1,18,35433.15,4181.2415,8.7709,24.8092,3608.4654,9.8195,3307.0276,4147.6614,9.6069,0.913265
courier_service_v2,logistics,1,19,38866.17,4596.2919,9.5877,27.0336,3966.9134,9.7976,3635.6184,4559.6706,9.5775,0.908163
courier_service_v2,logistics,1,20,48995.5,5807.1783,12.0455,33.5233,5012.6003,9.7745,4594.1511,5761.6095,9.6868,0.903061
courier_service_v2,logistics,1,21,53301.88,6333.0835,13.0622,36.3419,5466.8011,9.7501,5010.5317,6283.6795,9.4812,0.897959
courier_service_v2,logistics,1,22,58125.03,6924.0316,14.1999,39.509,5977.1807,9.7245,5478.4164,6870.3227,9.4501,0.892857
courier_service_v2,logistics,1,23,63526.95,7588.1664,15.473,43.0684,6550.7737,9.6976,6004.2552,7529.625,9.4177,0.887755
courier_service_v2,logistics,1,24,69577.11,8334.6724,16.8975,47.0693,7195.5139,9.6695,6595.3224,8270.7056,9.3839,0.882653
courier_service_v2,logistics,1,25,76353.28,9173.9003,18.4914,51.5671,7920.3424,9.6401,7259.816,9103.8418,9.3487,0.877551
courier_service_v2,logistics,1,26,83942.59,10117.5214,20.2749,56.6244,8735.3413,9.6095,8006.9804,10040.6221,9.312,0.872449
courier_service_v2,logistics,1,27,92442.62,11178.7022,22.2704,62.3117,9651.8845,9.5777,8847.2445,11094.1201,9.274,0.867347
courier_service_v2,logistics,1,28,101962.66,12372.2906,24.5033,68.7087,10682.7984,9.5446,9792.3688,12279.0786,9.2346,0.862245
courier_service_v2,logistics,1,29,112625.1,13715.0381,27.0019,75.9051,11842.5541,9.5102,10855.6226,13612.1311,9.1937,0.857143
courier_service_v2,logistics,1,30,158420.67,19363.1247,37.8948,106.1758,16720.5771,9.4746,15327.4818,19219.0541,9.3881,0.852041
courier_service_v2,logistics,1,31,171795.64,21079.4386,41.0067,115.3743,18203.0602,9.4377,16686.6666,20923.0577,9.022,0.846939
courier_service_v2,logistics,1,32,186775.6,23009.9107,44.4925,125.7205,19870.537,9.3996,18215.4694,22839.6977,8.9836,0.841837
courier_service_v2,logistics,1,33,203553.16,25181.7497,48.3969,137.3604,21746.5134,9.3603,19935.444,24995.9924,8.9434,0.836735
courier_service_v2,logistics,1,34,222344.02,27625.6761,52.7701,150.4585,23857.5293,9.3197,21870.9272,27422.4475,8.9013,0.831633
courier_service_v2,logistics,1,35,243389.79,30376.3927,57.6685,165.2008,26233.5653,9.2778,24049.4105,30153.5233,8.8575,0.826531
courier_service_v2,logistics,1,36,266961.05,33473.1023,63.1552,181.7975,28908.4901,9.2347,26501.9515,33228.1496,8.8119,0.821429
courier_service_v2,logistics,1,37,293360.86,36960.1049,69.3012,200.4859,31920.5765,9.1903,29263.6462,36690.3178,8.7646,0.816327
courier_service_v2,logistics,1,38,322928.65,40887.4702,76.186,221.5345,35313.0823,9.1447,32374.1628,40589.7498,8.7156,0.811224
courier_service_v2,logistics,1,39,356044.57,45311.8027,83.8989,245.2465,39134.9119,9.0979,35878.3474,44982.6573,8.6649,0.806122
courier_service_v2,logistics,1,40,474086.72,60653.5456,111.5947,327.4698,52386.5985,9.0498,48027.9746,60214.4811,8.9077,0.80102
courier_service_v2,logistics,1,41,515627.33,66328.8858,121.2593,357.8865,57289.2738,9.0004,52523.3332,65849.74,8.473,0.795918
courier_service_v2,logistics,1,42,562152.82,72721.582,132.0939,392.1479,62811.686,8.9498,57586.9769,72197.3402,8.4248,0.790816
courier_service_v2,logistics,1,43,614261.36,79924.3705,144.2406,430.7509,69033.9597,8.898,63292.3846,79349.379,8.3745,0.785714
courier_service_v2,logistics,1,44,672622.93,88042.2204,157.8592,474.2581,76046.7896,8.8449,69722.7293,87410.103,8.3221,0.780612
courier_service_v2,logistics,1,45,737987.89,97193.9681,173.1293,523.3065,83952.8531,8.7905,76972.1741,96497.5323,8.2677,0.77551
courier_service_v2,logistics,1,46,811196.64,107514.1905,190.2525,578.6172,92868.429,8.7349,85147.3564,106745.3207,8.2113,0.770408
courier_service_v2,logistics,1,47,893190.44,119155.3327,209.4558,641.0074,102925.2365,8.6781,94369.0751,118304.8696,8.1531,0.765306
courier_service_v2,logistics,1,48,985023.5,132290.1328,230.9943,711.4027,114272.5301,8.62,104774.212,131347.7357,8.0929,0.760204
courier_service_v2,logistics,1,49,1087876.53,147114.3704,255.1552,790.8525,127079.4755,8.5606,116517.9109,146068.3626,8.031,0.755102
courier_service_v2,logistics,1,50,1439409.02,196037.0099,337.7093,1053.0511,169342.237,8.5,155269.9928,194646.2495,8.3178,0.75
trucking_company_v2,logistics,2,1,26493.55,2419.8683,227.2,17.5,1892.3964,14.0,1577.5946,2175.1683,,1.0
trucking_company_v2,logistics,2,2,27743.55,2532.8326,236.5929,18.0719,1982.006,13.9977,1653.3049,2278.1678,13.9494,0.994898
trucking_company_v2,logistics,2,3,29143.55,2660.2411,247.22,18.7168,2083.0447,13.9908,1738.6461,2394.3043,13.8561,0.989797
trucking_company_v2,logistics,2,4,30711.55,2803.8603,259.2234,19.4439,2196.9179,13.9794,1834.8093,2525.193,13.7697,0.984694
trucking_company_v2,logistics,2,5,32467.71,2965.6817,272.7634,20.263,2325.2101,13.9633,1943.1373,2672.6553,13.6888,0.979591
trucking_company_v2,logistics,2,6,34434.61,3147.9631,288.0205,21.1858,2469.7184,13.9427,2065.1539,2838.7568,13.611,0.97449
trucking_company_v2,logistics,2,7,36637.54,3353.2527,305.1973,22.225,2632.4724,13.9175,2202.5811,3025.8303,13.5353,0.969388
trucking_company_v2,logistics,2,8,39104.82,3584.442,324.5218,23.3954,2815.7766,13.8878,2357.3755,3236.5249,13.46,0.964286
trucking_company_v2,logistics,2,9,41868.17,3844.7932,346.2514,24.7133,3022.2308,13.8534,2531.7441,3473.8285,13.3848,0.959184
trucking_company_v2,logistics,2,10,47759.82,4395.0326,393.699,27.4988,3457.2363,13.8145,2897.9788,3973.8348,13.5439,0.954082
trucking_company_v2,logistics,2,11,51226.17,4725.9762,421.0804,29.1741,3719.8778,13.7709,3119.9862,4275.7216,13.198,0.94898
trucking_company_v2,logistics,2,12,55108.48,5098.8101,451.8572,31.0615,4015.8256,13.7228,3370.2008,4615.8915,13.1182,0.943878
trucking_company_v2,logistics,2,13,59456.67,5518.9235,486.4438,33.1882,4349.3835,13.6701,3652.2848,4999.2914,13.0358,0.938775
trucking_company_v2,logistics,2,14,64326.64,5992.4191,525.3078,35.5852,4725.4278,13.6129,3970.3885,5431.5262,12.9505,0.933674
trucking_company_v2,logistics,2,15,69781.01,6526.2324,568.9767,38.2875,5149.5023,13.551,4329.2333,5918.9682,12.8618,0.928572
trucking_company_v2,logistics,2,16,75889.9,7128.2303,618.046,41.3349,5627.8989,13.4846,4734.1802,6468.8493,12.7695,0.923469
trucking_company_v2,logistics,2,17,82731.86,7807.3518,673.1886,44.7728,6167.7696,13.4136,5191.3257,7089.3904,12.6733,0.918367
trucking_company_v2,logistics,2,18,90394.85,8573.7604,735.1651,48.6526,6777.2501,13.338,5707.608,7789.9427,12.573,0.913265
trucking_company_v2,logistics,2,19,98977.4,9439.0085,804.8351,53.0327,7465.5924,13.2578,6290.9214,8581.1407,12.4684,0.908163
trucking_company_v2,logistics,2,20,117913.19,11310.0725,958.9569,62.5045,8951.0916,13.1731,7547.1181,10288.611,12.7471,0.903061
trucking_company_v2,logistics,2,21,128679.14,12419.8991,1047.1073,68.1227,9835.062,13.0837,8297.1355,11304.669,12.1791,0.897959
trucking_company_v2,logistics,2,22,140737.01,13674.1386,1146.3006,74.472,10834.4284,12.9898,9145.388,12453.366,12.0655,0.892857
trucking_company_v2,logistics,2,23,154241.82,15092.2492,1257.9512,81.6509,11964.803,12.8913,10105.2217,13752.6471,11.9472,0.887755
trucking_company_v2,logistics,2,24,169367.21,16696.4331,1383.663,89.7717,13244.0087,12.7882,11191.8803,15222.9985,11.824,0.882653
trucking_company_v2,logistics,2,25,186307.64,18512.0289,1525.257,98.9627,14692.394,12.6806,12422.7749,16887.8092,11.6961,0.877551
trucking_company_v2,logistics,2,26,205280.93,20567.9901,1684.8007,109.3705,16333.2225,12.5683,13817.8206,18773.8189,11.5632,0.872449
trucking_company_v2,logistics,2,27,226531.01,22897.4183,1864.644,121.1627,18193.1021,12.4515,15399.8059,20911.6116,11.4255,0.867347
trucking_company_v2,logistics,2,28,250331.1,25538.1842,2067.4605,134.5309,20302.4878,12.3301,17194.8258,23336.1929,11.2829,0.862245
trucking_company_v2,logistics,2,29,276987.2,28533.6618,2296.2929,149.6948,22696.2765,12.2041,19232.7953,26087.6741,11.1355,0.857143
trucking_company_v2,logistics,2,30,362450.28,37719.7674,3017.4911,196.1972,30020.2888,12.0735,25453.38,34506.0791,11.6689,0.852041
trucking_company_v2,logistics,2,31,395887.69,41643.567,3311.4373,216.0605,33160.9802,11.9384,28131.6371,38116.0692,10.6465,0.846939
trucking_company_v2,logistics,2,32,433337.59,46098.0436,3643.5687,238.6102,36727.8023,11.7986,31174.4716,42215.8647,10.4995,0.841837
trucking_company_v2,logistics,2,33,475281.48,51158.6876,4019.0533,264.2285,40781.603,11.6543,34634.1416,46875.4058,10.3468,0.836735
trucking_company_v2,logistics,2,34,522258.64,56912.3552,4443.8018,293.3551,45392.4225,11.5054,38570.8263,52175.1983,10.1885,0.831633
trucking_company_v2,logistics,2,35,574873.06,63459.0863,4924.5818,326.4963,50640.9671,11.3519,43053.9,58208.0082,10.0246,0.826531
trucking_company_v2,logistics,2,36,633801.21,70914.2432,5469.1504,364.2363,56620.3452,11.1939,48163.4326,65080.8565,9.8552,0.821429
trucking_company_v2,logistics,2,37,699800.73,79411.0179,6086.4108,407.2491,63438.1014,11.0312,53991.949,72917.358,9.6805,0.816327
trucking_company_v2,logistics,2,38,773720.2,89103.3963,6786.5946,456.3145,71218.6239,10.864,60646.5106,81860.4872,9.5006,0.811224
trucking_company_v2,logistics,2,39,856510.0,100169.6404,7581.4752,512.3347,80105.9726,10.6922,68251.1649,92075.8305,9.3155,0.806122
trucking_company_v2,logistics,2,40,1094388.07,130067.019,9781.9933,663.6829,104070.5682,10.5158,88716.9423,119621.3427,9.9262,0.80102
trucking_company_v2,logistics,2,41,1198239.6,144827.2308,10822.6931,738.4029,115941.5372,10.3349,98889.342,133266.1347,8.7484,0.795918
trucking_company_v2,logistics,2,42,1314553.31,161705.5509,12006.5201,823.8454,129521.4113,10.1493,110530.8152,148875.1854,8.5652,0.790816
trucking_company_v2,logistics,2,43,1444824.67,181028.6131,13354.5256,921.6637,145074.6087,9.9592,123869.4383,166752.4238,8.3759,0.785714
trucking_company_v2,logistics,2,44,1590728.59,203177.5903,14891.1338,1033.7876,162909.822,9.7645,139171.584,187252.669,8.1807,0.780612
trucking_company_v2,logistics,2,45,1754140.98,228598.198,16644.7361,1162.4733,183388.1601,9.5652,156748.981,210790.9887,7.9798,0.77551
trucking_company_v2,logistics,2,46,1937162.86,257812.7188,18648.4099,1310.3647,206932.9314,9.3613,176967.1954,237853.9441,7.7734,0.770408
trucking_company_v2,logistics,2,47,2142147.36,291434.553,20940.7786,1480.5672,234041.4902,9.1529,200255.9073,269013.2072,7.5616,0.765306
trucking_company_v2,logistics,2,48,2371730.01,330185.8861,23567.0541,1676.7365,265299.6231,8.9398,227121.3913,304942.0955,7.3447,0.760204
trucking_company_v2,logistics,2,49,2628862.57,374919.1869,26580.3016,1903.188,301399.0566,8.7222,258161.7091,346435.6973,7.1229,0.755102
trucking_company_v2,logistics,2,50,3452174.07,504943.4686,35556.6321,2561.4046,406138.1257,8.5,348058.4221,466825.4319,7.8606,0.75
regional_warehouse_v2,logistics,3,1,60509.2,4288.1402,770.0,40.6,3025.46,20.0,2234.9122,3092.5402,,1.0
regional_warehouse_v2,logistics,3,2,63409.2,4488.9581,801.9473,41.9309,3171.2195,19.9952,2346.3146,3244.1062,19.8958,0.994898
regional_warehouse_v2,logistics,3,3,66657.2,4716.2081,838.2243,43.4371,3336.0557,19.9808,2472.193,3415.4346,19.7044,0.989796
regional_warehouse_v2,logistics,3,4,70294.96,4973.1406,879.3338,45.1399,3522.3402,19.9569,2614.3718,3609.0,19.528,0.984694
regional_warehouse_v2,logistics,3,5,74369.25,5263.4391,925.8411,47.0639,3732.7647,19.9234,2774.9258,3827.6136,19.3622,0.979592
regional_warehouse_v2,logistics,3,6,78932.46,5591.2975,978.3889,49.2368,3970.3944,19.8803,2956.2178,4074.4773,19.203,0.97449
regional_warehouse_v2,logistics,3,7,84043.25,5961.4669,1037.7013,51.6901,4238.7057,19.8276,3160.9315,4353.2249,19.048,0.969388
regional_warehouse_v2,logistics,3,8,89767.34,6379.359,1104.5989,54.4597,4541.6614,19.7653,3392.1292,4668.001,18.8942,0.964286
regional_warehouse_v2,logistics,3,9,96178.32,6851.1231,1180.0088,57.5864,4883.7692,19.6935,3653.2988,5023.5234,18.7396,0.959184
regional_warehouse_v2,logistics,3,10,107908.95,7708.1722,1320.5615,63.2665,5502.1794,19.612,4122.4289,5664.0633,18.969,0.954082
regional_warehouse_v2,logistics,3,11,115950.88,8310.7974,1416.1894,67.2605,5939.7924,19.521,4457.0934,6119.2528,18.3768,0.94898
regional_warehouse_v2,logistics,3,12,124957.84,8991.5182,1523.9486,71.772,6434.3439,19.4204,4835.5197,6633.8233,18.2124,0.943877
regional_warehouse_v2,logistics,3,13,135045.63,9760.6948,1645.373,76.8698,6993.4533,19.3103,5263.6266,7215.7656,18.0426,0.938776
regional_warehouse_v2,logistics,3,14,146343.96,10630.1624,1782.2012,82.6323,7625.8362,19.1905,5748.1959,7874.2284,17.8663,0.933674
regional_warehouse_v2,logistics,3,15,158998.09,11613.4244,1936.4099,89.1489,8341.4431,19.0612,6296.9758,8619.6607,17.6831,0.928571
regional_warehouse_v2,logistics,3,16,173170.72,12725.9223,2110.2481,96.5221,9151.6623,18.9223,6918.8436,9464.028,17.4923,0.923469
regional_warehouse_v2,logistics,3,17,189044.06,13985.332,2306.2747,104.8689,10069.5438,18.7738,7623.9845,10421.0509,17.2935,0.918368
regional_warehouse_v2,logistics,3,18,206822.2,15411.8933,2527.4041,114.3236,11110.0441,18.6158,8424.0849,11506.4636,17.0861,0.913265
regional_warehouse_v2,logistics,3,19,226733.72,17028.8138,2776.9626,125.0399,12290.3258,18.4481,9332.5672,12738.3299,16.8701,0.908163
regional_warehouse_v2,logistics,3,20,264990.63,20070.3488,3254.5713,145.1979,14503.4042,18.2709,11029.2242,15043.2939,17.2867,0.903061
regional_warehouse_v2,logistics,3,21,289967.64,22162.9826,3573.6047,159.067,16034.3706,18.0841,12210.9122,16643.5087,16.3145,0.897959
regional_warehouse_v2,logistics,3,22,317941.89,24539.3027,3934.2865,174.8162,17774.274,17.8878,13555.1961,18463.0567,16.078,0.892857
regional_warehouse_v2,logistics,3,23,349273.05,27239.9091,4342.308,192.7147,19753.2512,17.6818,15085.7506,20533.7324,15.832,0.887755
regional_warehouse_v2,logistics,3,24,384363.95,30311.6111,4804.1971,213.0727,22006.077,17.4663,16829.9206,22892.2428,15.5764,0.882653
regional_warehouse_v2,logistics,3,25,423665.76,33808.4609,5327.4514,236.2483,24572.9422,17.2411,18819.3433,25581.0355,15.3112,0.877551
regional_warehouse_v2,logistics,3,26,467683.78,37792.9707,5920.6963,262.656,27500.368,17.0065,21090.6761,28649.2703,15.0364,0.872449
regional_warehouse_v2,logistics,3,27,516983.97,42337.5418,6593.8681,292.7755,30842.2814,16.7622,23686.4558,32153.9642,14.7521,0.867347
regional_warehouse_v2,logistics,3,28,572200.18,47526.17,7358.4303,327.1636,34661.3012,16.5083,26656.127,36161.361,14.4582,0.862245
regional_warehouse_v2,logistics,3,29,634042.33,53456.4535,8227.6363,366.467,39030.2447,16.2449,30057.2413,40748.532,14.1549,0.857143
regional_warehouse_v2,logistics,3,30,809974.37,69376.6072,10614.3938,471.9791,50712.5038,15.9719,39107.716,52983.0374,15.0598,0.852041
regional_warehouse_v2,logistics,3,31,887549.17,77304.4308,11756.5024,524.5214,56570.3641,15.6893,43684.2696,59145.1557,13.2429,0.846939
regional_warehouse_v2,logistics,3,32,974432.94,86386.6004,13058.5817,584.7143,63286.6748,15.3971,48936.6935,66214.0135,12.9362,0.841837
regional_warehouse_v2,logistics,3,33,1071742.77,96805.6362,14544.8811,653.7673,70998.0794,15.0954,54973.42,74334.5472,12.619,0.836735
regional_warehouse_v2,logistics,3,34,1180729.78,108775.8124,16243.7244,733.1006,79865.119,14.784,61921.9627,83677.1252,12.2913,0.831633
regional_warehouse_v2,logistics,3,35,1302795.23,122549.3703,18188.2855,824.386,90076.928,14.4631,69932.682,94442.5561,11.9534,0.826531
regional_warehouse_v2,logistics,3,36,1439508.53,138424.044,20417.524,929.5967,101856.9232,14.1327,79183.3524,106868.1612,11.6055,0.821429
regional_warehouse_v2,logistics,3,37,1592627.43,156752.3315,22977.3359,1051.0689,115469.8162,13.7926,89884.7924,121235.2587,11.2481,0.816327
regional_warehouse_v2,logistics,3,38,1764120.59,177952.9225,25921.9653,1191.5776,131230.2603,13.4429,102287.8125,137878.397,10.8812,0.811224
regional_warehouse_v2,logistics,3,39,1956192.93,202524.8622,29315.7565,1354.4301,149513.5678,13.0837,116691.825,157196.7974,10.5053,0.806122
regional_warehouse_v2,logistics,3,40,2528217.69,269043.5998,38697.9531,1795.2885,198838.8116,12.7149,155392.6617,209201.3816,11.597,0.80102
regional_warehouse_v2,logistics,3,41,2769153.24,303392.5164,43360.5857,2022.9387,224467.823,12.3365,175650.1958,236328.6991,9.4009,0.795918
regional_warehouse_v2,logistics,3,42,3039001.05,343396.5595,48763.3254,2288.0688,254340.2938,11.9486,199284.1907,267963.5026,9.0333,0.790816
regional_warehouse_v2,logistics,3,43,3341230.6,390119.445,55040.7057,2597.7285,289258.4794,11.551,226936.7689,304960.6579,8.6554,0.785714
regional_warehouse_v2,logistics,3,44,3679727.7,444858.0782,62356.0484,2960.5133,330201.1194,11.1439,259391.8767,348363.4924,8.2676,0.780612
regional_warehouse_v2,logistics,3,45,4058844.45,509203.329,70908.8588,3386.9667,378369.5281,10.7272,297612.4083,399453.0742,7.8707,0.77551
regional_warehouse_v2,logistics,3,46,4483455.21,585119.9204,80944.5298,3890.1101,435248.194,10.3009,342789.0315,459813.0156,7.4652,0.770408
regional_warehouse_v2,logistics,3,47,4959019.26,675052.6284,92767.2253,4486.1465,502685.3532,9.8651,396405.1182,531415.6439,7.052,0.765306
regional_warehouse_v2,logistics,3,48,5491651.0,782069.3084,106757.2029,5195.4083,583001.5266,9.4196,460324.2341,616738.0958,6.6317,0.760204
regional_warehouse_v2,logistics,3,49,6088198.55,910056.435,123394.4751,6043.6534,679137.9267,8.9646,536909.782,718921.069,6.2052,0.755102
regional_warehouse_v2,logistics,3,50,7948964.29,1251804.5004,168585.2283,8308.6167,935172.2702,8.5,740257.1412,990618.0412,7.2676,0.75
freight_terminal_v2,logistics,4,1,127902.08,6220.4959,886.0,84.0,4567.9314,28.0,3563.3967,4810.4959,,1.0
freight_terminal_v2,logistics,4,2,133902.08,6507.2172,922.1098,86.7103,4783.6055,27.9919,3735.8988,5040.4645,27.8198,0.994898
freight_terminal_v2,logistics,4,3,140622.08,6832.375,963.2211,89.7839,5028.0519,27.9675,3931.2845,5301.0209,27.4907,0.989796
freight_terminal_v2,logistics,4,4,148148.48,7200.7341,1009.9195,93.2658,5304.8674,27.9269,4152.4422,5596.0086,27.1892,0.984694
freight_terminal_v2,logistics,4,5,156578.05,7617.7126,1062.866,97.2074,5618.1461,27.8701,4402.6637,5929.8051,26.9076,0.979592
freight_terminal_v2,logistics,4,6,166019.17,8089.4999,1122.8136,101.667,5972.5668,27.797,4685.7125,6307.4143,26.6382,0.97449
freight_terminal_v2,logistics,4,7,176593.22,8623.1313,1190.6148,106.7112,6373.4506,27.7076,5005.8717,6734.5294,26.3768,0.969388
freight_terminal_v2,logistics,4,8,188436.16,9226.6563,1267.2405,112.4161,6826.8897,27.6021,5368.0482,7217.6703,26.118,0.964286
freight_terminal_v2,logistics,4,9,201700.25,9909.25,1353.7903,118.8684,7339.8344,27.4802,5777.8461,7764.2801,25.8587,0.959184
freight_terminal_v2,logistics,4,10,223362.64,11016.1934,1497.014,129.3319,8169.1674,27.3422,6438.1019,8646.4095,26.1203,0.954082
freight_terminal_v2,logistics,4,11,240001.11,11891.4981,1607.3192,137.6058,8827.5186,27.1878,6964.6139,9348.3559,25.2729,0.94898
freight_terminal_v2,logistics,4,12,258636.2,12882.2862,1731.8784,146.9714,9572.9897,27.0173,7561.04,10143.3614,24.9977,0.943878
freight_terminal_v2,logistics,4,13,279507.5,14004.2957,1872.5433,157.5773,10417.5323,26.8305,8237.0443,11044.2439,24.7131,0.938776
freight_terminal_v2,logistics,4,14,302883.36,15275.566,2031.4261,169.5942,11374.8548,26.6274,9003.7195,12065.7111,24.418,0.933673
freight_terminal_v2,logistics,4,15,329064.32,16716.8114,2210.9421,183.2177,12460.7069,26.4082,9873.8182,13224.6668,24.111,0.928571
freight_terminal_v2,logistics,4,16,358386.99,18351.8252,2413.8512,198.6729,13693.192,26.1726,10862.0105,14540.5488,23.7915,0.923469
freight_terminal_v2,logistics,4,17,391228.38,20208.0212,2643.3146,216.2188,15093.1844,25.9209,11985.2263,16035.7808,23.4583,0.918367
freight_terminal_v2,logistics,4,18,428010.74,22316.9497,2902.9568,236.1537,16684.72,25.6529,13262.9707,17736.1901,23.1112,0.913265
freight_terminal_v2,logistics,4,19,469206.99,24715.0504,3196.9379,258.822,18495.5827,25.3686,14717.8115,19671.6464,22.7495,0.908163
freight_terminal_v2,logistics,4,20,540722.17,28794.3085,3703.6723,297.3817,21570.1314,25.0681,17182.5566,22953.959,23.2604,0.903061
freight_terminal_v2,logistics,4,21,592398.74,31919.7469,4082.4869,326.9253,23933.9912,24.7514,19085.1418,25482.9145,21.8611,0.897959
freight_terminal_v2,logistics,4,22,650276.5,35482.9589,4512.4299,360.607,26630.6321,24.4184,21257.1153,28368.9862,21.4629,0.892857
freight_terminal_v2,logistics,4,23,715099.59,39549.5832,5000.8498,399.0473,29710.2269,24.0691,23739.3446,31666.1941,21.0492,0.887755
freight_terminal_v2,logistics,4,24,787701.45,44196.0137,5556.2504,442.9682,33231.2117,23.7037,26579.4671,35437.4834,20.6198,0.882653
freight_terminal_v2,logistics,4,25,869015.53,49511.2471,6188.4938,493.2111,37261.7016,23.3219,29833.0458,39756.2495,20.1747,0.877551
freight_terminal_v2,logistics,4,26,960087.3,55599.2651,6909.0413,550.7589,41881.3345,22.924,33565.0912,44708.3383,19.7141,0.872449
freight_terminal_v2,logistics,4,27,1062087.69,62581.7655,7731.244,616.7618,47183.3709,22.5098,37851.7846,50394.3157,19.238,0.867347
freight_terminal_v2,logistics,4,28,1176328.12,70601.5585,8670.6893,692.5699,53277.3204,22.0793,42782.643,56932.3137,18.7465,0.862245
freight_terminal_v2,logistics,4,29,1304277.4,79826.6223,9745.6252,779.7709,60292.0667,21.6327,48463.0891,64461.4123,18.24,0.857143
freight_terminal_v2,logistics,4,30,1638210.95,102363.2674,12422.6219,992.8014,77384.6244,21.1697,62263.8797,82778.5962,19.5368,0.852041
freight_terminal_v2,logistics,4,31,1798710.53,114895.3211,13859.9948,1111.2621,86933.9358,20.6905,70015.0026,93040.9968,16.8075,0.846939
freight_terminal_v2,logistics,4,32,1978470.06,129366.2286,15511.6326,1248.0501,97967.6949,20.1951,78977.4839,104903.252,16.2918,0.841837
freight_terminal_v2,logistics,4,33,2179800.74,146109.925,17413.1047,1406.322,110742.7336,19.6835,89361.961,118642.9069,15.7597,0.836735
freight_terminal_v2,logistics,4,34,2405291.1,165525.5669,19606.737,1589.8507,125566.2119,19.1556,101420.4973,134591.9992,15.2117,0.831633
freight_terminal_v2,logistics,4,35,2657840.3,188092.2757,22143.1105,1803.1653,142807.02,18.6114,115455.9896,153149.4214,14.6483,0.826531
freight_terminal_v2,logistics,4,36,2940695.4,214387.7799,25082.9462,2051.7268,162910.203,18.051,131834.0779,174796.5648,14.0702,0.821429
freight_terminal_v2,logistics,4,37,3257493.12,245112.1465,28499.5137,2342.1526,186415.3178,17.4744,150998.2941,200117.2229,13.4778,0.816327
freight_terminal_v2,logistics,4,38,3612306.56,281118.3487,32481.716,2682.5057,213980.0905,16.8815,173489.5993,229823.2523,12.872,0.811224
freight_terminal_v2,logistics,4,39,4009697.62,323451.977,37138.0872,3082.6694,246411.1617,16.2724,199971.7813,264787.9265,12.2534,0.806122
freight_terminal_v2,logistics,4,40,5118489.65,429032.1117,48948.8048,4080.6786,327122.2866,15.647,265721.8035,351693.9668,13.7378,0.80102
freight_terminal_v2,logistics,4,41,5616976.99,490535.8031,55609.3665,4662.0498,374330.0165,15.0054,304352.5429,402647.9971,10.5594,0.795918
freight_terminal_v2,logistics,4,42,6175282.81,563549.1535,63476.9632,5352.2174,430406.3764,14.3476,350271.6606,463196.4246,9.9562,0.790816
freight_terminal_v2,logistics,4,43,6800585.33,650666.365,72816.8217,6175.7036,497356.2406,13.6735,405132.1559,535511.987,9.3399,0.785714
freight_terminal_v2,logistics,4,44,7500924.15,755204.1685,83966.9642,7163.86,577743.8095,12.9831,471049.0285,622374.1747,8.712,0.780612
freight_terminal_v2,logistics,4,45,8285303.63,881454.7,97363.5119,8357.2586,674888.5186,12.2766,550761.2335,727381.8468,8.0743,0.77551
freight_terminal_v2,logistics,4,46,9163808.65,1035049.9032,113577.1277,9809.1361,793147.3663,11.5537,647865.095,855259.6483,7.4287,0.770408
freight_terminal_v2,logistics,4,47,10147734.27,1223498.8995,133366.7244,11590.4733,938331.2806,10.8147,767158.5597,1012309.9199,6.7771,0.765306
freight_terminal_v2,logistics,4,48,11249730.97,1457001.8403,157760.7675,13797.6885,1118335.7443,10.0594,915162.6325,1207097.1792,6.1221,0.760204
freight_terminal_v2,logistics,4,49,12483967.27,1749721.0468,188184.2071,16564.6527,1344125.8027,9.2878,1100935.874,1451517.276,5.4663,0.755102
freight_terminal_v2,logistics,4,50,16216743.64,2481499.879,265084.4398,23481.8818,1907852.195,8.5,1564091.3617,2061288.9146,6.6216,0.75
rail_operator_v2,logistics,5,1,270515.06,9690.5487,1326.0,182.0,7118.8174,38.0,5581.439,7522.5487,,1.0
rail_operator_v2,logistics,5,2,283515.06,10148.088,1381.5223,188.0151,7463.339,37.9877,5858.1718,7890.915,37.7335,0.994898
rail_operator_v2,logistics,5,3,298075.06,10667.4917,1444.7844,194.8437,7854.2413,37.9508,6171.9731,8308.7402,37.2472,0.989796
rail_operator_v2,logistics,5,4,314382.26,11256.4832,1516.6987,202.5871,8297.3618,37.8894,6527.5515,8782.2796,36.8008,0.984694
rail_operator_v2,logistics,5,5,332646.32,11923.881,1598.2981,211.3612,8799.3729,37.8034,6930.2964,9318.6887,36.3818,0.979591
rail_operator_v2,logistics,5,6,353102.07,12679.7438,1690.764,221.2984,9367.8828,37.6928,7386.3506,9926.1246,35.9813,0.97449
rail_operator_v2,logistics,5,7,376012.51,13535.5646,1795.4332,232.5498,10011.596,37.5577,7902.7521,10613.9271,35.5911,0.969388
rail_operator_v2,logistics,5,8,401672.2,14504.5032,1913.8317,245.2883,10740.4834,37.398,8487.5667,11392.7973,35.2039,0.964286
rail_operator_v2,logistics,5,9,430411.06,15601.5993,2047.698,259.7115,11565.945,37.2137,9150.0208,12274.9735,34.8155,0.959183
rail_operator_v2,logistics,5,10,473013.33,17221.859,2248.3338,281.0129,12782.4857,37.0048,10123.9736,13573.4322,35.0192,0.954082
rail_operator_v2,logistics,5,11,509063.35,18631.5819,2419.3679,299.5463,13844.0209,36.7714,10976.6674,14708.4575,33.9603,0.94898
rail_operator_v2,logistics,5,12,549439.38,20229.4177,2612.7279,320.5527,15047.6393,36.5133,11943.8897,15995.6844,33.5455,0.943878
rail_operator_v2,logistics,5,13,594660.53,22041.434,2831.3707,344.375,16413.1489,36.2307,13041.7162,17456.4088,33.1167,0.938775
rail_operator_v2,logistics,5,14,645308.22,24097.6328,3078.6803,371.4075,17963.3642,35.9236,14288.6783,19115.1702,32.6714,0.933674
rail_operator_v2,logistics,5,15,702033.63,26432.5511,3358.5326,402.1043,19724.5654,35.5918,15706.1377,21000.2464,32.2084,0.928571
rail_operator_v2,logistics,5,16,765566.09,29086.0559,3675.3829,436.9895,21727.1047,35.2355,17318.7809,23144.3074,31.7259,0.92347
rail_operator_v2,logistics,5,17,836722.44,32104.1773,4034.3457,476.6682,24006.0522,34.8546,19155.1551,25585.118,31.2233,0.918367
rail_operator_v2,logistics,5,18,916417.56,35540.1746,4441.3163,521.8407,26602.0053,34.4492,21248.3245,28366.4076,30.6998,0.913265
rail_operator_v2,logistics,5,19,1005676.09,39455.7764,4903.0879,573.3184,29562.0521,34.0192,23636.671,31538.9192,30.1544,0.908163
rail_operator_v2,logistics,5,20,1147939.03,45600.3402,5634.8251,654.0999,34200.9312,33.5646,27373.9346,36506.7511,30.6675,0.903061
rail_operator_v2,logistics,5,21,1259904.93,50724.683,6232.627,721.4688,38080.4108,33.0854,30509.3371,40668.3747,28.8611,0.897959
rail_operator_v2,logistics,5,22,1385306.74,56582.6875,6912.9061,798.483,42518.0296,32.5816,34098.3079,45430.4855,28.2588,0.892857
rail_operator_v2,logistics,5,23,1525756.77,63287.8882,7687.9213,886.6351,47600.5987,32.0533,38211.7936,50886.7647,27.6337,0.887755
rail_operator_v2,logistics,5,24,1683060.8,70973.1717,8571.9456,987.6723,53429.7918,31.5004,42932.9467,57146.9746,26.9856,0.882653
rail_operator_v2,logistics,5,25,1859241.31,79794.4491,9581.6482,1103.6441,60124.9664,30.9229,48359.4429,64340.0107,26.3146,0.877551
rail_operator_v2,logistics,5,26,2056563.49,89935.085,10736.5398,1236.9613,67826.578,30.3209,54606.297,72617.6048,25.6209,0.872449
rail_operator_v2,logistics,5,27,2277564.33,101611.3822,12059.5298,1390.4676,76700.4048,29.6943,61809.3435,82158.904,24.9048,0.867347
rail_operator_v2,logistics,5,28,2525085.27,115079.2196,13577.5903,1567.527,86942.669,29.0431,70129.4633,93176.0257,24.1666,0.862245
rail_operator_v2,logistics,5,29,2802308.72,130642.3377,15322.5943,1772.1327,98786.4213,28.3673,79757.846,105920.98,23.4067,0.857143
rail_operator_v2,logistics,5,30,3480916.44,166235.8296,19381.178,2240.0742,125814.6824,27.667,101676.8225,134967.8373,25.1073,0.852041
rail_operator_v2,logistics,5,31,3828665.54,187604.0128,21741.4898,2520.9982,142107.1266,26.9421,114949.9773,152519.9688,21.3442,0.846939
rail_operator_v2,logistics,5,32,4218144.53,212424.0082,24469.5863,2847.3024,161043.1939,26.1926,130387.5247,172927.6873,20.5681,0.841837
rail_operator_v2,logistics,5,33,4654361.0,241327.5717,27630.5727,3227.2927,183108.6445,25.4186,148388.9056,196716.9325,19.7692,0.836735
rail_operator_v2,logistics,5,34,5142923.44,275080.4118,31303.0279,3671.0355,208892.5232,24.6199,169438.7522,224525.6558,18.9484,0.831633
rail_operator_v2,logistics,5,35,5690113.38,314615.7089,35582.3388,4190.7993,239113.0366,23.7968,194128.2596,257131.9044,18.1066,0.826531
rail_operator_v2,logistics,5,36,6302966.11,361077.7423,40585.0119,4801.6278,274651.2593,22.949,223183.0481,295490.4179,17.2449,0.821429
rail_operator_v2,logistics,5,37,6989361.16,415879.2004,46454.3361,5522.0933,316595.4108,22.0766,257499.7628,340780.7032,16.3645,0.816327
rail_operator_v2,logistics,5,38,7758123.62,480777.3283,53367.9092,6375.298,366299.6854,21.1797,298194.7009,394470.9084,15.4667,0.811224
rail_operator_v2,logistics,5,39,8619137.58,557976.5806,61547.7446,7390.2235,425463.5928,20.2582,346669.424,458403.9885,14.553,0.806122
rail_operator_v2,logistics,5,40,10965847.83,744058.3245,81554.0852,9836.6086,567820.8387,19.3122,463078.9232,612075.0996,16.4847,0.80102
rail_operator_v2,logistics,5,41,12045903.74,859902.4966,93651.1023,11359.5922,656755.8678,18.3415,536085.7515,708278.1312,12.1443,0.795918
rail_operator_v2,logistics,5,42,13255566.36,999739.1687,108182.6183,13198.0012,764171.9378,17.3463,624319.4063,824511.9971,11.2615,0.790816
rail_operator_v2,logistics,5,43,14610388.49,1169808.0368,125769.2303,15433.8678,894886.2966,16.3265,731758.7161,966004.8692,10.3648,0.785714
rail_operator_v2,logistics,5,44,16127789.28,1378441.2864,147237.6199,18176.7338,1055333.4315,15.2822,863719.8655,1139741.2396,9.4573,0.780612
rail_operator_v2,logistics,5,45,17827278.16,1636978.2164,173710.3015,21575.675,1254272.2487,14.2132,1027441.4458,1355230.0988,8.5428,0.77551
rail_operator_v2,logistics,5,46,19730705.7,1961198.5866,206746.2324,25838.1452,1503894.3619,13.1197,1233001.3755,1625708.8445,7.6252,0.770408
rail_operator_v2,logistics,5,47,21862544.55,2373652.7013,248569.3173,31260.6094,1821625.8139,12.0017,1494807.5757,1970100.49,6.7096,0.765306
rail_operator_v2,logistics,5,48,24250204.06,2907617.1779,302456.2613,38280.5499,2233185.919,10.859,1834128.8005,2416336.5262,5.8015,0.760204
rail_operator_v2,logistics,5,49,26924382.71,3614171.5672,373430.3092,47569.5005,2778059.429,9.6918,2283622.2894,3007301.4678,4.9079,0.755102
rail_operator_v2,logistics,5,50,35011703.61,5354465.2488,549506.1073,70448.8463,4119023.9568,8.5,3388864.1918,4461000.468,6.031,0.75
cold_chain_v2,logistics,6,1,483277.8,13424.8345,1986.0,329.0,9665.556,50.0,7431.8676,10119.8345,,1.0
cold_chain_v2,logistics,6,2,506777.8,14063.9909,2069.9403,339.9647,10139.0547,49.9827,7806.3176,10622.2425,49.6305,0.994899
cold_chain_v2,logistics,6,3,533097.8,14790.167,2165.6536,352.422,10676.7196,49.9309,8231.2313,11192.5361,48.9524,0.989796
cold_chain_v2,logistics,6,4,562576.2,15614.237,2274.534,366.5588,11286.6355,49.8445,8713.0298,11839.3131,48.3319,0.984694
cold_chain_v2,logistics,6,5,595592.01,16548.6726,2398.1625,382.5887,11978.0916,49.7234,9259.1056,12572.4627,47.7482,0.979592
cold_chain_v2,logistics,6,6,632569.71,17607.7041,2538.3423,400.7561,12761.6869,49.5679,9877.8937,13403.2688,47.1898,0.974489
cold_chain_v2,logistics,6,7,673984.74,18807.6158,2697.129,421.3405,13649.5573,49.3778,10579.0587,14344.6561,46.6454,0.969388
cold_chain_v2,logistics,6,8,720369.57,20167.0951,2876.864,444.6618,14655.6453,49.153,11373.7183,15411.483,46.1042,0.964286
cold_chain_v2,logistics,6,9,772320.58,21707.4875,3080.2205,471.0871,15795.8765,48.8938,12274.5722,16620.7226,45.5618,0.959184
cold_chain_v2,logistics,6,10,850585.63,24017.5927,3389.8875,510.7163,17501.7804,48.5999,13618.5266,18427.1658,45.8789,0.954082
cold_chain_v2,logistics,6,11,915752.98,26000.4542,3650.127,544.7318,18970.868,48.2715,14780.4411,19986.0457,44.3591,0.948979
cold_chain_v2,logistics,6,12,988740.41,28249.8255,3944.5892,583.3193,20638.0678,47.9086,16099.6573,21755.5809,43.7785,0.943878
cold_chain_v2,logistics,6,13,1070486.33,30803.0411,4277.85,627.1191,22531.3226,47.511,17598.5388,23765.609,43.1775,0.938775
cold_chain_v2,logistics,6,14,1162041.77,33703.1275,4655.1701,676.8695,24682.8465,47.0789,19302.8774,26050.5349,42.5538,0.933674
cold_chain_v2,logistics,6,15,1264583.86,36999.7567,5082.5831,733.4225,27129.8635,46.6122,21242.5082,28650.1372,41.9049,0.928571
cold_chain_v2,logistics,6,16,1379431.0,40750.3736,5567.04,797.7635,29915.446,46.111,23451.9754,31610.4595,41.2291,0.923469
cold_chain_v2,logistics,6,17,1508059.8,45021.4981,6116.5523,871.0335,33089.5036,45.5752,25971.3365,34984.8756,40.525,0.918367
cold_chain_v2,logistics,6,18,1652124.05,49890.2694,6740.3609,954.5564,36709.9564,45.0048,28847.1178,38835.3535,39.7918,0.913265
cold_chain_v2,logistics,6,19,1813476.01,55446.4056,7449.1643,1049.8705,40844.2127,44.3998,32133.5076,43234.0413,39.028,0.908163
cold_chain_v2,logistics,6,20,2060130.32,63833.7589,8527.8185,1193.7537,47077.6025,43.7603,37081.5258,49861.1595,39.5699,0.903061
cold_chain_v2,logistics,6,21,2262530.22,71125.3638,9448.25,1318.8395,52511.6986,43.0862,41409.0765,55648.4215,37.2463,0.897959
cold_chain_v2,logistics,6,22,2489218.11,79475.7988,10497.5313,1462.0893,58739.075,42.3776,46372.2528,62283.2698,36.4018,0.892857
cold_chain_v2,logistics,6,23,2743108.54,89052.3642,11695.2343,1626.3731,65885.7584,41.6343,52072.6669,69900.8062,35.5256,0.887755
cold_chain_v2,logistics,6,24,3027465.83,100051.6667,13064.2555,1815.0638,74099.9422,40.8565,58629.8862,78659.9541,34.6178,0.882653
cold_chain_v2,logistics,6,25,3345945.99,112705.4727,14631.4598,2032.1368,83556.4322,40.0441,66185.0516,88748.2481,33.6785,0.877551
cold_chain_v2,logistics,6,26,3702643.77,127287.6621,16428.4522,2282.2911,94461.9194,39.1972,74905.1603,100387.5091,32.7081,0.872449
cold_chain_v2,logistics,6,27,4102145.28,144123.1027,18492.5476,2571.0993,107061.7265,38.3157,84988.5614,113841.1162,31.707,0.867347
cold_chain_v2,logistics,6,28,4549586.98,163598.3489,20867.9546,2905.1928,121647.9254,37.3996,96671.5545,129422.7469,30.6757,0.862245
cold_chain_v2,logistics,6,29,5050721.68,186175.175,23607.2444,3292.493,138569.6307,36.449,110236.7804,147507.4759,29.6149,0.857143
cold_chain_v2,logistics,6,30,6226942.33,235669.9756,29705.3706,4141.5652,175586.0447,35.4638,139836.3594,187015.2267,31.7757,0.852041
cold_chain_v2,logistics,6,31,6855565.7,266892.7576,33439.4478,4677.1849,199035.2287,34.444,158677.8495,212106.9138,26.8079,0.846939
cold_chain_v2,logistics,6,32,7559623.87,303312.7762,37773.6445,5301.9622,226406.3375,33.3896,180687.792,241407.4071,25.7227,0.841837
cold_chain_v2,logistics,6,33,8348169.02,345922.7847,42819.0716,6032.9271,258451.5839,32.3007,206476.6933,275725.9317,24.6072,0.836735
cold_chain_v2,logistics,6,34,9231339.59,395938.3749,48711.2694,6890.9334,296092.4697,31.1772,236792.8624,316054.1193,23.4631,0.831633
cold_chain_v2,logistics,6,35,10220490.63,454858.1477,55616.7007,7901.6887,340465.5897,30.0192,272559.7784,363615.4211,22.2917,0.826531
cold_chain_v2,logistics,6,36,11328339.79,524543.2147,63741.3691,9097.1203,392983.111,28.8265,314925.3978,419930.3268,21.0948,0.821429
cold_chain_v2,logistics,6,37,12569130.85,607324.2614,73342.3544,10517.2104,455414.286,27.5993,365328.6671,486904.3084,19.8745,0.816327
cold_chain_v2,logistics,6,38,13958816.84,706147.3544,84743.5574,12212.4982,529996.4299,26.3376,425590.0492,566947.5315,18.633,0.811224
cold_chain_v2,logistics,6,39,15515265.15,824775.9311,98357.4583,14247.5447,619588.7075,25.0412,498037.0128,663140.7752,17.3726,0.806122
cold_chain_v2,logistics,6,40,19652349.0,1102337.9953,130625.7083,19009.059,828851.8084,23.7103,666922.7749,887587.6937,19.7698,0.80102
cold_chain_v2,logistics,6,41,21604757.75,1284766.5675,151273.5723,22138.5801,966878.3412,22.3449,778764.3154,1035946.1389,14.1452,0.795918
cold_chain_v2,logistics,6,42,23791455.56,1508038.4131,176424.2724,25968.7581,1135911.483,20.9448,915825.5639,1217699.7485,12.9365,0.790816
cold_chain_v2,logistics,6,43,26240557.1,1784003.2443,207362.6788,30702.8722,1344965.793,19.5102,1085455.7049,1442569.5904,11.7151,0.785714
cold_chain_v2,logistics,6,44,28983550.83,2129081.0699,245865.6521,36622.6043,1606535.7478,18.041,1297843.7735,1724031.3858,10.4867,0.780612
cold_chain_v2,logistics,6,45,32055703.8,2566619.0734,294455.2055,44128.4698,1938390.7963,16.5373,1567483.9806,2081252.5916,9.2575,0.77551
cold_chain_v2,logistics,6,46,35496515.13,3130860.9466,356824.7411,53807.9117,2366598.6156,14.999,1915643.7339,2542354.9334,8.0354,0.770408
cold_chain_v2,logistics,6,47,39350223.82,3873979.0064,438594.0689,66555.9339,2930881.2331,13.4261,2374736.1679,3150194.4979,6.8294,0.765306
cold_chain_v2,logistics,6,48,43666377.55,4879329.4326,548732.4474,83802.4931,3694711.2082,11.8186,2996562.3819,3973257.1694,5.6507,0.760204
cold_chain_v2,logistics,6,49,48500469.73,6288462.378,702458.0843,107975.8501,4765884.7459,10.1766,3869106.9258,5127860.5164,4.5129,0.755102
cold_chain_v2,logistics,6,50,62952398.66,9763721.4778,1083295.5256,167593.1342,7406164.5516,8.5,6018440.7596,7972821.4532,5.4736,0.75
tanker_logistics,logistics,7,1,842135.1,16806.9528,1108.4,574.0,13158.3609,64.0,11208.9622,14574.5528,,1.0
tanker_logistics,logistics,7,2,883135.1,17615.7874,1155.814,593.3366,13803.974,63.9769,11765.5723,15293.1095,63.5055,0.994898
tanker_logistics,logistics,7,3,929055.1,18534.9597,1209.8862,615.3109,14537.4934,63.9075,12397.8275,16109.4039,62.6023,0.989795
tanker_logistics,logistics,7,4,980485.5,19578.3857,1271.4102,640.2561,15370.0459,63.792,13115.3372,17035.8321,61.7744,0.984694
tanker_logistics,logistics,7,5,1038087.55,20762.0154,1341.2892,668.5529,16314.3907,63.6302,13929.1255,18086.611,60.9968,0.979592
tanker_logistics,logistics,7,6,1102601.84,22104.101,1420.5543,700.6377,17385.1308,63.4221,14851.8116,19278.0147,60.2521,0.97449
tanker_logistics,logistics,7,7,1174857.85,23625.5336,1510.3823,737.0103,18598.9826,63.1679,15897.843,20628.673,59.5262,0.969388
tanker_logistics,logistics,7,8,1255784.58,25350.2967,1612.1168,778.2439,19975.1443,62.8674,17083.8182,22159.9863,58.8061,0.964286
tanker_logistics,logistics,7,9,1346422.52,27305.9201,1727.2929,824.9964,21535.6588,62.5206,18428.8004,23896.5295,58.0821,0.959183
tanker_logistics,logistics,7,10,1470420.94,29979.5365,1886.3316,888.914,23667.733,62.1277,20265.2177,26268.2728,58.1586,0.954082
tanker_logistics,logistics,7,11,1584117.17,32499.571,2033.9583,949.1597,25679.3141,61.6885,21999.5596,28507.1809,56.5208,0.94898
tanker_logistics,logistics,7,12,1711456.95,35360.753,2201.125,1017.5614,27963.598,61.203,23969.3536,31049.8448,55.746,0.943878
tanker_logistics,logistics,7,13,1854077.5,38611.4362,2390.4807,1095.2747,30559.3422,60.6714,26208.1531,33939.4985,54.944,0.938776
tanker_logistics,logistics,7,14,2013812.52,42307.47,2605.0703,1183.6349,33511.3254,60.0935,28754.7357,37226.1009,54.1111,0.933673
tanker_logistics,logistics,7,15,2192715.74,46513.4268,2848.4018,1284.1861,36871.3298,59.4694,31653.9526,40967.4313,53.2449,0.928572
tanker_logistics,logistics,7,16,2393087.34,51304.1814,3124.5164,1398.7175,40699.4243,58.799,34957.853,45230.5289,52.3424,0.923469
tanker_logistics,logistics,7,17,2617503.54,56766.5755,3438.0861,1529.3058,45065.2898,58.0825,38726.8255,50093.1683,51.4025,0.918368
tanker_logistics,logistics,7,18,2868849.68,63001.6357,3794.5154,1678.3657,50050.0165,57.3197,43031.1698,55645.8752,50.4233,0.913265
tanker_logistics,logistics,7,19,3150357.36,70127.0106,4200.0723,1848.7105,55748.0581,56.5106,47952.7895,61994.1067,49.4043,0.908163
tanker_logistics,logistics,7,20,3568689.33,80602.0111,4800.3252,2099.1341,64121.2201,55.6554,55181.987,71320.5788,49.9611,0.903061
tanker_logistics,logistics,7,21,3921812.56,89980.9799,5328.6219,2323.355,71626.2326,54.7539,61668.496,79684.8834,47.0517,0.897959
tanker_logistics,logistics,7,22,4317310.58,100740.3709,5931.8897,2580.5772,80238.2765,53.8061,69113.885,89284.4366,45.9238,0.892857
tanker_logistics,logistics,7,23,4760268.36,113102.2544,6621.7379,2876.11,90135.8337,52.8122,77673.0868,100318.629,44.7543,0.887755
tanker_logistics,logistics,7,24,5256381.07,127328.5668,7411.7954,3216.2149,101529.4842,51.772,87528.9454,113022.7439,43.5429,0.882653
tanker_logistics,logistics,7,25,5812027.31,143729.0939,8318.1086,3608.2987,114668.3374,50.6855,98897.8135,127675.1517,42.2903,0.877551
tanker_logistics,logistics,7,26,6434351.1,162671.5213,9359.6388,4061.1511,129848.1363,49.5529,112036.6077,144606.3779,40.9968,0.872449
tanker_logistics,logistics,7,27,7131353.74,184593.7375,10558.8678,4585.2406,147421.1773,48.374,127251.4477,164210.2053,39.6632,0.867347
tanker_logistics,logistics,7,28,7911996.7,210019.2452,11942.5556,5193.0823,167808.7384,47.1489,144908.4806,186957.5829,38.2902,0.862245
tanker_logistics,logistics,7,29,8786316.81,239576.5239,13542.6917,5899.7015,191516.6937,45.8776,165447.4801,213414.1015,36.8788,0.857143
tanker_logistics,logistics,7,30,10791197.03,302783.6414,17013.7615,7410.7798,242172.417,44.56,209295.491,269916.6886,39.5786,0.852041
tanker_logistics,logistics,7,31,11887944.18,343936.4569,19210.4596,8394.6106,275208.3064,43.1962,237938.8655,306798.95,33.1987,0.846939
tanker_logistics,logistics,7,32,13116300.99,392110.0745,21769.2476,9546.2865,313891.2501,41.7861,271487.9017,349992.4056,31.7545,0.841837
tanker_logistics,logistics,7,33,14492060.61,448690.9164,24759.5412,10898.9518,359338.2084,40.3299,310914.4696,400746.4728,30.2718,0.836735
tanker_logistics,logistics,7,34,16032911.39,515390.2834,28266.7127,12493.5184,412928.1454,38.8274,357418.6391,460603.8053,28.7526,0.831633
tanker_logistics,logistics,7,35,17758664.26,594336.608,32396.5646,14380.8701,476376.4808,37.2786,412493.5694,531483.6496,27.1993,0.826531
tanker_logistics,logistics,7,36,19691507.48,688199.5401,37281.3577,16624.8298,551835.2168,35.6837,478012.7658,615793.9421,25.6146,0.821429
tanker_logistics,logistics,7,37,21856291.88,800359.664,43088.0303,19306.2165,642029.913,34.0425,556349.4693,716584.6733,24.0012,0.816327
tanker_logistics,logistics,7,38,24280850.41,935144.1313,50029.6125,22528.4782,750449.8553,32.3551,650542.4081,837760.8088,22.3627,0.811224
tanker_logistics,logistics,7,39,26996355.96,1098159.9766,58381.3544,26425.6609,881617.0764,30.6214,764530.2888,984383.5054,20.7026,0.806122
tanker_logistics,logistics,7,40,34140447.0,1473871.003,77859.3175,35407.6991,1183725.4682,28.8415,1026900.1271,1321969.3558,23.6474,0.80102
tanker_logistics,logistics,7,41,37546777.17,1729829.0453,90798.6206,41526.8299,1389828.1275,27.0154,1206138.4755,1552448.3428,16.5273,0.795918
tanker_logistics,logistics,7,42,41361866.96,2046720.5437,106743.5664,49102.6826,1645060.6364,25.1431,1428158.4028,1837906.9891,14.9475,0.790816
tanker_logistics,logistics,7,43,45634767.52,2443777.896,126629.2156,58595.0425,1964941.6649,23.2245,1706483.4508,2195718.8593,13.3578,0.785714
tanker_logistics,logistics,7,44,50420416.15,2948478.4195,151789.1918,70660.8032,2371644.7293,21.2597,2060438.1447,2650708.9952,11.7669,0.780612
tanker_logistics,logistics,7,45,55780342.62,3601358.0979,184188.012,86269.0495,2897883.9017,19.2486,2518535.4109,3239504.9641,10.1853,0.77551
tanker_logistics,logistics,7,46,61783460.26,4464620.4383,226836.5096,106906.866,3593863.0446,17.1914,3124534.7203,4018318.3473,8.6254,0.770408
tanker_logistics,logistics,7,47,68506952.02,5638554.3264,284584.0088,134971.8364,4540528.6786,15.0879,3948995.6115,5077784.8355,7.1023,0.765306
tanker_logistics,logistics,7,48,76037262.79,7295490.777,365756.6631,174583.8394,5876980.7389,12.9382,5113173.7876,6573657.8849,5.6346,0.760204
tanker_logistics,logistics,7,49,84471210.85,9757881.1295,485924.3966,233451.646,7863499.4256,10.7422,6843966.6627,8797384.1755,4.2456,0.755102
tanker_logistics,logistics,7,50,109713669.4,16011075.9553,791934.5998,382945.353,12907490.5221,8.5,11238013.5114,14443229.5373,5.0045,0.75
container_terminal_v2,logistics,8,1,1476260.0,24435.2322,2209.6,1015.0,18453.25,80.0,15218.7857,20110.6322,,1.0
container_terminal_v2,logistics,8,2,1548760.0,25614.2566,2304.3985,1049.2826,19366.7007,79.9703,15985.5249,21113.3822,79.3694,0.994898
container_terminal_v2,logistics,8,3,1629960.0,26954.7001,2412.5562,1088.2583,20404.8805,79.8809,16856.6675,22252.8484,78.2138,0.989796
container_terminal_v2,logistics,8,4,1720904.0,28476.9173,2535.664,1132.5199,21583.5981,79.732,17845.5179,23546.4097,77.155,0.984695
container_terminal_v2,logistics,8,5,1822761.28,30204.2928,2675.5384,1182.7463,22921.0271,79.5235,18967.3804,25014.0511,76.159,0.979592
container_terminal_v2,logistics,8,6,1936841.43,32163.5585,2834.2517,1239.7153,24437.9446,79.2555,20239.754,26678.6226,75.2052,0.974489
container_terminal_v2,logistics,8,7,2064611.2,34385.3565,3014.175,1304.3186,26158.1707,78.928,21682.704,28566.3231,74.275,0.969388
container_terminal_v2,logistics,8,8,2207713.34,36904.9221,3218.0084,1377.5796,28109.1207,78.5408,23319.3455,30707.3206,73.35,0.964286
container_terminal_v2,logistics,8,9,2367987.74,39762.647,3448.8497,1460.6735,30322.2177,78.0941,25176.1695,33136.1909,72.4209,0.959184
container_terminal_v2,logistics,8,10,2582079.7,43584.2195,3760.2089,1571.7922,33279.43,77.5879,27655.2701,36380.2824,72.3965,0.954082
container_terminal_v2,logistics,8,11,2783127.91,47268.7349,4056.2798,1678.9264,36134.17,77.0221,30051.6418,39514.2004,70.4261,0.948979
container_terminal_v2,logistics,8,12,3008301.91,51453.6105,4391.6618,1800.6101,39377.3646,76.3967,32774.7856,43075.0479,69.4297,0.943878
container_terminal_v2,logistics,8,13,3260496.78,56210.1484,4771.7063,1938.9149,43064.5886,75.7118,35871.6443,47124.0397,68.3969,0.938776
container_terminal_v2,logistics,8,14,3542955.04,61620.6463,5202.5761,2096.2356,47259.9961,74.9673,39396.4173,51731.8483,67.3256,0.933673
container_terminal_v2,logistics,8,15,3859308.29,67780.524,5691.3772,2275.3452,52038.0074,74.1633,43412.0082,56980.4766,66.2102,0.928571
container_terminal_v2,logistics,8,16,4213623.93,74800.3753,6246.3072,2479.4603,57484.9088,73.2997,47991.3792,62965.0233,65.049,0.923469
container_terminal_v2,logistics,8,17,4610457.45,82808.7294,6876.8541,2712.3186,63701.0143,72.3765,53219.3838,69796.0685,63.8396,0.918367
container_terminal_v2,logistics,8,18,5054910.99,91955.3011,7594.0063,2978.2719,70803.2299,71.3938,59194.9595,77602.5164,62.5796,0.913265
container_terminal_v2,logistics,8,19,5552698.95,102414.68,8410.5286,3282.3978,78927.9257,70.3515,66033.5533,86534.7598,61.2685,0.908163
container_terminal_v2,logistics,8,20,6277283.88,117509.3004,9595.9194,3721.3023,90647.1084,69.2497,75892.2589,99414.9646,61.829,0.903061
container_terminal_v2,logistics,8,21,6901709.1,131293.5569,10660.9819,4122.1051,101364.1088,68.0883,84921.2675,111203.1382,58.2649,0.897959
container_terminal_v2,logistics,8,22,7601065.35,147120.0369,11878.2108,4582.2898,113673.7966,66.8673,95296.4235,124746.2344,56.8135,0.892857
container_terminal_v2,logistics,8,23,8384344.35,165320.5952,13271.4188,5111.505,127835.7741,65.5868,107237.8429,140330.7919,55.3086,0.887755
container_terminal_v2,logistics,8,24,9261616.83,186287.3927,14868.6194,5721.1535,144156.9293,64.2468,121005.8317,158295.6099,53.7506,0.882653
container_terminal_v2,logistics,8,25,10244162.01,210485.3588,16702.8857,6424.7552,163001.2147,62.8472,136909.2034,179042.5595,52.1402,0.877551
container_terminal_v2,logistics,8,26,11344612.61,238467.7559,18813.3829,7238.3954,184801.9005,61.388,155315.735,203050.1552,50.4778,0.872449
container_terminal_v2,logistics,8,27,12577117.28,270895.2394,21246.696,8181.2849,210076.5149,59.8692,176664.8626,230890.0655,48.7645,0.867347
container_terminal_v2,logistics,8,28,13957522.51,308560.0973,24058.4474,9276.4608,239445.9145,58.2909,201483.9459,263248.2285,47.0015,0.862245
container_terminal_v2,logistics,8,29,15503576.37,352416.7208,27315.358,10551.6742,273658.2291,56.6531,230408.6654,300951.3478,45.19,0.857143
container_terminal_v2,logistics,8,30,18989145.72,444661.506,34259.9806,13233.8635,345535.8659,54.9556,291105.3705,380112.096,48.4931,0.852041
container_terminal_v2,logistics,8,31,20928515.68,505952.2034,38748.8404,15016.0052,393403.0013,53.1987,331622.4969,432897.1132,40.5157,0.846939
container_terminal_v2,logistics,8,32,23100610.03,577860.0092,43989.3664,17106.8588,449584.4921,51.3821,379197.099,494864.6606,38.6621,0.841837
container_terminal_v2,logistics,8,33,25533355.71,662528.1621,50129.0317,19568.7436,515762.4365,49.506,435260.2385,567874.7682,36.7607,0.836735
container_terminal_v2,logistics,8,34,28258030.87,762617.4143,57350.2674,22479.0251,594025.666,47.5704,501589.5052,654237.5723,34.8142,0.831633
container_terminal_v2,logistics,8,35,31309667.05,881458.2638,65880.6536,25934.5452,686989.4666,45.5752,580411.0854,756845.8533,32.8261,0.826531
container_terminal_v2,logistics,8,36,34727499.57,1023258.6529,76006.7952,30057.656,797958.9554,43.5204,674539.0735,879355.9166,30.7998,0.821429
container_terminal_v2,logistics,8,37,38555471.99,1193390.9607,88093.4973,35004.5708,931154.8166,41.4061,787567.9519,1026437.513,28.7394,0.816327
container_terminal_v2,logistics,8,38,42842801.1,1398796.7479,102610.7482,40977.1271,1092031.7191,39.2322,924144.1489,1204126.4037,26.6497,0.811224
container_terminal_v2,logistics,8,39,47644609.7,1648568.0956,120172.501,48239.6958,1287735.632,36.9988,1090356.0292,1420330.7037,24.5361,0.806122
container_terminal_v2,logistics,8,40,60184298.01,2218788.5516,160715.1013,64819.9201,1734130.5713,34.7057,1469138.2693,1913245.1073,28.091,0.80102
container_terminal_v2,logistics,8,41,66207686.72,2616931.8265,188346.7481,76396.6792,2046403.9073,32.3532,1734628.6598,2258424.1781,19.2888,0.795918
container_terminal_v2,logistics,8,42,72953882.08,3114227.7023,222701.5205,90856.4852,2436582.636,29.9411,2066473.3959,2689802.7195,17.29,0.790816
container_terminal_v2,logistics,8,43,80509620.88,3744012.922,266010.7456,109168.6665,2930885.1537,27.4694,2487025.5528,3236406.0027,15.2857,0.785714
container_terminal_v2,logistics,8,44,88972048.34,4555103.7282,321536.8998,132752.6458,3567708.3388,24.9382,3029024.987,3940744.2198,13.2885,0.780612
container_terminal_v2,logistics,8,45,98449967.09,5621726.9524,394234.344,163766.7078,4405441.5335,22.3474,3742263.3381,4867465.1392,11.3138,0.77551
container_terminal_v2,logistics,8,46,109065236.09,7062180.6886,491990.6982,205650.5894,5537149.2789,19.697,4706107.9141,6119612.8224,9.3799,0.770408
container_terminal_v2,logistics,8,47,120954337.37,9076704.6273,628145.9763,264226.6345,7120368.8543,16.9871,6054918.1029,7871623.5743,7.5094,0.765306
container_terminal_v2,logistics,8,48,134270130.8,12032397.4229,827141.0144,350168.9217,9443926.1135,14.2176,8035037.4951,10443313.8102,5.7308,0.760204
container_terminal_v2,logistics,8,49,149183819.45,16681150.0825,1139013.3779,485340.0846,13099413.0594,11.3886,11151059.9146,14489764.2541,4.0798,0.755102
container_terminal_v2,logistics,8,50,193586772.51,28987132.3797,1965910.3486,843159.4976,22774914.4042,8.5,19397680.8833,25199377.9827,4.5892,0.75
seaport_v2,logistics,9,1,2830538.6,38253.3045,3094.4,1960.0,28883.0469,98.0,24001.0436,31658.9045,,1.0
seaport_v2,logistics,9,2,2970538.6,40108.6663,3227.9326,2026.5451,30323.1441,97.9628,25218.489,33247.733,97.2157,0.994898
seaport_v2,logistics,9,3,3127338.6,42218.4126,3380.3009,2102.2138,31960.2311,97.8509,26602.0649,35053.6126,95.7799,0.989797
seaport_v2,logistics,9,4,3302954.6,44614.7908,3553.7544,2188.1619,33819.4008,97.6645,28173.0391,37104.2661,94.4594,0.984693
seaport_v2,logistics,9,5,3499644.52,47334.639,3750.8677,2285.7132,35929.3105,97.4036,29955.6965,39431.3517,93.222,0.979592
seaport_v2,logistics,9,6,3719937.23,50420.3418,3974.5742,2396.3853,38322.9626,97.0681,31978.0269,42071.3432,92.0321,0.97449
seaport_v2,logistics,9,7,3966665.07,53920.4044,4228.2253,2521.9188,41038.1265,96.658,34272.0668,45065.9859,90.8703,0.969388
seaport_v2,logistics,9,8,4243000.25,57890.5236,4515.6548,2664.3127,44118.1838,96.1735,36874.6239,48463.2356,89.7175,0.964286
seaport_v2,logistics,9,9,4552495.65,62394.8503,4841.2538,2825.8645,47613.1268,95.6143,39828.135,52318.3696,88.5552,0.959183
seaport_v2,logistics,9,10,4958294.67,68314.2049,5272.3501,3038.1702,52203.2056,94.9807,43704.6685,57379.7771,88.4079,0.954082
seaport_v2,logistics,9,11,5346525.7,74124.8053,5690.2055,3246.5742,56713.5822,94.2724,47517.9617,62356.1627,86.0751,0.94898
seaport_v2,logistics,9,12,5781344.45,80726.9049,6163.6982,3483.3653,61839.462,93.4896,51852.6113,68012.3338,84.8281,0.943877
seaport_v2,logistics,9,13,6268341.45,88233.6186,6700.4405,3752.6037,67669.0997,92.6323,56783.6304,74445.9446,83.5381,0.938776
seaport_v2,logistics,9,14,6813778.09,96776.0405,7309.2111,4058.9876,74304.8224,91.7003,62398.0282,81770.2433,82.197,0.933674
seaport_v2,logistics,9,15,7424667.13,106505.9598,8000.1225,4407.9618,81865.1517,90.6939,68796.6223,90116.4288,80.8019,0.928571
seaport_v2,logistics,9,16,8108862.85,117599.5711,8784.8778,4805.8481,90487.6953,89.6129,76096.4921,99636.8468,79.3496,0.923469
seaport_v2,logistics,9,17,8875162.06,130261.9887,9677.0181,5259.9999,100332.7245,88.4573,84434.0639,110508.978,77.8362,0.918367
seaport_v2,logistics,9,18,9733417.17,144732.1045,10692.2567,5778.9883,111586.9478,87.2272,93968.3103,122939.6097,76.2607,0.913265
seaport_v2,logistics,9,19,10694662.89,161289.1293,11848.8568,6372.8248,124468.6795,85.9225,104885.1935,137170.5891,74.6208,0.908163
seaport_v2,logistics,9,20,12071549.24,184841.4976,13502.8105,7217.5587,142785.3817,84.5433,120401.4236,157401.1413,75.1711,0.903061
seaport_v2,logistics,9,21,13277335.88,206687.4625,15013.3697,8001.0899,159795.5125,83.0895,134828.8256,176201.2509,70.8864,0.897959
seaport_v2,logistics,9,22,14627816.91,231789.2045,16741.0506,8901.3941,179347.681,81.5612,151418.3936,197815.1873,69.0707,0.892857
seaport_v2,logistics,9,23,16140355.67,260680.1657,18720.1236,9937.603,201859.522,79.9584,170526.3442,222705.935,67.1886,0.887755
seaport_v2,logistics,9,24,17834399.08,293991.8701,20990.9862,11132.3659,227825.6107,78.2809,192574.651,251421.8665,65.2406,0.882653
seaport_v2,logistics,9,25,19731727.7,332474.3884,23601.4158,12512.5865,257833.536,76.5289,218064.8006,284614.5936,63.2276,0.877551
seaport_v2,logistics,9,26,21856735.75,377021.9682,26608.1205,14110.3388,292584.0527,74.7024,247595.0549,323061.3599,61.1504,0.872449
seaport_v2,logistics,9,27,24236744.77,428705.0134,30078.6913,15964.0128,332916.2091,72.8013,281881.961,367692.9503,59.0102,0.867347
seaport_v2,logistics,9,28,26902354.87,488810.2121,34094.0342,18119.7567,379838.8864,70.8257,321787.3616,419628.7334,56.8086,0.862245
seaport_v2,logistics,9,29,29887838.18,558891.6048,38751.4806,20633.3088,434570.9294,68.7755,368352.7542,480221.2414,54.5473,0.857143
seaport_v2,logistics,9,30,36530744.98,704391.6827,48549.2051,25851.841,548091.8538,66.6508,464837.6975,605828.9975,58.517,0.852041
seaport_v2,logistics,9,31,40275735.25,802641.317,54989.6572,29375.6798,624900.1026,64.4515,530252.8881,690909.1005,48.7577,0.846939
seaport_v2,logistics,9,32,44470124.35,918121.4255,62522.3798,33517.5108,715210.9354,62.1776,607196.0599,790965.8211,46.4439,0.841837
seaport_v2,logistics,9,33,49167840.14,1054370.8215,71365.5562,38404.2565,821802.8777,59.8292,698044.0665,909084.283,44.072,0.836735
seaport_v2,logistics,9,34,54429281.82,1215802.2531,81790.3329,44194.1861,948141.4286,57.4063,805762.1169,1049112.876,41.6456,0.831633
seaport_v2,logistics,9,35,60322096.51,1407967.1163,94136.695,51086.4053,1098587.294,54.9088,934082.2453,1215894.7043,39.169,0.826531
seaport_v2,logistics,9,36,66922048.96,1637918.785,108835.2713,59333.8936,1278682.1695,52.3367,1087748.2274,1415585.2206,36.6471,0.821429
seaport_v2,logistics,9,37,74313995.7,1914720.6912,126437.775,69261.7222,1495548.4387,49.6901,1272858.1682,1656096.4998,34.0853,0.816327
seaport_v2,logistics,9,38,82592976.05,2250169.7331,147660.3275,81292.9981,1758458.2745,46.969,1497352.297,1947729.8173,31.4898,0.811224
seaport_v2,logistics,9,39,91865434.04,2659848.7003,173446.4609,95986.6184,2079661.5903,44.1733,1771722.6505,2304095.963,28.8679,0.806122
seaport_v2,logistics,9,40,115983021.03,3589632.9464,232595.3971,129334.4297,2808101.7141,41.303,2393478.8318,3111946.6203,33.1085,0.80102
seaport_v2,logistics,9,41,127614392.34,4250766.3387,273680.1234,153046.7613,3326914.325,38.3582,2837046.1245,3687836.1868,22.4192,0.795918
seaport_v2,logistics,9,42,140641528.2,5082496.2335,325132.3522,182877.7368,3979802.9457,35.3388,3395420.7217,4412676.4811,19.9531,0.790816
seaport_v2,logistics,9,43,155231920.37,6145069.099,390570.0313,220988.17,4814154.481,32.2449,4109212.0623,5339134.6541,17.4871,0.785714
seaport_v2,logistics,9,44,171573159.6,7528484.9384,475390.4378,270606.0149,5900764.9825,29.0764,5039096.2791,6545899.3976,15.0387,0.780612
seaport_v2,logistics,9,45,189875347.53,9373028.1063,587996.7585,336762.7367,7349993.6916,25.8334,6279664.6105,8155638.3731,12.6289,0.77551
seaport_v2,logistics,9,46,210373798.01,11909443.071,742198.0752,427734.2586,9343374.3414,22.5158,7986523.0854,10370138.6342,10.2833,0.770408
seaport_v2,logistics,9,47,233332062.55,15544829.3031,962340.2266,558121.684,12201199.6314,19.1237,10434231.4185,13545436.4369,8.0335,0.765306
seaport_v2,logistics,9,48,259045318.84,21069135.9408,1295640.2074,756257.4741,16544997.2856,15.657,14155590.9675,18372432.8303,5.9195,0.760204
seaport_v2,logistics,9,49,287844165.88,30240104.6989,1847125.6081,1085185.1127,23757780.7609,12.1158,20336210.2342,26388529.0361,3.9928,0.755102
seaport_v2,logistics,9,50,373589786.65,55917887.4137,3392497.319,2006149.1524,43951739.6198,8.5,37639414.8001,48830885.8909,4.2461,0.75
air_freight_network,logistics,10,1,5045980.6,55324.7534,2672.4,3500.0,42762.5475,118.0,36751.2027,47832.3534,,1.0
air_freight_network,logistics,10,2,5295980.6,58014.6982,2788.0374,3619.1206,44898.56,117.9544,38610.5819,50230.4225,117.0405,0.994898
air_freight_network,logistics,10,3,5575980.6,61073.7145,2919.9925,3754.5865,47327.2479,117.8176,40724.3964,52956.8402,115.2886,0.989795
air_freight_network,logistics,10,4,5889580.6,64548.7176,3070.2295,3908.4742,50085.9121,117.5896,43125.1556,56053.5107,113.6782,0.984694
air_freight_network,logistics,10,5,6240812.6,68493.4832,3240.9798,4083.164,53217.3252,117.2703,45850.1527,59568.4961,112.1641,0.979592
air_freight_network,logistics,10,6,6634192.44,72969.643,3434.801,4281.3856,56770.5071,116.8598,48942.1273,63556.8776,110.712,0.97449
air_freight_network,logistics,10,7,7074777.86,78047.9021,3654.6086,4506.272,60801.7088,116.3582,52450.1369,68081.8714,109.2938,0.969388
air_freight_network,logistics,10,8,7568233.53,83809.5879,3903.7457,4761.4226,65375.6451,115.7653,56430.6292,73216.2111,107.8842,0.964286
air_freight_network,logistics,10,9,8120903.88,90348.1992,4186.0393,5050.9769,70566.7292,115.0812,60948.5235,79043.539,106.4653,0.959184
air_freight_network,logistics,10,10,8838370.39,98859.9125,4556.0411,5427.9093,77322.087,114.3059,66825.959,86625.5601,106.207,0.954081
air_freight_network,logistics,10,11,9531640.08,107299.593,4918.5469,5801.6524,84024.0725,113.4394,72660.2017,94149.9364,103.4424,0.948979
air_freight_network,logistics,10,12,10308102.13,116892.1307,5329.4551,6226.4474,91642.5185,112.4817,79293.0745,102703.8076,101.9187,0.943877
air_freight_network,logistics,10,13,11177739.63,127803.1126,5795.4228,6709.6291,100309.3128,111.4327,86839.7268,112435.481,100.3413,0.938775
air_freight_network,logistics,10,14,12151733.63,140224.3496,6324.125,7259.6907,110177.2644,110.2926,95433.6014,123516.808,98.7028,0.933674
air_freight_network,logistics,10,15,13242606.91,154378.2472,6924.4209,7886.4832,121423.5885,109.0612,105229.4832,136147.1083,96.9982,0.928572
air_freight_network,logistics,10,16,14464384.98,170523.3934,7606.5617,8601.4534,134254.3791,107.7386,116407.4187,150558.2081,95.2224,0.923469
air_freight_network,logistics,10,17,15832776.42,188960.6441,8382.4262,9417.928,148909.4522,106.3249,129176.9479,167019.8907,93.3732,0.918367
air_freight_network,logistics,10,18,17365374.83,210041.0902,9265.8067,10351.4546,165668.7311,104.8199,143782.7074,185847.0944,91.4478,0.913265
air_freight_network,logistics,10,19,19081885.05,234175.2967,10272.7564,11420.2122,184859.6254,103.2236,160510.8906,207408.223,89.444,0.908163
air_freight_network,logistics,10,20,21519601.36,268238.9687,11700.9484,12928.6876,211940.1195,101.5362,184111.0648,237829.7893,90.0174,0.903061
air_freight_network,logistics,10,21,23672791.78,300120.4664,13017.696,14340.5266,237303.1521,99.7576,206229.3025,266332.3086,84.8948,0.897959
air_freight_network,logistics,10,22,26084365.05,336778.5373,14524.7399,15963.8911,266472.2185,97.8877,231671.8289,299115.5849,82.6757,0.892857
air_freight_network,logistics,10,23,28785327.12,379001.2826,16252.3369,17833.6839,300076.2778,95.9267,260988.8369,336887.6146,80.3761,0.887755
air_freight_network,logistics,10,24,31810404.63,427723.1927,18236.2198,19991.2825,338861.2507,93.8744,294832.942,380488.1279,77.9961,0.882653
air_freight_network,logistics,10,25,35198491.45,484055.7418,20518.6952,22485.9116,383714.4874,91.7309,333980.639,430916.171,75.5372,0.877551
air_freight_network,logistics,10,26,38993148.68,549326.2814,23150.0739,25376.352,435695.8743,89.4963,379359.5623,489365.1536,73.0003,0.872449
air_freight_network,logistics,10,27,43243164.78,625126.4495,26190.434,28733.0844,496076.5501,87.1703,432082.4242,557266.4797,70.387,0.867347
air_freight_network,logistics,10,28,48003182.81,713373.1379,29711.826,32640.9979,566387.6732,84.7532,493489.7734,636344.513,67.6994,0.862245
air_freight_network,logistics,10,29,53334403.01,816386.5009,33801.1138,37202.8394,648482.8165,82.2449,565204.6906,728686.8921,64.9395,0.857143
air_freight_network,logistics,10,30,65056573.65,1027744.3756,42298.7445,46562.6051,816828.2325,79.6454,712184.7785,917990.0672,69.6317,0.852041
air_freight_network,logistics,10,31,71744056.27,1172542.5331,47969.2112,52974.8431,932290.6766,76.9546,813105.3666,1047904.661,57.9191,0.846939
air_freight_network,logistics,10,32,79234036.8,1342994.5023,54611.4988,60523.1362,1068238.0845,74.1726,931955.2173,1200885.1709,55.0947,0.841837
air_freight_network,logistics,10,33,87622814.99,1544442.2198,62422.5392,69444.0413,1228940.8062,71.2995,1072475.9257,1381742.773,52.2006,0.836735
air_freight_network,logistics,10,34,97018246.57,1783570.1884,71647.9419,80033.5788,1419743.1409,68.3351,1239350.659,1596499.0241,49.2417,0.831633
air_freight_network,logistics,10,35,107541129.94,2068821.1315,82596.9224,92665.6228,1647395.9701,65.2795,1438495.8988,1852760.8249,46.2234,0.826531
air_freight_network,logistics,10,36,119326759.31,2410969.9873,95662.9087,107817.335,1920516.077,62.1327,1677464.2919,2160238.1947,43.1518,0.821429
air_freight_network,logistics,10,37,132526664.2,2823932.8678,111352.5717,126104.972,2250233.5319,58.8946,1966012.4646,2531474.0538,40.034,0.816327
air_freight_network,logistics,10,38,147310557.68,3325927.9928,130327.4429,148335.3127,2651120.7564,55.5654,2316915.9173,2982891.5565,36.8779,0.811224
air_freight_network,logistics,10,39,163868518.38,3941182.4039,153465.0633,175581.2226,3142558.4227,52.1449,2747167.1055,3536333.8864,33.6929,0.806122
air_freight_network,logistics,10,40,206779304.54,5330488.9253,206249.3568,237105.2387,4251806.867,48.6333,3717911.8664,4785259.9282,38.6846,0.80102
air_freight_network,logistics,10,41,227549610.44,6333332.2932,243490.9237,281515.1285,5053243.8297,45.0304,4419914.3205,5688056.8131,25.9163,0.795918
air_freight_network,logistics,10,42,250812353.05,7602376.2447,290406.9207,337713.4407,6067602.6184,41.3363,5308577.174,6830812.86,22.9334,0.790816
air_freight_network,logistics,10,43,276866624.77,9235339.7849,350509.2688,410027.5577,7373078.5738,37.551,6452480.367,8301673.0995,19.9577,0.785714
air_freight_network,logistics,10,44,306047409.1,11380587.1947,429123.2115,505027.6389,9088399.6195,33.6745,7955757.2995,10234476.0691,17.0118,0.780612
air_freight_network,logistics,10,45,338729887.55,14274129.4459,534711.0076,633165.1935,11402440.3229,29.7068,9984071.8518,12842139.1413,14.1236,0.77551
air_freight_network,logistics,10,46,375334263.41,18314486.9474,681549.8231,812088.2842,14634138.4909,25.6479,12817176.5391,16484205.4609,11.3267,0.770408
air_freight_network,logistics,10,47,416331164.38,24229876.2472,895711.9318,1074045.2346,19366303.6003,21.4977,16966287.8655,21817692.8909,8.6635,0.765306
air_freight_network,logistics,10,48,462247693.46,33504880.8928,1230326.1396,1484779.309,26787104.6365,17.2564,23473636.1959,30182070.5707,6.1875,0.760204
air_freight_network,logistics,10,49,513674206.03,49700318.1396,1812787.0452,2201977.648,39746431.4984,12.9238,34839096.296,44790148.9787,3.9683,0.755102
air_freight_network,logistics,10,50,666608808.66,98037404.9228,3551689.9509,4342535.9958,78424565.7091,8.5,68759853.016,88388864.227,3.954,0.75
